community_id,num_locations,num_transactions,avg_sale_price,sale_price_std,price_per_sqft,locations,sale_price_trend,sale_price_volatility
0,61,112,682242.9910714285,272692.0441244605,332.2533580166805,"8928d5d9357ffff, 8928d5d9e53ffff, 8928d436587ffff, 8928d436d93ffff, 8928d436583ffff, 8928d5d932fffff, 8928d5d9367ffff, 8928d436527ffff, 8928d436543ffff, 8928d5d96cbffff, 8928d5d9e5bffff, 8928d5d96dbffff, 8928d43650fffff, 8928d5d9e43ffff, 8928d436027ffff, 8928d43652fffff, 8928d5d92bbffff, 8928d5d9207ffff, 8928d5d932bffff, 8928d4362a3ffff, 8928d5d9327ffff, 8928d43657bffff, 8928d4364afffff, 8928d5d939bffff, 8928d5d9323ffff, 8928d436037ffff, 8928d436553ffff, 8928d4acb67ffff, 8928d5d938bffff, 8928d5d93dbffff, 8928d4365cfffff, 8928d4362bbffff, 8928d4acb0fffff, 8928d436577ffff, 8928d5d934bffff, 8928d436d97ffff, 8928d43606bffff, 8928d5d9253ffff, 8928d5d930fffff, 8928d43656bffff, 8928d436153ffff, 8928d43656fffff, 8928d5d921bffff, 8928d4acb7bffff, 8928d5d9347ffff, 8928d4362a7ffff, 8928d4361dbffff, 8928d5d92abffff, 8928d43603bffff, 8928d5d931bffff, 8928d436063ffff, 8928d4365b3ffff, 8928d436017ffff, 8928d43600bffff, 8928d4361b3ffff, 8928d5d907bffff, 8928d5d9343ffff, 8928d5d9313ffff, 8928d436547ffff, 8928d43654fffff, 8928d436c83ffff",0.09683057757576073,0.49332677510392814
1,144,942,613826.1146496815,275671.2687215162,357.6785244266734,"8928d5c88bbffff, 8928d5c8863ffff, 8928d5c8d6fffff, 8928d5ca863ffff, 8928d5c8dafffff, 8928d5cab2fffff, 8928d5ca8afffff, 8928d5ca80fffff, 8928d5ca837ffff, 8928d5c8bcfffff, 8928d5c8d53ffff, 8928d5c8bc7ffff, 8928d5c8d07ffff, 8928d5c8d63ffff, 8928d5c8d97ffff, 8928d5ca94bffff, 8928d5cab47ffff, 8928d5cf64bffff, 8928d5ca8a3ffff, 8928d5c8d3bffff, 8928d5c89dbffff, 8928d5c8b13ffff, 8928d5c8c67ffff, 8928d5ca95bffff, 8928d5c895bffff, 8928d5ca823ffff, 8928d5c8b1bffff, 8928d5c8dd3ffff, 8928d5cab3bffff, 8928d5cab83ffff, 8928d5cabd7ffff, 8928d5ca807ffff, 8928d5c88a7ffff, 8928d5c8887ffff, 8928d5c8813ffff, 8928d5c8d93ffff, 8928d5c899bffff, 8928d5cab8fffff, 8928d5c881bffff, 8928d5cabbbffff, 8928d5c8c27ffff, 8928d5cab67ffff, 8928d5c8c33ffff, 8928d5cab87ffff, 8928d5c8cb3ffff, 8928d5ca86fffff, 8928d5cab0fffff, 8928d5cab17ffff, 8928d5ca8abffff, 8928d5c8d8fffff, 8928d5ca867ffff, 8928d5ca83bffff, 8928d5cab2bffff, 8928d5c883bffff, 8928d5c8807ffff, 8928d5cab1bffff, 8928d5c8b8bffff, 8928d5cab57ffff, 8928d5c8897ffff, 8928d5c8d2fffff, 8928d5c8b9bffff, 8928d5cab23ffff, 8928d5c898bffff, 8928d5cab43ffff, 8928d5cab0bffff, 8928d5c8d03ffff, 8928d5ca82fffff, 8928d5cab7bffff, 8928d5cabc7ffff, 8928d5c8dcfffff, 8928d5cabd3ffff, 8928d5c8d17ffff, 8928d5ca8bbffff, 8928d5cab77ffff, 8928d5cab8bffff, 8928d5ca833ffff, 8928d5c880fffff, 8928d5cab63ffff, 8928d5c8dd7ffff, 8928d5c8d57ffff, 8928d5c8c37ffff, 8928d5cab33ffff, 8928d5cab9bffff, 8928d5c8d2bffff, 8928d5c8dabffff, 8928d5c8d4bffff, 8928d5c8d13ffff, 8928d5c889bffff, 8928d5cab6fffff, 8928d5c8d8bffff, 8928d5ca817ffff, 8928d5c8dc7ffff, 8928d5c8cb7ffff, 8928d5cab73ffff, 8928d5c8dcbffff, 8928d5c8d67ffff, 8928d5c8d5bffff, 8928d5cabcfffff, 8928d5c8833ffff, 8928d5cab97ffff, 8928d5c8d77ffff, 8928d5c8d73ffff, 8928d5c8d23ffff, 8928d5c8d0bffff, 8928d5c8877ffff, 8928d5cab6bffff, 8928d5c8803ffff, 8928d5c8ca7ffff, 8928d5c8d47ffff, 8928d5c8d7bffff, 8928d5cab07ffff, 8928d5ca877ffff, 8928d5c8d43ffff, 8928d5c888bffff, 8928d5c8d1bffff, 8928d5c89c7ffff, 8928d5c8b8fffff, 8928d5c8993ffff, 8928d5c8d9bffff, 8928d5cab53ffff, 8928d5c89d7ffff, 8928d5c8c23ffff, 8928d5c88a3ffff, 8928d5c88afffff, 8928d5cab13ffff, 8928d5c882bffff, 8928d5c8d0fffff, 8928d5c8dbbffff, 8928d5cab4fffff, 8928d5c8d83ffff, 8928d5c8883ffff, 8928d5cab03ffff, 8928d5c888fffff, 8928d5cab27ffff, 8928d5c8827ffff, 8928d5c8817ffff, 8928d5c8867ffff, 8928d5cab93ffff, 8928d5c8d6bffff, 8928d5ca86bffff, 8928d5ca8b3ffff, 8928d5c8dc3ffff, 8928d5ca82bffff, 8928d5c880bffff",0.019200717536919307,0.18062647667321097
2,89,224,833953.2723214285,393982.1493088369,345.22478881958915,"8928d5c9673ffff, 8928d426463ffff, 8928d5c930bffff, 8928d5c93c3ffff, 8928d42652bffff, 8928d5c92abffff, 8928d434b63ffff, 8928d4266b7ffff, 8928d5c9287ffff, 8928d5c960fffff, 8928d42646fffff, 8928d42654fffff, 8928d4264c7ffff, 8928d426413ffff, 8928d426407ffff, 8928d5c964fffff, 8928d5c9283ffff, 8928d426587ffff, 8928d4265cfffff, 8928d42640bffff, 8928d5c966bffff, 8928d426427ffff, 8928d4264a7ffff, 8928d4265dbffff, 8928d5c92dbffff, 8928d42643bffff, 8928d42640fffff, 8928d426437ffff, 8928d4265bbffff, 8928d5c9667ffff, 8928d5c92a7ffff, 8928d5c9217ffff, 8928d42647bffff, 8928d426087ffff, 8928d4264afffff, 8928d434b6fffff, 8928d5c930fffff, 8928d4260cbffff, 8928d434b77ffff, 8928d5c93cbffff, 8928d5c929bffff, 8928d5c9627ffff, 8928d5c9043ffff, 8928d5c9663ffff, 8928d434b6bffff, 8928d42648fffff, 8928d5c904bffff, 8928d5c9373ffff, 8928d5c9203ffff, 8928d4260dbffff, 8928d5c9623ffff, 8928d426553ffff, 8928d5c92a3ffff, 8928d5c966fffff, 8928d5c92afffff, 8928d4264abffff, 8928d5c9637ffff, 8928d4264bbffff, 8928d5c905bffff, 8928d42658bffff, 8928d426543ffff, 8928d5c9357ffff, 8928d5c9047ffff, 8928d5c92d3ffff, 8928d426473ffff, 8928d5c92d7ffff, 8928d5c960bffff, 8928d4265b7ffff, 8928d42655bffff, 8928d5c92bbffff, 8928d5c92b7ffff, 8928d434b67ffff, 8928d42659bffff, 8928d4265d7ffff, 8928d5c921bffff, 8928d4265a7ffff, 8928d5c925bffff, 8928d426593ffff, 8928d4264a3ffff, 8928d426573ffff, 8928d426417ffff, 8928d5c92cfffff, 8928d426583ffff, 8928d434b2bffff, 8928d426517ffff, 8928d42644fffff, 8928d426433ffff, 8928d426423ffff, 8928d42608bffff",0.09191577833422947,0.46698400240000565
3,9,16,738031.25,283569.3515675442,616.1755164822289,"8928d436a77ffff, 8928d436a6fffff, 8928d434c8bffff, 8928d434cc7ffff, 8928d436a67ffff, 8928d436a2bffff, 8928d434cd7ffff, 8928d434c9bffff, 8928d434cc3ffff",0.24337736196817508,0.6070880154417465
4,10,29,647408.6206896552,271454.71905024827,367.507404141153,"8928d436b83ffff, 8928d436bb3ffff, 8928d436bbbffff, 8928d436b17ffff, 8928d436b87ffff, 8928d43694fffff, 8928d43694bffff, 8928d436b8fffff, 8928d436b97ffff, 8928d43695bffff",0.18515217930615596,0.6991665224844769
5,7,13,831730.7692307692,277275.2461547505,361.80878900014045,"8928d43634fffff, 8928d436357ffff, 8928d43637bffff, 8928d43630bffff, 8928d436343ffff, 8928d43622fffff, 8928d434493ffff",0.09508550369933977,0.3094870261974941
6,18,28,770444.6428571428,345927.2692290982,398.99136505145253,"8928d434d07ffff, 8928d434d17ffff, 8928d434da3ffff, 8928d434dbbffff, 8928d434d0bffff, 8928d5cb64bffff, 8928d434db7ffff, 8928d5cb60bffff, 8928d434d8bffff, 8928d434d13ffff, 8928d5cb673ffff, 8928d434d03ffff, 8928d434d0fffff, 8928d5cb64fffff, 8928d434d87ffff, 8928d434d83ffff, 8928d434dc7ffff, 8928d5cb643ffff",0.18581694836114226,0.6593364569680278
7,9,20,897489.4,310904.2907629935,1170.2291720993994,"8928d4341b7ffff, 8928d4341b3ffff, 8928d436a7bffff, 8928d436a6bffff, 8928d4341a7ffff, 8928d4341abffff, 8928d434cdbffff, 8928d434133ffff, 8928d4341afffff",0.08441258166357761,0.38965344985031003
8,9,22,775904.5454545454,394511.6172126018,360.26377100909036,"8928d436bcbffff, 8928d436a27ffff, 8928d436b43ffff, 8928d436b5bffff, 8928d436a2fffff, 8928d436a23ffff, 8928d436a33ffff, 8928d436a37ffff, 8928d436b53ffff",0.07846857673894789,0.4483212425098249
9,12,28,740416.75,265912.36461132736,307.94246115602033,"8928d436b0fffff, 8928d436b1bffff, 8928d436b77ffff, 8928d436bc3ffff, 8928d436b0bffff, 8928d436b73ffff, 8928d436bc7ffff, 8928d436b13ffff, 8928d436b63ffff, 8928d436bd7ffff, 8928d436b03ffff, 8928d436b7bffff",0.11650620794832553,0.5461276737640764
10,6,7,910000.0,233987.1791359518,391.75960683062567,"8928d436857ffff, 8928d43681bffff, 8928d4368cbffff, 8928d4368c7ffff, 8928d4368c3ffff, 8928d4368cfffff",0.1502561153950735,0.5007767308995383
11,8,29,780034.4827586206,355411.1492593274,338.0707728851582,"8928d43685bffff, 8928d436843ffff, 8928d43684fffff, 8928d436abbffff, 8928d436a87ffff, 8928d436ab3ffff, 8928d436a17ffff, 8928d43684bffff",0.15038986635877705,0.5025691517659328
12,8,9,832194.4444444445,191326.85303259976,282.67159889858823,"8928d436c7bffff, 8928d436c4bffff, 8928d436c6fffff, 8928d436c57ffff, 8928d436c6bffff, 8928d436c67ffff, 8928d436c73ffff, 8928d436897ffff",0.13406219332643657,0.380232466554897
13,6,8,767250.0,276440.6581890587,333.6446507460661,"8928d4371c7ffff, 8928d437113ffff, 8928d4371d7ffff, 8928d43718bffff, 8928d4371b7ffff, 8928d43719bffff",0.1680122461685836,0.575134730278761
14,14,25,781316.0,207033.57347058473,314.25802595890906,"8928d436a4bffff, 8928d436a47ffff, 8928d436a0bffff, 8928d436a43ffff, 8928d436ad7ffff, 8928d436ac3ffff, 8928d436ac7ffff, 8928d436a8bffff, 8928d436a5bffff, 8928d436a57ffff, 8928d436a1bffff, 8928d43452fffff, 8928d436a53ffff, 8928d436a13ffff",0.10613672107249861,0.5002011158986605
15,20,35,1000272.4285714285,504910.98737779143,413.4447369239694,"8928d43633bffff, 8928d436e6fffff, 8928d434583ffff, 8928d436e8fffff, 8928d434593ffff, 8928d436e73ffff, 8928d4345abffff, 8928d436e0bffff, 8928d436e7bffff, 8928d4345a7ffff, 8928d4345bbffff, 8928d434517ffff, 8928d436e4fffff, 8928d4345a3ffff, 8928d43451bffff, 8928d436e0fffff, 8928d436e63ffff, 8928d436337ffff, 8928d436e67ffff, 8928d43458fffff",0.38986080211570334,1.2364172677263414
16,15,58,545920.6896551724,241656.78462376507,365.61878786554433,"8928d436967ffff, 8928d5cb6c7ffff, 8928d5cb6c3ffff, 8928d5cb653ffff, 8928d436b27ffff, 8928d5cb6cbffff, 8928d5cb61bffff, 8928d5cb6cfffff, 8928d436b2fffff, 8928d5cb6d7ffff, 8928d436b2bffff, 8928d436b37ffff, 8928d434d93ffff, 8928d436bafffff, 8928d436b23ffff",0.1300371874722217,0.5535591477566908
17,16,41,891521.0975609756,297727.11128160305,359.43364485332626,"8928d436833ffff, 8928d436863ffff, 8928d436807ffff, 8928d4368abffff, 8928d436873ffff, 8928d43686fffff, 8928d436847ffff, 8928d43687bffff, 8928d43680bffff, 8928d43683bffff, 8928d4368a7ffff, 8928d436823ffff, 8928d43682bffff, 8928d436867ffff, 8928d436877ffff, 8928d43680fffff",0.06590747264811665,0.324033073295367
18,25,43,883277.9069767442,330820.9830495215,510.6477820654907,"8928d5ce473ffff, 8928d5ce413ffff, 8928d5ce017ffff, 8928d5ce477ffff, 8928d5ce0b7ffff, 8928d5ce58bffff, 8928d5ce42bffff, 8928d5c0b63ffff, 8928d5ce4a3ffff, 8928d5ce5c7ffff, 8928d5ce0a3ffff, 8928d5ce54bffff, 8928d5ce467ffff, 8928d5ce0afffff, 8928d5ce0abffff, 8928d5ce407ffff, 8928d5ce0bbffff, 8928d5ce097ffff, 8928d5ce543ffff, 8928d5ce40fffff, 8928d5ce093ffff, 8928d5ce083ffff, 8928d5ce43bffff, 8928d5ce08fffff, 8928d5ce0b3ffff",0.09006453762980804,0.41679113861926437
19,13,92,596202.3260869565,137712.6470319478,379.1053151194885,"8928d5505c7ffff, 8928d5505cfffff, 8928d5505d7ffff, 8928d5505cbffff, 8928d550437ffff, 8928d5505dbffff, 8928d550557ffff, 8928d550427ffff, 8928d5505c3ffff, 8928d55059bffff, 8928d550553ffff, 8928d550543ffff, 8928d5505d3ffff",0.03969435984360083,0.2988892802312655
20,9,56,495844.71428571426,143854.71873072823,400.96439873829877,"8928d552adbffff, 8928d5505a7ffff, 8928d550587ffff, 8928d5505b3ffff, 8928d55058fffff, 8928d550583ffff, 8928d5505bbffff, 8928d5505abffff, 8928d5505a3ffff",0.05529918969101727,0.4051061194367148
21,18,140,651415.4,194879.24340043432,384.5275403101062,"8928d55045bffff, 8928d550443ffff, 8928d55312fffff, 8928d5504dbffff, 8928d5531afffff, 8928d550697ffff, 8928d550447ffff, 8928d550457ffff, 8928d553137ffff, 8928d553123ffff, 8928d55040bffff, 8928d550453ffff, 8928d55041bffff, 8928d553133ffff, 8928d553127ffff, 8928d5504cfffff, 8928d5504cbffff, 8928d55312bffff",0.0767059151622825,0.4406844255756599
22,19,162,548677.2654320988,156472.94286808794,419.96233790927084,"8928d550477ffff, 8928d55043bffff, 8928d5504a7ffff, 8928d5504abffff, 8928d55234bffff, 8928d550433ffff, 8928d5504bbffff, 8928d5504a3ffff, 8928d5504b3ffff, 8928d550417ffff, 8928d5504b7ffff, 8928d550403ffff, 8928d55040fffff, 8928d550473ffff, 8928d5504afffff, 8928d550487ffff, 8928d55048fffff, 8928d550413ffff, 8928d550407ffff",0.032025749958305746,0.21914740068908609
23,17,96,642051.46875,200806.31244082534,338.6000028497834,"8928d5504c3ffff, 8928d5531b3ffff, 8928d55226bffff, 8928d5504d3ffff, 8928d5531bbffff, 8928d55226fffff, 8928d550483ffff, 8928d55048bffff, 8928d5531a3ffff, 8928d5531a7ffff, 8928d55049bffff, 8928d5504c7ffff, 8928d553187ffff, 8928d5531b7ffff, 8928d5504d7ffff, 8928d55224bffff, 8928d550493ffff",0.05416055980905266,0.34776977603259007
24,15,106,605715.6226415094,147377.08978065787,389.00326164529076,"8928d550573ffff, 8928d55052bffff, 8928d550507ffff, 8928d550513ffff, 8928d55054fffff, 8928d55050bffff, 8928d55053bffff, 8928d550547ffff, 8928d550577ffff, 8928d550503ffff, 8928d550567ffff, 8928d55057bffff, 8928d55050fffff, 8928d550563ffff, 8928d55051bffff",0.03243603171477392,0.23428963025995297
25,26,239,770445.0083682009,349039.33825124963,441.33600074233,"8928d550423ffff, 8928d55054bffff, 8928d5500c3ffff, 8928d550467ffff, 8928d550017ffff, 8928d5500c7ffff, 8928d550013ffff, 8928d55009bffff, 8928d5500cfffff, 8928d5500abffff, 8928d55008bffff, 8928d550003ffff, 8928d5500d7ffff, 8928d550033ffff, 8928d5500bbffff, 8928d550083ffff, 8928d550087ffff, 8928d55042bffff, 8928d55046fffff, 8928d55042fffff, 8928d550093ffff, 8928d550007ffff, 8928d550097ffff, 8928d55008fffff, 8928d5500b3ffff, 8928d55001bffff",0.08953020560400649,0.4810445783233221
26,15,154,785491.3181818182,347396.88021709054,443.2764735874431,"8928d55044bffff, 8928d550463ffff, 8928d5506a3ffff, 8928d5500d3ffff, 8928d55047bffff, 8928d550687ffff, 8928d5506bbffff, 8928d55046bffff, 8928d5500dbffff, 8928d5506a7ffff, 8928d5506b3ffff, 8928d5506afffff, 8928d55044fffff, 8928d5506abffff, 8928d5506b7ffff",0.06024672792079132,0.36682192401978053
27,27,262,731068.8129770992,236318.89302041917,423.7769755468964,"8928d550193ffff, 8928d5501cfffff, 8928d550153ffff, 8928d5501c3ffff, 8928d55018bffff, 8928d5500afffff, 8928d55056bffff, 8928d5501c7ffff, 8928d5501d3ffff, 8928d550037ffff, 8928d550157ffff, 8928d5501dbffff, 8928d5500a3ffff, 8928d5500a7ffff, 8928d55011bffff, 8928d550117ffff, 8928d550183ffff, 8928d5501cbffff, 8928d550027ffff, 8928d55018fffff, 8928d5500b7ffff, 8928d550197ffff, 8928d550113ffff, 8928d5501d7ffff, 8928d55019bffff, 8928d55056fffff, 8928d55010bffff",0.025351213526789516,0.19636375095402425
28,7,47,534455.3191489362,141247.9754078374,330.491129208513,"8928d5523afffff, 8928d552333ffff, 8928d5523a3ffff, 8928d5523abffff, 8928d5523a7ffff, 8928d552edbffff, 8928d552337ffff",0.10902880494625704,0.5571971684052673
29,15,90,490007.0,139946.54048719222,369.35619962913114,"8928d552563ffff, 8928d55256bffff, 8928d552557ffff, 8928d5521d3ffff, 8928d552577ffff, 8928d55256fffff, 8928d55257bffff, 8928d55251bffff, 8928d55250fffff, 8928d55250bffff, 8928d552503ffff, 8928d552547ffff, 8928d552573ffff, 8928d552567ffff, 8928d5521d7ffff",0.06050881428531395,0.3895758066508541
30,22,136,668674.6911764706,229122.56224223913,399.059060322362,"8928d552543ffff, 8928d55254bffff, 8928d552017ffff, 8928d5520a3ffff, 8928d5520bbffff, 8928d5520abffff, 8928d552007ffff, 8928d55208bffff, 8928d552093ffff, 8928d552033ffff, 8928d552097ffff, 8928d55254fffff, 8928d552083ffff, 8928d5520afffff, 8928d5520a7ffff, 8928d552087ffff, 8928d5520b3ffff, 8928d552013ffff, 8928d55255bffff, 8928d55242fffff, 8928d55208fffff, 8928d55209bffff",0.04912537791173023,0.31575893052748066
31,21,117,626633.4957264957,214760.62080521917,359.15205714512086,"8928d55206fffff, 8928d552363ffff, 8928d552387ffff, 8928d5523c3ffff, 8928d552313ffff, 8928d55238fffff, 8928d55231bffff, 8928d5523d7ffff, 8928d5523d3ffff, 8928d552303ffff, 8928d5523c7ffff, 8928d55238bffff, 8928d552317ffff, 8928d552383ffff, 8928d552373ffff, 8928d55206bffff, 8928d55230fffff, 8928d552377ffff, 8928d552067ffff, 8928d55239bffff, 8928d552393ffff",0.08232460815107367,0.44135333932983595
32,22,176,559882.7272727273,161347.64958085545,378.1189898273378,"8928d552ed3ffff, 8928d55216bffff, 8928d552163ffff, 8928d552167ffff, 8928d552e83ffff, 8928d55210bffff, 8928d552e93ffff, 8928d55210fffff, 8928d55212fffff, 8928d552177ffff, 8928d55212bffff, 8928d552113ffff, 8928d552107ffff, 8928d55216fffff, 8928d552e9bffff, 8928d552103ffff, 8928d552e8bffff, 8928d552173ffff, 8928d552ed7ffff, 8928d55213bffff, 8928d55211bffff, 8928d55217bffff",0.03379027166206508,0.2628622434981007
33,15,66,610416.6666666666,175628.25718608673,380.6778004301269,"8928d5521cfffff, 8928d55215bffff, 8928d55214fffff, 8928d552397ffff, 8928d55214bffff, 8928d5521dbffff, 8928d552037ffff, 8928d552143ffff, 8928d552153ffff, 8928d55202fffff, 8928d5523b3ffff, 8928d552023ffff, 8928d552027ffff, 8928d552157ffff, 8928d5521cbffff",0.04413889008548436,0.2706949775966897
34,16,66,671744.696969697,315700.93768503633,375.28528189786937,"8928d5c8b53ffff, 8928d5524b3ffff, 8928d5c8b7bffff, 8928d5c8b73ffff, 8928d5524b7ffff, 8928d5c8b77ffff, 8928d5c8b67ffff, 8928d5c8b6bffff, 8928d5c8b4fffff, 8928d5c8b4bffff, 8928d5c8b47ffff, 8928d5c8b63ffff, 8928d5c8b6fffff, 8928d5c8b5bffff, 8928d5c8b0fffff, 8928d5c8b43ffff",0.17670927666912448,0.8804250203302799
35,14,83,523586.1445783133,149304.07444332083,367.44277919688267,"8928d552ec7ffff, 8928d552e13ffff, 8928d552ecfffff, 8928d552e0bffff, 8928d552ec3ffff, 8928d552e5bffff, 8928d552e53ffff, 8928d552e4bffff, 8928d552e03ffff, 8928d552e1bffff, 8928d552e57ffff, 8928d552e47ffff, 8928d552ecbffff, 8928d552e43ffff",0.03879958661200115,0.27401291389432586
36,17,104,564707.25,140463.97775831175,375.95320215057353,"8928d552423ffff, 8928d5524a7ffff, 8928d552427ffff, 8928d5525cfffff, 8928d552433ffff, 8928d5524afffff, 8928d5525cbffff, 8928d552437ffff, 8928d552553ffff, 8928d5525dbffff, 8928d5524bbffff, 8928d55243bffff, 8928d5525c3ffff, 8928d5525d3ffff, 8928d552407ffff, 8928d552417ffff, 8928d5524abffff",0.04657771311768521,0.2957228062224132
37,10,82,527280.4512195121,137408.15918652032,375.34482404015506,"8928d552e8fffff, 8928d552ebbffff, 8928d552e07ffff, 8928d552e17ffff, 8928d552eabffff, 8928d552ea3ffff, 8928d552e87ffff, 8928d552e33ffff, 8928d552eafffff, 8928d552eb3ffff",0.04195550904144303,0.26295135993141844
38,60,551,1480426.4718693285,810794.3755061508,563.4066616173565,"8928d42e9a3ffff, 8928d42e977ffff, 8928d55b6d3ffff, 8928d55b54bffff, 8928d55b55bffff, 8928d42e94fffff, 8928d55b6c3ffff, 8928d42ebb7ffff, 8928d42e907ffff, 8928d42e96fffff, 8928d42e97bffff, 8928d42e9abffff, 8928d42e90fffff, 8928d55b097ffff, 8928d42eb37ffff, 8928d42ebafffff, 8928d55b557ffff, 8928d55b40fffff, 8928d55b41bffff, 8928d55b477ffff, 8928d55b43bffff, 8928d55b403ffff, 8928d55b427ffff, 8928d55b083ffff, 8928d55b473ffff, 8928d55b6a7ffff, 8928d55b47bffff, 8928d55b44fffff, 8928d55b423ffff, 8928d55b46fffff, 8928d55b437ffff, 8928d55b467ffff, 8928d55b463ffff, 8928d55b5c3ffff, 8928d55b46bffff, 8928d55b4b7ffff, 8928d55b0d7ffff, 8928d42e937ffff, 8928d55b093ffff, 8928d55b413ffff, 8928d55b4cbffff, 8928d55b4a7ffff, 8928d55b447ffff, 8928d55b457ffff, 8928d55b4a3ffff, 8928d55b4afffff, 8928d55b5dbffff, 8928d55b40bffff, 8928d55b5cbffff, 8928d55b553ffff, 8928d55b4c7ffff, 8928d55b09bffff, 8928d55b42bffff, 8928d42e927ffff, 8928d55b0d3ffff, 8928d42e92fffff, 8928d55b42fffff, 8928d55b4cfffff, 8928d55b0dbffff, 8928d55b637ffff",0.094038990612365,0.47021459685369144
39,4,12,556333.3333333334,161057.61563973172,665.0274388375802,"8928d46ca57ffff, 8928d46ca0fffff, 8928d46ca47ffff, 8928d46ca73ffff",0.16564215709312402,0.4572676918898972
40,5,8,1564125.0,324422.3472188684,518.5167008928822,"8928d42cdc3ffff, 8928d42cd57ffff, 8928d42cdcbffff, 8928d42c887ffff, 8928d42cd47ffff",-0.008956248380297738,0.27094448326904913
41,3,3,943333.3333333334,649183.2475417776,407.10045326588016,"8928d42254fffff, 8928d422557ffff, 8928d42250bffff",0.6027136892990552,1.405416392001758
42,27,230,1298338.5347826087,700685.0210470534,746.1465417140262,"8928d540abbffff, 8928d54084bffff, 8928d540a13ffff, 8928d540a83ffff, 8928d540e2fffff, 8928d540e7bffff, 8928d540e2bffff, 8928d541dafffff, 8928d540a8fffff, 8928d540e67ffff, 8928d540e6bffff, 8928d540a87ffff, 8928d540843ffff, 8928d540ac7ffff, 8928d540ad3ffff, 8928d540e6fffff, 8928d540a17ffff, 8928d540a93ffff, 8928d540ac3ffff, 8928d54085bffff, 8928d540a8bffff, 8928d540a9bffff, 8928d540ad7ffff, 8928d540acfffff, 8928d540a97ffff, 8928d540adbffff, 8928d540e63ffff",0.0857246960424056,0.4324988352018162
43,18,194,1071837.3144329898,371468.4428232568,697.0810710172626,"8928d540aa7ffff, 8928d540aa3ffff, 8928d54086bffff, 8928d540bd3ffff, 8928d540ab7ffff, 8928d540a3bffff, 8928d540ab3ffff, 8928d540aafffff, 8928d540aabffff, 8928d54087bffff, 8928d540a33ffff, 8928d540bdbffff, 8928d540a07ffff, 8928d540a37ffff, 8928d540a23ffff, 8928d54084fffff, 8928d540bcbffff, 8928d540a27ffff",0.03829719448650488,0.2550659719058145
44,12,103,1297317.8834951457,390379.4900537268,621.3766439284635,"8928d540c0fffff, 8928d540c63ffff, 8928d540c13ffff, 8928d540c07ffff, 8928d540c67ffff, 8928d540c1bffff, 8928d540c0bffff, 8928d540c77ffff, 8928d540c57ffff, 8928d540c03ffff, 8928d540c3bffff, 8928d540c73ffff",0.08094897434926202,0.40740062696880525
45,31,376,969385.4202127659,301824.8067895549,622.0007662698691,"8928d54082bffff, 8928d540b8fffff, 8928d540943ffff, 8928d540827ffff, 8928d54086fffff, 8928d540b07ffff, 8928d540b87ffff, 8928d54095bffff, 8928d540953ffff, 8928d54082fffff, 8928d540877ffff, 8928d540b97ffff, 8928d540bbbffff, 8928d540b93ffff, 8928d540bd7ffff, 8928d54094bffff, 8928d540867ffff, 8928d540863ffff, 8928d540b83ffff, 8928d540bc7ffff, 8928d54094fffff, 8928d540b17ffff, 8928d540b13ffff, 8928d540b9bffff, 8928d540bc3ffff, 8928d540bb3ffff, 8928d540b8bffff, 8928d540ba3ffff, 8928d540bcfffff, 8928d540babffff, 8928d540b03ffff",0.014323040817278162,0.1980859778719737
46,30,313,913750.1373801917,429317.22577289975,564.3666886896358,"8928d54e483ffff, 8928d54e48bffff, 8928d54e413ffff, 8928d54e48fffff, 8928d54e487ffff, 8928d54e4b3ffff, 8928d54e4a3ffff, 8928d54e4c3ffff, 8928d540b53ffff, 8928d54e41bffff, 8928d54e4bbffff, 8928d540b1bffff, 8928d540b4fffff, 8928d54e4cfffff, 8928d54e40bffff, 8928d54e417ffff, 8928d54e457ffff, 8928d540b7bffff, 8928d54e4c7ffff, 8928d54e4b7ffff, 8928d54e403ffff, 8928d54e407ffff, 8928d540b0bffff, 8928d540b43ffff, 8928d540b57ffff, 8928d54e4abffff, 8928d540b47ffff, 8928d540b5bffff, 8928d540b4bffff, 8928d54e497ffff",0.08723848583361188,0.5323095747384524
47,15,203,1174369.1477832512,410179.6452938121,667.5228601659203,"8928d5409cbffff, 8928d540d6bffff, 8928d5409d3ffff, 8928d540837ffff, 8928d5408afffff, 8928d540807ffff, 8928d5408a7ffff, 8928d5409d7ffff, 8928d5409dbffff, 8928d540d63ffff, 8928d5409c3ffff, 8928d54083bffff, 8928d540823ffff, 8928d540833ffff, 8928d540d6fffff",0.04137797899982833,0.2872853267754276
48,32,302,2200381.178807947,1499230.172105773,861.6456964773389,"8928d54018bffff, 8928d54010fffff, 8928d540117ffff, 8928d540163ffff, 8928d5403a3ffff, 8928d540177ffff, 8928d5401cfffff, 8928d540157ffff, 8928d54010bffff, 8928d540173ffff, 8928d540113ffff, 8928d5401c3ffff, 8928d540167ffff, 8928d54011bffff, 8928d54019bffff, 8928d54016fffff, 8928d540147ffff, 8928d54056fffff, 8928d54017bffff, 8928d54018fffff, 8928d540103ffff, 8928d540ed3ffff, 8928d54016bffff, 8928d540153ffff, 8928d54014fffff, 8928d5401c7ffff, 8928d5403b7ffff, 8928d5403a7ffff, 8928d540143ffff, 8928d5403b3ffff, 8928d540567ffff, 8928d5401d7ffff",0.08956387232118389,0.4701136841994104
49,18,180,1188880.95,441859.76282067987,681.3843968251247,"8928d540a47ffff, 8928d540a0bffff, 8928d54e493ffff, 8928d540a6fffff, 8928d54e49bffff, 8928d540a63ffff, 8928d540a6bffff, 8928d540a57ffff, 8928d540a1bffff, 8928d54e4d7ffff, 8928d540a77ffff, 8928d540a73ffff, 8928d540a7bffff, 8928d540a03ffff, 8928d540a67ffff, 8928d540a0fffff, 8928d540a2bffff, 8928d54e4d3ffff",0.06589046297797443,0.3447581756145867
50,15,139,1233286.0215827338,434749.23503218667,714.191696493824,"8928d540123ffff, 8928d54012fffff, 8928d540e93ffff, 8928d540e97ffff, 8928d540133ffff, 8928d540137ffff, 8928d54013bffff, 8928d5401abffff, 8928d540c5bffff, 8928d540127ffff, 8928d540107ffff, 8928d540ccbffff, 8928d540c53ffff, 8928d54012bffff, 8928d5401afffff",0.05281009226822722,0.41822098879926195
51,29,329,1604914.3343465046,670950.1963538125,875.6957999840429,"8928d540e83ffff, 8928d540e0bffff, 8928d540e77ffff, 8928d540e4bffff, 8928d540e53ffff, 8928d540e47ffff, 8928d540e57ffff, 8928d540ecbffff, 8928d540e43ffff, 8928d540ec7ffff, 8928d540e13ffff, 8928d540e8bffff, 8928d540e9bffff, 8928d540ecfffff, 8928d540ec3ffff, 8928d540edbffff, 8928d540e8fffff, 8928d540e07ffff, 8928d540ed7ffff, 8928d540e1bffff, 8928d540e17ffff, 8928d540e5bffff, 8928d541db3ffff, 8928d540327ffff, 8928d540e73ffff, 8928d540e0fffff, 8928d540e3bffff, 8928d540e03ffff, 8928d540e4fffff",0.06846729171137096,0.37704324333691025
52,10,182,1074906.8626373627,443871.9034543833,728.6165713219713,"8928d540813ffff, 8928d5408cfffff, 8928d54080fffff, 8928d540857ffff, 8928d540803ffff, 8928d54080bffff, 8928d540873ffff, 8928d540847ffff, 8928d5408c7ffff, 8928d54081bffff",0.05761157964292546,0.3243498969283591
53,9,62,2023525.322580645,1324215.9017341323,815.9884956669528,"8928d540303ffff, 8928d540307ffff, 8928d5403afffff, 8928d540337ffff, 8928d540333ffff, 8928d540317ffff, 8928d54030bffff, 8928d5403abffff, 8928d54030fffff",0.2704915874393644,0.7771929620367853
54,27,392,1061874.9107142857,403780.9520058616,675.8542452422207,"8928d540d53ffff, 8928d540c2bffff, 8928d540d47ffff, 8928d540d57ffff, 8928d540817ffff, 8928d5408d7ffff, 8928d5408b7ffff, 8928d5408b3ffff, 8928d540d4bffff, 8928d540d43ffff, 8928d540c23ffff, 8928d5408abffff, 8928d54088bffff, 8928d54089bffff, 8928d540d5bffff, 8928d540897ffff, 8928d540887ffff, 8928d5408bbffff, 8928d540c27ffff, 8928d540883ffff, 8928d5408a3ffff, 8928d54088fffff, 8928d540d0bffff, 8928d540c6fffff, 8928d540893ffff, 8928d540c2fffff, 8928d540d4fffff",0.018283170673212435,0.21017300214539214
55,22,363,1240138.9063360882,465724.54976672446,782.8709578853021,"8928d540eb3ffff, 8928d540ea7ffff, 8928d540e37ffff, 8928d540eb7ffff, 8928d540c4bffff, 8928d540c6bffff, 8928d540e87ffff, 8928d540e27ffff, 8928d540eabffff, 8928d540c47ffff, 8928d5408cbffff, 8928d540c7bffff, 8928d540c43ffff, 8928d5408c3ffff, 8928d540e33ffff, 8928d540ebbffff, 8928d5408dbffff, 8928d540eafffff, 8928d540ea3ffff, 8928d5408d3ffff, 8928d540e23ffff, 8928d540c4fffff",0.023669879475255836,0.2696831985865786
56,86,348,2513392.4827586208,1047667.771476292,839.5246574998207,"8928d54326bffff, 8928d54322fffff, 8928d5589b7ffff, 8928d5416b7ffff, 8928d541503ffff, 8928d5414c3ffff, 8928d558937ffff, 8928d5415c7ffff, 8928d54150fffff, 8928d5415cfffff, 8928d541583ffff, 8928d541457ffff, 8928d5414bbffff, 8928d54158bffff, 8928d5589b3ffff, 8928d54320fffff, 8928d541487ffff, 8928d541413ffff, 8928d54158fffff, 8928d54322bffff, 8928d541513ffff, 8928d543267ffff, 8928d54327bffff, 8928d5414cfffff, 8928d543277ffff, 8928d541483ffff, 8928d54326fffff, 8928d543247ffff, 8928d541493ffff, 8928d54336bffff, 8928d54144bffff, 8928d541697ffff, 8928d54335bffff, 8928d5589a3ffff, 8928d5415d7ffff, 8928d543263ffff, 8928d54151bffff, 8928d54337bffff, 8928d541507ffff, 8928d558987ffff, 8928d541447ffff, 8928d5414afffff, 8928d543273ffff, 8928d54149bffff, 8928d541437ffff, 8928d54144fffff, 8928d5414b3ffff, 8928d5414cbffff, 8928d54334fffff, 8928d541593ffff, 8928d543223ffff, 8928d558923ffff, 8928d54159bffff, 8928d541443ffff, 8928d54323bffff, 8928d541497ffff, 8928d543363ffff, 8928d5415bbffff, 8928d541453ffff, 8928d54334bffff, 8928d54336fffff, 8928d5414a3ffff, 8928d54148bffff, 8928d5414c7ffff, 8928d5415cbffff, 8928d5589a7ffff, 8928d5414dbffff, 8928d5414d7ffff, 8928d543343ffff, 8928d5416b3ffff, 8928d541417ffff, 8928d55892fffff, 8928d54147bffff, 8928d5589bbffff, 8928d558933ffff, 8928d5414d3ffff, 8928d5414a7ffff, 8928d541587ffff, 8928d54145bffff, 8928d541517ffff, 8928d541553ffff, 8928d54146bffff, 8928d558927ffff, 8928d5415dbffff, 8928d543237ffff, 8928d543227ffff",0.051224022442294716,0.3036907297392557
57,13,110,1072135.7727272727,361801.1766257982,430.28218128913585,"8928d42c407ffff, 8928d42c497ffff, 8928d42e267ffff, 8928d42e22fffff, 8928d42c4bbffff, 8928d42e34fffff, 8928d42c4a3ffff, 8928d42e34bffff, 8928d42e343ffff, 8928d42c4b3ffff, 8928d42c413ffff, 8928d42e35bffff, 8928d42e3cbffff",0.06895290245888455,0.3569226290906529
58,3,4,953762.5,183414.74645935642,448.67533731486424,"8928d42c243ffff, 8928d42c20bffff, 8928d42c247ffff",0.17782758647904218,0.4230660950473108
59,14,181,1466249.723756906,507647.321938126,428.5664220386649,"8928d42c087ffff, 8928d42c0b3ffff, 8928d42c013ffff, 8928d42c0abffff, 8928d42c0d7ffff, 8928d42c017ffff, 8928d42c08bffff, 8928d42c08fffff, 8928d42c003ffff, 8928d42c083ffff, 8928d42c0afffff, 8928d42c0bbffff, 8928d42c0a3ffff, 8928d42c01bffff",0.06611306448888542,0.3193413993669019
60,11,59,730889.8305084746,208666.5913299477,530.6255419664134,"8928d42f3a3ffff, 8928d42f3b7ffff, 8928d42f3bbffff, 8928d42f3b3ffff, 8928d42f14bffff, 8928d42f14fffff, 8928d42f317ffff, 8928d42f387ffff, 8928d42f147ffff, 8928d42f38fffff, 8928d42f17bffff",0.04298500227947513,0.22092968821089684
61,16,209,1222644.7368421052,327247.20684755134,423.3474667680356,"8928d42e377ffff, 8928d42e36bffff, 8928d42e373ffff, 8928d42c4b7ffff, 8928d42c4a7ffff, 8928d42e36fffff, 8928d42e367ffff, 8928d42e363ffff, 8928d42c59bffff, 8928d42c5d7ffff, 8928d42c58bffff, 8928d42e30bffff, 8928d42e347ffff, 8928d42e37bffff, 8928d42e30fffff, 8928d42c5d3ffff",0.03887134782198326,0.2551521744384326
62,16,171,1087461.216374269,296605.5070370732,402.76137098935465,"8928d42c1cfffff, 8928d42c1c7ffff, 8928d42c0b7ffff, 8928d42c54fffff, 8928d42c567ffff, 8928d42c1d3ffff, 8928d42c57bffff, 8928d42c19bffff, 8928d42c547ffff, 8928d42c56bffff, 8928d42c1dbffff, 8928d42c56fffff, 8928d42c1c3ffff, 8928d42c0a7ffff, 8928d42c1d7ffff, 8928d42c193ffff",0.028473462256461638,0.21234609808835272
63,16,23,1249632.1739130435,440952.6238868133,668.534085482259,"8928d42c2bbffff, 8928d42c31bffff, 8928d42c15bffff, 8928d42c07bffff, 8928d42c02fffff, 8928d42c303ffff, 8928d42c047ffff, 8928d42c073ffff, 8928d42c3dbffff, 8928d42c3c3ffff, 8928d42c317ffff, 8928d42c39bffff, 8928d42c3c7ffff, 8928d42c38fffff, 8928d42c2afffff, 8928d42c3d3ffff",0.10816275501821113,0.4377557295904896
64,11,49,905594.8979591837,205651.55522836858,431.69597797811025,"8928d42c45bffff, 8928d42f12fffff, 8928d42c4dbffff, 8928d42c44bffff, 8928d42c687ffff, 8928d42c6afffff, 8928d42c68fffff, 8928d42c6bbffff, 8928d42c6b3ffff, 8928d42c617ffff, 8928d42c6abffff",0.03252163095508744,0.22239048299343958
65,12,46,1201106.5217391304,567490.0340638722,472.4821783844867,"8928d42c503ffff, 8928d42c50fffff, 8928d42ea13ffff, 8928d42c533ffff, 8928d42c5a7ffff, 8928d42ea1bffff, 8928d42c50bffff, 8928d42c573ffff, 8928d42ead3ffff, 8928d42c577ffff, 8928d42c523ffff, 8928d42ea43ffff",0.16723424738598444,0.6502914770506636
66,6,11,873495.4545454546,397186.3373408606,455.62712615763576,"8928d42d50bffff, 8928d42f353ffff, 8928d42d4a3ffff, 8928d42d5cfffff, 8928d42d573ffff, 8928d42d4a7ffff",0.16648322853435332,0.3858880229136089
67,13,144,995332.6388888889,242939.82567701966,439.4436853491877,"8928d42c54bffff, 8928d42c097ffff, 8928d42c543ffff, 8928d42c093ffff, 8928d42c553ffff, 8928d42c42fffff, 8928d42c557ffff, 8928d42c5cfffff, 8928d42c427ffff, 8928d42c42bffff, 8928d42c55bffff, 8928d42c5cbffff, 8928d42c51bffff",0.033998333849950185,0.23443590095361025
68,11,82,1351046.9512195121,770145.0610249947,446.2605004695495,"8928d42c457ffff, 8928d42c46fffff, 8928d42c47bffff, 8928d42c467ffff, 8928d42c6b7ffff, 8928d42c44fffff, 8928d42c46bffff, 8928d42c447ffff, 8928d42c463ffff, 8928d42c477ffff, 8928d42c473ffff",0.16505087090834708,0.7016409154182621
69,15,85,706834.2352941176,186300.64364845064,553.0699299302298,"8928d42f12bffff, 8928d42f16fffff, 8928d42c6c7ffff, 8928d42c6d7ffff, 8928d42c6d3ffff, 8928d42f10fffff, 8928d42f3a7ffff, 8928d42f177ffff, 8928d42c69bffff, 8928d42f16bffff, 8928d42f11bffff, 8928d42f167ffff, 8928d42f163ffff, 8928d42c68bffff, 8928d42c613ffff",0.030208447494392894,0.2838945830726248
70,124,768,1112283.7278645833,719332.8994581001,528.6109792503415,"8928d54ed1bffff, 8928d545323ffff, 8928d54ec33ffff, 8928d545a57ffff, 8928d54ed77ffff, 8928d54ed27ffff, 8928d54ec6fffff, 8928d54e9b7ffff, 8928d54e817ffff, 8928d545a43ffff, 8928d545a4fffff, 8928d545a53ffff, 8928d54ed6bffff, 8928d545a0bffff, 8928d54ec6bffff, 8928d54ed17ffff, 8928d54e9b3ffff, 8928d54eda3ffff, 8928d54e807ffff, 8928d545a6bffff, 8928d54ed13ffff, 8928d54eea7ffff, 8928d54ed87ffff, 8928d54532fffff, 8928d54ed83ffff, 8928d54edcbffff, 8928d54e8bbffff, 8928d54e8abffff, 8928d54e8afffff, 8928d545a7bffff, 8928d54ecafffff, 8928d54e9dbffff, 8928d545a4bffff, 8928d545a47ffff, 8928d54e88bffff, 8928d54ed0fffff, 8928d54e8b7ffff, 8928d54e833ffff, 8928d54e80bffff, 8928d54e99bffff, 8928d54ed93ffff, 8928d54e8a7ffff, 8928d54e987ffff, 8928d54e887ffff, 8928d54edbbffff, 8928d54eddbffff, 8928d54edd3ffff, 8928d54ed5bffff, 8928d54e8cfffff, 8928d54ec27ffff, 8928d54ed57ffff, 8928d54e98bffff, 8928d54e847ffff, 8928d54e8c3ffff, 8928d54ec2fffff, 8928d54edcfffff, 8928d54e897ffff, 8928d54e8dbffff, 8928d54ed53ffff, 8928d545313ffff, 8928d54e997ffff, 8928d54e813ffff, 8928d545373ffff, 8928d54ed03ffff, 8928d54e837ffff, 8928d545a63ffff, 8928d54ed6fffff, 8928d54ed67ffff, 8928d54ed4bffff, 8928d54e9d3ffff, 8928d54e9bbffff, 8928d54ed07ffff, 8928d54edc3ffff, 8928d54e8c7ffff, 8928d54eca7ffff, 8928d54e98fffff, 8928d54e9c3ffff, 8928d54ed8fffff, 8928d54e89bffff, 8928d54e9d7ffff, 8928d54e8b3ffff, 8928d54e9c7ffff, 8928d54ec37ffff, 8928d54ed7bffff, 8928d54ed23ffff, 8928d54e883ffff, 8928d54e88fffff, 8928d54ed33ffff, 8928d54ed9bffff, 8928d54e9cbffff, 8928d54edabffff, 8928d54edc7ffff, 8928d54e803ffff, 8928d545303ffff, 8928d54ed63ffff, 8928d54ec23ffff, 8928d54e993ffff, 8928d54e81bffff, 8928d54e8d3ffff, 8928d54ed43ffff, 8928d545a5bffff, 8928d54e8d7ffff, 8928d545377ffff, 8928d54e983ffff, 8928d545307ffff, 8928d54ed47ffff, 8928d54530fffff, 8928d54e83bffff, 8928d54ed97ffff, 8928d545367ffff, 8928d54e857ffff, 8928d54ed4fffff, 8928d54ed2bffff, 8928d545e5bffff, 8928d54e8a3ffff, 8928d545a73ffff, 8928d54e8cbffff, 8928d545acbffff, 8928d5453bbffff, 8928d54ed8bffff, 8928d54ed0bffff, 8928d54ed3bffff, 8928d545317ffff, 8928d54ed37ffff",0.05164519201916605,0.31586565392396454
71,5,8,542937.5,111054.16400905461,457.94245829298086,"8928d435457ffff, 8928d435573ffff, 8928d435553ffff, 8928d435557ffff, 8928d43540bffff",0.048010346486339076,0.3316102677149593
72,28,531,925165.813559322,288439.9276475224,601.0040048872073,"8928d542117ffff, 8928d542103ffff, 8928d54218fffff, 8928d54213bffff, 8928d542137ffff, 8928d542113ffff, 8928d54218bffff, 8928d542123ffff, 8928d5421c3ffff, 8928d542133ffff, 8928d5421a7ffff, 8928d5421bbffff, 8928d542183ffff, 8928d5421cfffff, 8928d5421abffff, 8928d542197ffff, 8928d5421d7ffff, 8928d542107ffff, 8928d542187ffff, 8928d54210fffff, 8928d5421c7ffff, 8928d5421afffff, 8928d54211bffff, 8928d5421b7ffff, 8928d54210bffff, 8928d5421b3ffff, 8928d5421a3ffff, 8928d542127ffff",0.018140005851868063,0.15497702920095333
73,10,156,1682602.6794871795,772772.981543656,752.9818201146959,"8928d542ec7ffff, 8928d542e03ffff, 8928d542e57ffff, 8928d542ecfffff, 8928d542e13ffff, 8928d542e73ffff, 8928d542e0bffff, 8928d542e1bffff, 8928d542e47ffff, 8928d542e0fffff",0.17572708023407005,0.6749044821693958
74,20,344,779109.5755813953,190705.54720985587,549.7058961672985,"8928d542533ffff, 8928d542507ffff, 8928d5425a3ffff, 8928d5425abffff, 8928d542537ffff, 8928d542577ffff, 8928d5425afffff, 8928d542567ffff, 8928d542503ffff, 8928d5425a7ffff, 8928d54252bffff, 8928d54250fffff, 8928d542517ffff, 8928d542193ffff, 8928d5425b7ffff, 8928d542527ffff, 8928d5552dbffff, 8928d54253bffff, 8928d542523ffff, 8928d54252fffff",0.016475092404496062,0.13773835036193002
75,19,205,1725514.8048780488,909559.477054277,721.3117014962021,"8928d542e3bffff, 8928d542eb7ffff, 8928d542e33ffff, 8928d542ea7ffff, 8928d5428dbffff, 8928d542e37ffff, 8928d5428d3ffff, 8928d542e17ffff, 8928d542ebbffff, 8928d542e07ffff, 8928d542eafffff, 8928d542c6bffff, 8928d542ea3ffff, 8928d542e27ffff, 8928d5428c3ffff, 8928d542eabffff, 8928d542c7bffff, 8928d5428cbffff, 8928d542e23ffff",0.11005946253668558,0.48747394639540204
76,22,197,1632803.725888325,523001.8684792122,688.4284923926506,"8928d542a1bffff, 8928d542a03ffff, 8928d542ad7ffff, 8928d542e6bffff, 8928d542acfffff, 8928d542ac3ffff, 8928d542e63ffff, 8928d542e67ffff, 8928d542e6fffff, 8928d542a83ffff, 8928d542e77ffff, 8928d542ac7ffff, 8928d542a9bffff, 8928d542a8bffff, 8928d542a13ffff, 8928d542e2bffff, 8928d542a97ffff, 8928d542ad3ffff, 8928d542a93ffff, 8928d542e7bffff, 8928d542e2fffff, 8928d542a17ffff",0.03740500212181427,0.27826447012521577
77,17,376,963431.0984042553,264114.01433755516,653.3316164050484,"8928d542c4fffff, 8928d54216fffff, 8928d542e9bffff, 8928d542ed7ffff, 8928d54212bffff, 8928d542e8bffff, 8928d542eb3ffff, 8928d542e87ffff, 8928d542167ffff, 8928d542c4bffff, 8928d542e8fffff, 8928d542c5bffff, 8928d542e83ffff, 8928d542e97ffff, 8928d542e93ffff, 8928d54212fffff, 8928d542c43ffff",0.0072859738421199305,0.15025962192414732
78,23,282,1438405.4326241135,645909.1867904019,695.1409544190954,"8928d542aa3ffff, 8928d542847ffff, 8928d542873ffff, 8928d542bdbffff, 8928d542a37ffff, 8928d542aabffff, 8928d542843ffff, 8928d54284fffff, 8928d54286bffff, 8928d542857ffff, 8928d542ab7ffff, 8928d542bd3ffff, 8928d54285bffff, 8928d542aafffff, 8928d54284bffff, 8928d542a87ffff, 8928d54287bffff, 8928d542aa7ffff, 8928d542ab3ffff, 8928d542863ffff, 8928d542853ffff, 8928d54280bffff, 8928d542abbffff",0.07170884450919372,0.3772266235584126
79,21,354,1202859.2033898304,785623.028108167,707.3649580381079,"8928d5421d3ffff, 8928d54256fffff, 8928d5420a3ffff, 8928d542563ffff, 8928d542547ffff, 8928d54256bffff, 8928d5421dbffff, 8928d54257bffff, 8928d54254fffff, 8928d5420b7ffff, 8928d54255bffff, 8928d5420b3ffff, 8928d542557ffff, 8928d542573ffff, 8928d54250bffff, 8928d5420afffff, 8928d5420a7ffff, 8928d542553ffff, 8928d542543ffff, 8928d54254bffff, 8928d54242fffff",0.0927453990187766,0.47065587789175006
80,23,283,2852829.1413427563,1642441.2958568442,1086.1822392668369,"8928d542327ffff, 8928d54058fffff, 8928d542e53ffff, 8928d540583ffff, 8928d5405bbffff, 8928d540517ffff, 8928d54059bffff, 8928d540503ffff, 8928d540513ffff, 8928d5405abffff, 8928d540593ffff, 8928d540597ffff, 8928d54058bffff, 8928d540587ffff, 8928d542e5bffff, 8928d540507ffff, 8928d542e43ffff, 8928d5405b3ffff, 8928d54232fffff, 8928d542e4bffff, 8928d54053bffff, 8928d5405a3ffff, 8928d5405afffff",0.17862426538466825,0.9413698880917392
81,27,258,819289.007751938,220891.56209183735,552.9164133602345,"8928d542597ffff, 8928d5425b3ffff, 8928d54258fffff, 8928d550b2fffff, 8928d54251bffff, 8928d542513ffff, 8928d550b2bffff, 8928d54258bffff, 8928d5425bbffff, 8928d542593ffff, 8928d542583ffff, 8928d550b3bffff, 8928d550b27ffff, 8928d55565bffff, 8928d550bafffff, 8928d54259bffff, 8928d550b67ffff, 8928d550b23ffff, 8928d5556cbffff, 8928d5556dbffff, 8928d542587ffff, 8928d555643ffff, 8928d55564fffff, 8928d55564bffff, 8928d555653ffff, 8928d5425c7ffff, 8928d550b37ffff",0.022770112734580055,0.2114693420532395
82,8,112,1643993.75,621999.0919666733,732.8490980952357,"8928d54202fffff, 8928d542027ffff, 8928d542153ffff, 8928d542037ffff, 8928d542023ffff, 8928d5421cbffff, 8928d54215bffff, 8928d542033ffff",0.13760582635840155,0.8595097198149028
83,31,623,1453652.4285714286,1128212.2524865954,754.5109141716549,"8928d542ecbffff, 8928d542157ffff, 8928d542143ffff, 8928d542ed3ffff, 8928d5423a3ffff, 8928d542163ffff, 8928d5423abffff, 8928d542333ffff, 8928d54233bffff, 8928d54214fffff, 8928d5423afffff, 8928d542edbffff, 8928d5423b7ffff, 8928d542337ffff, 8928d5423a7ffff, 8928d5423bbffff, 8928d542ec3ffff, 8928d542173ffff, 8928d542323ffff, 8928d54217bffff, 8928d54214bffff, 8928d542317ffff, 8928d54216bffff, 8928d542177ffff, 8928d542307ffff, 8928d542397ffff, 8928d542147ffff, 8928d5423b3ffff, 8928d542387ffff, 8928d54238fffff, 8928d542383ffff",0.05604775744587401,0.3406313902808196
84,29,382,1119511.5,662395.0507138215,539.069808311956,"8928d550b57ffff, 8928d5425cfffff, 8928d550b6bffff, 8928d550b4bffff, 8928d5424b7ffff, 8928d550b7bffff, 8928d550b1bffff, 8928d550b43ffff, 8928d5425cbffff, 8928d550b03ffff, 8928d550b77ffff, 8928d550b0bffff, 8928d5424b3ffff, 8928d5425d3ffff, 8928d5424a3ffff, 8928d5425c3ffff, 8928d5425dbffff, 8928d5424bbffff, 8928d5424a7ffff, 8928d550b4fffff, 8928d550b47ffff, 8928d550b63ffff, 8928d542487ffff, 8928d550b13ffff, 8928d542437ffff, 8928d5424afffff, 8928d550b0fffff, 8928d550bc7ffff, 8928d550b73ffff",0.05240230245932134,0.34296373502960087
85,19,82,2162195.1219512196,1043405.0125527034,677.1387204968978,"8928d558a77ffff, 8928d558a67ffff, 8928d558a63ffff, 8928d5599a7ffff, 8928d558a47ffff, 8928d558a7bffff, 8928d54a4d3ffff, 8928d558a73ffff, 8928d558a0fffff, 8928d54a4c7ffff, 8928d54a41bffff, 8928d54a457ffff, 8928d558a0bffff, 8928d54a493ffff, 8928d54a4cfffff, 8928d54a49bffff, 8928d54a4c3ffff, 8928d54a48bffff, 8928d558a6bffff",0.15392615493384218,0.6208064106632755
86,17,129,1318949.0310077518,505340.20358041645,554.5386101688982,"8928d558373ffff, 8928d55830fffff, 8928d558303ffff, 8928d5583abffff, 8928d55831bffff, 8928d5583bbffff, 8928d558307ffff, 8928d55838bffff, 8928d558333ffff, 8928d558377ffff, 8928d55838fffff, 8928d558313ffff, 8928d558317ffff, 8928d55830bffff, 8928d55833bffff, 8928d5583a3ffff, 8928d5583afffff",0.0707072474692125,0.329820285035456
87,24,105,1692926.6666666667,880261.9025328733,628.5366388977562,"8928d558ac7ffff, 8928d558a57ffff, 8928d559d67ffff, 8928d559993ffff, 8928d559d77ffff, 8928d559997ffff, 8928d559d6fffff, 8928d559d73ffff, 8928d559d23ffff, 8928d559d33ffff, 8928d559d2bffff, 8928d558a1bffff, 8928d559987ffff, 8928d559d3bffff, 8928d558a5bffff, 8928d559d27ffff, 8928d559d2fffff, 8928d559d63ffff, 8928d55999bffff, 8928d559d0fffff, 8928d558a4bffff, 8928d558a43ffff, 8928d558a53ffff, 8928d559983ffff",0.11170653914123442,0.5701320487770379
88,27,169,1460618.627218935,524806.7895039929,606.6920208445653,"8928d559e87ffff, 8928d559e97ffff, 8928d559c0fffff, 8928d559c1bffff, 8928d559c03ffff, 8928d559c17ffff, 8928d559c73ffff, 8928d559c0bffff, 8928d559c77ffff, 8928d559c13ffff, 8928d559c47ffff, 8928d559123ffff, 8928d559c07ffff, 8928d559ccfffff, 8928d559c57ffff, 8928d559c43ffff, 8928d559eb7ffff, 8928d559c63ffff, 8928d559c5bffff, 8928d559eb3ffff, 8928d559c4bffff, 8928d55912bffff, 8928d559c7bffff, 8928d55912fffff, 8928d559c4fffff, 8928d559c53ffff, 8928d559e93ffff",0.057683191619227143,0.35943653459800895
89,13,55,2275930.690909091,1089782.2825628791,869.8888714899438,"8928d558adbffff, 8928d559da7ffff, 8928d559d03ffff, 8928d559d13ffff, 8928d559d07ffff, 8928d559d0bffff, 8928d559da3ffff, 8928d559d17ffff, 8928d559dabffff, 8928d559dbbffff, 8928d559db3ffff, 8928d558ad3ffff, 8928d559d1bffff",0.20731579515501922,0.6840290145796293
90,18,103,1517643.6601941749,606206.4516193661,594.7217779102006,"8928d55806fffff, 8928d558237ffff, 8928d5582a7ffff, 8928d5582afffff, 8928d558227ffff, 8928d5583cfffff, 8928d5583cbffff, 8928d5582a3ffff, 8928d5583c7ffff, 8928d5583d3ffff, 8928d5583c3ffff, 8928d558203ffff, 8928d5583dbffff, 8928d5582b7ffff, 8928d55806bffff, 8928d5583d7ffff, 8928d558233ffff, 8928d558207ffff",0.17077280987207516,0.8556849248944204
91,21,128,1486196.40625,396150.36191043985,546.1797068666954,"8928d559cafffff, 8928d559dd7ffff, 8928d55836bffff, 8928d559dcbffff, 8928d559ddbffff, 8928d55836fffff, 8928d559ca7ffff, 8928d559dc3ffff, 8928d559cabffff, 8928d559c37ffff, 8928d559c33ffff, 8928d559d43ffff, 8928d559ca3ffff, 8928d559dd3ffff, 8928d559d53ffff, 8928d559c3bffff, 8928d559dcfffff, 8928d559c23ffff, 8928d559c27ffff, 8928d559c2bffff, 8928d559c2fffff",0.04167678355108188,0.2490553861150816
92,12,99,1722818.6262626264,887662.8814687281,548.2346808992306,"8928d559d8bffff, 8928d559d9bffff, 8928d558327ffff, 8928d559d83ffff, 8928d558367ffff, 8928d559d8fffff, 8928d55832bffff, 8928d559d93ffff, 8928d558323ffff, 8928d558e5bffff, 8928d559d97ffff, 8928d55832fffff",0.11178183734284924,0.4709197645429758
93,17,118,1545327.6186440678,445362.10126951983,546.3441230111036,"8928d559cd7ffff, 8928d559cc7ffff, 8928d559c8bffff, 8928d559c93ffff, 8928d558267ffff, 8928d559cc3ffff, 8928d559c9bffff, 8928d5591a7ffff, 8928d55826fffff, 8928d559ccbffff, 8928d55822bffff, 8928d559137ffff, 8928d5591afffff, 8928d559cd3ffff, 8928d558263ffff, 8928d55826bffff, 8928d559cdbffff",0.03504416070223365,0.2006054837357379
94,16,130,1228611.3461538462,340003.0474002507,563.1329519290755,"8928d559c97ffff, 8928d55834bffff, 8928d559c8fffff, 8928d559cbbffff, 8928d559cb7ffff, 8928d55834fffff, 8928d55835bffff, 8928d558343ffff, 8928d559c87ffff, 8928d55822fffff, 8928d559c83ffff, 8928d558357ffff, 8928d559cb3ffff, 8928d55837bffff, 8928d558353ffff, 8928d558347ffff",0.03259641704832568,0.18892655402670877
95,21,117,1808967.170940171,596852.376054944,558.8423939014227,"8928d55800fffff, 8928d558047ffff, 8928d558397ffff, 8928d558077ffff, 8928d558383ffff, 8928d55802bffff, 8928d558393ffff, 8928d558063ffff, 8928d55804fffff, 8928d558043ffff, 8928d558067ffff, 8928d558387ffff, 8928d558023ffff, 8928d55804bffff, 8928d55802fffff, 8928d55807bffff, 8928d55805bffff, 8928d55803bffff, 8928d558007ffff, 8928d558073ffff, 8928d55839bffff",0.0729774608645464,0.423324641628713
96,16,197,684448.8020304568,195239.3242150402,279.6335510909754,"8928d5d9c53ffff, 8928d5d9e9bffff, 8928d5d9c57ffff, 8928d5d9123ffff, 8928d5d9107ffff, 8928d5d9147ffff, 8928d5d9c8fffff, 8928d5d9c07ffff, 8928d5d9c13ffff, 8928d5d9cc7ffff, 8928d5d9c8bffff, 8928d5d9c17ffff, 8928d5d9c03ffff, 8928d5d9cd7ffff, 8928d5d9173ffff, 8928d5d9cdbffff",0.026357913788531823,0.2532188773059644
97,21,256,899399.640625,272198.4514880278,397.17716927452324,"8928d553263ffff, 8928d55149bffff, 8928d55320fffff, 8928d551493ffff, 8928d553247ffff, 8928d55322bffff, 8928d5514dbffff, 8928d55323bffff, 8928d55320bffff, 8928d4249a3ffff, 8928d4249b3ffff, 8928d553277ffff, 8928d4249a7ffff, 8928d553267ffff, 8928d55326fffff, 8928d55326bffff, 8928d55327bffff, 8928d55324fffff, 8928d4249b7ffff, 8928d553273ffff, 8928d5514d3ffff",0.02737968982385198,0.20056946059950415
98,27,219,1002656.196347032,325869.6805596498,397.83249932858024,"8928d424dd7ffff, 8928d424d83ffff, 8928d424d8bffff, 8928d424d57ffff, 8928d424d8fffff, 8928d426b63ffff, 8928d424d87ffff, 8928d424db3ffff, 8928d424dbbffff, 8928d426b67ffff, 8928d424d07ffff, 8928d424d97ffff, 8928d424d13ffff, 8928d424d0bffff, 8928d424d9bffff, 8928d426b6fffff, 8928d55364bffff, 8928d424d17ffff, 8928d424d03ffff, 8928d426b23ffff, 8928d424d0fffff, 8928d424dc7ffff, 8928d424dc3ffff, 8928d424dabffff, 8928d424d1bffff, 8928d424dcfffff, 8928d55365bffff",0.03685820729979059,0.24224402220399216
99,23,114,850011.0614035088,257053.61283702354,384.29637301715843,"8928d424dd3ffff, 8928d426b0fffff, 8928d424cabffff, 8928d424ca3ffff, 8928d426b0bffff, 8928d424cbbffff, 8928d424c8fffff, 8928d424cb7ffff, 8928d426b03ffff, 8928d424ddbffff, 8928d424ca7ffff, 8928d426b47ffff, 8928d426b6bffff, 8928d426b13ffff, 8928d424cafffff, 8928d424c3bffff, 8928d424c87ffff, 8928d424cb3ffff, 8928d426b4bffff, 8928d426b17ffff, 8928d426b07ffff, 8928d424c07ffff, 8928d424c33ffff",0.032921472493375244,0.2421652646765947
100,25,213,725322.9107981221,213078.88044277855,392.6675575050734,"8928d5532d7ffff, 8928d553283ffff, 8928d553667ffff, 8928d55328fffff, 8928d553293ffff, 8928d55329bffff, 8928d553677ffff, 8928d5532bbffff, 8928d55367bffff, 8928d55328bffff, 8928d553217ffff, 8928d553663ffff, 8928d55364fffff, 8928d553647ffff, 8928d553287ffff, 8928d553297ffff, 8928d553673ffff, 8928d55362bffff, 8928d553213ffff, 8928d5532abffff, 8928d5532c7ffff, 8928d553203ffff, 8928d55366fffff, 8928d55321bffff, 8928d553207ffff",0.02268974111458876,0.19182846330640993
101,14,121,680006.305785124,176318.20393929147,359.9337670607394,"8928d553053ffff, 8928d5530cbffff, 8928d553057ffff, 8928d553627ffff, 8928d553043ffff, 8928d55302bffff, 8928d553063ffff, 8928d553073ffff, 8928d55300fffff, 8928d553047ffff, 8928d55303bffff, 8928d553077ffff, 8928d553067ffff, 8928d55300bffff",0.0287577285814792,0.18550108643258778
102,26,269,974310.2490706319,264432.7288882372,391.3870448018958,"8928d553257ffff, 8928d424987ffff, 8928d5532d3ffff, 8928d424da3ffff, 8928d424d37ffff, 8928d5532c3ffff, 8928d424db7ffff, 8928d424983ffff, 8928d424d3bffff, 8928d5532cfffff, 8928d424d2bffff, 8928d55325bffff, 8928d5532cbffff, 8928d424d33ffff, 8928d55324bffff, 8928d55366bffff, 8928d424da7ffff, 8928d424993ffff, 8928d5532dbffff, 8928d553243ffff, 8928d424d23ffff, 8928d424d27ffff, 8928d424dafffff, 8928d424d2fffff, 8928d553253ffff, 8928d424997ffff",0.03131260284572056,0.2619755898326809
103,26,279,1299228.8136200716,666589.3356064258,607.173284267063,"8928d5502cfffff, 8928d5502dbffff, 8928d5502cbffff, 8928d5515a3ffff, 8928d551527ffff, 8928d5502c3ffff, 8928d55024bffff, 8928d5515afffff, 8928d5502d3ffff, 8928d551517ffff, 8928d55025bffff, 8928d550253ffff, 8928d551507ffff, 8928d5502c7ffff, 8928d5515bbffff, 8928d551587ffff, 8928d551537ffff, 8928d550243ffff, 8928d55152fffff, 8928d5515b3ffff, 8928d5515abffff, 8928d55024fffff, 8928d5515a7ffff, 8928d5511b7ffff, 8928d551533ffff, 8928d5511b3ffff",0.0728328621849722,0.40251400762142
104,18,166,600432.421686747,159551.30836230516,422.40582934831,"8928d553383ffff, 8928d5533d7ffff, 8928d5533c7ffff, 8928d553313ffff, 8928d55338fffff, 8928d5533cfffff, 8928d553357ffff, 8928d55338bffff, 8928d5533c3ffff, 8928d553317ffff, 8928d553303ffff, 8928d553307ffff, 8928d55330bffff, 8928d55331bffff, 8928d55330fffff, 8928d5533d3ffff, 8928d55339bffff, 8928d55306fffff",0.03873182741309031,0.27147323807213036
105,20,69,956054.9275362319,474572.73108119506,452.83878123171587,"8928d4248b3ffff, 8928d424c37ffff, 8928d42488bffff, 8928d424813ffff, 8928d424d5bffff, 8928d424d4bffff, 8928d424803ffff, 8928d42488fffff, 8928d424897ffff, 8928d424887ffff, 8928d424d43ffff, 8928d424c2bffff, 8928d424893ffff, 8928d424c2fffff, 8928d4248bbffff, 8928d424883ffff, 8928d424c27ffff, 8928d424817ffff, 8928d42481bffff, 8928d424c23ffff",0.07350027189764156,0.37313136136584407
106,21,239,630097.2092050209,200507.88363755122,440.4299849878954,"8928d553227ffff, 8928d553353ffff, 8928d551497ffff, 8928d55335bffff, 8928d5533cbffff, 8928d551487ffff, 8928d553237ffff, 8928d553223ffff, 8928d551483ffff, 8928d551417ffff, 8928d55334bffff, 8928d553233ffff, 8928d5514abffff, 8928d55322fffff, 8928d553343ffff, 8928d5514a3ffff, 8928d55334fffff, 8928d5514b3ffff, 8928d5532afffff, 8928d5514bbffff, 8928d55148fffff",0.02684356587156945,0.19284368416554856
107,20,58,901931.7068965518,521061.84330163425,453.98928006198554,"8928d42499bffff, 8928d42482bffff, 8928d424d67ffff, 8928d424957ffff, 8928d424d7bffff, 8928d42498bffff, 8928d424d47ffff, 8928d424d63ffff, 8928d4249cbffff, 8928d424d73ffff, 8928d424d6bffff, 8928d424d77ffff, 8928d4249c7ffff, 8928d4249cfffff, 8928d4249d7ffff, 8928d424d6fffff, 8928d424827ffff, 8928d42491bffff, 8928d42483bffff, 8928d42497bffff",0.3177071368312858,1.1330896878887773
108,35,279,829343.5483870967,268735.96723732166,432.8735845693478,"8928d5515c7ffff, 8928d5515dbffff, 8928d5514afffff, 8928d5515d7ffff, 8928d55332fffff, 8928d55336fffff, 8928d55158fffff, 8928d5515cfffff, 8928d553367ffff, 8928d551593ffff, 8928d55158bffff, 8928d5515cbffff, 8928d551433ffff, 8928d551513ffff, 8928d551427ffff, 8928d551477ffff, 8928d551503ffff, 8928d55332bffff, 8928d55159bffff, 8928d551437ffff, 8928d551553ffff, 8928d55143bffff, 8928d551583ffff, 8928d553377ffff, 8928d55333bffff, 8928d55151bffff, 8928d551597ffff, 8928d5515c3ffff, 8928d55142bffff, 8928d55155bffff, 8928d5514a7ffff, 8928d551423ffff, 8928d55336bffff, 8928d55142fffff, 8928d5515d3ffff",0.03313017060988427,0.24217944957531679
109,29,180,982931.1388888889,378876.1834652254,417.02932138211474,"8928d4249afffff, 8928d551407ffff, 8928d55144bffff, 8928d42492bffff, 8928d424927ffff, 8928d551457ffff, 8928d42490fffff, 8928d551413ffff, 8928d551473ffff, 8928d551443ffff, 8928d551403ffff, 8928d55145bffff, 8928d551447ffff, 8928d551453ffff, 8928d55141bffff, 8928d5514cbffff, 8928d55140bffff, 8928d55140fffff, 8928d424907ffff, 8928d5514cfffff, 8928d55144fffff, 8928d5514c7ffff, 8928d5514c3ffff, 8928d424933ffff, 8928d55169bffff, 8928d424923ffff, 8928d4249abffff, 8928d424937ffff, 8928d55147bffff",0.05789560011399722,0.3544227700184212
110,11,18,1528111.111111111,376118.46373906196,619.4677127080566,"8928d55b2dbffff, 8928d55b66bffff, 8928d55b2c7ffff, 8928d55b64fffff, 8928d42cda7ffff, 8928d42cda3ffff, 8928d55b66fffff, 8928d55b2d7ffff, 8928d42cd2fffff, 8928d55b25bffff, 8928d42cd23ffff",0.08545454037479029,0.3554797517036913
111,85,1222,1440909.1538461538,695481.0874147523,748.1519684591965,"8928d5474afffff, 8928d555b5bffff, 8928d5474c7ffff, 8928d547407ffff, 8928d547437ffff, 8928d547427ffff, 8928d555a23ffff, 8928d555a67ffff, 8928d547403ffff, 8928d5474b7ffff, 8928d555a2bffff, 8928d547487ffff, 8928d555b7bffff, 8928d5475dbffff, 8928d54755bffff, 8928d5475d3ffff, 8928d555a33ffff, 8928d547093ffff, 8928d555b43ffff, 8928d5474a7ffff, 8928d54741bffff, 8928d555b47ffff, 8928d555b57ffff, 8928d555a27ffff, 8928d5475d7ffff, 8928d555a77ffff, 8928d54742fffff, 8928d547473ffff, 8928d54740bffff, 8928d555b6bffff, 8928d555a6fffff, 8928d5474abffff, 8928d555b4bffff, 8928d5475cbffff, 8928d54754bffff, 8928d54748fffff, 8928d547477ffff, 8928d547413ffff, 8928d54742bffff, 8928d547493ffff, 8928d555b4fffff, 8928d555b6fffff, 8928d547497ffff, 8928d555b53ffff, 8928d555b67ffff, 8928d547433ffff, 8928d547097ffff, 8928d54743bffff, 8928d555b77ffff, 8928d555bcbffff, 8928d5475c3ffff, 8928d5474d7ffff, 8928d5474a3ffff, 8928d555b73ffff, 8928d547417ffff, 8928d555a3bffff, 8928d555b63ffff, 8928d5475c7ffff, 8928d5474cfffff, 8928d547083ffff, 8928d5474bbffff, 8928d5470b3ffff, 8928d555a2fffff, 8928d54748bffff, 8928d5474b3ffff, 8928d547423ffff, 8928d54758bffff, 8928d54749bffff, 8928d547087ffff, 8928d54759bffff, 8928d555b0fffff, 8928d547467ffff, 8928d547483ffff, 8928d555b0bffff, 8928d547513ffff, 8928d5475cfffff, 8928d547443ffff, 8928d555a0fffff, 8928d547457ffff, 8928d555a63ffff, 8928d547453ffff, 8928d54751bffff, 8928d54750bffff, 8928d547573ffff, 8928d555a37ffff",0.0116872027603503,0.18281029039325933
112,58,105,799602.8285714285,282579.6705711913,379.73392592478604,"8928d432d4fffff, 8928d432a37ffff, 8928d432b5bffff, 8928d430d83ffff, 8928d4ada53ffff, 8928d432a2fffff, 8928d4376c3ffff, 8928d43294bffff, 8928d43297bffff, 8928d4adacfffff, 8928d43290bffff, 8928d43290fffff, 8928d43749bffff, 8928d432a27ffff, 8928d432c27ffff, 8928d4328a3ffff, 8928d432963ffff, 8928d43296fffff, 8928d4328a7ffff, 8928d437693ffff, 8928d43296bffff, 8928d4376d3ffff, 8928d430d5bffff, 8928d4374cbffff, 8928d4328afffff, 8928d4328abffff, 8928d4ada1bffff, 8928d4ada03ffff, 8928d4ada63ffff, 8928d432907ffff, 8928d432b67ffff, 8928d4329cfffff, 8928d432837ffff, 8928d43769bffff, 8928d430d8fffff, 8928d430d13ffff, 8928d430d9bffff, 8928d4ada6fffff, 8928d43282bffff, 8928d4ada57ffff, 8928d432b0bffff, 8928d4ada7bffff, 8928d4329dbffff, 8928d437417ffff, 8928d432dc3ffff, 8928d4ada67ffff, 8928d4ada0bffff, 8928d432823ffff, 8928d432b9bffff, 8928d432887ffff, 8928d432c13ffff, 8928d430d97ffff, 8928d43761bffff, 8928d43294fffff, 8928d432b2fffff, 8928d432b53ffff, 8928d43765bffff, 8928d437487ffff",0.08590379318988076,0.49547821291404653
113,18,99,561494.6767676767,195621.39503482298,328.2167049399719,"8928d4346cbffff, 8928d434657ffff, 8928d4346cfffff, 8928d434603ffff, 8928d43460bffff, 8928d434653ffff, 8928d434613ffff, 8928d434607ffff, 8928d434617ffff, 8928d434643ffff, 8928d434647ffff, 8928d434673ffff, 8928d43461bffff, 8928d43464fffff, 8928d4346dbffff, 8928d4346c7ffff, 8928d435597ffff, 8928d4346c3ffff",0.07224517300600779,0.4077644644406416
114,14,224,1261885.8392857143,477760.12861854443,751.7347032488506,"8928d542903ffff, 8928d54290fffff, 8928d54291bffff, 8928d542977ffff, 8928d542973ffff, 8928d54296fffff, 8928d542957ffff, 8928d54290bffff, 8928d54297bffff, 8928d542947ffff, 8928d542943ffff, 8928d54294fffff, 8928d542963ffff, 8928d54296bffff",0.04616611669693484,0.33196628330568995
115,14,148,1938057.7635135136,1197334.80295272,873.3261889483413,"8928d54299bffff, 8928d542d6fffff, 8928d542d2bffff, 8928d542d2fffff, 8928d5429d7ffff, 8928d5429d3ffff, 8928d542d3bffff, 8928d542d77ffff, 8928d542d6bffff, 8928d542d23ffff, 8928d542d63ffff, 8928d542d67ffff, 8928d542993ffff, 8928d542d0fffff",0.18204123345027676,0.6775549184352855
116,13,244,1321690.9549180327,519450.2848026866,788.7020908704598,"8928d540d1bffff, 8928d540dd7ffff, 8928d540dcbffff, 8928d540ddbffff, 8928d540dcfffff, 8928d540d8bffff, 8928d540dc3ffff, 8928d540dc7ffff, 8928d540d8fffff, 8928d540d13ffff, 8928d540c37ffff, 8928d540d03ffff, 8928d540dd3ffff",0.08788386895009179,0.4236844562140327
117,16,363,1011992.4628099174,313460.11459201516,685.8840615865297,"8928d540d9bffff, 8928d542b23ffff, 8928d540d83ffff, 8928d54765bffff, 8928d5476cbffff, 8928d542b2fffff, 8928d542b37ffff, 8928d547653ffff, 8928d542b27ffff, 8928d547643ffff, 8928d542b2bffff, 8928d547647ffff, 8928d547657ffff, 8928d540d93ffff, 8928d540d97ffff, 8928d542b67ffff",0.014975027272467715,0.17289183545769263
118,19,362,1210145.632596685,473397.6257419919,773.3152974492475,"8928d542b33ffff, 8928d542b0bffff, 8928d542b1bffff, 8928d542b07ffff, 8928d542b13ffff, 8928d542bb3ffff, 8928d542b77ffff, 8928d542b73ffff, 8928d542b57ffff, 8928d542b8fffff, 8928d542bbbffff, 8928d542b47ffff, 8928d542babffff, 8928d542b17ffff, 8928d542b0fffff, 8928d542ba3ffff, 8928d542b3bffff, 8928d542b03ffff, 8928d542b8bffff",0.039584464963164,0.2673475324094643
119,14,239,1374224.7866108788,572687.0324464767,787.3118992598485,"8928d54292fffff, 8928d542927ffff, 8928d54745bffff, 8928d547693ffff, 8928d542937ffff, 8928d54744bffff, 8928d542923ffff, 8928d5429afffff, 8928d542933ffff, 8928d547697ffff, 8928d54293bffff, 8928d5429abffff, 8928d542907ffff, 8928d54292bffff",0.06254651246153112,0.4087906326928353
120,6,93,1589264.4193548388,967672.9104651047,789.2654203577795,"8928d5428b7ffff, 8928d542d4fffff, 8928d542d47ffff, 8928d542d4bffff, 8928d5428b3ffff, 8928d542d7bffff",0.15738061166579415,0.625200639956129
121,16,211,1081325.2511848342,404582.52175615204,662.8296815134906,"8928d540cbbffff, 8928d542b4fffff, 8928d540ca3ffff, 8928d540cb7ffff, 8928d542b7bffff, 8928d540cafffff, 8928d542b6bffff, 8928d540cb3ffff, 8928d542b6fffff, 8928d542b63ffff, 8928d540c33ffff, 8928d542b43ffff, 8928d540ca7ffff, 8928d540cabffff, 8928d542b5bffff, 8928d542b4bffff",0.06093113880863069,0.3705883956175371
122,14,224,1497326.78125,565864.5813504587,721.7046961605975,"8928d5428a3ffff, 8928d542823ffff, 8928d5429cfffff, 8928d542837ffff, 8928d5428a7ffff, 8928d5429cbffff, 8928d5429c3ffff, 8928d5429c7ffff, 8928d542953ffff, 8928d542827ffff, 8928d5429dbffff, 8928d542833ffff, 8928d5428afffff, 8928d5428abffff",0.03958991334508852,0.3130993129153132
123,14,293,1505050.9488054607,653912.7987927571,837.7752363829322,"8928d54298fffff, 8928d542987ffff, 8928d542913ffff, 8928d5429bbffff, 8928d555a4bffff, 8928d542983ffff, 8928d542917ffff, 8928d5429a7ffff, 8928d54298bffff, 8928d5429b3ffff, 8928d5429a3ffff, 8928d542997ffff, 8928d555a5bffff, 8928d5429b7ffff",0.06454805050134638,0.46195306980261425
124,11,232,1044222.8189655172,306748.34095882747,715.8346756514692,"8928d542bafffff, 8928d5476c7ffff, 8928d5476d3ffff, 8928d5476c3ffff, 8928d542ba7ffff, 8928d5476cfffff, 8928d54768bffff, 8928d5476dbffff, 8928d54761bffff, 8928d547613ffff, 8928d5476d7ffff",0.023856092835608224,0.2871138168501362
125,12,13,1288730.7692307692,401221.2422181814,430.8854204925702,"8928d096367ffff, 8928d0944a7ffff, 8928d09451bffff, 8928d09458fffff, 8928d09458bffff, 8928d09637bffff, 8928d096343ffff, 8928d094417ffff, 8928d09450fffff, 8928d09634fffff, 8928d09635bffff, 8928d09622fffff",0.20913438631018347,0.7852807337407669
126,61,236,874861.7457627119,484087.1946340408,493.90124812341105,"8928d42a12bffff, 8928d42ac87ffff, 8928d42a133ffff, 8928d42a163ffff, 8928d42a16bffff, 8928d42a3b7ffff, 8928d42a117ffff, 8928d42132fffff, 8928d421357ffff, 8928d42137bffff, 8928d421343ffff, 8928d42aecfffff, 8928d42130bffff, 8928d421377ffff, 8928d421363ffff, 8928d421347ffff, 8928d42aedbffff, 8928d421323ffff, 8928d42133bffff, 8928d421367ffff, 8928d42ad93ffff, 8928d42130fffff, 8928d42ac3bffff, 8928d42132bffff, 8928d421303ffff, 8928d421373ffff, 8928d42ac9bffff, 8928d42acdbffff, 8928d42ac03ffff, 8928d42134fffff, 8928d42126bffff, 8928d42acafffff, 8928d42ac07ffff, 8928d42ac33ffff, 8928d42ac13ffff, 8928d42122bffff, 8928d421e5bffff, 8928d42a3a7ffff, 8928d42ac17ffff, 8928d42ad9bffff, 8928d42a123ffff, 8928d42adc7ffff, 8928d42a14fffff, 8928d42a17bffff, 8928d42ad8bffff, 8928d42aec7ffff, 8928d42aca7ffff, 8928d42add7ffff, 8928d42136fffff, 8928d42ae17ffff, 8928d42ad13ffff, 8928d42a177ffff, 8928d42ad97ffff, 8928d42ae13ffff, 8928d42acbbffff, 8928d42add3ffff, 8928d42adc3ffff, 8928d42aed7ffff, 8928d42aca3ffff, 8928d421267ffff, 8928d42ac37ffff",0.0642795921607132,0.35853389785160183
127,27,133,1303556.082706767,499592.24028348795,750.9757356902152,"8928d541a93ffff, 8928d541ac7ffff, 8928d541a57ffff, 8928d541e63ffff, 8928d541e47ffff, 8928d541e77ffff, 8928d541e73ffff, 8928d541e67ffff, 8928d541e7bffff, 8928d541e4bffff, 8928d541a13ffff, 8928d541a8bffff, 8928d541e6fffff, 8928d541e4fffff, 8928d541e2bffff, 8928d541ad3ffff, 8928d54adb3ffff, 8928d541ad7ffff, 8928d541a83ffff, 8928d541a9bffff, 8928d541e43ffff, 8928d541e6bffff, 8928d541a8fffff, 8928d541a1bffff, 8928d541acfffff, 8928d54adb7ffff, 8928d54ada7ffff",0.06770636997381078,0.3813446746926255
128,24,204,1446858.9950980393,525609.5807922669,742.5746808328248,"8928d54add3ffff, 8928d541377ffff, 8928d54130bffff, 8928d541373ffff, 8928d541367ffff, 8928d54ad93ffff, 8928d541307ffff, 8928d54132bffff, 8928d54130fffff, 8928d541363ffff, 8928d54136bffff, 8928d541303ffff, 8928d54136fffff, 8928d54addbffff, 8928d54adcbffff, 8928d54add7ffff, 8928d54ad8bffff, 8928d54ad9bffff, 8928d54ac37ffff, 8928d54ad53ffff, 8928d54acb7ffff, 8928d54ac27ffff, 8928d54aca7ffff, 8928d54133bffff",0.04004332777244762,0.2587046791831058
129,19,109,2203173.853211009,1298255.993977657,1040.0012754307418,"8928d5411d7ffff, 8928d541113ffff, 8928d541153ffff, 8928d54118fffff, 8928d5411cbffff, 8928d541037ffff, 8928d54118bffff, 8928d54111bffff, 8928d541117ffff, 8928d5411c3ffff, 8928d5411c7ffff, 8928d541157ffff, 8928d5411d3ffff, 8928d5411dbffff, 8928d541027ffff, 8928d541187ffff, 8928d5411cfffff, 8928d54110bffff, 8928d5411bbffff",0.07693899871700877,0.3853572509850878
130,19,185,1780971.1513513513,705059.1845351123,1000.1841532081073,"8928d54132fffff, 8928d541337ffff, 8928d5413a7ffff, 8928d5413b7ffff, 8928d541ed3ffff, 8928d5413b3ffff, 8928d54114fffff, 8928d5413abffff, 8928d54116bffff, 8928d54117bffff, 8928d541327ffff, 8928d5413a3ffff, 8928d5413afffff, 8928d541edbffff, 8928d541ecbffff, 8928d541ec3ffff, 8928d541e53ffff, 8928d541333ffff, 8928d541323ffff",0.07434923172177359,0.3708518904401349
131,23,167,1432062.1616766467,485150.2690779785,751.8362930372294,"8928d54166bffff, 8928d541623ffff, 8928d541663ffff, 8928d541287ffff, 8928d5412bbffff, 8928d54166fffff, 8928d54129bffff, 8928d541217ffff, 8928d541297ffff, 8928d541627ffff, 8928d541283ffff, 8928d541207ffff, 8928d541293ffff, 8928d54105bffff, 8928d541677ffff, 8928d54128fffff, 8928d54162bffff, 8928d54128bffff, 8928d54162fffff, 8928d541667ffff, 8928d5412abffff, 8928d5412d7ffff, 8928d5412d3ffff",0.05129929719847962,0.3224375605590437
132,29,218,1616882.1376146788,616942.1032535747,851.6755750235674,"8928d541343ffff, 8928d54139bffff, 8928d5413cfffff, 8928d54102bffff, 8928d541357ffff, 8928d5413d7ffff, 8928d54135bffff, 8928d54138fffff, 8928d5413d3ffff, 8928d541347ffff, 8928d541313ffff, 8928d541067ffff, 8928d54138bffff, 8928d54134fffff, 8928d54102fffff, 8928d541383ffff, 8928d54131bffff, 8928d5413dbffff, 8928d54134bffff, 8928d541237ffff, 8928d5413c7ffff, 8928d5413cbffff, 8928d541317ffff, 8928d541223ffff, 8928d5412afffff, 8928d541227ffff, 8928d541353ffff, 8928d541393ffff, 8928d5413c3ffff",0.08167149703345794,0.4219709364735586
133,11,109,1321770.0275229358,551690.0318036174,679.6122965726855,"8928d54106bffff, 8928d541063ffff, 8928d54104fffff, 8928d541073ffff, 8928d54107bffff, 8928d5412b7ffff, 8928d5412a3ffff, 8928d54104bffff, 8928d5412a7ffff, 8928d541043ffff, 8928d541047ffff",0.07022496525575324,0.4083526942516563
134,26,144,1603763.75,595521.3475849275,661.1012746203845,"8928d5416dbffff, 8928d558b83ffff, 8928d558b23ffff, 8928d558bd7ffff, 8928d558b13ffff, 8928d558ba7ffff, 8928d5416cfffff, 8928d5416c3ffff, 8928d558bafffff, 8928d558bc7ffff, 8928d558b03ffff, 8928d558bbbffff, 8928d558ba3ffff, 8928d558b8fffff, 8928d558b37ffff, 8928d558babffff, 8928d558b27ffff, 8928d558b8bffff, 8928d558b07ffff, 8928d5416cbffff, 8928d558b33ffff, 8928d558bb3ffff, 8928d558b17ffff, 8928d558b9bffff, 8928d558b87ffff, 8928d558b3bffff",0.06650632839139908,0.3287432753007431
135,12,78,1782765.2435897435,673863.6972947485,821.2398892304869,"8928d541e1bffff, 8928d541e0fffff, 8928d541e07ffff, 8928d541e3bffff, 8928d541e13ffff, 8928d541eabffff, 8928d541e33ffff, 8928d541ecfffff, 8928d541e03ffff, 8928d541e0bffff, 8928d541ec7ffff, 8928d541e57ffff",0.11743883203478099,0.5881600451906982
136,17,115,1434425.1217391305,535531.0636065386,637.9214035501868,"8928d541643ffff, 8928d541647ffff, 8928d541603ffff, 8928d541607ffff, 8928d54163bffff, 8928d541673ffff, 8928d54167bffff, 8928d541617ffff, 8928d541633ffff, 8928d54165bffff, 8928d541657ffff, 8928d54160fffff, 8928d541653ffff, 8928d54164bffff, 8928d5416abffff, 8928d54160bffff, 8928d54164fffff",0.04865485442479047,0.33557256571452954
137,28,219,1760301.4018264841,672634.9557086457,912.3787401768445,"8928d541057ffff, 8928d541077ffff, 8928d541097ffff, 8928d5410abffff, 8928d541007ffff, 8928d541033ffff, 8928d5410afffff, 8928d541017ffff, 8928d54103bffff, 8928d54100fffff, 8928d541003ffff, 8928d54101bffff, 8928d5410cbffff, 8928d541013ffff, 8928d54108bffff, 8928d541087ffff, 8928d54108fffff, 8928d541083ffff, 8928d54100bffff, 8928d5410d3ffff, 8928d5410dbffff, 8928d5410bbffff, 8928d541093ffff, 8928d541053ffff, 8928d5410c3ffff, 8928d5410cfffff, 8928d5410d7ffff, 8928d541467ffff",0.08239084227319746,0.4003235489585769
138,20,179,2515334.9162011174,1091700.2398091222,1269.6480082438377,"8928d541193ffff, 8928d541577ffff, 8928d54156bffff, 8928d541563ffff, 8928d541183ffff, 8928d54152fffff, 8928d541547ffff, 8928d541573ffff, 8928d54152bffff, 8928d54157bffff, 8928d541197ffff, 8928d54153bffff, 8928d541543ffff, 8928d541523ffff, 8928d541567ffff, 8928d5410a3ffff, 8928d5410b7ffff, 8928d5410a7ffff, 8928d54154fffff, 8928d5410b3ffff",0.09707109789344014,0.5394378311019671
139,34,406,2723577.199507389,1402215.3024431383,1618.7490601343418,"8928d541137ffff, 8928d54113bffff, 8928d541c43ffff, 8928d541167ffff, 8928d541ea3ffff, 8928d541e93ffff, 8928d541eb3ffff, 8928d541c4bffff, 8928d541e97ffff, 8928d54116fffff, 8928d541123ffff, 8928d54112fffff, 8928d541c5bffff, 8928d541163ffff, 8928d54112bffff, 8928d541eb7ffff, 8928d541133ffff, 8928d541127ffff, 8928d541e83ffff, 8928d541177ffff, 8928d541c4fffff, 8928d541ebbffff, 8928d541ea7ffff, 8928d541e9bffff, 8928d541173ffff, 8928d541e8fffff, 8928d541c53ffff, 8928d541e87ffff, 8928d54110fffff, 8928d541e8bffff, 8928d541cdbffff, 8928d541ed7ffff, 8928d541ccbffff, 8928d5411afffff",0.04374835438075229,0.3105417138890059
140,26,200,1078220.14,311467.6958312698,489.9193587929759,"8928d548d33ffff, 8928d54f2dbffff, 8928d54f24bffff, 8928d54f2c3ffff, 8928d5489b3ffff, 8928d548da7ffff, 8928d54f25bffff, 8928d54f24fffff, 8928d54f243ffff, 8928d548dafffff, 8928d54f27bffff, 8928d548d23ffff, 8928d548d37ffff, 8928d548d27ffff, 8928d54f2d3ffff, 8928d54f2cbffff, 8928d54f247ffff, 8928d54f253ffff, 8928d548983ffff, 8928d54f257ffff, 8928d54f273ffff, 8928d548d2fffff, 8928d548997ffff, 8928d5489b7ffff, 8928d548987ffff, 8928d54f263ffff",0.02141860579322996,0.19276215019541726
141,46,247,849075.085020243,267664.07008272863,420.88228923507364,"8928d0962b7ffff, 8928d0963a3ffff, 8928d0963b7ffff, 8928d0963b3ffff, 8928d096147ffff, 8928d0960b3ffff, 8928d096327ffff, 8928d096387ffff, 8928d09614fffff, 8928d09616fffff, 8928d0963afffff, 8928d0963bbffff, 8928d0963abffff, 8928d096383ffff, 8928d09617bffff, 8928d096e53ffff, 8928d0963d7ffff, 8928d09614bffff, 8928d09616bffff, 8928d096337ffff, 8928d096317ffff, 8928d09638fffff, 8928d0963a7ffff, 8928d096397ffff, 8928d096ecbffff, 8928d096617ffff, 8928d0960cbffff, 8928d0960c7ffff, 8928d096ed3ffff, 8928d09668fffff, 8928d0960a7ffff, 8928d0963c7ffff, 8928d0961c7ffff, 8928d0960b7ffff, 8928d096307ffff, 8928d09638bffff, 8928d0966a7ffff, 8928d0960cfffff, 8928d096613ffff, 8928d09608fffff, 8928d09639bffff, 8928d096043ffff, 8928d096333ffff, 8928d096303ffff, 8928d096ec3ffff, 8928d0961c3ffff",0.036145351147859626,0.25445350401565114
142,20,113,1209776.7699115044,405502.0774544519,490.4310405295013,"8928d54ab67ffff, 8928d54ab4fffff, 8928d548cb7ffff, 8928d548dc3ffff, 8928d548ddbffff, 8928d548dc7ffff, 8928d54ab47ffff, 8928d548dd3ffff, 8928d548cafffff, 8928d548d1bffff, 8928d54ab63ffff, 8928d548dcbffff, 8928d548c37ffff, 8928d548dd7ffff, 8928d54ab6fffff, 8928d548ca7ffff, 8928d54ab73ffff, 8928d548d9bffff, 8928d548dcfffff, 8928d54ab7bffff",0.08961884443759999,0.42378831331585987
143,13,42,1085427.380952381,435748.5713172739,541.3851140398593,"8928d5480cfffff, 8928d5480abffff, 8928d54801bffff, 8928d548003ffff, 8928d548023ffff, 8928d54803bffff, 8928d54802bffff, 8928d548073ffff, 8928d548007ffff, 8928d548033ffff, 8928d548077ffff, 8928d54800fffff, 8928d5480c7ffff",0.14083949112733518,0.5014163442083629
144,23,60,2074508.1666666667,1109241.2369580865,733.8581246960076,"8928d548c47ffff, 8928d548c1bffff, 8928d548c8bffff, 8928d548cc7ffff, 8928d548c07ffff, 8928d548c93ffff, 8928d548c17ffff, 8928d548c87ffff, 8928d548ccfffff, 8928d548c0bffff, 8928d548cb3ffff, 8928d54ab4bffff, 8928d548cabffff, 8928d548c97ffff, 8928d548c73ffff, 8928d548c57ffff, 8928d548c13ffff, 8928d548c0fffff, 8928d548c9bffff, 8928d548c8fffff, 8928d548c83ffff, 8928d548cbbffff, 8928d548c03ffff",0.2587790574232576,0.781032954363956
145,24,65,1216193.7692307692,330277.41603370424,460.8671954687268,"8928d548e13ffff, 8928d548e0fffff, 8928d548e77ffff, 8928d548eb7ffff, 8928d548ec7ffff, 8928d548c4bffff, 8928d548ea7ffff, 8928d548e3bffff, 8928d548e03ffff, 8928d548e17ffff, 8928d548ea3ffff, 8928d548e33ffff, 8928d548e1bffff, 8928d548e2fffff, 8928d548e87ffff, 8928d548e73ffff, 8928d548e0bffff, 8928d548eabffff, 8928d548e23ffff, 8928d548e07ffff, 8928d548c4fffff, 8928d548e37ffff, 8928d548eafffff, 8928d548c5bffff",0.057489603083687314,0.31973003542176615
146,18,35,1348892.2285714287,365711.16774503,483.7102135362743,"8928d549db7ffff, 8928d549d97ffff, 8928d549d87ffff, 8928d548e6fffff, 8928d549db3ffff, 8928d549da7ffff, 8928d548e67ffff, 8928d549d83ffff, 8928d548e57ffff, 8928d548e6bffff, 8928d548e47ffff, 8928d548e7bffff, 8928d548e4bffff, 8928d549da3ffff, 8928d548e43ffff, 8928d548e63ffff, 8928d548e4fffff, 8928d549dbbffff",0.04109032978008624,0.1513875458878518
147,21,43,1605900.558139535,658429.2719501148,492.29455793197064,"8928d548437ffff, 8928d54854bffff, 8928d5480a3ffff, 8928d5481d3ffff, 8928d54842fffff, 8928d5480bbffff, 8928d5480a7ffff, 8928d548543ffff, 8928d548553ffff, 8928d548087ffff, 8928d548097ffff, 8928d548557ffff, 8928d54808fffff, 8928d548423ffff, 8928d54854fffff, 8928d5480b3ffff, 8928d54856bffff, 8928d5480b7ffff, 8928d548547ffff, 8928d54855bffff, 8928d5485cbffff",0.1209595522531898,0.5445345884671597
148,20,83,1046889.4578313254,369663.0711773524,506.25476438745096,"8928d548cd7ffff, 8928d5481abffff, 8928d5481b3ffff, 8928d548cc3ffff, 8928d54aa4fffff, 8928d5481b7ffff, 8928d5481afffff, 8928d548ccbffff, 8928d54aa6bffff, 8928d5481a3ffff, 8928d548117ffff, 8928d54818fffff, 8928d548137ffff, 8928d5481bbffff, 8928d5481a7ffff, 8928d548cdbffff, 8928d548187ffff, 8928d548cd3ffff, 8928d548133ffff, 8928d548127ffff",0.07382260138227542,0.3737403227741403
149,24,51,2180731.1764705884,1018601.9681409303,707.4441774674807,"8928d54aa73ffff, 8928d54aaabffff, 8928d54abdbffff, 8928d54abc3ffff, 8928d54aaa7ffff, 8928d54aa07ffff, 8928d54aa43ffff, 8928d54aa77ffff, 8928d54aa53ffff, 8928d54aa27ffff, 8928d54aa63ffff, 8928d54abcbffff, 8928d54aaa3ffff, 8928d54ab53ffff, 8928d54aa47ffff, 8928d54aaafffff, 8928d54aa37ffff, 8928d54aa2bffff, 8928d54ab5bffff, 8928d54aa0fffff, 8928d54aa2fffff, 8928d54aa23ffff, 8928d54aa0bffff, 8928d54aa3bffff",0.10353408698993348,0.47333660821068546
150,22,74,1309154.445945946,658630.7388901643,504.49535317537084,"8928d5488afffff, 8928d548d0bffff, 8928d548d47ffff, 8928d5488abffff, 8928d548d7bffff, 8928d548d57ffff, 8928d5489d3ffff, 8928d5489dbffff, 8928d548d43ffff, 8928d5488a3ffff, 8928d548897ffff, 8928d5488b7ffff, 8928d548d4bffff, 8928d5488b3ffff, 8928d5488a7ffff, 8928d548887ffff, 8928d548d53ffff, 8928d548d4fffff, 8928d548d5bffff, 8928d548d0fffff, 8928d548d73ffff, 8928d548837ffff",0.15506387259325122,0.6561880868450891
151,20,101,1047911.8811881188,311481.6041282735,526.4630972731906,"8928d548153ffff, 8928d54815bffff, 8928d54818bffff, 8928d548113ffff, 8928d548147ffff, 8928d5481c7ffff, 8928d5481cbffff, 8928d54802fffff, 8928d548397ffff, 8928d54811bffff, 8928d5481dbffff, 8928d5481d7ffff, 8928d54814bffff, 8928d54819bffff, 8928d54810bffff, 8928d548027ffff, 8928d548157ffff, 8928d5481cfffff, 8928d548143ffff, 8928d548037ffff",0.06466708580881202,0.3661926037715279
152,10,31,1301214.5161290322,398520.8120184724,443.5601570790697,"8928d54832bffff, 8928d548367ffff, 8928d549d9bffff, 8928d54832fffff, 8928d548363ffff, 8928d549d93ffff, 8928d548377ffff, 8928d548323ffff, 8928d54833bffff, 8928d54836fffff",0.1135751484132923,0.4892005092510727
153,22,99,967783.696969697,319014.92757437215,509.91864389556923,"8928d5483b7ffff, 8928d548317ffff, 8928d5483abffff, 8928d54838fffff, 8928d548383ffff, 8928d548387ffff, 8928d54831bffff, 8928d54806fffff, 8928d548067ffff, 8928d54814fffff, 8928d5483afffff, 8928d54838bffff, 8928d548307ffff, 8928d5483b3ffff, 8928d5483bbffff, 8928d548393ffff, 8928d54839bffff, 8928d548313ffff, 8928d548333ffff, 8928d5483c7ffff, 8928d5483d7ffff, 8928d5483a3ffff",0.09689684567491731,0.45548548207300893
154,17,62,1781108.5483870967,833086.059667417,813.9856833994255,"8928d548883ffff, 8928d548813ffff, 8928d548c67ffff, 8928d548c33ffff, 8928d5488d3ffff, 8928d548c2fffff, 8928d548817ffff, 8928d548c2bffff, 8928d548c63ffff, 8928d548c6fffff, 8928d54888fffff, 8928d548c3bffff, 8928d548c23ffff, 8928d54889bffff, 8928d548893ffff, 8928d54888bffff, 8928d548c6bffff",0.1464544981007806,0.7337362571824102
155,12,35,1248367.0571428572,619311.4960046216,555.8635474339384,"8928d548ed7ffff, 8928d548edbffff, 8928d548ed3ffff, 8928d548e9bffff, 8928d548ecbffff, 8928d548e53ffff, 8928d54816fffff, 8928d548167ffff, 8928d548177ffff, 8928d548327ffff, 8928d548ec3ffff, 8928d548163ffff",0.13789275964316874,0.5997937648020912
156,7,16,1684368.75,815381.6236268987,608.4549043695713,"8928d5488cfffff, 8928d54881bffff, 8928d548857ffff, 8928d548843ffff, 8928d548853ffff, 8928d5488cbffff, 8928d5488c3ffff",0.2775054228884248,0.6705914249180073
157,122,549,1931771.8087431693,1014425.4676286011,690.1582505963279,"8928d55855bffff, 8928d558507ffff, 8928d558093ffff, 8928d5581cfffff, 8928d55849bffff, 8928d5586a7ffff, 8928d55850fffff, 8928d558513ffff, 8928d558503ffff, 8928d558623ffff, 8928d5586b3ffff, 8928d558403ffff, 8928d55819bffff, 8928d5585c7ffff, 8928d5581d7ffff, 8928d558157ffff, 8928d558083ffff, 8928d5584b7ffff, 8928d5586afffff, 8928d5580cbffff, 8928d55847bffff, 8928d558543ffff, 8928d5585c3ffff, 8928d55856bffff, 8928d55851bffff, 8928d558017ffff, 8928d558473ffff, 8928d5580cfffff, 8928d55846fffff, 8928d55856fffff, 8928d55b13bffff, 8928d558453ffff, 8928d5586abffff, 8928d5580dbffff, 8928d558637ffff, 8928d558457ffff, 8928d55848fffff, 8928d55809bffff, 8928d5580b3ffff, 8928d558547ffff, 8928d55842fffff, 8928d558423ffff, 8928d558677ffff, 8928d558573ffff, 8928d558443ffff, 8928d5585cfffff, 8928d558557ffff, 8928d55850bffff, 8928d558483ffff, 8928d558413ffff, 8928d5580b7ffff, 8928d55841bffff, 8928d55b12bffff, 8928d558697ffff, 8928d5581cbffff, 8928d558097ffff, 8928d5584b3ffff, 8928d55842bffff, 8928d5580c7ffff, 8928d55b123ffff, 8928d5586b7ffff, 8928d55854bffff, 8928d55801bffff, 8928d55854fffff, 8928d5584c7ffff, 8928d5584cfffff, 8928d55844fffff, 8928d558013ffff, 8928d5586bbffff, 8928d55852bffff, 8928d5584abffff, 8928d55860fffff, 8928d558427ffff, 8928d558497ffff, 8928d558087ffff, 8928d55860bffff, 8928d558447ffff, 8928d55857bffff, 8928d5580d7ffff, 8928d558477ffff, 8928d558663ffff, 8928d558577ffff, 8928d558057ffff, 8928d55840fffff, 8928d558417ffff, 8928d55840bffff, 8928d55853bffff, 8928d5585cbffff, 8928d5585d3ffff, 8928d558633ffff, 8928d5580c3ffff, 8928d55b127ffff, 8928d5584a3ffff, 8928d558567ffff, 8928d558687ffff, 8928d55a34bffff, 8928d558607ffff, 8928d558563ffff, 8928d5580a3ffff, 8928d558673ffff, 8928d558467ffff, 8928d55808fffff, 8928d55844bffff, 8928d5581c3ffff, 8928d55862fffff, 8928d5584cbffff, 8928d5581dbffff, 8928d558407ffff, 8928d55863bffff, 8928d55862bffff, 8928d558437ffff, 8928d55845bffff, 8928d5584a7ffff, 8928d55808bffff, 8928d558603ffff, 8928d558627ffff, 8928d558487ffff, 8928d55b12fffff, 8928d558493ffff, 8928d558463ffff, 8928d5581d3ffff, 8928d558143ffff",0.04698651001536861,0.2711347743610738
158,3,6,845300.0,289536.9866988787,544.8153890685944,"8928d42f0c7ffff, 8928d42f0abffff, 8928d42f007ffff",0.17053554300206883,0.47506443200933046
159,8,36,716059.0277777778,292430.9684776037,463.46866707305276,"8928d42a89bffff, 8928d42ac67ffff, 8928d42a8d7ffff, 8928d42ac6fffff, 8928d42a8c3ffff, 8928d42ac63ffff, 8928d42a8d3ffff, 8928d42ac6bffff",0.12055425827669847,0.4488569918914946
160,7,14,1226744.357142857,455737.9723587428,533.8132203624481,"8928d4289a3ffff, 8928d428913ffff, 8928d4289abffff, 8928d4289c7ffff, 8928d42898fffff, 8928d42898bffff, 8928d42f253ffff",0.23922239253571656,0.7644659135387432
161,17,82,700833.5243902439,215141.86934021144,482.620794875333,"8928d42ad4bffff, 8928d42a813ffff, 8928d42a833ffff, 8928d42a88fffff, 8928d42a8c7ffff, 8928d42a817ffff, 8928d42a88bffff, 8928d42a8abffff, 8928d42a887ffff, 8928d42a883ffff, 8928d42a803ffff, 8928d42a897ffff, 8928d42ad5bffff, 8928d42a81bffff, 8928d42a8a3ffff, 8928d42a8bbffff, 8928d42a807ffff",0.06144678632440598,0.3518084210611904
162,13,20,2078225.0,952611.8369383198,542.1408716485146,"8928d42a997ffff, 8928d42ad7bffff, 8928d42a993ffff, 8928d42ada3ffff, 8928d42ad63ffff, 8928d42ad33ffff, 8928d421adbffff, 8928d42ad17ffff, 8928d42ad0bffff, 8928d42ad77ffff, 8928d42adbbffff, 8928d42ad2bffff, 8928d42adabffff",0.19393654290469667,0.8815047728838654
163,27,159,1151195.9433962265,296455.7812832586,410.4127597713211,"8928d42aa87ffff, 8928d42a853ffff, 8928d42aa83ffff, 8928d42ae2fffff, 8928d42a84bffff, 8928d42aa8fffff, 8928d42aa97ffff, 8928d42aab7ffff, 8928d42aa0fffff, 8928d42aabbffff, 8928d42aab3ffff, 8928d42aa33ffff, 8928d42ae33ffff, 8928d42a8cfffff, 8928d42aa93ffff, 8928d42aaa3ffff, 8928d42aa07ffff, 8928d42ae2bffff, 8928d42aa17ffff, 8928d42a843ffff, 8928d42a857ffff, 8928d42a847ffff, 8928d42a85bffff, 8928d42a84fffff, 8928d42aa9bffff, 8928d42aaabffff, 8928d42ae27ffff",0.03084127668315767,0.1970744850611003
164,16,52,1013932.6923076923,527584.5906367687,522.6440404056748,"8928d42f6c3ffff, 8928d42f6cfffff, 8928d42f61bffff, 8928d42f657ffff, 8928d42f607ffff, 8928d42f613ffff, 8928d42f66bffff, 8928d42f617ffff, 8928d42f62fffff, 8928d42f653ffff, 8928d42f67bffff, 8928d42f60bffff, 8928d42f6c7ffff, 8928d42f647ffff, 8928d42f6cbffff, 8928d42f603ffff",0.11266972959582615,0.6297177373262347
165,20,201,1011713.7661691542,272147.6448571868,410.24108236788936,"8928d42a953ffff, 8928d42a913ffff, 8928d42a82fffff, 8928d42a827ffff, 8928d42a957ffff, 8928d42a9cbffff, 8928d42a91bffff, 8928d42ad6fffff, 8928d42a90fffff, 8928d42a9d7ffff, 8928d42a837ffff, 8928d42a973ffff, 8928d42a947ffff, 8928d42a95bffff, 8928d42a90bffff, 8928d42a9cfffff, 8928d42a903ffff, 8928d42a9c7ffff, 8928d42a9c3ffff, 8928d42a9d3ffff",0.038512645750228156,0.24193939239922999
166,19,129,971804.2093023256,313860.69496226584,462.1890490279846,"8928d42f6b3ffff, 8928d42a977ffff, 8928d42f6a7ffff, 8928d42f68fffff, 8928d42f6a3ffff, 8928d42f6bbffff, 8928d42f68bffff, 8928d42a92bffff, 8928d42f697ffff, 8928d42f44fffff, 8928d42f683ffff, 8928d42a967ffff, 8928d42f69bffff, 8928d42f693ffff, 8928d42a96fffff, 8928d42f6d7ffff, 8928d42f687ffff, 8928d42f6d3ffff, 8928d42a963ffff",0.06594238706038066,0.33835950263377845
167,19,69,1038575.3188405797,344630.6066928655,479.98295311320373,"8928d42a9bbffff, 8928d42f4d3ffff, 8928d42f4c3ffff, 8928d42a93bffff, 8928d42f453ffff, 8928d42a92fffff, 8928d42f45bffff, 8928d42a933ffff, 8928d42a923ffff, 8928d42a9a3ffff, 8928d42f4cbffff, 8928d42a907ffff, 8928d42a917ffff, 8928d42a9abffff, 8928d42a937ffff, 8928d42a927ffff, 8928d42f4dbffff, 8928d421a6bffff, 8928d42a9a7ffff",0.05708279800526493,0.33799162156756674
168,11,17,1075970.5882352942,297727.39557542326,545.3327217042054,"8928d42a86fffff, 8928d42a877ffff, 8928d42ab8bffff, 8928d42a86bffff, 8928d42ab83ffff, 8928d42ab9bffff, 8928d42a94bffff, 8928d42ab87ffff, 8928d42aba3ffff, 8928d42abb3ffff, 8928d42a863ffff",0.0836145607253766,0.443294877602736
169,18,36,1222413.2777777778,477846.8387388375,598.3482385436146,"8928d42852fffff, 8928d428527ffff, 8928d42853bffff, 8928d42852bffff, 8928d42aacfffff, 8928d42aac7ffff, 8928d4285a7ffff, 8928d42aa57ffff, 8928d4285b3ffff, 8928d42ae6bffff, 8928d42aa1bffff, 8928d428537ffff, 8928d42aacbffff, 8928d42aa0bffff, 8928d428533ffff, 8928d4285b7ffff, 8928d4285afffff, 8928d42ae4fffff",0.12047053619951857,0.5055679761782349
170,9,52,994069.9615384615,224050.7989927869,427.9176488348454,"8928d42f49bffff, 8928d42f4c7ffff, 8928d42f413ffff, 8928d42f4d7ffff, 8928d42f41bffff, 8928d42f4bbffff, 8928d42f48bffff, 8928d42f48fffff, 8928d42f433ffff",0.024294119956391438,0.18569697919783984
171,9,68,818510.8088235294,209889.52052941182,562.7401868927152,"8928d55087bffff, 8928d550bd3ffff, 8928d550863ffff, 8928d55086bffff, 8928d550877ffff, 8928d55086fffff, 8928d550873ffff, 8928d550867ffff, 8928d550bd7ffff",0.0588582414508806,0.34708269555399357
172,25,265,1015546.7773584905,549435.868084896,516.4685757033388,"8928d550e0bffff, 8928d550e6fffff, 8928d550e03ffff, 8928d550e23ffff, 8928d550e3bffff, 8928d550e57ffff, 8928d550e67ffff, 8928d550e1bffff, 8928d550e0fffff, 8928d550e4fffff, 8928d550e07ffff, 8928d551db7ffff, 8928d550e2bffff, 8928d550e7bffff, 8928d551da7ffff, 8928d550e6bffff, 8928d550e77ffff, 8928d550e47ffff, 8928d550ecfffff, 8928d550e33ffff, 8928d550e73ffff, 8928d550e63ffff, 8928d551da3ffff, 8928d550e53ffff, 8928d550e4bffff",0.0704338089243167,0.3877860107053346
173,27,236,699104.220338983,185587.0614649328,424.69223397190774,"8928d550833ffff, 8928d550857ffff, 8928d550853ffff, 8928d550807ffff, 8928d550843ffff, 8928d55080fffff, 8928d550817ffff, 8928d5508abffff, 8928d550813ffff, 8928d55081bffff, 8928d5508cfffff, 8928d55080bffff, 8928d55083bffff, 8928d550e37ffff, 8928d550c6fffff, 8928d550847ffff, 8928d5508c3ffff, 8928d550e27ffff, 8928d5508cbffff, 8928d550803ffff, 8928d55088fffff, 8928d5508c7ffff, 8928d55088bffff, 8928d5508d7ffff, 8928d55089bffff, 8928d5508dbffff, 8928d5508d3ffff",0.02054518260519097,0.18325929186462867
174,14,159,1103945.0,447974.0329987131,645.0185387076881,"8928d550adbffff, 8928d550ad7ffff, 8928d550a57ffff, 8928d550ac3ffff, 8928d550a0bffff, 8928d550a13ffff, 8928d550a07ffff, 8928d550a1bffff, 8928d550ac7ffff, 8928d550ad3ffff, 8928d550acfffff, 8928d550a03ffff, 8928d550a17ffff, 8928d550acbffff",0.09106457319909711,0.42591836625137286
175,18,298,804904.2147651006,229135.86654406635,603.1051178443632,"8928d550a83ffff, 8928d55084bffff, 8928d550ab7ffff, 8928d55084fffff, 8928d550aabffff, 8928d550aa7ffff, 8928d550abbffff, 8928d550a97ffff, 8928d550ab3ffff, 8928d550a87ffff, 8928d550a93ffff, 8928d550a8bffff, 8928d550aa3ffff, 8928d550a8fffff, 8928d550e2fffff, 8928d550a9bffff, 8928d55085bffff, 8928d550aafffff",0.014768875420546864,0.20048074596478585
176,24,196,827132.6989795918,624371.1122237697,474.30772748096643,"8928d55016bffff, 8928d550e83ffff, 8928d550163ffff, 8928d550103ffff, 8928d55013bffff, 8928d550ed7ffff, 8928d55016fffff, 8928d55012bffff, 8928d55017bffff, 8928d550ed3ffff, 8928d550123ffff, 8928d550167ffff, 8928d550177ffff, 8928d550e93ffff, 8928d550ec7ffff, 8928d550107ffff, 8928d550e8bffff, 8928d550e9bffff, 8928d550173ffff, 8928d550e13ffff, 8928d550133ffff, 8928d5503b7ffff, 8928d550ec3ffff, 8928d55010fffff",0.1909584478137338,0.8824573081157068
177,11,151,677616.0264900662,143411.8176672866,511.53875783237686,"8928d550d6bffff, 8928d550d6fffff, 8928d5509c7ffff, 8928d550d63ffff, 8928d5509d3ffff, 8928d550d7bffff, 8928d550d73ffff, 8928d550917ffff, 8928d5508afffff, 8928d5509dbffff, 8928d5508a7ffff",0.015576614162476821,0.17457823104086567
178,19,118,652503.813559322,171493.214541456,431.334285220408,"8928d550c53ffff, 8928d55012fffff, 8928d550127ffff, 8928d5501a7ffff, 8928d5501afffff, 8928d550c4bffff, 8928d550cdbffff, 8928d550c5bffff, 8928d550c43ffff, 8928d5501a3ffff, 8928d550c57ffff, 8928d5501b3ffff, 8928d550137ffff, 8928d550c4fffff, 8928d550ccfffff, 8928d550c47ffff, 8928d5501b7ffff, 8928d550e97ffff, 8928d550ccbffff",0.043129220370563874,0.32185281011525474
179,20,259,982147.5019305019,495121.09721471113,574.368176941156,"8928d550bcbffff, 8928d550a27ffff, 8928d550a23ffff, 8928d550b53ffff, 8928d550b5bffff, 8928d550bdbffff, 8928d542497ffff, 8928d550bc3ffff, 8928d550a77ffff, 8928d550a67ffff, 8928d542493ffff, 8928d550a63ffff, 8928d550a73ffff, 8928d550a0fffff, 8928d550a37ffff, 8928d550a2fffff, 8928d550a2bffff, 8928d550a3bffff, 8928d550a33ffff, 8928d550bcfffff",0.059239156717925276,0.3649518938656735
180,20,203,791265.2216748769,213630.94138903116,474.71543406066286,"8928d550bb7ffff, 8928d550823ffff, 8928d550837ffff, 8928d550953ffff, 8928d55095bffff, 8928d550943ffff, 8928d550827ffff, 8928d550b83ffff, 8928d55082fffff, 8928d550b9bffff, 8928d550b97ffff, 8928d55094bffff, 8928d55096bffff, 8928d550b87ffff, 8928d550ba7ffff, 8928d550ba3ffff, 8928d55094fffff, 8928d55082bffff, 8928d550b93ffff, 8928d550bb3ffff",0.039313477499683766,0.26759914510343585
181,13,108,659678.7870370371,150039.61086610696,447.72089529119796,"8928d550ebbffff, 8928d550eabffff, 8928d550e87ffff, 8928d550e17ffff, 8928d550c6bffff, 8928d550c7bffff, 8928d550e8fffff, 8928d550eb7ffff, 8928d550c63ffff, 8928d550c73ffff, 8928d550ea7ffff, 8928d550eb3ffff, 8928d550ea3ffff",0.029094400997517214,0.21598321647049507
182,136,224,945263.6696428572,669760.1715769487,564.8869779063027,"8928d5cc0a3ffff, 8928d5cce03ffff, 8928d5ccec7ffff, 8928d5ccb7bffff, 8928d5cdd27ffff, 8928d55642bffff, 8928d5cc163ffff, 8928d5cc0bbffff, 8928d5cce0fffff, 8928d5cea2bffff, 8928d5cca43ffff, 8928d55654fffff, 8928d5ccd7bffff, 8928d5ccd77ffff, 8928d5cc94bffff, 8928d5ccd73ffff, 8928d5cc0b3ffff, 8928d5cceb7ffff, 8928d5cc52fffff, 8928d5cc1c3ffff, 8928d5ccb4bffff, 8928d5cce9bffff, 8928d556087ffff, 8928d5560a3ffff, 8928d5cc563ffff, 8928d5cc107ffff, 8928d5560b3ffff, 8928d5cc183ffff, 8928d5ccb8bffff, 8928d5cc157ffff, 8928d5cc027ffff, 8928d5560d7ffff, 8928d5cca57ffff, 8928d5cca2bffff, 8928d5cce67ffff, 8928d55608fffff, 8928d5cce33ffff, 8928d5ccd0fffff, 8928d5ccea7ffff, 8928d5ce823ffff, 8928d5cce4bffff, 8928d5ccaabffff, 8928d5ccb4fffff, 8928d5cc123ffff, 8928d5cc17bffff, 8928d556093ffff, 8928d5cca53ffff, 8928d5cc143ffff, 8928d5cc133ffff, 8928d5ceb5bffff, 8928d5cc187ffff, 8928d55608bffff, 8928d5cce8bffff, 8928d5cc9d3ffff, 8928d5cce93ffff, 8928d55640fffff, 8928d5ceb2bffff, 8928d5ccdcbffff, 8928d5cea1bffff, 8928d5cea47ffff, 8928d5cdd07ffff, 8928d5cc9dbffff, 8928d5cce2bffff, 8928d5ccb57ffff, 8928d5ceb0bffff, 8928d5cc82bffff, 8928d5ccc4fffff, 8928d5cc18fffff, 8928d5cce3bffff, 8928d5cc15bffff, 8928d5cc80fffff, 8928d5cdda7ffff, 8928d5cc837ffff, 8928d5cce87ffff, 8928d5cca7bffff, 8928d5cce13ffff, 8928d5cea6bffff, 8928d5cc0abffff, 8928d5cc0a7ffff, 8928d5cc127ffff, 8928d5ccc93ffff, 8928d5cdd23ffff, 8928d5cc8b3ffff, 8928d55609bffff, 8928d5cc1a3ffff, 8928d5cc193ffff, 8928d5cce6fffff, 8928d556487ffff, 8928d5cdd17ffff, 8928d5cce17ffff, 8928d5cc3b7ffff, 8928d5ccc27ffff, 8928d5cca4fffff, 8928d556463ffff, 8928d5cc0b7ffff, 8928d5cc567ffff, 8928d5cc56bffff, 8928d5ce807ffff, 8928d5ceaabffff, 8928d55642fffff, 8928d5cc807ffff, 8928d5cc12bffff, 8928d556417ffff, 8928d5cc13bffff, 8928d5ccb5bffff, 8928d5ccdd3ffff, 8928d556423ffff, 8928d5ce86bffff, 8928d5cc827ffff, 8928d5cccabffff, 8928d5cc8b7ffff, 8928d5cca8bffff, 8928d5cc12fffff, 8928d5ccddbffff, 8928d5cea8fffff, 8928d5ce857ffff, 8928d5cc337ffff, 8928d5cddabffff, 8928d5cc8cfffff, 8928d55654bffff, 8928d5ccd4fffff, 8928d5cc87bffff, 8928d5ceb57ffff, 8928d5cca73ffff, 8928d5ccb93ffff, 8928d5cce97ffff, 8928d5cebd3ffff, 8928d5ccb47ffff, 8928d5ccad7ffff, 8928d5cce37ffff, 8928d5ccb03ffff, 8928d5cca9bffff, 8928d5cce43ffff, 8928d5ccacbffff, 8928d556467ffff, 8928d5cce07ffff",0.12494189515312579,0.5742397537246541
183,17,223,1096369.062780269,409781.31799011776,578.4005057035419,"8928d555573ffff, 8928d55557bffff, 8928d555553ffff, 8928d555547ffff, 8928d5551d7ffff, 8928d5551d3ffff, 8928d5551c3ffff, 8928d555543ffff, 8928d555557ffff, 8928d55556bffff, 8928d55554fffff, 8928d5555cfffff, 8928d55556fffff, 8928d555563ffff, 8928d5550b7ffff, 8928d5550a7ffff, 8928d5551dbffff",0.0433591108883542,0.28731367259391166
184,32,551,934986.4174228675,370189.2914342788,616.7434088654884,"8928d557007ffff, 8928d557057ffff, 8928d55700bffff, 8928d5570afffff, 8928d557013ffff, 8928d557393ffff, 8928d5570cfffff, 8928d557003ffff, 8928d5570abffff, 8928d557017ffff, 8928d557033ffff, 8928d557397ffff, 8928d55715bffff, 8928d55702fffff, 8928d557063ffff, 8928d55700fffff, 8928d557067ffff, 8928d557087ffff, 8928d557077ffff, 8928d55702bffff, 8928d55708bffff, 8928d557027ffff, 8928d55708fffff, 8928d557023ffff, 8928d55703bffff, 8928d557073ffff, 8928d5570c7ffff, 8928d5570a3ffff, 8928d55701bffff, 8928d5570bbffff, 8928d557037ffff, 8928d557153ffff",0.018016323587800465,0.18801657508782693
185,32,464,1154212.2801724137,516338.91101215995,680.1266967213754,"8928d55553bffff, 8928d55552bffff, 8928d555117ffff, 8928d55518bffff, 8928d555113ffff, 8928d555183ffff, 8928d5551b3ffff, 8928d5551bbffff, 8928d555103ffff, 8928d5551a3ffff, 8928d555107ffff, 8928d555197ffff, 8928d55424fffff, 8928d55518fffff, 8928d555187ffff, 8928d55552fffff, 8928d555567ffff, 8928d55510fffff, 8928d555193ffff, 8928d55424bffff, 8928d55511bffff, 8928d5551abffff, 8928d555523ffff, 8928d5551c7ffff, 8928d55425bffff, 8928d555527ffff, 8928d55519bffff, 8928d555577ffff, 8928d555533ffff, 8928d555133ffff, 8928d5551b7ffff, 8928d55513bffff",0.048844864529825206,0.288145809050271
186,21,315,753310.2222222222,229801.59412219017,571.0248178676088,"8928d55543bffff, 8928d555093ffff, 8928d55542bffff, 8928d555477ffff, 8928d555433ffff, 8928d5555cbffff, 8928d5554abffff, 8928d555417ffff, 8928d5554a3ffff, 8928d555437ffff, 8928d5555c3ffff, 8928d555423ffff, 8928d555427ffff, 8928d555403ffff, 8928d5554afffff, 8928d555413ffff, 8928d555407ffff, 8928d555467ffff, 8928d55540fffff, 8928d5555dbffff, 8928d55542fffff",0.012450422140798419,0.17588205489622138
187,20,364,910683.6785714285,306754.57696951414,618.0845373393988,"8928d5555a3ffff, 8928d5555bbffff, 8928d55550bffff, 8928d55736fffff, 8928d555587ffff, 8928d555517ffff, 8928d557367ffff, 8928d55558bffff, 8928d55559bffff, 8928d555583ffff, 8928d5555c7ffff, 8928d55558fffff, 8928d55551bffff, 8928d555503ffff, 8928d555507ffff, 8928d5555abffff, 8928d555513ffff, 8928d5555b3ffff, 8928d55550fffff, 8928d5555d7ffff",0.03751092074704554,0.30871378840002933
188,35,546,667005.0842490842,162278.84547355826,488.2523103054411,"8928d55762bffff, 8928d55729bffff, 8928d557213ffff, 8928d557207ffff, 8928d55707bffff, 8928d557293ffff, 8928d5572b7ffff, 8928d557623ffff, 8928d557283ffff, 8928d557053ffff, 8928d557297ffff, 8928d55728fffff, 8928d55704fffff, 8928d557677ffff, 8928d557047ffff, 8928d55721bffff, 8928d55728bffff, 8928d557667ffff, 8928d5572c7ffff, 8928d557203ffff, 8928d5572abffff, 8928d55763bffff, 8928d557217ffff, 8928d55705bffff, 8928d557627ffff, 8928d55720bffff, 8928d55704bffff, 8928d557043ffff, 8928d5572bbffff, 8928d55762fffff, 8928d557287ffff, 8928d5572a3ffff, 8928d55720fffff, 8928d5572b3ffff, 8928d5572cfffff",0.007570762018003277,0.10753299830673155
189,18,185,1247938.118918919,547687.4716894041,699.9374490661353,"8928d555537ffff, 8928d55466bffff, 8928d554647ffff, 8928d55466fffff, 8928d5542d3ffff, 8928d5542d7ffff, 8928d5555b7ffff, 8928d5555afffff, 8928d55464fffff, 8928d554663ffff, 8928d55429bffff, 8928d5555a7ffff, 8928d5542dbffff, 8928d554673ffff, 8928d5542c3ffff, 8928d554667ffff, 8928d55467bffff, 8928d5542cbffff",0.06637383365879891,0.3547938760615325
190,14,168,671481.5297619047,188364.84215106157,444.10322704649195,"8928d557663ffff, 8928d557673ffff, 8928d55766bffff, 8928d55767bffff, 8928d5572c3ffff, 8928d5572d7ffff, 8928d55766fffff, 8928d5572d3ffff, 8928d550db7ffff, 8928d557647ffff, 8928d55764fffff, 8928d550da7ffff, 8928d550da3ffff, 8928d5572dbffff",0.031225917975508322,0.24134572012609992
191,19,241,1264597.2987551866,682766.0313221236,809.0085130517593,"8928d554653ffff, 8928d55732bffff, 8928d55464bffff, 8928d55465bffff, 8928d554643ffff, 8928d55732fffff, 8928d557327ffff, 8928d557323ffff, 8928d557337ffff, 8928d5573a7ffff, 8928d5573afffff, 8928d5546cfffff, 8928d5546cbffff, 8928d5546d3ffff, 8928d5546dbffff, 8928d555597ffff, 8928d554657ffff, 8928d5546c3ffff, 8928d555593ffff",0.05827255304781576,0.3692904807786188
192,23,443,753634.920993228,266171.75842879165,476.592222849692,"8928d55735bffff, 8928d55739bffff, 8928d557383ffff, 8928d5573d7ffff, 8928d557343ffff, 8928d55722fffff, 8928d5573c7ffff, 8928d557223ffff, 8928d55738bffff, 8928d557233ffff, 8928d55706bffff, 8928d557357ffff, 8928d55706fffff, 8928d557227ffff, 8928d5573cfffff, 8928d5572afffff, 8928d5573d3ffff, 8928d557237ffff, 8928d5573c3ffff, 8928d557353ffff, 8928d5572a7ffff, 8928d5573dbffff, 8928d5573cbffff",0.023751956793006717,0.20584947068083856
193,14,219,737215.8219178083,258216.6643153681,519.5872786044844,"8928d55722bffff, 8928d5554bbffff, 8928d555483ffff, 8928d55734bffff, 8928d555487ffff, 8928d5554b3ffff, 8928d555493ffff, 8928d55548fffff, 8928d555497ffff, 8928d557277ffff, 8928d55723bffff, 8928d55549bffff, 8928d557267ffff, 8928d55548bffff",0.0316266513272036,0.23465131995764033
194,25,503,883575.1669980119,374700.1990766849,612.42311596211,"8928d55714bffff, 8928d557373ffff, 8928d557307ffff, 8928d5573a3ffff, 8928d557313ffff, 8928d55733bffff, 8928d557377ffff, 8928d557303ffff, 8928d55730fffff, 8928d5573b3ffff, 8928d557317ffff, 8928d557387ffff, 8928d55738fffff, 8928d557143ffff, 8928d557363ffff, 8928d55731bffff, 8928d5573abffff, 8928d557333ffff, 8928d55730bffff, 8928d5573bbffff, 8928d55737bffff, 8928d557347ffff, 8928d5573b7ffff, 8928d55714fffff, 8928d55736bffff",0.018595597509994257,0.2155728282938969
195,16,220,1167094.5,486863.1672717845,720.9266892290805,"8928d554217ffff, 8928d554247ffff, 8928d554203ffff, 8928d55428bffff, 8928d554243ffff, 8928d554207ffff, 8928d55420bffff, 8928d55421bffff, 8928d554257ffff, 8928d554213ffff, 8928d554253ffff, 8928d5542abffff, 8928d55428fffff, 8928d5542c7ffff, 8928d5542cfffff, 8928d5542bbffff",0.04542568267578385,0.29875134252873853
196,27,482,1146224.1991701245,585289.4133107171,742.8261074243134,"8928d547063ffff, 8928d54702bffff, 8928d54700bffff, 8928d547007ffff, 8928d5470b7ffff, 8928d5471dbffff, 8928d5470afffff, 8928d547073ffff, 8928d54700fffff, 8928d547003ffff, 8928d54703bffff, 8928d547037ffff, 8928d547023ffff, 8928d547033ffff, 8928d5471d3ffff, 8928d547067ffff, 8928d5471c3ffff, 8928d5471cbffff, 8928d5470abffff, 8928d547077ffff, 8928d547027ffff, 8928d54756bffff, 8928d5470a7ffff, 8928d5470a3ffff, 8928d5471d7ffff, 8928d54719bffff, 8928d547017ffff",0.0929706565964426,0.5037947119686172
197,15,249,834628.9357429718,262781.88109807274,573.324483804989,"8928d54541bffff, 8928d545443ffff, 8928d54548fffff, 8928d545453ffff, 8928d5454c7ffff, 8928d545457ffff, 8928d54540bffff, 8928d545413ffff, 8928d5454cfffff, 8928d54548bffff, 8928d545407ffff, 8928d545417ffff, 8928d545447ffff, 8928d545403ffff, 8928d54540fffff",0.020727440532098684,0.20955799612824833
198,26,573,966474.0732984294,298638.7241507989,674.9119809992013,"8928d547227ffff, 8928d5473cbffff, 8928d545487ffff, 8928d547237ffff, 8928d5472a7ffff, 8928d547343ffff, 8928d54722fffff, 8928d54706fffff, 8928d5454b3ffff, 8928d545483ffff, 8928d547223ffff, 8928d5473c3ffff, 8928d545493ffff, 8928d5472afffff, 8928d5473dbffff, 8928d547233ffff, 8928d547353ffff, 8928d545497ffff, 8928d54706bffff, 8928d5473d7ffff, 8928d54549bffff, 8928d5473cfffff, 8928d5473d3ffff, 8928d54735bffff, 8928d54734fffff, 8928d54734bffff",0.01479640397296811,0.1482910001684225
199,14,90,1434802.088888889,517005.11719613767,576.321317036406,"8928d545003ffff, 8928d5450c7ffff, 8928d54508bffff, 8928d5450abffff, 8928d545007ffff, 8928d54508fffff, 8928d54501bffff, 8928d545033ffff, 8928d5450bbffff, 8928d545013ffff, 8928d545087ffff, 8928d545097ffff, 8928d545017ffff, 8928d545083ffff",0.14157210749707386,0.6326957589734357
200,37,807,899775.2503097893,343912.9365151991,655.4454861257366,"8928d5409a7ffff, 8928d54724fffff, 8928d5454d3ffff, 8928d5454dbffff, 8928d5454d7ffff, 8928d54091bffff, 8928d540957ffff, 8928d54725bffff, 8928d5409afffff, 8928d5454c3ffff, 8928d540937ffff, 8928d540993ffff, 8928d540903ffff, 8928d540907ffff, 8928d540987ffff, 8928d540917ffff, 8928d5409bbffff, 8928d540d2fffff, 8928d547243ffff, 8928d540983ffff, 8928d540997ffff, 8928d54099bffff, 8928d54098fffff, 8928d5409b3ffff, 8928d540913ffff, 8928d5454cbffff, 8928d54726bffff, 8928d5409abffff, 8928d54724bffff, 8928d5409a3ffff, 8928d5409cfffff, 8928d54090bffff, 8928d5409c7ffff, 8928d540933ffff, 8928d5409b7ffff, 8928d54726fffff, 8928d54098bffff",0.012138901535527068,0.15804583607922432
201,20,163,1605862.6503067485,736792.355207825,737.2565263162885,"8928d545433ffff, 8928d5454bbffff, 8928d5454b7ffff, 8928d547363ffff, 8928d5454abffff, 8928d5455d3ffff, 8928d545437ffff, 8928d54736fffff, 8928d5455cbffff, 8928d54559bffff, 8928d5454a3ffff, 8928d5454afffff, 8928d5455dbffff, 8928d54736bffff, 8928d5455d7ffff, 8928d54737bffff, 8928d5454a7ffff, 8928d545427ffff, 8928d545423ffff, 8928d5455c3ffff",0.11646879151801932,0.5051407229985192
202,29,276,906716.4710144928,279947.4081106915,545.1894347975416,"8928d54562fffff, 8928d5456afffff, 8928d5456a3ffff, 8928d545627ffff, 8928d54505bffff, 8928d545053ffff, 8928d5456b7ffff, 8928d5456a7ffff, 8928d545637ffff, 8928d5450cbffff, 8928d54546bffff, 8928d5450d3ffff, 8928d54547bffff, 8928d54546fffff, 8928d545473ffff, 8928d5450d7ffff, 8928d545057ffff, 8928d5450cfffff, 8928d54543bffff, 8928d5450c3ffff, 8928d545463ffff, 8928d5450dbffff, 8928d545477ffff, 8928d54542bffff, 8928d545623ffff, 8928d545467ffff, 8928d545043ffff, 8928d545633ffff, 8928d54509bffff",0.04020476977695296,0.2595415221224145
203,25,711,956493.5218002812,273236.0812593796,664.9099954260735,"8928d547293ffff, 8928d5472bbffff, 8928d54729bffff, 8928d5472abffff, 8928d547047ffff, 8928d547283ffff, 8928d54728bffff, 8928d547043ffff, 8928d5470cbffff, 8928d54704fffff, 8928d547287ffff, 8928d5472b3ffff, 8928d54707bffff, 8928d547207ffff, 8928d5472a3ffff, 8928d54762fffff, 8928d547217ffff, 8928d54704bffff, 8928d547053ffff, 8928d547297ffff, 8928d54705bffff, 8928d5472b7ffff, 8928d54728fffff, 8928d547057ffff, 8928d5470cfffff",0.009904478580528488,0.13929267034523415
204,14,321,1025391.0342679127,338678.58890465833,716.3089043927897,"8928d54720fffff, 8928d547277ffff, 8928d54720bffff, 8928d547213ffff, 8928d547267ffff, 8928d54722bffff, 8928d547263ffff, 8928d547257ffff, 8928d547273ffff, 8928d54721bffff, 8928d547247ffff, 8928d54723bffff, 8928d547203ffff, 8928d54727bffff",0.017653269332178846,0.20713044596342692
205,32,228,977711.7105263158,532769.5492835548,529.0612938597203,"8928d54504bffff, 8928d5452a7ffff, 8928d545227ffff, 8928d545223ffff, 8928d5452b3ffff, 8928d5453d3ffff, 8928d5453cbffff, 8928d545047ffff, 8928d54504fffff, 8928d5452afffff, 8928d5453dbffff, 8928d5452abffff, 8928d5452b7ffff, 8928d54506bffff, 8928d54500bffff, 8928d54502bffff, 8928d545237ffff, 8928d54506fffff, 8928d545073ffff, 8928d54507bffff, 8928d545233ffff, 8928d5452a3ffff, 8928d54539bffff, 8928d545067ffff, 8928d545077ffff, 8928d545383ffff, 8928d54500fffff, 8928d545063ffff, 8928d545287ffff, 8928d545393ffff, 8928d54538bffff, 8928d54503bffff",0.06927291723639513,0.3857714548881275
206,30,551,1106387.7967332124,381207.2974047504,719.3243053616345,"8928d547663ffff, 8928d54762bffff, 8928d54766fffff, 8928d54760fffff, 8928d54763bffff, 8928d540d27ffff, 8928d5472d7ffff, 8928d547677ffff, 8928d547667ffff, 8928d5472d3ffff, 8928d547253ffff, 8928d547607ffff, 8928d547623ffff, 8928d54767bffff, 8928d5472c3ffff, 8928d540d23ffff, 8928d547633ffff, 8928d547673ffff, 8928d54760bffff, 8928d540dafffff, 8928d540d37ffff, 8928d5472dbffff, 8928d54766bffff, 8928d540da7ffff, 8928d5472c7ffff, 8928d5472cbffff, 8928d547603ffff, 8928d540da3ffff, 8928d5472cfffff, 8928d547617ffff",0.014262772668150603,0.19316026359510852
207,24,366,714537.6666666666,195348.21503993272,552.1543757795929,"8928d545697ffff, 8928d5456b3ffff, 8928d540927ffff, 8928d545693ffff, 8928d54090fffff, 8928d540923ffff, 8928d545687ffff, 8928d54544fffff, 8928d545683ffff, 8928d54093bffff, 8928d54544bffff, 8928d54545bffff, 8928d540977ffff, 8928d54092bffff, 8928d54096fffff, 8928d54092fffff, 8928d54568bffff, 8928d54569bffff, 8928d540967ffff, 8928d5456c7ffff, 8928d540973ffff, 8928d5456d7ffff, 8928d5456c3ffff, 8928d540963ffff",0.0193082019267974,0.18848966636833933
208,30,420,1237434.8976190477,479350.57925409824,722.801153184597,"8928d547367ffff, 8928d54739bffff, 8928d54730fffff, 8928d54738fffff, 8928d547303ffff, 8928d547387ffff, 8928d547377ffff, 8928d547313ffff, 8928d547317ffff, 8928d547393ffff, 8928d5473abffff, 8928d54731bffff, 8928d54738bffff, 8928d547307ffff, 8928d547373ffff, 8928d547383ffff, 8928d547323ffff, 8928d54702fffff, 8928d547397ffff, 8928d54732bffff, 8928d54730bffff, 8928d5473c7ffff, 8928d5473bbffff, 8928d547357ffff, 8928d54715bffff, 8928d54733bffff, 8928d547347ffff, 8928d545593ffff, 8928d54714bffff, 8928d54732fffff",0.020667310347908273,0.17730398265283193
209,5,6,641166.6666666666,291280.1724952952,348.407530755762,"8928d422303ffff, 8928d422307ffff, 8928d42230bffff, 8928d42230fffff, 8928d4223afffff",0.9346615421235125,2.0073223957644064
210,4,6,667500.0,223247.80700677293,286.8571031138003,"8928d430bc3ffff, 8928d430ab7ffff, 8928d43084fffff, 8928d430aa7ffff",0.47761080018035196,0.5979648805662284
211,5,7,1050000.0,311322.0656674187,417.44546375553335,"8928d437153ffff, 8928d43714bffff, 8928d4371cbffff, 8928d437027ffff, 8928d437033ffff",0.21802639307418456,0.6417700645940017
212,3,3,867333.3333333334,30070.28803025043,376.8292076539299,"8928d42033bffff, 8928d42034fffff, 8928d421cb3ffff",0.006707755521314862,0.07450436569080643
213,144,300,1378519.69,609929.9395178821,464.15253133087174,"8928d55963bffff, 8928d096ca3ffff, 8928d559347ffff, 8928d55938bffff, 8928d559e5bffff, 8928d55928bffff, 8928d55938fffff, 8928d096dcfffff, 8928d55962bffff, 8928d55929bffff, 8928d559617ffff, 8928d096ddbffff, 8928d5596d7ffff, 8928d55968bffff, 8928d096dcbffff, 8928d096883ffff, 8928d5593cfffff, 8928d559293ffff, 8928d5590cfffff, 8928d096d97ffff, 8928d096cafffff, 8928d09688fffff, 8928d5593c3ffff, 8928d096dc3ffff, 8928d55934fffff, 8928d096d13ffff, 8928d55931bffff, 8928d42cb87ffff, 8928d096dbbffff, 8928d559337ffff, 8928d096d53ffff, 8928d55960bffff, 8928d559e53ffff, 8928d096887ffff, 8928d0968b3ffff, 8928d096d8fffff, 8928d096c03ffff, 8928d559057ffff, 8928d42c9c7ffff, 8928d096407ffff, 8928d559357ffff, 8928d559ecbffff, 8928d559327ffff, 8928d096c47ffff, 8928d5593cbffff, 8928d559237ffff, 8928d096dabffff, 8928d09689bffff, 8928d559613ffff, 8928d096c97ffff, 8928d096c67ffff, 8928d096c37ffff, 8928d55928fffff, 8928d5593b7ffff, 8928d55962fffff, 8928d559353ffff, 8928d559647ffff, 8928d55930bffff, 8928d55923bffff, 8928d5593b3ffff, 8928d559323ffff, 8928d5593a3ffff, 8928d559273ffff, 8928d096d83ffff, 8928d096c33ffff, 8928d559ed3ffff, 8928d559213ffff, 8928d559333ffff, 8928d5592a7ffff, 8928d096da3ffff, 8928d55939bffff, 8928d559307ffff, 8928d559217ffff, 8928d55966fffff, 8928d55932fffff, 8928d096cbbffff, 8928d096433ffff, 8928d5592afffff, 8928d5593a7ffff, 8928d559297ffff, 8928d42c9dbffff, 8928d55968fffff, 8928d096c83ffff, 8928d096d9bffff, 8928d55916bffff, 8928d559343ffff, 8928d55936fffff, 8928d096413ffff, 8928d096c07ffff, 8928d55922fffff, 8928d5592c7ffff, 8928d559317ffff, 8928d55914fffff, 8928d559603ffff, 8928d559edbffff, 8928d559283ffff, 8928d09688bffff, 8928d096cb3ffff, 8928d559277ffff, 8928d559207ffff, 8928d559667ffff, 8928d5593bbffff, 8928d096d93ffff, 8928d096eabffff, 8928d096ca7ffff, 8928d096d8bffff, 8928d42cb73ffff, 8928d55922bffff, 8928d5592abffff, 8928d096eafffff, 8928d559e4bffff, 8928d559633ffff, 8928d5596b3ffff, 8928d42c947ffff, 8928d0965cbffff, 8928d5593d3ffff, 8928d42c973ffff, 8928d5592bbffff, 8928d096c6fffff, 8928d096897ffff, 8928d559607ffff, 8928d096c93ffff, 8928d5596abffff, 8928d559313ffff, 8928d55920bffff, 8928d42c90bffff, 8928d42c963ffff, 8928d096dc7ffff, 8928d096d1bffff, 8928d096427ffff, 8928d42c957ffff, 8928d559227ffff, 8928d559287ffff, 8928d5593dbffff, 8928d096d87ffff, 8928d096d6bffff, 8928d096d7bffff, 8928d42c90fffff, 8928d42c96fffff, 8928d559223ffff, 8928d096c8bffff, 8928d559693ffff, 8928d0961b7ffff, 8928d42c977ffff",0.07470690309819354,0.40374369807614185
214,5,11,1065318.1818181819,366235.28656311496,552.5654723954884,"8928d47558fffff, 8928d47558bffff, 8928d475513ffff, 8928d4755c7ffff, 8928d475517ffff",0.3173977831311571,0.7245460692931064
215,8,61,473736.9672131148,94049.85229016685,324.5122944636219,"8928d5c12b7ffff, 8928d5c1047ffff, 8928d5c107bffff, 8928d5c1073ffff, 8928d5c104fffff, 8928d5c12a3ffff, 8928d5c12b3ffff, 8928d5c12bbffff",0.04228962202043573,0.25703583649374373
216,33,298,509932.73154362413,106376.52312805603,324.6724170769269,"8928d5caed7ffff, 8928d5cae93ffff, 8928d5cae8bffff, 8928d5ca16bffff, 8928d5cae13ffff, 8928d5ca10fffff, 8928d5caec3ffff, 8928d5caec7ffff, 8928d5cae9bffff, 8928d5cae17ffff, 8928d5ca16fffff, 8928d5ca103ffff, 8928d5ca10bffff, 8928d5ca147ffff, 8928d5cae83ffff, 8928d5ca17bffff, 8928d5ca12bffff, 8928d5ca163ffff, 8928d5caed3ffff, 8928d5cae8fffff, 8928d5ca14fffff, 8928d5cae87ffff, 8928d5cae97ffff, 8928d5ca12fffff, 8928d5ca177ffff, 8928d5ca167ffff, 8928d5cae03ffff, 8928d5ca13bffff, 8928d5ca123ffff, 8928d5cae1bffff, 8928d5ca173ffff, 8928d5ca11bffff, 8928d5ca157ffff",0.013099164594192246,0.12363967497349965
217,32,263,683977.5399239544,331461.4710099747,349.67809850223136,"8928d5c1323ffff, 8928d5c1ecfffff, 8928d5c1e5bffff, 8928d5cad97ffff, 8928d5cad03ffff, 8928d5cad83ffff, 8928d5cadc7ffff, 8928d5c136fffff, 8928d5c1e43ffff, 8928d5cad93ffff, 8928d5cadc3ffff, 8928d5c1377ffff, 8928d5cadd7ffff, 8928d5cadb3ffff, 8928d5c1e4bffff, 8928d5cad9bffff, 8928d5cad1bffff, 8928d5cad8fffff, 8928d5c1327ffff, 8928d5c1367ffff, 8928d5c132bffff, 8928d5cad8bffff, 8928d5cad87ffff, 8928d5cad17ffff, 8928d5c1e53ffff, 8928d5c1e4fffff, 8928d5c1e57ffff, 8928d5c132fffff, 8928d5cadd3ffff, 8928d5c1ecbffff, 8928d5cadbbffff, 8928d5cad13ffff",0.039156276072182535,0.28283677728909484
218,40,255,640688.6,177073.36747967757,309.8633183686153,"8928d5ca023ffff, 8928d5ca377ffff, 8928d5ca367ffff, 8928d5ca02fffff, 8928d5ca303ffff, 8928d5ca3b3ffff, 8928d5ca393ffff, 8928d5ca3c3ffff, 8928d5ca38fffff, 8928d5ca3abffff, 8928d5ca317ffff, 8928d5ca397ffff, 8928d5ca15bffff, 8928d5ca3b7ffff, 8928d5ca3a3ffff, 8928d5ca3afffff, 8928d5ca337ffff, 8928d5ca313ffff, 8928d5caecbffff, 8928d5ca3bbffff, 8928d5ca387ffff, 8928d5ca38bffff, 8928d5ca323ffff, 8928d5ca14bffff, 8928d5c8593ffff, 8928d5ca067ffff, 8928d5ca3a7ffff, 8928d5caedbffff, 8928d5ca39bffff, 8928d5ca383ffff, 8928d5ca327ffff, 8928d5ca33bffff, 8928d5ca333ffff, 8928d5ca02bffff, 8928d5ca307ffff, 8928d5ca32bffff, 8928d5ca3c7ffff, 8928d5ca3d7ffff, 8928d5ca32fffff, 8928d5ca31bffff",0.024315669879502923,0.16674358370554004
219,29,215,580446.4558139535,153606.2364189885,322.4642411692063,"8928d5cac63ffff, 8928d5cac03ffff, 8928d5cac4fffff, 8928d5ca137ffff, 8928d5cacdbffff, 8928d5cac73ffff, 8928d5c126fffff, 8928d5cac57ffff, 8928d5cacc7ffff, 8928d5cac7bffff, 8928d5caccbffff, 8928d5cacd7ffff, 8928d5cacd3ffff, 8928d5cac1bffff, 8928d5cac53ffff, 8928d5cacc3ffff, 8928d5c126bffff, 8928d5caccfffff, 8928d5cac0fffff, 8928d5ca127ffff, 8928d5c1267ffff, 8928d5caeb7ffff, 8928d5cac0bffff, 8928d5cac9bffff, 8928d5cac43ffff, 8928d5cac47ffff, 8928d5cac5bffff, 8928d5cac77ffff, 8928d5c1263ffff",0.020427058843484305,0.17707231256550218
220,19,93,725938.6129032258,164197.4814187439,279.26803580321865,"8928d5ca543ffff, 8928d5ca553ffff, 8928d5ca097ffff, 8928d5ca0c7ffff, 8928d5ca01bffff, 8928d5ca42fffff, 8928d5ca013ffff, 8928d5ca467ffff, 8928d5ca08bffff, 8928d5ca427ffff, 8928d5ca017ffff, 8928d5ca007ffff, 8928d5ca477ffff, 8928d5ca09bffff, 8928d5ca55bffff, 8928d5ca003ffff, 8928d5ca0d7ffff, 8928d5ca00fffff, 8928d5ca093ffff",0.053031695070581385,0.3255032881819319
221,35,174,644951.7413793104,229524.38405381617,318.48352513973214,"8928d5ca18bffff, 8928d5ca1a7ffff, 8928d5ca18fffff, 8928d5ca117ffff, 8928d5ca0b7ffff, 8928d5ca56bffff, 8928d5ca0afffff, 8928d5ca183ffff, 8928d5ca1c3ffff, 8928d5ca153ffff, 8928d5ca1cfffff, 8928d5ca1d3ffff, 8928d5ca027ffff, 8928d5ca54fffff, 8928d5ca113ffff, 8928d5ca1cbffff, 8928d5ca1a3ffff, 8928d5ca1d7ffff, 8928d5ca56fffff, 8928d5ca57bffff, 8928d5ca1c7ffff, 8928d5ca1dbffff, 8928d5ca187ffff, 8928d5ca037ffff, 8928d5ca1b7ffff, 8928d5ca197ffff, 8928d5ca0b3ffff, 8928d5ca0a7ffff, 8928d5ca0bbffff, 8928d5ca087ffff, 8928d5ca1abffff, 8928d5ca1bbffff, 8928d5ca0a3ffff, 8928d5ca1b3ffff, 8928d5ca19bffff",0.03688629885869639,0.21719950281942924
222,24,184,762208.8804347826,270195.2722875641,320.78606257087165,"8928d5cacafffff, 8928d5cad4bffff, 8928d5cad57ffff, 8928d5cac33ffff, 8928d5cac23ffff, 8928d5cad53ffff, 8928d5cac37ffff, 8928d5cac3bffff, 8928d5ca893ffff, 8928d5caca3ffff, 8928d5caca7ffff, 8928d5cacabffff, 8928d5cac27ffff, 8928d5ca897ffff, 8928d5cacbbffff, 8928d5cac8fffff, 8928d5cac2fffff, 8928d5cad43ffff, 8928d5cad5bffff, 8928d5cadcfffff, 8928d5cac17ffff, 8928d5cac2bffff, 8928d5cac07ffff, 8928d5cac13ffff",0.03653824554360298,0.2666358678429312
223,21,115,633841.852173913,171881.6203830918,267.36009977376636,"8928d5ca507ffff, 8928d5ca58fffff, 8928d5ca50fffff, 8928d5ca573ffff, 8928d5ca5c3ffff, 8928d5ca587ffff, 8928d5ca50bffff, 8928d5ca547ffff, 8928d5ca52bffff, 8928d5ca577ffff, 8928d5ca5cfffff, 8928d5ca5bbffff, 8928d5ca53bffff, 8928d5ca517ffff, 8928d5ca513ffff, 8928d5c164bffff, 8928d5ca5c7ffff, 8928d5ca51bffff, 8928d5ca503ffff, 8928d5ca58bffff, 8928d5ca583ffff",0.03299785075404077,0.23591146970878324
224,26,159,583088.2327044025,148400.09081954003,301.1337078394518,"8928d5caa8bffff, 8928d5caa57ffff, 8928d5caa17ffff, 8928d5cae6bffff, 8928d5caa0bffff, 8928d5caadbffff, 8928d5caacfffff, 8928d5caa53ffff, 8928d5caac3ffff, 8928d5caa1bffff, 8928d5caa13ffff, 8928d5caab3ffff, 8928d5caacbffff, 8928d5cae63ffff, 8928d5caad7ffff, 8928d5caac7ffff, 8928d5caa03ffff, 8928d5c85a7ffff, 8928d5caabbffff, 8928d5c8537ffff, 8928d5caa8fffff, 8928d5caad3ffff, 8928d5cae6fffff, 8928d5c8523ffff, 8928d5ca84fffff, 8928d5c8527ffff",0.02249890594813859,0.19263247096481245
225,36,265,582275.1622641509,132624.66355156616,308.2871874023206,"8928d5caa9bffff, 8928d5cac6fffff, 8928d5caeafffff, 8928d5ca8d3ffff, 8928d5ca8cfffff, 8928d5cae77ffff, 8928d5ca8c3ffff, 8928d5cae23ffff, 8928d5ca803ffff, 8928d5ca853ffff, 8928d5cae2bffff, 8928d5caeabffff, 8928d5ca81bffff, 8928d5ca883ffff, 8928d5caa83ffff, 8928d5ca8d7ffff, 8928d5cae3bffff, 8928d5cae37ffff, 8928d5cac6bffff, 8928d5caa93ffff, 8928d5ca88fffff, 8928d5ca8c7ffff, 8928d5cae2fffff, 8928d5ca89bffff, 8928d5caea7ffff, 8928d5ca8dbffff, 8928d5ca8cbffff, 8928d5ca88bffff, 8928d5caea3ffff, 8928d5caa97ffff, 8928d5cae0fffff, 8928d5ca813ffff, 8928d5cae27ffff, 8928d5cae07ffff, 8928d5ca85bffff, 8928d5cae33ffff",0.024050977669521016,0.181148973014111
226,31,252,494942.13095238095,110095.23908381928,327.2888492735069,"8928d5cac97ffff, 8928d5c13cfffff, 8928d5c1343ffff, 8928d5c122fffff, 8928d5c1373ffff, 8928d5c1363ffff, 8928d5cac87ffff, 8928d5c1223ffff, 8928d5c13dbffff, 8928d5c13c3ffff, 8928d5c131bffff, 8928d5cacb7ffff, 8928d5c1347ffff, 8928d5c134fffff, 8928d5c12afffff, 8928d5c134bffff, 8928d5c13c7ffff, 8928d5cacb3ffff, 8928d5c135bffff, 8928d5c137bffff, 8928d5c123bffff, 8928d5c1237ffff, 8928d5c136bffff, 8928d5c1227ffff, 8928d5c130bffff, 8928d5c12a7ffff, 8928d5c13cbffff, 8928d5c122bffff, 8928d5c1233ffff, 8928d5c1353ffff, 8928d5c1357ffff",0.018840631393896624,0.16985334493478255
227,15,72,693202.0694444445,184149.0175929633,297.3016729444478,"8928d5c85abffff, 8928d5c85a3ffff, 8928d5cae4fffff, 8928d5cae53ffff, 8928d5cae47ffff, 8928d5cae4bffff, 8928d5cae57ffff, 8928d5cae43ffff, 8928d5c85b3ffff, 8928d5cae7bffff, 8928d5c85bbffff, 8928d5c85b7ffff, 8928d5cae5bffff, 8928d5c8597ffff, 8928d5c8587ffff",0.04276293079380762,0.2797277110457769
228,36,217,559928.8110599078,113632.75846009378,323.62211396733187,"8928d5c8c8bffff, 8928d5c81a3ffff, 8928d5caa2bffff, 8928d5caa0fffff, 8928d5caa7bffff, 8928d5caa3bffff, 8928d5caa73ffff, 8928d5c8c9bffff, 8928d5c8c1bffff, 8928d5caa63ffff, 8928d5caa23ffff, 8928d5c8c47ffff, 8928d5caa6bffff, 8928d5caa43ffff, 8928d5caa2fffff, 8928d5c8c57ffff, 8928d5c81b7ffff, 8928d5c8c0bffff, 8928d5c8cd3ffff, 8928d5caa4fffff, 8928d5caa77ffff, 8928d5c8c13ffff, 8928d5caa6fffff, 8928d5c8ccfffff, 8928d5caa37ffff, 8928d5caa33ffff, 8928d5c8c03ffff, 8928d5caa47ffff, 8928d5c8cc3ffff, 8928d5caa27ffff, 8928d5caa67ffff, 8928d5caa07ffff, 8928d5c8c93ffff, 8928d5c8cc7ffff, 8928d5c8cd7ffff, 8928d5caa4bffff",0.016982427052329257,0.14174981706122355
229,17,128,530628.8828125,131459.48510993447,355.58060590037167,"8928d5c1303ffff, 8928d5c138fffff, 8928d5c1317ffff, 8928d5c1333ffff, 8928d5c1337ffff, 8928d5c13b3ffff, 8928d5c133bffff, 8928d5c13afffff, 8928d5c1387ffff, 8928d5c13abffff, 8928d5c13b7ffff, 8928d5c1edbffff, 8928d5c1307ffff, 8928d5c13bbffff, 8928d5c13a3ffff, 8928d5c13a7ffff, 8928d5c130fffff",0.02520231342415532,0.18046774399785306
230,22,27,805681.2962962963,269089.7101945351,371.6275432798342,"8928d4acac7ffff, 8928d4acc0bffff, 8928d4ac88bffff, 8928d4aca47ffff, 8928d4aca73ffff, 8928d4ac82fffff, 8928d4aca77ffff, 8928d4aca8bffff, 8928d4ac8afffff, 8928d4ac87bffff, 8928d4aca93ffff, 8928d4ac847ffff, 8928d4ac82bffff, 8928d4aca1bffff, 8928d4aca33ffff, 8928d4acbd3ffff, 8928d4acbcbffff, 8928d4aca13ffff, 8928d4aca0fffff, 8928d4ac88fffff, 8928d4acabbffff, 8928d4acaa3ffff",0.07088431593459912,0.3743692836714342
231,2,3,428333.3333333333,89938.25042154695,712.5896057347669,"8928d0991c3ffff, 8928d0991cbffff",0.3054187192118226,0.07553366174055831
232,68,162,1142792.438271605,504794.6478275792,523.8007397101411,"8928d42ce47ffff, 8928d42ced7ffff, 8928d42ce43ffff, 8928d42ceb3ffff, 8928d42ddcfffff, 8928d42cc4fffff, 8928d42cebbffff, 8928d42c107ffff, 8928d42ce9bffff, 8928d42dd0bffff, 8928d42c1abffff, 8928d42cc6bffff, 8928d42cc8bffff, 8928d42c133ffff, 8928d42eb53ffff, 8928d42ce8bffff, 8928d42c12fffff, 8928d42c1a3ffff, 8928d42c33bffff, 8928d42c8d3ffff, 8928d42cea7ffff, 8928d42dd03ffff, 8928d42c113ffff, 8928d42cc43ffff, 8928d42ceb7ffff, 8928d42dd53ffff, 8928d42cc0bffff, 8928d42cea3ffff, 8928d42ebcbffff, 8928d42c103ffff, 8928d42ce83ffff, 8928d42ccc3ffff, 8928d42ce87ffff, 8928d42c177ffff, 8928d42c32bffff, 8928d42ea6fffff, 8928d42c10bffff, 8928d42dddbffff, 8928d42dd57ffff, 8928d42c127ffff, 8928d42c377ffff, 8928d42c167ffff, 8928d42eb5bffff, 8928d42cc03ffff, 8928d42ce97ffff, 8928d42cc4bffff, 8928d42cc0fffff, 8928d42ccd7ffff, 8928d42ea6bffff, 8928d42c13bffff, 8928d42ce8fffff, 8928d42c173ffff, 8928d42c1b3ffff, 8928d42c12bffff, 8928d42cec3ffff, 8928d42cc5bffff, 8928d42ea63ffff, 8928d42cc53ffff, 8928d42ebc7ffff, 8928d42ce57ffff, 8928d42ccd3ffff, 8928d42cc7bffff, 8928d42cccbffff, 8928d42ce93ffff, 8928d42cc97ffff, 8928d42dca7ffff, 8928d42c327ffff, 8928d42cc1bffff",0.10172161563227013,0.4155648982109699
233,15,28,475210.71428571426,168065.09865288532,472.05007903072584,"8928d099913ffff, 8928d099d4fffff, 8928d0998b7ffff, 8928d0999c7ffff, 8928d099887ffff, 8928d0999cfffff, 8928d0998b3ffff, 8928d099d4bffff, 8928d0999dbffff, 8928d099897ffff, 8928d099c2fffff, 8928d0999c3ffff, 8928d099d7bffff, 8928d0999d3ffff, 8928d099d6bffff",0.13250204852433642,0.49707385365299817
234,16,42,1500868.8095238095,518508.3584586076,498.4276890223748,"8928d548227ffff, 8928d549c87ffff, 8928d548223ffff, 8928d548343ffff, 8928d549c9bffff, 8928d549cb3ffff, 8928d548267ffff, 8928d54823bffff, 8928d54822fffff, 8928d54834bffff, 8928d548357ffff, 8928d549c83ffff, 8928d549c8fffff, 8928d54822bffff, 8928d549c93ffff, 8928d549c97ffff",0.08006927220122166,0.32791440021836277
235,21,41,1621091.463414634,528260.7557690267,439.62447041341227,"8928d549123ffff, 8928d549c3bffff, 8928d549c47ffff, 8928d549cc7ffff, 8928d549c17ffff, 8928d549c07ffff, 8928d549c1bffff, 8928d549c03ffff, 8928d549c53ffff, 8928d549c0bffff, 8928d549cabffff, 8928d549c33ffff, 8928d549127ffff, 8928d549c4fffff, 8928d549137ffff, 8928d549c37ffff, 8928d549ccfffff, 8928d549c4bffff, 8928d549c77ffff, 8928d549c23ffff, 8928d54912fffff",0.09595789073557512,0.3511822556875933
236,6,8,1657438.75,606767.7243071994,411.71179941796765,"8928d549e9bffff, 8928d549117ffff, 8928d549103ffff, 8928d549163ffff, 8928d54910fffff, 8928d54917bffff",0.19763537482165855,0.42344490798300605
237,22,162,1166124.9938271604,433835.9376887224,583.0562448382273,"8928d54b38bffff, 8928d54b0abffff, 8928d54b003ffff, 8928d54b007ffff, 8928d54b02fffff, 8928d54b387ffff, 8928d54b1cbffff, 8928d54b383ffff, 8928d54b393ffff, 8928d54b0a3ffff, 8928d54b0afffff, 8928d54b02bffff, 8928d54b017ffff, 8928d54b03bffff, 8928d54b023ffff, 8928d54b00fffff, 8928d54b027ffff, 8928d54b0b7ffff, 8928d54b397ffff, 8928d54b0a7ffff, 8928d54b1dbffff, 8928d54b037ffff",0.07100515805390517,0.3708280920877926
238,25,72,2037886.111111111,830022.8051260525,696.0909309884693,"8928d54a20fffff, 8928d548407ffff, 8928d54a277ffff, 8928d5484abffff, 8928d54a35bffff, 8928d548487ffff, 8928d5484a3ffff, 8928d54848fffff, 8928d548497ffff, 8928d548493ffff, 8928d5484b3ffff, 8928d54a26fffff, 8928d548413ffff, 8928d548483ffff, 8928d54a34bffff, 8928d54a343ffff, 8928d5484bbffff, 8928d54a22fffff, 8928d5484b7ffff, 8928d5484afffff, 8928d54a20bffff, 8928d5484c3ffff, 8928d54848bffff, 8928d54a22bffff, 8928d5484c7ffff",0.10996288032017308,0.5246566674308495
239,28,53,1340811.3207547169,742154.7620377012,492.56115007479485,"8928d548277ffff, 8928d54825bffff, 8928d54827bffff, 8928d54952fffff, 8928d549583ffff, 8928d5491a7ffff, 8928d54950fffff, 8928d54956fffff, 8928d5491b7ffff, 8928d54824bffff, 8928d549197ffff, 8928d54918fffff, 8928d548243ffff, 8928d54824fffff, 8928d548263ffff, 8928d549193ffff, 8928d5491a3ffff, 8928d5491b3ffff, 8928d549527ffff, 8928d549cdbffff, 8928d54826bffff, 8928d549593ffff, 8928d549187ffff, 8928d549513ffff, 8928d549567ffff, 8928d549523ffff, 8928d5491afffff, 8928d548273ffff",0.13196852169848644,0.5835784532110404
240,18,43,1184047.4186046512,379484.01423678786,481.6097617632402,"8928d5482bbffff, 8928d54806bffff, 8928d5482b7ffff, 8928d5483d3ffff, 8928d548043ffff, 8928d54804fffff, 8928d5482afffff, 8928d5482a3ffff, 8928d548233ffff, 8928d54805bffff, 8928d5482abffff, 8928d548287ffff, 8928d5482a7ffff, 8928d54804bffff, 8928d5482b3ffff, 8928d548047ffff, 8928d5483cbffff, 8928d5483dbffff",0.07771788487897376,0.4135855463130194
241,16,34,1672436.7647058824,458278.76298628404,519.088136976593,"8928d54866bffff, 8928d54821bffff, 8928d54828bffff, 8928d54866fffff, 8928d5482cfffff, 8928d5482c7ffff, 8928d548213ffff, 8928d5495b7ffff, 8928d5482d7ffff, 8928d548203ffff, 8928d54867bffff, 8928d548663ffff, 8928d548217ffff, 8928d5482c3ffff, 8928d5482d3ffff, 8928d5495a7ffff",0.06716225710369607,0.382244095975033
242,13,30,1432883.3333333333,570336.2266145197,495.12785068308915,"8928d54862bffff, 8928d548623ffff, 8928d548637ffff, 8928d548627ffff, 8928d54860fffff, 8928d548667ffff, 8928d548297ffff, 8928d548293ffff, 8928d54862fffff, 8928d548677ffff, 8928d54829bffff, 8928d5480dbffff, 8928d548283ffff",0.13102916417802954,0.43754824009409754
243,25,90,2161409.4444444445,880468.194481854,565.9062798882746,"8928d548607ffff, 8928d54b12fffff, 8928d54846fffff, 8928d548447ffff, 8928d54844fffff, 8928d548697ffff, 8928d54846bffff, 8928d5486a3ffff, 8928d548617ffff, 8928d54847bffff, 8928d548463ffff, 8928d54845bffff, 8928d5486bbffff, 8928d548477ffff, 8928d5480d7ffff, 8928d5486b3ffff, 8928d548687ffff, 8928d5486abffff, 8928d5480d3ffff, 8928d548457ffff, 8928d5486b7ffff, 8928d5486a7ffff, 8928d54844bffff, 8928d548453ffff, 8928d5484cfffff",0.08673964125919348,0.4013423010553791
244,17,70,1752392.5142857144,1149148.890499458,545.5840275558306,"8928d54869bffff, 8928d548613ffff, 8928d54b337ffff, 8928d5486cbffff, 8928d54861bffff, 8928d54868bffff, 8928d548647ffff, 8928d54b167ffff, 8928d548683ffff, 8928d54b327ffff, 8928d5486c7ffff, 8928d5486d7ffff, 8928d5486d3ffff, 8928d5486c3ffff, 8928d54860bffff, 8928d5486cfffff, 8928d548657ffff",0.2698704706626038,0.9503651450492402
245,19,244,1064496.4549180327,366039.20323674433,566.1325200987823,"8928d54b3a7ffff, 8928d54b1cfffff, 8928d54b3b3ffff, 8928d54b153ffff, 8928d54b173ffff, 8928d54b14fffff, 8928d54b3b7ffff, 8928d54b10bffff, 8928d54b15bffff, 8928d54b157ffff, 8928d54b163ffff, 8928d54b147ffff, 8928d54b3bbffff, 8928d54b3a3ffff, 8928d54b143ffff, 8928d54b17bffff, 8928d54b11bffff, 8928d54b303ffff, 8928d54b317ffff",0.032886582234554734,0.18024069195639578
246,18,236,667581.9491525424,230008.80262161625,347.44489808304775,"8928d434a23ffff, 8928d434aabffff, 8928d434bdbffff, 8928d434a33ffff, 8928d434a37ffff, 8928d434bcbffff, 8928d434a2bffff, 8928d434a17ffff, 8928d434aafffff, 8928d434a03ffff, 8928d434a0fffff, 8928d434a3bffff, 8928d434a0bffff, 8928d434a27ffff, 8928d434a73ffff, 8928d434a77ffff, 8928d434a63ffff, 8928d434a07ffff",0.043644104800807784,0.29722808369723125
247,11,31,806667.7419354839,161090.6469664283,348.24906828590343,"8928d434ca7ffff, 8928d434dcbffff, 8928d434c27ffff, 8928d434c37ffff, 8928d434dd3ffff, 8928d434c33ffff, 8928d434ddbffff, 8928d434cb7ffff, 8928d434ca3ffff, 8928d436b4fffff, 8928d434cb3ffff",0.04407627264860184,0.2762099547118632
248,25,350,509782.46,113736.59627456189,351.02033597948264,"8928d434aa7ffff, 8928d434873ffff, 8928d434ab7ffff, 8928d434aa3ffff, 8928d43486fffff, 8928d434bd3ffff, 8928d434bc7ffff, 8928d43486bffff, 8928d434b8bffff, 8928d434bd7ffff, 8928d434863ffff, 8928d43484fffff, 8928d434bc3ffff, 8928d434abbffff, 8928d43480bffff, 8928d434b9bffff, 8928d43487bffff, 8928d434bcfffff, 8928d434b1bffff, 8928d434867ffff, 8928d434847ffff, 8928d434a87ffff, 8928d43480fffff, 8928d434877ffff, 8928d434ab3ffff",0.015768517269961035,0.1348972568443566
249,7,51,528498.8431372549,128054.98404160989,361.9746872015685,"8928d434b97ffff, 8928d434953ffff, 8928d434b83ffff, 8928d43495bffff, 8928d43482fffff, 8928d434827ffff, 8928d434b93ffff",0.06196075946580764,0.35000360625866495
250,15,121,666795.8842975206,134373.04503835275,306.88614457569525,"8928d5c961bffff, 8928d5c96cbffff, 8928d5c96c7ffff, 8928d5c968fffff, 8928d5c96d7ffff, 8928d5c96c3ffff, 8928d5c96d3ffff, 8928d434ba7ffff, 8928d5c968bffff, 8928d5c96cfffff, 8928d43496bffff, 8928d5c96dbffff, 8928d5c9617ffff, 8928d5c9613ffff, 8928d434b37ffff",0.02485171919298851,0.19229194586345286
251,15,184,607752.3913043478,148931.40339102695,304.1674595280767,"8928d43497bffff, 8928d434903ffff, 8928d43494bffff, 8928d43490bffff, 8928d43493bffff, 8928d434947ffff, 8928d434907ffff, 8928d434943ffff, 8928d43494fffff, 8928d434957ffff, 8928d43490fffff, 8928d43491bffff, 8928d434973ffff, 8928d434977ffff, 8928d434963ffff",0.02534844619900001,0.19931989528579183
252,13,72,786429.7222222222,183398.46502123473,320.21775348028393,"8928d434893ffff, 8928d434c67ffff, 8928d434c6fffff, 8928d434803ffff, 8928d434813ffff, 8928d4348c7ffff, 8928d434817ffff, 8928d43489bffff, 8928d43488fffff, 8928d4348d7ffff, 8928d434883ffff, 8928d434807ffff, 8928d43488bffff",0.03875307204200856,0.23540719121603043
253,11,36,729881.9444444445,168327.31142396093,319.98319646140925,"8928d4348cfffff, 8928d434e37ffff, 8928d4348dbffff, 8928d434e27ffff, 8928d434853ffff, 8928d4348cbffff, 8928d434857ffff, 8928d434e2fffff, 8928d43481bffff, 8928d4348c3ffff, 8928d43485bffff",0.08803554135701347,0.38682356173882393
254,9,26,645905.7692307692,243355.77245248723,387.2431835243164,"8928d434ea7ffff, 8928d434eb7ffff, 8928d434c73ffff, 8928d434c47ffff, 8928d434c6bffff, 8928d434c63ffff, 8928d434c77ffff, 8928d434ea3ffff, 8928d434c0fffff",0.11217427914093973,0.46800148098650735
255,11,91,588697.1208791209,134080.03393461858,276.20080651762635,"8928d434bb3ffff, 8928d434bafffff, 8928d434ba3ffff, 8928d434b07ffff, 8928d434bb7ffff, 8928d434bbbffff, 8928d434b87ffff, 8928d434b8fffff, 8928d434babffff, 8928d434b17ffff, 8928d434b33ffff",0.05491790261385965,0.25006016603958986
256,15,169,658172.7573964497,182331.11107073925,317.2826927916399,"8928d5c9687ffff, 8928d434933ffff, 8928d5c9693ffff, 8928d43492fffff, 8928d434927ffff, 8928d5c9683ffff, 8928d43492bffff, 8928d434923ffff, 8928d434937ffff, 8928d5c969bffff, 8928d5c9697ffff, 8928d5c944fffff, 8928d5c96b3ffff, 8928d434967ffff, 8928d5c944bffff",0.026013984192523522,0.2181571116248209
257,16,42,673711.9047619047,160420.6389648654,351.0667265415862,"8928d434d4bffff, 8928d434d53ffff, 8928d4348bbffff, 8928d43499bffff, 8928d4348a3ffff, 8928d434d43ffff, 8928d434897ffff, 8928d434d4fffff, 8928d434d6fffff, 8928d4349d3ffff, 8928d434d7bffff, 8928d4349d7ffff, 8928d4348b3ffff, 8928d4348a7ffff, 8928d434d5bffff, 8928d4348b7ffff",0.06328433157595527,0.393698938127455
258,21,107,1226362.6074766356,709198.5330842917,495.0546517470617,"8928d54e66bffff, 8928d54f5b7ffff, 8928d54e62fffff, 8928d54e28bffff, 8928d54f5a7ffff, 8928d54e2d3ffff, 8928d54e2c7ffff, 8928d54e663ffff, 8928d54e29bffff, 8928d54e283ffff, 8928d54e62bffff, 8928d54e28fffff, 8928d54e667ffff, 8928d54e293ffff, 8928d54e677ffff, 8928d54e2d7ffff, 8928d54e67bffff, 8928d54e213ffff, 8928d54e66fffff, 8928d54e623ffff, 8928d54e673ffff",0.13520173227650203,0.5477987091068158
259,20,134,1143625.052238806,388006.06674985285,506.8358845358802,"8928d54f56fffff, 8928d54f1d3ffff, 8928d54f1c3ffff, 8928d54f563ffff, 8928d54f57bffff, 8928d54f0abffff, 8928d54f573ffff, 8928d54f113ffff, 8928d54f0b7ffff, 8928d54f117ffff, 8928d54f1c7ffff, 8928d54f1d7ffff, 8928d54f0afffff, 8928d54f0bbffff, 8928d54f1dbffff, 8928d54f0a7ffff, 8928d54f0a3ffff, 8928d54f56bffff, 8928d54f18bffff, 8928d54f18fffff",0.04085013577623741,0.27781745162441734
260,27,265,1047898.9849056604,323990.73937284964,592.745916091073,"8928d541a67ffff, 8928d541b0bffff, 8928d541b53ffff, 8928d541b57ffff, 8928d54f49bffff, 8928d54f483ffff, 8928d541b43ffff, 8928d54f497ffff, 8928d54f4c7ffff, 8928d54f41bffff, 8928d54f493ffff, 8928d54f48bffff, 8928d54f403ffff, 8928d541b5bffff, 8928d541a2fffff, 8928d541a6fffff, 8928d541b4bffff, 8928d541b47ffff, 8928d54f487ffff, 8928d54f413ffff, 8928d54f4b3ffff, 8928d54f4d7ffff, 8928d541b4fffff, 8928d54f48fffff, 8928d541a2bffff, 8928d54f4bbffff, 8928d54f417ffff",0.051795392615192566,0.29298036987471404
261,35,254,1066246.8070866142,352403.96945307194,532.8931528651456,"8928d54e25bffff, 8928d54f5afffff, 8928d54f557ffff, 8928d54f527ffff, 8928d54f523ffff, 8928d54f5bbffff, 8928d54f52bffff, 8928d54f53bffff, 8928d54f513ffff, 8928d54f577ffff, 8928d54f58bffff, 8928d54f503ffff, 8928d54f5c3ffff, 8928d54f517ffff, 8928d54f51bffff, 8928d54e2cbffff, 8928d54f537ffff, 8928d54f5a3ffff, 8928d54f507ffff, 8928d54f533ffff, 8928d54f5abffff, 8928d54f50fffff, 8928d54f543ffff, 8928d54e2dbffff, 8928d54f58fffff, 8928d54e253ffff, 8928d54f5cfffff, 8928d54f55bffff, 8928d54f5c7ffff, 8928d54f5cbffff, 8928d54f50bffff, 8928d54f54bffff, 8928d54f52fffff, 8928d54e257ffff, 8928d54f553ffff",0.044450560417991024,0.2977090713865258
262,23,224,988712.6741071428,257382.64470691653,558.2118689906036,"8928d54a92fffff, 8928d54f443ffff, 8928d54a907ffff, 8928d54f4cfffff, 8928d54f453ffff, 8928d541a6bffff, 8928d54a927ffff, 8928d54f4c3ffff, 8928d54f457ffff, 8928d54a933ffff, 8928d54a9a3ffff, 8928d54f4d3ffff, 8928d54f4dbffff, 8928d54a9abffff, 8928d54f447ffff, 8928d54f4cbffff, 8928d54a9a7ffff, 8928d54a9b7ffff, 8928d54f45bffff, 8928d54a923ffff, 8928d54a937ffff, 8928d54a9afffff, 8928d54f44fffff",0.01829083815148616,0.1369133885011279
263,30,209,2016100.9090909092,1373553.7694229751,715.3758983764081,"8928d541857ffff, 8928d54180fffff, 8928d541863ffff, 8928d5418a7ffff, 8928d541823ffff, 8928d541847ffff, 8928d5418a3ffff, 8928d5419dbffff, 8928d54181bffff, 8928d54183bffff, 8928d5418b7ffff, 8928d54188fffff, 8928d5418abffff, 8928d54180bffff, 8928d541817ffff, 8928d541813ffff, 8928d541807ffff, 8928d541827ffff, 8928d541873ffff, 8928d541877ffff, 8928d5418afffff, 8928d54188bffff, 8928d541837ffff, 8928d5418bbffff, 8928d5419c3ffff, 8928d5418c7ffff, 8928d541887ffff, 8928d541803ffff, 8928d5419cbffff, 8928d541883ffff",0.09347467091858201,0.4199034616904937
264,23,228,1216754.9385964912,401341.49664223776,552.6333479915978,"8928d541b8bffff, 8928d541867ffff, 8928d541b13ffff, 8928d54182fffff, 8928d541bc7ffff, 8928d541b8fffff, 8928d541b1bffff, 8928d541bd7ffff, 8928d541b97ffff, 8928d541b17ffff, 8928d541bcfffff, 8928d541bd3ffff, 8928d541b03ffff, 8928d54186fffff, 8928d54182bffff, 8928d541b93ffff, 8928d54195bffff, 8928d541b9bffff, 8928d541b83ffff, 8928d541b87ffff, 8928d541bc3ffff, 8928d541bb3ffff, 8928d541bbbffff",0.038057739131936816,0.2432365871655988
265,25,187,1049001.192513369,291230.5368419247,517.253059265447,"8928d54f673ffff, 8928d54f603ffff, 8928d54f60fffff, 8928d54f677ffff, 8928d54f60bffff, 8928d54f6d3ffff, 8928d54f61bffff, 8928d54f607ffff, 8928d54f697ffff, 8928d54f6abffff, 8928d54f6c7ffff, 8928d54f6cfffff, 8928d54f68fffff, 8928d54f687ffff, 8928d54f683ffff, 8928d54f613ffff, 8928d54f68bffff, 8928d54f693ffff, 8928d54f6d7ffff, 8928d54f617ffff, 8928d54f657ffff, 8928d54f647ffff, 8928d54f6c3ffff, 8928d54f633ffff, 8928d54f69bffff",0.031870834234364,0.2255368533513139
266,16,45,1201760.6666666667,371529.92238640005,513.6700637230333,"8928d54f057ffff, 8928d54f0d7ffff, 8928d54f0cfffff, 8928d54f053ffff, 8928d54f08fffff, 8928d54f08bffff, 8928d54f047ffff, 8928d54f0dbffff, 8928d54f0cbffff, 8928d54f013ffff, 8928d54f043ffff, 8928d54f627ffff, 8928d54f017ffff, 8928d54f0c3ffff, 8928d54f0c7ffff, 8928d54f637ffff",0.06751849452294484,0.37118872908462736
267,40,391,1121342.104859335,380122.1279496345,561.9410079557284,"8928d541a53ffff, 8928d54a98fffff, 8928d54a99bffff, 8928d54ad4fffff, 8928d54a8b7ffff, 8928d54a9c7ffff, 8928d54ad6fffff, 8928d54a837ffff, 8928d541a4bffff, 8928d54ad6bffff, 8928d54a91bffff, 8928d54a9b3ffff, 8928d54ad7bffff, 8928d54a9d3ffff, 8928d54a9dbffff, 8928d54a987ffff, 8928d54a983ffff, 8928d54a8afffff, 8928d54a917ffff, 8928d54a9c3ffff, 8928d541a43ffff, 8928d54a98bffff, 8928d54a9cbffff, 8928d54ad63ffff, 8928d54a9d7ffff, 8928d54ad67ffff, 8928d54a903ffff, 8928d54a8a3ffff, 8928d54a913ffff, 8928d54a997ffff, 8928d54a9cfffff, 8928d54a8b3ffff, 8928d54a9bbffff, 8928d54a993ffff, 8928d54a833ffff, 8928d54a8bbffff, 8928d54a8abffff, 8928d541a5bffff, 8928d54a8a7ffff, 8928d54a887ffff",0.016744731459241092,0.1549295134185737
268,19,167,1127753.4431137724,403917.48646690673,507.16237152232776,"8928d54a943ffff, 8928d54a973ffff, 8928d54a947ffff, 8928d54a977ffff, 8928d54ab87ffff, 8928d54a92bffff, 8928d54a97bffff, 8928d54a93bffff, 8928d54a90fffff, 8928d54a963ffff, 8928d54a967ffff, 8928d54a96fffff, 8928d54abb3ffff, 8928d54a957ffff, 8928d54a94fffff, 8928d54abb7ffff, 8928d54a96bffff, 8928d54a94bffff, 8928d54aba3ffff",0.04480889537360608,0.3064459354713323
269,28,274,1043265.9744525547,369607.3116925012,592.1272931369833,"8928d541a47ffff, 8928d541aa3ffff, 8928d541aabffff, 8928d541ab7ffff, 8928d541a3bffff, 8928d541bcbffff, 8928d541aa7ffff, 8928d541a73ffff, 8928d541ab3ffff, 8928d541a27ffff, 8928d541bdbffff, 8928d54184fffff, 8928d541a17ffff, 8928d541a77ffff, 8928d541abbffff, 8928d541a37ffff, 8928d541aafffff, 8928d541a03ffff, 8928d541a0bffff, 8928d54186bffff, 8928d541a23ffff, 8928d541a87ffff, 8928d541a63ffff, 8928d54184bffff, 8928d541a33ffff, 8928d541a07ffff, 8928d541a7bffff, 8928d541a0fffff",0.029880053248619705,0.2504804637024453
270,26,132,1762494.5075757576,859394.2990316309,668.4872240925062,"8928d54194fffff, 8928d54196bffff, 8928d541957ffff, 8928d54190bffff, 8928d54e693ffff, 8928d541977ffff, 8928d541947ffff, 8928d541943ffff, 8928d541bb7ffff, 8928d541967ffff, 8928d54194bffff, 8928d54e69bffff, 8928d54e6d7ffff, 8928d54196fffff, 8928d54e6dbffff, 8928d541973ffff, 8928d541ba7ffff, 8928d54e6d3ffff, 8928d54190fffff, 8928d54197bffff, 8928d54e68bffff, 8928d541963ffff, 8928d54e68fffff, 8928d54191bffff, 8928d54e6c3ffff, 8928d541903ffff",0.10623746271569377,0.43967147361847475
271,30,321,1030073.9501557632,318645.5584022381,547.2646922436539,"8928d54f593ffff, 8928d54e64fffff, 8928d541b0fffff, 8928d54f5b3ffff, 8928d54e65bffff, 8928d54f4a7ffff, 8928d541b37ffff, 8928d541b23ffff, 8928d54f587ffff, 8928d541b63ffff, 8928d54f583ffff, 8928d541b7bffff, 8928d541b27ffff, 8928d541b6bffff, 8928d541b77ffff, 8928d541b2bffff, 8928d541b67ffff, 8928d54f597ffff, 8928d54f5d3ffff, 8928d54f5d7ffff, 8928d541b33ffff, 8928d541b6fffff, 8928d54f59bffff, 8928d54e64bffff, 8928d541b2fffff, 8928d54f4b7ffff, 8928d541b3bffff, 8928d541b73ffff, 8928d541b07ffff, 8928d54e643ffff",0.025837402947670944,0.17778659018071646
272,25,120,1503500.1333333333,499316.6654219867,510.7001872399256,"8928d54f46bffff, 8928d54f43bffff, 8928d54f437ffff, 8928d54f427ffff, 8928d54f5dbffff, 8928d54f40fffff, 8928d54f40bffff, 8928d54f46fffff, 8928d54f47bffff, 8928d54f42bffff, 8928d54f6a7ffff, 8928d54f42fffff, 8928d54f477ffff, 8928d54f6b7ffff, 8928d54f09bffff, 8928d54f4afffff, 8928d54f433ffff, 8928d54f407ffff, 8928d54f467ffff, 8928d54f093ffff, 8928d54f4abffff, 8928d54f473ffff, 8928d54f463ffff, 8928d54f0d3ffff, 8928d54f423ffff",0.07699987485877861,0.3753914332497678
273,12,83,1185205.746987952,376380.24183052685,556.2204647149771,"8928d54a50bffff, 8928d54a563ffff, 8928d54a577ffff, 8928d54a50fffff, 8928d54a547ffff, 8928d54a0b7ffff, 8928d54a557ffff, 8928d54a54fffff, 8928d54a56bffff, 8928d54a57bffff, 8928d54a573ffff, 8928d54a507ffff",0.07428684477876871,0.40475920943669985
274,19,128,1232982.2890625,378868.27510736557,632.1194540365902,"8928d54a18bffff, 8928d54a567ffff, 8928d54a187ffff, 8928d54a1c7ffff, 8928d54a1d7ffff, 8928d54a11bffff, 8928d54a18fffff, 8928d54a1bbffff, 8928d54a1b3ffff, 8928d54a56fffff, 8928d54a183ffff, 8928d54a19bffff, 8928d54a1d3ffff, 8928d54a197ffff, 8928d54a1c3ffff, 8928d54a1a3ffff, 8928d54a113ffff, 8928d54a193ffff, 8928d54a1dbffff",0.056843449976860166,0.32399392642144326
275,15,61,1361923.5737704919,507239.3249730319,649.7626992491797,"8928d54a07bffff, 8928d54a03bffff, 8928d54a2b3ffff, 8928d54a017ffff, 8928d54a0bbffff, 8928d54a02bffff, 8928d54a073ffff, 8928d54a047ffff, 8928d54a033ffff, 8928d54a077ffff, 8928d54a2a3ffff, 8928d54a007ffff, 8928d54a0afffff, 8928d54a00fffff, 8928d54a003ffff",0.08612014050062342,0.3597339001278296
276,13,40,1748041.25,686269.0970828698,512.8439918601443,"8928d548567ffff, 8928d548533ffff, 8928d548523ffff, 8928d548193ffff, 8928d54852bffff, 8928d548577ffff, 8928d548563ffff, 8928d548197ffff, 8928d54850fffff, 8928d548573ffff, 8928d54852fffff, 8928d54853bffff, 8928d548507ffff",0.052244178401667396,0.2691405956465847
277,11,67,1844884.014925373,558781.9038006593,578.5758780894365,"8928d54a12fffff, 8928d54ae93ffff, 8928d54ac5bffff, 8928d54ae97ffff, 8928d54ae83ffff, 8928d54ac4fffff, 8928d54ae9bffff, 8928d54ae87ffff, 8928d54aeb3ffff, 8928d54aebbffff, 8928d54ac4bffff",0.09365848465553855,0.4212149684373181
278,19,149,1289357.677852349,452395.88569084444,642.7492653956118,"8928d54a137ffff, 8928d54a10bffff, 8928d54a13bffff, 8928d54a10fffff, 8928d54a103ffff, 8928d54a12bffff, 8928d54a173ffff, 8928d54a123ffff, 8928d54a1abffff, 8928d54a1afffff, 8928d54a177ffff, 8928d54a133ffff, 8928d54a107ffff, 8928d54a127ffff, 8928d54a117ffff, 8928d54accfffff, 8928d54accbffff, 8928d54acdbffff, 8928d54a1a7ffff",0.07512837368830488,0.3800230806788281
279,15,50,1703405.0,972455.1114704473,659.902300442453,"8928d54aac7ffff, 8928d54aad7ffff, 8928d54aad3ffff, 8928d54aadbffff, 8928d54ae63ffff, 8928d5485a7ffff, 8928d5485afffff, 8928d54aac3ffff, 8928d54aa8bffff, 8928d54aa9bffff, 8928d54aacbffff, 8928d54ae67ffff, 8928d548537ffff, 8928d54aa13ffff, 8928d54ae6fffff",0.22638686340473838,0.9464932549117657
280,13,89,1866931.1460674158,477967.2199006569,580.8988549394962,"8928d54aec7ffff, 8928d54ae73ffff, 8928d54ae0bffff, 8928d54ae0fffff, 8928d54ae57ffff, 8928d54ae1bffff, 8928d54ae47ffff, 8928d54ae07ffff, 8928d54ae8bffff, 8928d54ae13ffff, 8928d54aed7ffff, 8928d54aec3ffff, 8928d54aecfffff",0.09429344313582493,0.5350512008905997
281,17,64,1517347.0625,391970.9671640584,648.1302456992687,"8928d54a31bffff, 8928d54a39bffff, 8928d54a02fffff, 8928d54a023ffff, 8928d54a15bffff, 8928d54a143ffff, 8928d54a393ffff, 8928d54a313ffff, 8928d54a153ffff, 8928d54a14bffff, 8928d54a147ffff, 8928d54a397ffff, 8928d54a027ffff, 8928d54a157ffff, 8928d54a387ffff, 8928d54a383ffff, 8928d54a30bffff",0.04670251596440754,0.3137058454035376
282,26,108,1525404.787037037,629998.8472696986,599.470868183349,"8928d54ae4bffff, 8928d5485b7ffff, 8928d5485d7ffff, 8928d548517ffff, 8928d54851bffff, 8928d5485bbffff, 8928d54ae5bffff, 8928d54a36fffff, 8928d54a32fffff, 8928d5485a3ffff, 8928d548593ffff, 8928d54a36bffff, 8928d54858bffff, 8928d54ae4fffff, 8928d5485abffff, 8928d548597ffff, 8928d54ae43ffff, 8928d5485d3ffff, 8928d5485c7ffff, 8928d548587ffff, 8928d54ae7bffff, 8928d548513ffff, 8928d54a367ffff, 8928d548583ffff, 8928d5485b3ffff, 8928d54858fffff",0.10077027957511021,0.5265269452776219
283,14,32,2237590.25,871373.9175847172,556.3737266069718,"8928d54ae27ffff, 8928d54aa93ffff, 8928d54ae2fffff, 8928d54aa87ffff, 8928d54a84fffff, 8928d54ae2bffff, 8928d54ae23ffff, 8928d54aa97ffff, 8928d54a853ffff, 8928d54aabbffff, 8928d54a85bffff, 8928d54aa8fffff, 8928d54a843ffff, 8928d54ae37ffff",0.06377378588180689,0.31086453362499994
284,19,141,1820272.8085106383,418503.16319625993,601.030692115083,"8928d54a3abffff, 8928d54a323ffff, 8928d54a327ffff, 8928d54a16fffff, 8928d54ae53ffff, 8928d54a163ffff, 8928d54aecbffff, 8928d54a16bffff, 8928d54a3a7ffff, 8928d54aed3ffff, 8928d54a337ffff, 8928d54a3a3ffff, 8928d54aedbffff, 8928d54a3afffff, 8928d54a3b7ffff, 8928d54a3b3ffff, 8928d54a17bffff, 8928d54a3bbffff, 8928d54a333ffff",0.022531106256286577,0.14772778631166095
285,3,4,725612.5,269238.85857867915,358.75165507931194,"8928d430a6bffff, 8928d430a7bffff, 8928d430a77ffff",-0.12135009854575274,0.5009018423939682
286,3,3,521666.6666666667,249209.86247649902,402.0666434459538,"8928d5c84c7ffff, 8928d5c8413ffff, 8928d5c841bffff",1.2795758928571428,2.006138392857143
287,69,106,863597.3679245283,251322.1639717814,374.3994619176355,"8928d4adbc7ffff, 8928d436647ffff, 8928d43667bffff, 8928d4adb0fffff, 8928d4ad923ffff, 8928d436657ffff, 8928d4adb1bffff, 8928d4ad937ffff, 8928d4ad933ffff, 8928d4adbc3ffff, 8928d4ad83bffff, 8928d4adaa3ffff, 8928d437523ffff, 8928d4adb03ffff, 8928d4adb57ffff, 8928d4375a7ffff, 8928d4375b3ffff, 8928d4adb0bffff, 8928d4adb47ffff, 8928d4adb77ffff, 8928d4adaafffff, 8928d4adb67ffff, 8928d4adba3ffff, 8928d4ad9abffff, 8928d4adb2fffff, 8928d4adb17ffff, 8928d4adb13ffff, 8928d4ad92fffff, 8928d4375abffff, 8928d4ada93ffff, 8928d437533ffff, 8928d4adbcfffff, 8928d437507ffff, 8928d4adb6bffff, 8928d4ad883ffff, 8928d4ad96bffff, 8928d437597ffff, 8928d4adab3ffff, 8928d437593ffff, 8928d4adb2bffff, 8928d4375bbffff, 8928d436673ffff, 8928d4366b3ffff, 8928d4adb33ffff, 8928d4adb53ffff, 8928d43647bffff, 8928d43752bffff, 8928d4ad863ffff, 8928d4adbcbffff, 8928d4ad903ffff, 8928d4ad9cfffff, 8928d4ad887ffff, 8928d4ad84fffff, 8928d43758fffff, 8928d4adb5bffff, 8928d4adaabffff, 8928d43752fffff, 8928d4ad93bffff, 8928d4adb27ffff, 8928d437517ffff, 8928d437503ffff, 8928d436653ffff, 8928d4ad8abffff, 8928d4ad86fffff, 8928d4ada87ffff, 8928d43753bffff, 8928d4ad907ffff, 8928d4adb23ffff, 8928d4375afffff",0.04888556443726287,0.3440851746375043
288,104,829,1526781.9686369118,748294.5346889519,782.8493817311358,"8928d558e07ffff, 8928d558e77ffff, 8928d558883ffff, 8928d558e03ffff, 8928d558ca3ffff, 8928d558c6fffff, 8928d558ebbffff, 8928d558c33ffff, 8928d55880fffff, 8928d558c4fffff, 8928d558c3bffff, 8928d558c63ffff, 8928d558833ffff, 8928d558e17ffff, 8928d55886fffff, 8928d558897ffff, 8928d558807ffff, 8928d558c6bffff, 8928d558e87ffff, 8928d55886bffff, 8928d55889bffff, 8928d558c23ffff, 8928d558c2bffff, 8928d558e33ffff, 8928d558c2fffff, 8928d558c07ffff, 8928d558cabffff, 8928d55888fffff, 8928d558a93ffff, 8928d558c67ffff, 8928d558a97ffff, 8928d558eb3ffff, 8928d558893ffff, 8928d558c0bffff, 8928d5588c7ffff, 8928d55883bffff, 8928d558c43ffff, 8928d558ab7ffff, 8928d558c17ffff, 8928d558847ffff, 8928d558c13ffff, 8928d5588c3ffff, 8928d558eb7ffff, 8928d5588cfffff, 8928d55882bffff, 8928d5588d3ffff, 8928d558877ffff, 8928d558817ffff, 8928d5588afffff, 8928d55884bffff, 8928d558cbbffff, 8928d55887bffff, 8928d5588dbffff, 8928d558e2fffff, 8928d558c03ffff, 8928d558813ffff, 8928d558e27ffff, 8928d558857ffff, 8928d55884fffff, 8928d558887ffff, 8928d558ea3ffff, 8928d558867ffff, 8928d558e37ffff, 8928d558c77ffff, 8928d558803ffff, 8928d558eafffff, 8928d558c7bffff, 8928d558d4bffff, 8928d558c0fffff, 8928d558c57ffff, 8928d558837ffff, 8928d55888bffff, 8928d558873ffff, 8928d5588b3ffff, 8928d55880bffff, 8928d5588abffff, 8928d5588a7ffff, 8928d558e3bffff, 8928d558ab3ffff, 8928d558ea7ffff, 8928d5588cbffff, 8928d558863ffff, 8928d558c8bffff, 8928d558853ffff, 8928d55885bffff, 8928d558bd3ffff, 8928d558c47ffff, 8928d558c1bffff, 8928d558eabffff, 8928d558e23ffff, 8928d558843ffff, 8928d558cafffff, 8928d558e2bffff, 8928d5588d7ffff, 8928d558c37ffff, 8928d558e0fffff, 8928d558cc7ffff, 8928d55881bffff, 8928d558e67ffff, 8928d558c4bffff, 8928d558823ffff, 8928d558c73ffff, 8928d558a87ffff, 8928d5588a3ffff",0.04275303560091218,0.25497157841848667
289,13,21,803473.8095238095,328154.40530156053,419.8138839830724,"8928d4225b3ffff, 8928d422537ffff, 8928d430b7bffff, 8928d4225afffff, 8928d430b3bffff, 8928d42259bffff, 8928d4225a3ffff, 8928d4225b7ffff, 8928d43566bffff, 8928d435663ffff, 8928d430b73ffff, 8928d4225d3ffff, 8928d4225bbffff",0.21047290473423136,0.6548483553812587
290,7,43,669684.8837209302,173133.3658997513,314.3874083634219,"8928d4adcabffff, 8928d4adc07ffff, 8928d4adcafffff, 8928d4adc33ffff, 8928d4adca7ffff, 8928d4adc0fffff, 8928d4adc3bffff",0.0590466358950747,0.3694226090827577
291,15,21,851420.9523809524,444603.2908742757,349.4412332922028,"8928d4ad427ffff, 8928d4ad503ffff, 8928d4ad543ffff, 8928d4ad50bffff, 8928d4ad54bffff, 8928d4ad55bffff, 8928d4ad553ffff, 8928d4ad5cfffff, 8928d4ad097ffff, 8928d4ad577ffff, 8928d4ad513ffff, 8928d4ac66bffff, 8928d4ad087ffff, 8928d4ad507ffff, 8928d4ad5c3ffff",0.1855905031597185,0.5422750757306046
292,14,19,724248.4210526316,340673.6222160775,365.0505646868194,"8928d4ad143ffff, 8928d4adedbffff, 8928d4adecbffff, 8928d4ad327ffff, 8928d4adec3ffff, 8928d4ad3b7ffff, 8928d4aded3ffff, 8928d4ad14fffff, 8928d4ad16fffff, 8928d4ad3b3ffff, 8928d4ad317ffff, 8928d4ade53ffff, 8928d4ad3a7ffff, 8928d4ade4bffff",0.19225931359188214,0.6295412281936084
293,7,15,715000.0,241719.67234794938,311.0350625971956,"8928d4ac057ffff, 8928d4ac003ffff, 8928d4ac04fffff, 8928d4ac00bffff, 8928d4ac05bffff, 8928d4ac2b7ffff, 8928d4ac01bffff",0.08115071411456941,0.3947644854138832
294,18,231,535796.5324675324,83936.65233775326,275.7250356705552,"8928d4ad187ffff, 8928d4ad1abffff, 8928d4ad1b3ffff, 8928d4ac24fffff, 8928d4ad1cbffff, 8928d4ac24bffff, 8928d4ac243ffff, 8928d4ad183ffff, 8928d4ad197ffff, 8928d4ad1c3ffff, 8928d4ad18bffff, 8928d4ad1d3ffff, 8928d4ad56fffff, 8928d4ad19bffff, 8928d4ad18fffff, 8928d4ad193ffff, 8928d4ad1c7ffff, 8928d4ad1d7ffff",0.009530944941677109,0.07037945977473928
295,14,20,758987.5,252953.7071654614,350.7926762799184,"8928d4ad4abffff, 8928d4af343ffff, 8928d4af347ffff, 8928d4af3cbffff, 8928d4af303ffff, 8928d4af36bffff, 8928d4af333ffff, 8928d4af323ffff, 8928d4af34fffff, 8928d4ad4b7ffff, 8928d4ad5dbffff, 8928d4ad5d3ffff, 8928d4af357ffff, 8928d4ad4afffff",0.04786320959871303,0.497530992413489
296,15,53,708110.7924528302,169668.91552449673,326.52358048844445,"8928d4ac313ffff, 8928d4ac33bffff, 8928d4adcb3ffff, 8928d4ac38bffff, 8928d4ac35bffff, 8928d4ac323ffff, 8928d4ac37bffff, 8928d4ac3abffff, 8928d4ac30fffff, 8928d4ac34fffff, 8928d4ac357ffff, 8928d4ac30bffff, 8928d4ac067ffff, 8928d4ac34bffff, 8928d4ac307ffff",0.053013002345977424,0.31826226399661023
297,23,307,539740.1628664496,154504.9515262531,340.5207137492345,"8928d4adcc3ffff, 8928d4adcc7ffff, 8928d4adccfffff, 8928d4adcd3ffff, 8928d4adc1bffff, 8928d4adccbffff, 8928d4ac26fffff, 8928d4adc03ffff, 8928d4adc8fffff, 8928d4adc83ffff, 8928d4adcd7ffff, 8928d4adc13ffff, 8928d4adc17ffff, 8928d4adcdbffff, 8928d4adc9bffff, 8928d4ac267ffff, 8928d4ad127ffff, 8928d4adc8bffff, 8928d4adc87ffff, 8928d4adc93ffff, 8928d4ad137ffff, 8928d4ac26bffff, 8928d4adc97ffff",0.03553420785677497,0.20933327674170316
298,14,18,822883.2777777778,250042.0754334948,428.74685551401245,"8928d4add8bffff, 8928d4add97ffff, 8928d4ac367ffff, 8928d4add2bffff, 8928d4ace4bffff, 8928d4add63ffff, 8928d4add93ffff, 8928d4ace5bffff, 8928d4add8fffff, 8928d4add83ffff, 8928d4add9bffff, 8928d4add33ffff, 8928d4ad997ffff, 8928d4add87ffff",0.08501420771741572,0.4955871006132539
299,14,145,570591.1931034483,134188.65580149088,308.7178978306468,"8928d4ac223ffff, 8928d4ac277ffff, 8928d4ac237ffff, 8928d4ac227ffff, 8928d4ac233ffff, 8928d4ac263ffff, 8928d4ac22fffff, 8928d4ac273ffff, 8928d4ac22bffff, 8928d4ac2afffff, 8928d4ac3cbffff, 8928d4ac23bffff, 8928d4ac20bffff, 8928d4ac2abffff",0.03215822596054478,0.2406918439133546
300,24,158,515361.63924050634,162441.84458680055,361.1317518730049,"8928d4adc5bffff, 8928d4adc4bffff, 8928d4adc43ffff, 8928d4adc53ffff, 8928d4adc57ffff, 8928d4ade97ffff, 8928d4adeafffff, 8928d4adc4fffff, 8928d4adebbffff, 8928d4adc0bffff, 8928d4adc7bffff, 8928d4adc73ffff, 8928d4ad8dbffff, 8928d4ad8d7ffff, 8928d4adea3ffff, 8928d4ade87ffff, 8928d4adeb3ffff, 8928d4adc47ffff, 8928d4ade07ffff, 8928d4adea7ffff, 8928d4adc6bffff, 8928d4adeb7ffff, 8928d4ade93ffff, 8928d4adeabffff",0.035644293756251215,0.26924259044336557
301,3,3,1196666.6666666667,214527.90546272116,311.2273357722476,"8928d0861dbffff, 8928d0861c7ffff, 8928d0861cbffff",0.2190934065934066,0.209478021978022
302,3,4,903750.0,236415.28609630978,421.9962922461139,"8928d4284a7ffff, 8928d4284a3ffff, 8928d4285d3ffff",0.30344855967078194,0.5925418257861065
303,139,910,1453937.3252747252,561351.6695240469,547.2338021950137,"8928d5513afffff, 8928d55156fffff, 8928d55103bffff, 8928d551123ffff, 8928d551e9bffff, 8928d551177ffff, 8928d551167ffff, 8928d551193ffff, 8928d5510b7ffff, 8928d551e93ffff, 8928d551ecfffff, 8928d551317ffff, 8928d55101bffff, 8928d55112fffff, 8928d551e97ffff, 8928d551ecbffff, 8928d551023ffff, 8928d5510abffff, 8928d5513a7ffff, 8928d55114bffff, 8928d551e83ffff, 8928d551547ffff, 8928d55116bffff, 8928d551567ffff, 8928d551573ffff, 8928d551153ffff, 8928d5513b3ffff, 8928d55117bffff, 8928d5513bbffff, 8928d55116fffff, 8928d5510b3ffff, 8928d551043ffff, 8928d551113ffff, 8928d55100bffff, 8928d5513abffff, 8928d5513b7ffff, 8928d551e8bffff, 8928d5510bbffff, 8928d55113bffff, 8928d55105bffff, 8928d55114fffff, 8928d5511c7ffff, 8928d55154fffff, 8928d5511c3ffff, 8928d5511d3ffff, 8928d551563ffff, 8928d55109bffff, 8928d551327ffff, 8928d551073ffff, 8928d551ed7ffff, 8928d551057ffff, 8928d55104fffff, 8928d55162fffff, 8928d551387ffff, 8928d551037ffff, 8928d55102fffff, 8928d551163ffff, 8928d551383ffff, 8928d551627ffff, 8928d55115bffff, 8928d551323ffff, 8928d551143ffff, 8928d5511cfffff, 8928d551027ffff, 8928d551013ffff, 8928d551e53ffff, 8928d551147ffff, 8928d55106fffff, 8928d551e17ffff, 8928d5513a3ffff, 8928d551397ffff, 8928d5510afffff, 8928d551053ffff, 8928d55108bffff, 8928d551047ffff, 8928d551003ffff, 8928d551ec3ffff, 8928d551033ffff, 8928d551333ffff, 8928d551117ffff, 8928d551edbffff, 8928d5511cbffff, 8928d551577ffff, 8928d551063ffff, 8928d55108fffff, 8928d5511dbffff, 8928d551307ffff, 8928d551337ffff, 8928d551173ffff, 8928d55157bffff, 8928d5510a3ffff, 8928d55138fffff, 8928d551107ffff, 8928d551083ffff, 8928d55111bffff, 8928d551e13ffff, 8928d551007ffff, 8928d551463ffff, 8928d551133ffff, 8928d551543ffff, 8928d551ec7ffff, 8928d551077ffff, 8928d551ed3ffff, 8928d551157ffff, 8928d551297ffff, 8928d551e8fffff, 8928d55156bffff, 8928d551677ffff, 8928d551663ffff, 8928d5510cbffff, 8928d551087ffff, 8928d551667ffff, 8928d5510dbffff, 8928d5511d7ffff, 8928d55152bffff, 8928d551623ffff, 8928d55107bffff, 8928d5510c7ffff, 8928d55146bffff, 8928d5510d3ffff, 8928d5510c3ffff, 8928d5510cfffff, 8928d5516a3ffff, 8928d5510d7ffff, 8928d55146fffff, 8928d551293ffff, 8928d5516a7ffff, 8928d55110fffff, 8928d55162bffff, 8928d55110bffff, 8928d55112bffff, 8928d551637ffff, 8928d55166fffff, 8928d5510a7ffff, 8928d5516b7ffff, 8928d55153bffff, 8928d551103ffff, 8928d551017ffff, 8928d55118bffff",0.022408540990458994,0.1719236259809634
304,1,1,200000.0,0.0,273.972602739726,8928d40662bffff,,
305,1,1,720000.0,0.0,303.7974683544304,8928d4a897bffff,,
306,118,224,992729.7053571428,456639.1808543805,470.46174690323886,"8928d094e27ffff, 8928d094a97ffff, 8928d095d33ffff, 8928d09438bffff, 8928d09412fffff, 8928d094803ffff, 8928d096a6fffff, 8928d094cc7ffff, 8928d09406bffff, 8928d094ccbffff, 8928d0948dbffff, 8928d094cd3ffff, 8928d09402fffff, 8928d0943cfffff, 8928d094cc3ffff, 8928d0941a7ffff, 8928d0941b7ffff, 8928d094163ffff, 8928d0943c7ffff, 8928d094eabffff, 8928d094ec7ffff, 8928d094117ffff, 8928d0948c7ffff, 8928d09480bffff, 8928d09487bffff, 8928d094c53ffff, 8928d094c5bffff, 8928d096b47ffff, 8928d0941afffff, 8928d094c4fffff, 8928d0941a3ffff, 8928d094c0bffff, 8928d0943d3ffff, 8928d094463ffff, 8928d094c83ffff, 8928d094ecfffff, 8928d096a6bffff, 8928d094817ffff, 8928d0943bbffff, 8928d0946a7ffff, 8928d094cdbffff, 8928d09431bffff, 8928d094aabffff, 8928d094e77ffff, 8928d09416bffff, 8928d094873ffff, 8928d0948d3ffff, 8928d094127ffff, 8928d094e2fffff, 8928d094eb7ffff, 8928d095d07ffff, 8928d094e0bffff, 8928d096a43ffff, 8928d094197ffff, 8928d09430bffff, 8928d096a7bffff, 8928d096a4bffff, 8928d094ad7ffff, 8928d096a47ffff, 8928d094a17ffff, 8928d094107ffff, 8928d094e97ffff, 8928d095d6bffff, 8928d094c73ffff, 8928d096a53ffff, 8928d094c43ffff, 8928d094e87ffff, 8928d09481bffff, 8928d094a1bffff, 8928d094393ffff, 8928d09413bffff, 8928d094e1bffff, 8928d094063ffff, 8928d094c1bffff, 8928d09438fffff, 8928d095da7ffff, 8928d094eb3ffff, 8928d094ea3ffff, 8928d095dabffff, 8928d094c97ffff, 8928d094bc3ffff, 8928d094137ffff, 8928d095d3bffff, 8928d094bd3ffff, 8928d094093ffff, 8928d094c7bffff, 8928d094293ffff, 8928d094a23ffff, 8928d094cb3ffff, 8928d094a9bffff, 8928d09488fffff, 8928d094a87ffff, 8928d0943a3ffff, 8928d0943dbffff, 8928d094843ffff, 8928d094e03ffff, 8928d096b5bffff, 8928d094cbbffff, 8928d094ccfffff, 8928d096a67ffff, 8928d0940c3ffff, 8928d09598fffff, 8928d094bdbffff, 8928d094ebbffff, 8928d096a77ffff, 8928d094edbffff, 8928d096a5bffff, 8928d094c93ffff, 8928d095d37ffff, 8928d094c9bffff, 8928d0941c3ffff, 8928d094c4bffff, 8928d094043ffff, 8928d094313ffff, 8928d094103ffff, 8928d09409bffff, 8928d0943a7ffff, 8928d094397ffff",0.09679069791304984,0.49280297849005184
307,36,368,813996.2146739131,248232.2277096833,555.3485194538229,"8928d540b0fffff, 8928d540b23ffff, 8928d540b6bffff, 8928d540b63ffff, 8928d54e553ffff, 8928d54e5c7ffff, 8928d54e51bffff, 8928d54e5c3ffff, 8928d54e517ffff, 8928d540b67ffff, 8928d54e593ffff, 8928d54e50bffff, 8928d54e5cbffff, 8928d54e58bffff, 8928d540b73ffff, 8928d540b6fffff, 8928d54e573ffff, 8928d54e5d3ffff, 8928d54e5d7ffff, 8928d540b2bffff, 8928d54e587ffff, 8928d540b3bffff, 8928d54e503ffff, 8928d54e59bffff, 8928d540b2fffff, 8928d54e58fffff, 8928d540b77ffff, 8928d54e557ffff, 8928d54e547ffff, 8928d54e513ffff, 8928d54e5bbffff, 8928d54e5cfffff, 8928d54e4a7ffff, 8928d54e583ffff, 8928d54e597ffff, 8928d54e5dbffff",0.01982754247897031,0.19332951831114698
308,35,256,775833.9765625,204734.8631928074,499.51269594485166,"8928d545353ffff, 8928d545343ffff, 8928d54535bffff, 8928d54ec13ffff, 8928d54ec87ffff, 8928d54ecc7ffff, 8928d54526fffff, 8928d545267ffff, 8928d545273ffff, 8928d54e1a7ffff, 8928d54eccfffff, 8928d54ec9bffff, 8928d54ec93ffff, 8928d545263ffff, 8928d54ecd7ffff, 8928d54ec8bffff, 8928d54534bffff, 8928d54ecbbffff, 8928d54ecc3ffff, 8928d54ecb3ffff, 8928d54527bffff, 8928d54ecd3ffff, 8928d54526bffff, 8928d54e1b7ffff, 8928d54ecabffff, 8928d545357ffff, 8928d54ec83ffff, 8928d54eca3ffff, 8928d545277ffff, 8928d54ecb7ffff, 8928d54ecdbffff, 8928d54522bffff, 8928d54ec17ffff, 8928d54534fffff, 8928d54ec8fffff",0.03070573332182253,0.30936364090898977
309,45,275,885132.1527272727,285879.07374687184,468.18307626518873,"8928d54e327ffff, 8928d54c58bffff, 8928d54e323ffff, 8928d54c593ffff, 8928d54e3abffff, 8928d54ee43ffff, 8928d54c597ffff, 8928d54ee47ffff, 8928d54e363ffff, 8928d54c5b7ffff, 8928d54c5a3ffff, 8928d54e303ffff, 8928d54c5d7ffff, 8928d54e333ffff, 8928d54e32fffff, 8928d54c58fffff, 8928d54e377ffff, 8928d54c5bbffff, 8928d54c5c7ffff, 8928d54c5a7ffff, 8928d54e317ffff, 8928d54c587ffff, 8928d54c513ffff, 8928d54e30fffff, 8928d54e313ffff, 8928d54e33bffff, 8928d54e36fffff, 8928d54ee5bffff, 8928d54e337ffff, 8928d54ee4bffff, 8928d54c583ffff, 8928d54c5b3ffff, 8928d54e307ffff, 8928d54e367ffff, 8928d54ee6bffff, 8928d54c59bffff, 8928d54e373ffff, 8928d54e32bffff, 8928d54e30bffff, 8928d54c5d3ffff, 8928d54e36bffff, 8928d54c517ffff, 8928d54ee4fffff, 8928d54c5abffff, 8928d54ee7bffff",0.026636059663066765,0.21475711789645696
310,26,253,916631.1699604744,529634.5580641216,526.1676801553718,"8928d54e42bffff, 8928d54e433ffff, 8928d54e093ffff, 8928d54e473ffff, 8928d54e43bffff, 8928d54e55bffff, 8928d54e0d7ffff, 8928d54e46fffff, 8928d54e54fffff, 8928d54e083ffff, 8928d54e437ffff, 8928d54e427ffff, 8928d54e40fffff, 8928d54e08fffff, 8928d54e0b3ffff, 8928d54e08bffff, 8928d54e463ffff, 8928d54e54bffff, 8928d54e42fffff, 8928d54e467ffff, 8928d54e423ffff, 8928d54e543ffff, 8928d54e477ffff, 8928d54e09bffff, 8928d54e097ffff, 8928d54e087ffff",0.11098462098981696,0.5554776857402088
311,26,272,738752.5110294118,197197.45876828383,526.1146016345954,"8928d545667ffff, 8928d54e5a7ffff, 8928d545217ffff, 8928d5452d7ffff, 8928d54521bffff, 8928d545203ffff, 8928d545257ffff, 8928d5452c7ffff, 8928d54528bffff, 8928d5452c3ffff, 8928d545243ffff, 8928d54e537ffff, 8928d5452cfffff, 8928d5452dbffff, 8928d545253ffff, 8928d54529bffff, 8928d545213ffff, 8928d5452d3ffff, 8928d54566fffff, 8928d54520fffff, 8928d54528fffff, 8928d54520bffff, 8928d545247ffff, 8928d5452cbffff, 8928d545207ffff, 8928d54e5afffff",0.026185002912091866,0.1908846820086877
312,35,244,758941.5983606557,220863.47647042276,514.0125002976663,"8928d54ee83ffff, 8928d54ee1bffff, 8928d54ee8fffff, 8928d54ee03ffff, 8928d54ee0fffff, 8928d54eecfffff, 8928d54ee57ffff, 8928d54eedbffff, 8928d54ee17ffff, 8928d54ee0bffff, 8928d54ee2fffff, 8928d54ee67ffff, 8928d54ee77ffff, 8928d54eed3ffff, 8928d54ee13ffff, 8928d54ee8bffff, 8928d54ee73ffff, 8928d54ee2bffff, 8928d54ea93ffff, 8928d54eea3ffff, 8928d54ee33ffff, 8928d54ee23ffff, 8928d54eeafffff, 8928d54ee53ffff, 8928d54ee63ffff, 8928d54ee37ffff, 8928d54ee07ffff, 8928d54eec7ffff, 8928d54eec3ffff, 8928d54ea97ffff, 8928d54eeabffff, 8928d54eecbffff, 8928d54eed7ffff, 8928d54ee3bffff, 8928d54eebbffff",0.024596805084326177,0.19150909940968447
313,35,246,790126.5487804879,242967.7348664505,524.8676989000087,"8928d54e3bbffff, 8928d54e17bffff, 8928d54e147ffff, 8928d54e107ffff, 8928d54e163ffff, 8928d54e12bffff, 8928d54e15bffff, 8928d54e143ffff, 8928d54e173ffff, 8928d54e387ffff, 8928d54e10bffff, 8928d54e127ffff, 8928d54e14fffff, 8928d54e1afffff, 8928d54e1abffff, 8928d54e13bffff, 8928d54e177ffff, 8928d54eccbffff, 8928d54e3a7ffff, 8928d54e103ffff, 8928d54e16bffff, 8928d54ee93ffff, 8928d54e16fffff, 8928d54e123ffff, 8928d54e3b7ffff, 8928d54e133ffff, 8928d54e137ffff, 8928d54e10fffff, 8928d54e3b3ffff, 8928d54ee9bffff, 8928d54e12fffff, 8928d54e14bffff, 8928d54e3afffff, 8928d54e167ffff, 8928d54e3a3ffff",0.029047792264370917,0.22758023660241253
314,24,178,822310.6292134832,248516.67168454893,515.7132405708629,"8928d54560bffff, 8928d54e5b3ffff, 8928d540b27ffff, 8928d545657ffff, 8928d5456cfffff, 8928d545647ffff, 8928d54564fffff, 8928d545643ffff, 8928d545663ffff, 8928d54e5b7ffff, 8928d54565bffff, 8928d54e5a3ffff, 8928d54560fffff, 8928d54561bffff, 8928d545607ffff, 8928d54566bffff, 8928d54564bffff, 8928d545673ffff, 8928d545653ffff, 8928d54567bffff, 8928d5456cbffff, 8928d545677ffff, 8928d545603ffff, 8928d540b37ffff",0.04097129150965381,0.29525936863149094
315,17,127,1157903.3700787402,471156.9207440893,505.4932156224715,"8928d54f10bffff, 8928d54f147ffff, 8928d54f037ffff, 8928d54f143ffff, 8928d54f14fffff, 8928d54f153ffff, 8928d54f14bffff, 8928d54f397ffff, 8928d54f023ffff, 8928d54f027ffff, 8928d54f15bffff, 8928d54f10fffff, 8928d54f3b7ffff, 8928d54f103ffff, 8928d54f02fffff, 8928d54f157ffff, 8928d54f3b3ffff",0.08333412851458748,0.43322494009384527
316,19,166,795761.686746988,188339.80376701645,516.3660594242441,"8928d54ec4fffff, 8928d54ec4bffff, 8928d54ec47ffff, 8928d54ec5bffff, 8928d54ec77ffff, 8928d54ec63ffff, 8928d54eeb3ffff, 8928d54ee97ffff, 8928d54ec03ffff, 8928d54ec53ffff, 8928d54ec73ffff, 8928d54ec0bffff, 8928d54eeb7ffff, 8928d54ec43ffff, 8928d54ec67ffff, 8928d54ec7bffff, 8928d54ec0fffff, 8928d54ec57ffff, 8928d54ee87ffff",0.0275049695869608,0.20881677053926967
317,19,126,937416.1904761905,284790.24980135134,458.9761352784699,"8928d54c437ffff, 8928d54c4abffff, 8928d54c477ffff, 8928d54c43bffff, 8928d54c42bffff, 8928d54c433ffff, 8928d54c403ffff, 8928d54c5cbffff, 8928d54c5cfffff, 8928d54c427ffff, 8928d54c4b7ffff, 8928d54c40fffff, 8928d54c5dbffff, 8928d54c423ffff, 8928d54c5c3ffff, 8928d54c4a3ffff, 8928d54c4a7ffff, 8928d54c4afffff, 8928d54c407ffff",0.055301207594652325,0.31099190837990076
318,33,183,1135671.6775956284,673417.535248134,566.0638143565085,"8928d54e0afffff, 8928d54e06fffff, 8928d54e033ffff, 8928d54e0a7ffff, 8928d54e1dbffff, 8928d54e0bbffff, 8928d54e3d7ffff, 8928d54e06bffff, 8928d54e023ffff, 8928d54e02fffff, 8928d54e027ffff, 8928d54e003ffff, 8928d54e0a3ffff, 8928d54e067ffff, 8928d54e007ffff, 8928d54e017ffff, 8928d54e3d3ffff, 8928d54e02bffff, 8928d54e03bffff, 8928d54e39bffff, 8928d54e00fffff, 8928d54e1cbffff, 8928d54e077ffff, 8928d54e063ffff, 8928d54e383ffff, 8928d54e0b7ffff, 8928d54e393ffff, 8928d54e073ffff, 8928d54e38bffff, 8928d54e037ffff, 8928d54e397ffff, 8928d54e153ffff, 8928d54e0abffff",0.12623777952825802,0.5910463442224974
319,20,138,755042.1811594203,211972.82479287309,551.5807282031311,"8928d54e1a3ffff, 8928d54e187ffff, 8928d54e563ffff, 8928d54e1bbffff, 8928d54e183ffff, 8928d54e56fffff, 8928d54e19bffff, 8928d54e197ffff, 8928d54e113ffff, 8928d54e117ffff, 8928d54e193ffff, 8928d54e56bffff, 8928d54e18fffff, 8928d54e567ffff, 8928d54e57bffff, 8928d54e52fffff, 8928d54e18bffff, 8928d54e1b3ffff, 8928d54525bffff, 8928d54524bffff",0.05190315332124008,0.324765153012929
320,39,292,1036891.8972602739,292816.75681988697,449.13966372258676,"8928d54f12fffff, 8928d54c45bffff, 8928d54c69bffff, 8928d54c443ffff, 8928d54c697ffff, 8928d54f123ffff, 8928d54c6d3ffff, 8928d54c4cfffff, 8928d54f167ffff, 8928d54c44fffff, 8928d54c4c7ffff, 8928d54f127ffff, 8928d54c683ffff, 8928d54c4c3ffff, 8928d54c41bffff, 8928d54c457ffff, 8928d54f1afffff, 8928d54f3afffff, 8928d54f137ffff, 8928d54c473ffff, 8928d54f13bffff, 8928d54f12bffff, 8928d54f3a7ffff, 8928d54f1abffff, 8928d54c47bffff, 8928d54c4dbffff, 8928d54c453ffff, 8928d54c4cbffff, 8928d54c44bffff, 8928d54c40bffff, 8928d54f133ffff, 8928d54f1a3ffff, 8928d54f177ffff, 8928d54f163ffff, 8928d54c693ffff, 8928d54f16bffff, 8928d54f16fffff, 8928d54c687ffff, 8928d54c447ffff",0.02849216922683812,0.2020316883117919
321,34,184,1065875.8369565217,320782.5860224755,470.99007335204544,"8928d54e267ffff, 8928d54c4d3ffff, 8928d54e3dbffff, 8928d54e263ffff, 8928d54e3c7ffff, 8928d54c483ffff, 8928d54c49bffff, 8928d54e343ffff, 8928d54c48fffff, 8928d54c493ffff, 8928d54e227ffff, 8928d54e3cfffff, 8928d54e237ffff, 8928d54e353ffff, 8928d54e26fffff, 8928d54c413ffff, 8928d54e34bffff, 8928d54e34fffff, 8928d54c417ffff, 8928d54c48bffff, 8928d54e357ffff, 8928d54e22fffff, 8928d54e3cbffff, 8928d54e22bffff, 8928d54c497ffff, 8928d54e347ffff, 8928d54c4b3ffff, 8928d54c4bbffff, 8928d54e31bffff, 8928d54e3c3ffff, 8928d54e35bffff, 8928d54c487ffff, 8928d54e26bffff, 8928d54c4d7ffff",0.061791300395123074,0.4081258413076514
322,120,297,1027109.6734006734,471537.8563178279,423.90073317256946,"8928d424e37ffff, 8928d424bc7ffff, 8928d42416fffff, 8928d424ed7ffff, 8928d4248d7ffff, 8928d424c1bffff, 8928d42413bffff, 8928d42412bffff, 8928d424e3bffff, 8928d424e93ffff, 8928d424e8fffff, 8928d4241c3ffff, 8928d424a77ffff, 8928d424e97ffff, 8928d424177ffff, 8928d424eb7ffff, 8928d425d87ffff, 8928d424c03ffff, 8928d4243afffff, 8928d424857ffff, 8928d4241c7ffff, 8928d424b8bffff, 8928d424b13ffff, 8928d424cc7ffff, 8928d424147ffff, 8928d424c53ffff, 8928d424157ffff, 8928d425db3ffff, 8928d424e0bffff, 8928d424e67ffff, 8928d424e53ffff, 8928d424e73ffff, 8928d424e63ffff, 8928d4248c3ffff, 8928d424e2fffff, 8928d424c63ffff, 8928d424c77ffff, 8928d424ecfffff, 8928d42484fffff, 8928d4241cfffff, 8928d424e7bffff, 8928d424c67ffff, 8928d42411bffff, 8928d4243b3ffff, 8928d424c13ffff, 8928d4241cbffff, 8928d42410bffff, 8928d424ebbffff, 8928d424eb3ffff, 8928d42410fffff, 8928d424c73ffff, 8928d42417bffff, 8928d424173ffff, 8928d4241dbffff, 8928d424bb3ffff, 8928d4243a7ffff, 8928d424e5bffff, 8928d424e2bffff, 8928d424e03ffff, 8928d424ea3ffff, 8928d4248dbffff, 8928d424c57ffff, 8928d424e6bffff, 8928d425db7ffff, 8928d424163ffff, 8928d424e87ffff, 8928d424ecbffff, 8928d424e1bffff, 8928d424107ffff, 8928d424ad3ffff, 8928d425da3ffff, 8928d424edbffff, 8928d4248cbffff, 8928d424b03ffff, 8928d424c0bffff, 8928d4241d7ffff, 8928d424e17ffff, 8928d424e83ffff, 8928d424e57ffff, 8928d424337ffff, 8928d424037ffff, 8928d424c6fffff, 8928d424a37ffff, 8928d424e4bffff, 8928d424c6bffff, 8928d424c47ffff, 8928d424c7bffff, 8928d424eabffff, 8928d424e77ffff, 8928d42486fffff, 8928d424aa3ffff, 8928d424b87ffff, 8928d42486bffff, 8928d425dbbffff, 8928d424ec3ffff, 8928d424e43ffff, 8928d4240afffff, 8928d424e4fffff, 8928d424eafffff, 8928d424143ffff, 8928d424b17ffff, 8928d424e8bffff, 8928d424bbbffff, 8928d424ea7ffff, 8928d42484bffff, 8928d424ec7ffff, 8928d42412fffff, 8928d4241d3ffff, 8928d424babffff, 8928d424bafffff, 8928d424123ffff, 8928d424bcfffff, 8928d4248cfffff, 8928d424c5bffff, 8928d424ba7ffff, 8928d424ed3ffff, 8928d424b33ffff, 8928d424ccfffff, 8928d424847ffff, 8928d4248d3ffff",0.05946893307090992,0.31652597978509595
323,148,1031,777632.7390882638,219608.9435919098,350.50402141484386,"8928d4269d7ffff, 8928d426d03ffff, 8928d426ebbffff, 8928d4261c7ffff, 8928d42616fffff, 8928d426dd7ffff, 8928d42695bffff, 8928d426953ffff, 8928d426dcfffff, 8928d426963ffff, 8928d426b9bffff, 8928d426973ffff, 8928d426dabffff, 8928d426bd7ffff, 8928d42682bffff, 8928d42680fffff, 8928d426bd3ffff, 8928d426b8bffff, 8928d426eabffff, 8928d426d1bffff, 8928d4269d3ffff, 8928d426803ffff, 8928d4269dbffff, 8928d42697bffff, 8928d426d0fffff, 8928d426957ffff, 8928d426877ffff, 8928d426833ffff, 8928d426b93ffff, 8928d426997ffff, 8928d4268a7ffff, 8928d5c9a5bffff, 8928d426d6fffff, 8928d42683bffff, 8928d426d23ffff, 8928d5c9acbffff, 8928d42690bffff, 8928d4261cfffff, 8928d42694fffff, 8928d426d27ffff, 8928d42681bffff, 8928d4268afffff, 8928d426d83ffff, 8928d42686fffff, 8928d4268abffff, 8928d426d2bffff, 8928d426943ffff, 8928d5c9adbffff, 8928d426947ffff, 8928d5c9367ffff, 8928d426d9bffff, 8928d42680bffff, 8928d426d2fffff, 8928d4268bbffff, 8928d426873ffff, 8928d426867ffff, 8928d42699bffff, 8928d426e33ffff, 8928d426dc3ffff, 8928d426d57ffff, 8928d426807ffff, 8928d426d8bffff, 8928d426e8fffff, 8928d426dbbffff, 8928d426817ffff, 8928d426d17ffff, 8928d426823ffff, 8928d426813ffff, 8928d42682fffff, 8928d5c9363ffff, 8928d426153ffff, 8928d426863ffff, 8928d426d33ffff, 8928d426d13ffff, 8928d426d6bffff, 8928d426eafffff, 8928d426d47ffff, 8928d426827ffff, 8928d426993ffff, 8928d426d3bffff, 8928d42618fffff, 8928d426d37ffff, 8928d426a83ffff, 8928d42688fffff, 8928d4263b7ffff, 8928d426a87ffff, 8928d4269c3ffff, 8928d426dcbffff, 8928d5c9a53ffff, 8928d426a97ffff, 8928d426e07ffff, 8928d426e2bffff, 8928d42687bffff, 8928d426d43ffff, 8928d4261bbffff, 8928d426e83ffff, 8928d426dd3ffff, 8928d426dc7ffff, 8928d426b83ffff, 8928d4261c3ffff, 8928d4268a3ffff, 8928d426d77ffff, 8928d426d0bffff, 8928d4268b7ffff, 8928d426d8fffff, 8928d426e23ffff, 8928d426d07ffff, 8928d426e87ffff, 8928d42696bffff, 8928d4261cbffff, 8928d42694bffff, 8928d4263abffff, 8928d426e3bffff, 8928d426037ffff, 8928d426b97ffff, 8928d426dafffff, 8928d426d73ffff, 8928d42614fffff, 8928d426bc3ffff, 8928d426983ffff, 8928d426a93ffff, 8928d426157ffff, 8928d426e27ffff, 8928d426bcbffff, 8928d4268cbffff, 8928d426ab7ffff, 8928d4263a7ffff, 8928d426e03ffff, 8928d426853ffff, 8928d426bdbffff, 8928d426d7bffff, 8928d426aa7ffff, 8928d42686bffff, 8928d426e17ffff, 8928d426ed7ffff, 8928d426d4fffff, 8928d426e37ffff, 8928d426e9bffff, 8928d5c936fffff, 8928d426ec3ffff, 8928d426d67ffff, 8928d426eb3ffff, 8928d42684bffff, 8928d426e8bffff, 8928d426d63ffff, 8928d42684fffff, 8928d42616bffff, 8928d426e2fffff",0.012544304143237758,0.09090425886505164
324,98,189,976093.2275132275,487066.0242174469,411.11103449759804,"8928d4271b3ffff, 8928d4271a7ffff, 8928d424513ffff, 8928d426a4bffff, 8928d42711bffff, 8928d42756fffff, 8928d4262cfffff, 8928d42458bffff, 8928d424497ffff, 8928d424587ffff, 8928d4262cbffff, 8928d426acfffff, 8928d424197ffff, 8928d426a43ffff, 8928d426223ffff, 8928d4263d3ffff, 8928d4245a7ffff, 8928d4263dbffff, 8928d426a5bffff, 8928d427167ffff, 8928d424577ffff, 8928d4271d3ffff, 8928d426357ffff, 8928d4262a7ffff, 8928d4245bbffff, 8928d426e7bffff, 8928d426a47ffff, 8928d42702fffff, 8928d426adbffff, 8928d424523ffff, 8928d4245abffff, 8928d4263cbffff, 8928d426323ffff, 8928d424533ffff, 8928d42639bffff, 8928d4245b3ffff, 8928d424597ffff, 8928d424693ffff, 8928d426e4fffff, 8928d42449bffff, 8928d4245d3ffff, 8928d4244c3ffff, 8928d42448bffff, 8928d42712fffff, 8928d426267ffff, 8928d426ad3ffff, 8928d4273afffff, 8928d427023ffff, 8928d426e5bffff, 8928d427193ffff, 8928d42620bffff, 8928d427523ffff, 8928d4244c7ffff, 8928d427397ffff, 8928d4244b3ffff, 8928d427103ffff, 8928d426a53ffff, 8928d4271afffff, 8928d42452fffff, 8928d427567ffff, 8928d4244d3ffff, 8928d42718fffff, 8928d4263cfffff, 8928d42452bffff, 8928d426213ffff, 8928d42714fffff, 8928d4246d7ffff, 8928d4263c3ffff, 8928d427393ffff, 8928d427123ffff, 8928d42632fffff, 8928d424527ffff, 8928d426203ffff, 8928d427383ffff, 8928d427187ffff, 8928d426acbffff, 8928d4244cbffff, 8928d426347ffff, 8928d426353ffff, 8928d424537ffff, 8928d4245a3ffff, 8928d42625bffff, 8928d426067ffff, 8928d4244b7ffff, 8928d42756bffff, 8928d4271d7ffff, 8928d42638fffff, 8928d42713bffff, 8928d4273a7ffff, 8928d4273b7ffff, 8928d424447ffff, 8928d42712bffff, 8928d427133ffff, 8928d42632bffff, 8928d42631bffff, 8928d42626bffff, 8928d427197ffff, 8928d4271abffff",0.09787542049257239,0.5120059506967435
325,8,40,625234.375,113210.86833420357,324.8998087714959,"8928d435527ffff, 8928d434253ffff, 8928d4342cfffff, 8928d434213ffff, 8928d434257ffff, 8928d434203ffff, 8928d43421bffff, 8928d4342cbffff",0.019550070365861594,0.12282081610611492
326,1,1,360000.0,0.0,514.2857142857143,8928d0d2e93ffff,,
327,87,137,1018812.9124087591,544325.1137795198,574.4241703529216,"8928d5ce303ffff, 8928d5cc503ffff, 8928d5cc5a7ffff, 8928d5ce327ffff, 8928d5ce3b7ffff, 8928d5ce13bffff, 8928d5cc4bbffff, 8928d5ce32fffff, 8928d5cc5dbffff, 8928d5cc4dbffff, 8928d5ced47ffff, 8928d5c5227ffff, 8928d5cc4a3ffff, 8928d5ce3a3ffff, 8928d5ce527ffff, 8928d5cc597ffff, 8928d5cc58fffff, 8928d5ce1a3ffff, 8928d5cc4abffff, 8928d5ce3bbffff, 8928d5cc4d7ffff, 8928d5cee87ffff, 8928d5cee83ffff, 8928d5cc51bffff, 8928d5cc427ffff, 8928d5ce677ffff, 8928d5ceecbffff, 8928d5c5223ffff, 8928d5ceadbffff, 8928d5ce667ffff, 8928d5ce62bffff, 8928d5cc533ffff, 8928d5ce3a7ffff, 8928d5cf1a7ffff, 8928d5ce623ffff, 8928d5ce8d7ffff, 8928d5cecb3ffff, 8928d5cee8fffff, 8928d5ce1bbffff, 8928d5ced43ffff, 8928d5cee4fffff, 8928d5cc5bbffff, 8928d5cee5bffff, 8928d5ceec7ffff, 8928d5ce297ffff, 8928d5cec37ffff, 8928d5c52cfffff, 8928d5cecc7ffff, 8928d5ce133ffff, 8928d5ceea3ffff, 8928d5cee53ffff, 8928d5cec2bffff, 8928d5ce1a7ffff, 8928d5ce62fffff, 8928d5cc593ffff, 8928d5ce293ffff, 8928d5ce26bffff, 8928d5cc517ffff, 8928d5c522fffff, 8928d5ce3c7ffff, 8928d5cc59bffff, 8928d5cee47ffff, 8928d5ce30bffff, 8928d5ceeafffff, 8928d5cc5d7ffff, 8928d5cc4b3ffff, 8928d5ce34bffff, 8928d5ce263ffff, 8928d5ce337ffff, 8928d5cc4c3ffff, 8928d5ce16bffff, 8928d5ce20fffff, 8928d5ce2a7ffff, 8928d5ce317ffff, 8928d5cc48bffff, 8928d5ce1b7ffff, 8928d5cc5a3ffff, 8928d5cc5cbffff, 8928d5c526bffff, 8928d5ceedbffff, 8928d5cec13ffff, 8928d5ce21bffff, 8928d5ce163ffff, 8928d5cee4bffff, 8928d5ce31bffff, 8928d5cc5cfffff, 8928d5ce3b3ffff",0.13426116855208173,0.6716598984043542
328,5,11,1490454.6363636365,629279.0785974163,536.8835078573543,"8928d428947ffff, 8928d428973ffff, 8928d428943ffff, 8928d428957ffff, 8928d42894fffff",0.14229399266556025,0.2789184887168548
329,19,181,1706969.2872928176,407382.1298228622,493.7395571629179,"8928d5594bbffff, 8928d5594abffff, 8928d5594afffff, 8928d5594a3ffff, 8928d55941bffff, 8928d559403ffff, 8928d55943bffff, 8928d55940fffff, 8928d559433ffff, 8928d559423ffff, 8928d55940bffff, 8928d559413ffff, 8928d559407ffff, 8928d55948fffff, 8928d559417ffff, 8928d559473ffff, 8928d559477ffff, 8928d559427ffff, 8928d55942bffff",0.02082972901139587,0.14625574876076616
330,20,99,1516394.3333333333,410833.6117198393,547.4917760908382,"8928d55b3a7ffff, 8928d55b3abffff, 8928d55868bffff, 8928d5586d3ffff, 8928d55869bffff, 8928d55868fffff, 8928d55b16bffff, 8928d55b3a3ffff, 8928d55861bffff, 8928d5586c3ffff, 8928d558613ffff, 8928d5586c7ffff, 8928d55b16fffff, 8928d5586cfffff, 8928d55b3afffff, 8928d5586dbffff, 8928d5586d7ffff, 8928d55b167ffff, 8928d558657ffff, 8928d5586cbffff",0.03673620144800087,0.3199388275684444
331,23,163,1686152.3067484663,586830.4784387622,587.2845737936182,"8928d55b373ffff, 8928d55b36bffff, 8928d55b30bffff, 8928d5594b7ffff, 8928d55b307ffff, 8928d55b313ffff, 8928d55b31bffff, 8928d55b347ffff, 8928d55b317ffff, 8928d55b3cfffff, 8928d55b353ffff, 8928d55b30fffff, 8928d559497ffff, 8928d55b37bffff, 8928d55b343ffff, 8928d55b34bffff, 8928d55b35bffff, 8928d55b303ffff, 8928d55b357ffff, 8928d559487ffff, 8928d5594b3ffff, 8928d55b34fffff, 8928d55b377ffff",0.04677946768277524,0.28226135019358506
332,25,208,1522815.2115384615,579105.2897812441,546.5418320173108,"8928d55b327ffff, 8928d55865bffff, 8928d559517ffff, 8928d5595abffff, 8928d559597ffff, 8928d55864fffff, 8928d55864bffff, 8928d5595bbffff, 8928d558643ffff, 8928d55b32fffff, 8928d55958fffff, 8928d55b36fffff, 8928d5595afffff, 8928d55958bffff, 8928d558653ffff, 8928d55b323ffff, 8928d55b32bffff, 8928d559593ffff, 8928d5595b7ffff, 8928d5595a3ffff, 8928d5595b3ffff, 8928d559587ffff, 8928d55b367ffff, 8928d559583ffff, 8928d55959bffff",0.05030654744372359,0.30970437363414804
333,20,115,1482000.7304347826,531552.0114663135,563.4110170385615,"8928d55b3dbffff, 8928d55b063ffff, 8928d55b3d3ffff, 8928d55b3d7ffff, 8928d55b07bffff, 8928d55b3c3ffff, 8928d55b2afffff, 8928d55b3cbffff, 8928d55b06bffff, 8928d55b06fffff, 8928d55b237ffff, 8928d55b3c7ffff, 8928d55b223ffff, 8928d55b073ffff, 8928d55b2a7ffff, 8928d55b00bffff, 8928d55b01bffff, 8928d55b053ffff, 8928d55b04fffff, 8928d55b0c7ffff",0.058978117303056306,0.3697853166100991
334,15,130,1212619.2307692308,271312.79736642155,610.3929701957157,"8928d55b02bffff, 8928d55b03bffff, 8928d55b067ffff, 8928d55b397ffff, 8928d55b033ffff, 8928d55b38fffff, 8928d55b383ffff, 8928d55b387ffff, 8928d55b02fffff, 8928d55b023ffff, 8928d55b077ffff, 8928d55b00fffff, 8928d55b393ffff, 8928d55b38bffff, 8928d55b007ffff",0.0229866221104793,0.14977279391984666
335,25,116,1735581.4655172413,494577.97258989216,503.39762173061547,"8928d55b5abffff, 8928d55b18fffff, 8928d55b52fffff, 8928d55b5afffff, 8928d55a66bffff, 8928d55b533ffff, 8928d55a25bffff, 8928d55b527ffff, 8928d55b193ffff, 8928d55b507ffff, 8928d55b53bffff, 8928d55b50fffff, 8928d55b523ffff, 8928d55b197ffff, 8928d55a24bffff, 8928d55b503ffff, 8928d55a243ffff, 8928d55b183ffff, 8928d55b537ffff, 8928d55b52bffff, 8928d55b1b7ffff, 8928d55b187ffff, 8928d55b577ffff, 8928d55a257ffff, 8928d55a26bffff",0.04065576423148274,0.27509341282757205
336,17,154,1340427.3506493506,389355.8975007702,556.1615802195388,"8928d55b19bffff, 8928d55b1cbffff, 8928d55b56fffff, 8928d55b037ffff, 8928d55b0b7ffff, 8928d55b0afffff, 8928d55b1dbffff, 8928d55b027ffff, 8928d55b1c3ffff, 8928d55b0a7ffff, 8928d55b56bffff, 8928d55b563ffff, 8928d55b57bffff, 8928d55b1d3ffff, 8928d55b1d7ffff, 8928d55b567ffff, 8928d55b0a3ffff",0.02552718503247226,0.18808722761540755
337,15,118,1369055.847457627,397715.46578036423,517.7112834994821,"8928d5582d3ffff, 8928d559537ffff, 8928d5582dbffff, 8928d5582c3ffff, 8928d55866fffff, 8928d55829bffff, 8928d5582d7ffff, 8928d558283ffff, 8928d5582cfffff, 8928d559527ffff, 8928d5595a7ffff, 8928d55866bffff, 8928d5582cbffff, 8928d55828bffff, 8928d558253ffff",0.05165838013343758,0.29294405534246243
338,19,135,1391959.637037037,503917.4756868592,550.9720051335893,"8928d55b163ffff, 8928d55b153ffff, 8928d55b14fffff, 8928d55b1cfffff, 8928d55b3b3ffff, 8928d55b11bffff, 8928d55b107ffff, 8928d55b117ffff, 8928d55b147ffff, 8928d55b157ffff, 8928d55b3b7ffff, 8928d55b17bffff, 8928d55b14bffff, 8928d55b1c7ffff, 8928d55b10fffff, 8928d55b143ffff, 8928d55b1abffff, 8928d55b10bffff, 8928d55b173ffff",0.06502253108731085,0.32211071139797876
339,30,107,1833691.3271028036,606327.9569728533,560.1051965718748,"8928d55824fffff, 8928d559183ffff, 8928d55824bffff, 8928d5591c3ffff, 8928d559533ffff, 8928d559523ffff, 8928d559187ffff, 8928d55902fffff, 8928d55915bffff, 8928d558243ffff, 8928d5591d7ffff, 8928d55957bffff, 8928d5590b7ffff, 8928d5591b3ffff, 8928d559023ffff, 8928d55952fffff, 8928d559397ffff, 8928d55956bffff, 8928d55953bffff, 8928d55952bffff, 8928d558273ffff, 8928d55950fffff, 8928d55956fffff, 8928d559567ffff, 8928d558247ffff, 8928d559197ffff, 8928d55919bffff, 8928d5591cbffff, 8928d559193ffff, 8928d5590a7ffff",0.06104036576500691,0.3076829322968116
340,14,105,1834012.2095238096,465416.0643301288,474.1281518569828,"8928d559493ffff, 8928d55948bffff, 8928d55949bffff, 8928d559483ffff, 8928d5594d7ffff, 8928d55b267ffff, 8928d55b263ffff, 8928d5594c3ffff, 8928d5594c7ffff, 8928d55b26fffff, 8928d55b277ffff, 8928d5594d3ffff, 8928d55b273ffff, 8928d55b26bffff",0.02462020324607238,0.1686865379795507
341,10,50,1954762.74,899042.1047803224,585.0456092574466,"8928d559107ffff, 8928d559103ffff, 8928d5591bbffff, 8928d55913bffff, 8928d559177ffff, 8928d559113ffff, 8928d55918fffff, 8928d5591abffff, 8928d559117ffff, 8928d55910fffff",0.17721181768626365,0.5722256097030135
342,2,4,669500.0,164812.77256329378,467.960372960373,"8928d099477ffff, 8928d099473ffff",0.1396734700471252,0.459287931508172
343,23,38,1218652.6315789474,537769.5842854526,555.5221854010383,"8928d42e84fffff, 8928d42e8cbffff, 8928d42ee27ffff, 8928d42e823ffff, 8928d42ee33ffff, 8928d42e80fffff, 8928d42e147ffff, 8928d42ee37ffff, 8928d42e02fffff, 8928d42e88fffff, 8928d42e143ffff, 8928d42e027ffff, 8928d42e167ffff, 8928d42e9dbffff, 8928d42e14bffff, 8928d42ee23ffff, 8928d42e833ffff, 8928d42eebbffff, 8928d42e157ffff, 8928d42e8c7ffff, 8928d42e8abffff, 8928d42e153ffff, 8928d42ee83ffff",0.1486385457364561,0.57721500653914
344,132,318,1159920.2012578617,409942.9195461284,433.2501428828786,"8928d42463bffff, 8928d425577ffff, 8928d425c87ffff, 8928d4254afffff, 8928d424267ffff, 8928d4255d3ffff, 8928d425c17ffff, 8928d42558bffff, 8928d425c93ffff, 8928d42551bffff, 8928d425c97ffff, 8928d4255c3ffff, 8928d4242cbffff, 8928d4255a7ffff, 8928d425537ffff, 8928d42552fffff, 8928d427343ffff, 8928d42425bffff, 8928d425587ffff, 8928d4255a3ffff, 8928d42462bffff, 8928d425197ffff, 8928d425567ffff, 8928d425517ffff, 8928d425c8fffff, 8928d425193ffff, 8928d425c83ffff, 8928d4243cbffff, 8928d42431bffff, 8928d425503ffff, 8928d425533ffff, 8928d425513ffff, 8928d424353ffff, 8928d424243ffff, 8928d424227ffff, 8928d424297ffff, 8928d42552bffff, 8928d42542fffff, 8928d42558fffff, 8928d424237ffff, 8928d42550fffff, 8928d4242cfffff, 8928d4254a7ffff, 8928d42428fffff, 8928d4255abffff, 8928d42550bffff, 8928d424273ffff, 8928d425cb3ffff, 8928d425187ffff, 8928d4255cfffff, 8928d424253ffff, 8928d4255d7ffff, 8928d425523ffff, 8928d424647ffff, 8928d4251a3ffff, 8928d42461bffff, 8928d425543ffff, 8928d425527ffff, 8928d4242c7ffff, 8928d42422bffff, 8928d425583ffff, 8928d4246b7ffff, 8928d4250b7ffff, 8928d4255c7ffff, 8928d424357ffff, 8928d425c07ffff, 8928d424677ffff, 8928d42736fffff, 8928d424637ffff, 8928d42421bffff, 8928d425573ffff, 8928d42467bffff, 8928d425507ffff, 8928d4242d3ffff, 8928d42435bffff, 8928d425563ffff, 8928d42434bffff, 8928d424223ffff, 8928d4240dbffff, 8928d4273cbffff, 8928d42426fffff, 8928d42519bffff, 8928d425cdbffff, 8928d424257ffff, 8928d425c73ffff, 8928d42553bffff, 8928d4242dbffff, 8928d425557ffff, 8928d4255bbffff, 8928d425487ffff, 8928d425cd3ffff, 8928d424053ffff, 8928d424663ffff, 8928d4251b7ffff, 8928d4254a3ffff, 8928d425c3bffff, 8928d4254b7ffff, 8928d427373ffff, 8928d42464bffff, 8928d42424bffff, 8928d425553ffff, 8928d42555bffff, 8928d4242c3ffff, 8928d425cc3ffff, 8928d42734bffff, 8928d42422fffff, 8928d424627ffff, 8928d424277ffff, 8928d424633ffff, 8928d42460fffff, 8928d424263ffff, 8928d42430fffff, 8928d42420fffff, 8928d42404bffff, 8928d4251abffff, 8928d42734fffff, 8928d4254b3ffff, 8928d425cb7ffff, 8928d42462fffff, 8928d4246a3ffff, 8928d42420bffff, 8928d424667ffff, 8928d4255afffff, 8928d42405bffff, 8928d424283ffff, 8928d42557bffff, 8928d425597ffff, 8928d424043ffff, 8928d424377ffff, 8928d425133ffff, 8928d42466bffff, 8928d425593ffff",0.01311269623572268,0.1739322814041632
345,4,7,727928.5714285715,250438.24852951398,477.91550727211734,"8928d5c50d7ffff, 8928d5c5607ffff, 8928d5c5627ffff, 8928d5c50dbffff",0.23695824096632498,0.49393960374175866
346,100,693,901616.6204906205,286475.04814251396,398.54399425310635,"8928d549473ffff, 8928d549477ffff, 8928d54b277ffff, 8928d549463ffff, 8928d094937ffff, 8928d54940fffff, 8928d0949abffff, 8928d5494cbffff, 8928d086527ffff, 8928d094dbbffff, 8928d54946fffff, 8928d0949a3ffff, 8928d09493bffff, 8928d54944bffff, 8928d54940bffff, 8928d0949afffff, 8928d5494dbffff, 8928d094967ffff, 8928d09492fffff, 8928d094927ffff, 8928d5494cfffff, 8928d549697ffff, 8928d54941bffff, 8928d54969bffff, 8928d549687ffff, 8928d086573ffff, 8928d094973ffff, 8928d094977ffff, 8928d549403ffff, 8928d549693ffff, 8928d54945bffff, 8928d5490d3ffff, 8928d549453ffff, 8928d086587ffff, 8928d549263ffff, 8928d0949c7ffff, 8928d549447ffff, 8928d094923ffff, 8928d086563ffff, 8928d54946bffff, 8928d094933ffff, 8928d549413ffff, 8928d0949bbffff, 8928d09496fffff, 8928d08658fffff, 8928d549457ffff, 8928d086503ffff, 8928d094d33ffff, 8928d09492bffff, 8928d54947bffff, 8928d0949d3ffff, 8928d094d0fffff, 8928d54944fffff, 8928d094917ffff, 8928d094d37ffff, 8928d5496b3ffff, 8928d0865b3ffff, 8928d08653bffff, 8928d549467ffff, 8928d086517ffff, 8928d094d0bffff, 8928d54b2cfffff, 8928d54b66bffff, 8928d0949a7ffff, 8928d094d63ffff, 8928d094d87ffff, 8928d5490d7ffff, 8928d549657ffff, 8928d5494c7ffff, 8928d549603ffff, 8928d5496d3ffff, 8928d5496a3ffff, 8928d094983ffff, 8928d54909bffff, 8928d0949dbffff, 8928d549443ffff, 8928d5496d7ffff, 8928d54b663ffff, 8928d094903ffff, 8928d54967bffff, 8928d094913ffff, 8928d5494d7ffff, 8928d54948bffff, 8928d54b26fffff, 8928d0949c3ffff, 8928d09498fffff, 8928d54b29bffff, 8928d54966bffff, 8928d094d73ffff, 8928d5492c3ffff, 8928d094dcfffff, 8928d0948a7ffff, 8928d08654fffff, 8928d5492cbffff, 8928d54b66fffff, 8928d086597ffff, 8928d5494c3ffff, 8928d5492cfffff, 8928d54964fffff, 8928d549483ffff",0.008953170597583198,0.12071701612530114
347,128,724,4427085.415745856,2593898.9492435968,1884.673260905612,"8928d5406cbffff, 8928d54312fffff, 8928d5431c3ffff, 8928d5406dbffff, 8928d54060bffff, 8928d540657ffff, 8928d5431cbffff, 8928d5431c7ffff, 8928d54302bffff, 8928d5433afffff, 8928d540653ffff, 8928d5431dbffff, 8928d5433b7ffff, 8928d54224fffff, 8928d543307ffff, 8928d5406b7ffff, 8928d54338bffff, 8928d54339bffff, 8928d5431d7ffff, 8928d54224bffff, 8928d5431cfffff, 8928d5430a7ffff, 8928d54318fffff, 8928d543387ffff, 8928d5431d3ffff, 8928d5431b7ffff, 8928d54352bffff, 8928d543153ffff, 8928d543193ffff, 8928d543393ffff, 8928d5433a3ffff, 8928d54319bffff, 8928d54314bffff, 8928d543157ffff, 8928d54311bffff, 8928d540453ffff, 8928d543197ffff, 8928d543397ffff, 8928d54310bffff, 8928d543037ffff, 8928d54338fffff, 8928d540683ffff, 8928d543137ffff, 8928d54315bffff, 8928d5430afffff, 8928d540697ffff, 8928d5433abffff, 8928d54316fffff, 8928d543077ffff, 8928d5406a3ffff, 8928d54356bffff, 8928d543313ffff, 8928d54044fffff, 8928d540687ffff, 8928d543183ffff, 8928d543333ffff, 8928d5406cfffff, 8928d543173ffff, 8928d5406b3ffff, 8928d5433a7ffff, 8928d543027ffff, 8928d5433c7ffff, 8928d5404cbffff, 8928d54064fffff, 8928d543067ffff, 8928d5433bbffff, 8928d543113ffff, 8928d54044bffff, 8928d5431b3ffff, 8928d54045bffff, 8928d5433b3ffff, 8928d5431afffff, 8928d543303ffff, 8928d543147ffff, 8928d540647ffff, 8928d54310fffff, 8928d543127ffff, 8928d543167ffff, 8928d543103ffff, 8928d54317bffff, 8928d543317ffff, 8928d540443ffff, 8928d54314fffff, 8928d543337ffff, 8928d54068bffff, 8928d5406d7ffff, 8928d54302fffff, 8928d543187ffff, 8928d5406c3ffff, 8928d54331bffff, 8928d543023ffff, 8928d543177ffff, 8928d543063ffff, 8928d54316bffff, 8928d5430b7ffff, 8928d54069bffff, 8928d540607ffff, 8928d5415b7ffff, 8928d54356fffff, 8928d54318bffff, 8928d540673ffff, 8928d5406d3ffff, 8928d5431a7ffff, 8928d543323ffff, 8928d543327ffff, 8928d5431a3ffff, 8928d54063bffff, 8928d540693ffff, 8928d54313bffff, 8928d543163ffff, 8928d5404dbffff, 8928d543577ffff, 8928d54306fffff, 8928d543567ffff, 8928d5406c7ffff, 8928d5406a7ffff, 8928d54333bffff, 8928d54067bffff, 8928d54312bffff, 8928d54068fffff, 8928d5404c3ffff, 8928d540643ffff, 8928d54061bffff, 8928d543107ffff, 8928d543117ffff, 8928d5430a3ffff, 8928d54303bffff, 8928d54062bffff",0.0304128838648187,0.2820636845070909
348,32,618,746464.995145631,209943.6026556358,275.5879293845398,"8928d4346afffff, 8928d43408fffff, 8928d434093ffff, 8928d434087ffff, 8928d434637ffff, 8928d43442fffff, 8928d434017ffff, 8928d434083ffff, 8928d43408bffff, 8928d434627ffff, 8928d43409bffff, 8928d4340bbffff, 8928d434097ffff, 8928d43446fffff, 8928d434467ffff, 8928d434427ffff, 8928d4340d3ffff, 8928d4340cbffff, 8928d434463ffff, 8928d43446bffff, 8928d4346b3ffff, 8928d4346b7ffff, 8928d43444fffff, 8928d434477ffff, 8928d434473ffff, 8928d434447ffff, 8928d43440fffff, 8928d4346a7ffff, 8928d43444bffff, 8928d4340dbffff, 8928d4340c3ffff, 8928d434423ffff",0.019698812268933805,0.16958879292828413
349,21,36,1048037.5555555555,371764.2798321752,480.56812377600704,"8928d0860cfffff, 8928d094b7bffff, 8928d086013ffff, 8928d086083ffff, 8928d08608fffff, 8928d0864bbffff, 8928d086057ffff, 8928d0865d3ffff, 8928d0860d7ffff, 8928d08648fffff, 8928d094b43ffff, 8928d0865dbffff, 8928d08608bffff, 8928d094b47ffff, 8928d086003ffff, 8928d08600bffff, 8928d086093ffff, 8928d094b4fffff, 8928d0864a3ffff, 8928d08643bffff, 8928d08601bffff",0.14664173866573393,0.5618267722002688
350,36,250,497421.228,112046.65464475063,318.7351659886389,"8928d5d9dbbffff, 8928d5d8a9bffff, 8928d5d9db7ffff, 8928d5d8e3bffff, 8928d5d9da3ffff, 8928d5d8e37ffff, 8928d5d8e67ffff, 8928d5d9dabffff, 8928d5d8e47ffff, 8928d5d8e2bffff, 8928d5d8e03ffff, 8928d5d9d17ffff, 8928d5d8e53ffff, 8928d5d8e4fffff, 8928d5d8e57ffff, 8928d5d9d0fffff, 8928d5d8e77ffff, 8928d5d8e33ffff, 8928d5d8e23ffff, 8928d5d8e7bffff, 8928d5d8e07ffff, 8928d5d9d8fffff, 8928d5d8ecfffff, 8928d5d8e43ffff, 8928d5d8e63ffff, 8928d5d9d87ffff, 8928d5d8e1bffff, 8928d5d8e17ffff, 8928d5d8e73ffff, 8928d5d8e0fffff, 8928d5d8e6bffff, 8928d5d8e0bffff, 8928d5d9db3ffff, 8928d5d8a93ffff, 8928d5d9da7ffff, 8928d5d8e6fffff",0.014404288868507767,0.17184005652725615
351,26,102,579402.7450980392,208576.6493015376,369.18781501301703,"8928d5d8b3bffff, 8928d5d8b33ffff, 8928d5d8b6fffff, 8928d5d8b73ffff, 8928d5d8b63ffff, 8928d5ca593ffff, 8928d5d8b67ffff, 8928d5d8b83ffff, 8928d5d8bbbffff, 8928d5d8b6bffff, 8928d5d8b8fffff, 8928d5d8b2bffff, 8928d5ca59bffff, 8928d5d8b0bffff, 8928d5d8b9bffff, 8928d5d8b87ffff, 8928d5d8babffff, 8928d5d8b17ffff, 8928d5d8b0fffff, 8928d5d8b03ffff, 8928d5d8b07ffff, 8928d5d8b1bffff, 8928d5d8bc7ffff, 8928d5d8b13ffff, 8928d5d8b77ffff, 8928d5d8b8bffff",0.10585018711725247,0.5322975008843933
352,7,21,473230.95238095237,118325.14774792873,290.6034698742648,"8928d5c166fffff, 8928d5c162bffff, 8928d5c166bffff, 8928d5c1663ffff, 8928d5c1603ffff, 8928d5c12d3ffff, 8928d5c12d7ffff",0.05926036762260919,0.26216787910101413
353,19,101,650332.8217821782,206990.1036306271,309.4329715109803,"8928d5d8a27ffff, 8928d5d8b53ffff, 8928d5d8a2fffff, 8928d5d8b57ffff, 8928d5d8b5bffff, 8928d5d8b43ffff, 8928d5ca4a7ffff, 8928d5ca4b7ffff, 8928d5d8b47ffff, 8928d5ca5dbffff, 8928d5ca4b3ffff, 8928d5ca4afffff, 8928d5d8b4bffff, 8928d5d8b4fffff, 8928d5ca4a3ffff, 8928d5ca4abffff, 8928d5ca433ffff, 8928d5ca4bbffff, 8928d5ca497ffff",0.06064483507094955,0.3474940249705379
354,18,88,591394.3181818182,171316.52726608835,281.82136700141086,"8928d5d8a3bffff, 8928d5d8a07ffff, 8928d5d8bd3ffff, 8928d5d8bdbffff, 8928d5d8aa3ffff, 8928d5d8aa7ffff, 8928d5d886bffff, 8928d5d8ab3ffff, 8928d5d884fffff, 8928d5d8bcbffff, 8928d5d8bcfffff, 8928d5d8a33ffff, 8928d5d8bc3ffff, 8928d5d8ab7ffff, 8928d5d887bffff, 8928d5d8a37ffff, 8928d5d8aafffff, 8928d5d8a23ffff",0.05028045277116904,0.3089485087465538
355,23,168,575693.2916666666,163988.23059501188,314.78049795157847,"8928d5d894bffff, 8928d5d891bffff, 8928d5d896bffff, 8928d5d890bffff, 8928d5d89cfffff, 8928d5d8973ffff, 8928d5d897bffff, 8928d5d8bb7ffff, 8928d5d8947ffff, 8928d5c16dbffff, 8928d5d8953ffff, 8928d5d8ba7ffff, 8928d5d8957ffff, 8928d5d8943ffff, 8928d5c16c3ffff, 8928d5d8963ffff, 8928d5d896fffff, 8928d5d890fffff, 8928d5c16cbffff, 8928d5c16d3ffff, 8928d5d894fffff, 8928d5d8bb3ffff, 8928d5d8977ffff",0.03649784356037492,0.25880327356683247
356,14,96,451726.3229166667,109367.27299424543,352.1869832010647,"8928d5d8a0fffff, 8928d5d8a73ffff, 8928d5d8a03ffff, 8928d5d8a8bffff, 8928d5d8ac7ffff, 8928d5d8a13ffff, 8928d5d8a0bffff, 8928d5d8a1bffff, 8928d5d8a17ffff, 8928d5d8a57ffff, 8928d5d8ac3ffff, 8928d5d8a47ffff, 8928d5d8a8fffff, 8928d5d8ad7ffff",0.05277095296440836,0.32034821031547867
357,32,212,609460.4905660377,130264.73655810232,283.63604943595317,"8928d5d8807ffff, 8928d5d88bbffff, 8928d5d8d7bffff, 8928d5d888fffff, 8928d5d8813ffff, 8928d5d8827ffff, 8928d5d89cbffff, 8928d5d88abffff, 8928d5d8883ffff, 8928d5d8d6bffff, 8928d5d8817ffff, 8928d5d89c3ffff, 8928d5d8837ffff, 8928d5d8863ffff, 8928d5d8d47ffff, 8928d5d8833ffff, 8928d5d88afffff, 8928d5d880fffff, 8928d5d883bffff, 8928d5d882fffff, 8928d5d8877ffff, 8928d5d8873ffff, 8928d5d882bffff, 8928d5d8887ffff, 8928d5d88b7ffff, 8928d5d88a3ffff, 8928d5d89d3ffff, 8928d5d88a7ffff, 8928d5d89dbffff, 8928d5d88b3ffff, 8928d5d8d4fffff, 8928d5d8d4bffff",0.013818070422863591,0.1368243777089887
358,18,172,659376.5116279069,188993.44976490736,278.20016365860107,"8928d5d8363ffff, 8928d5d9cafffff, 8928d5d836bffff, 8928d5d9cb7ffff, 8928d5d9ca7ffff, 8928d5d9dc3ffff, 8928d5d9dd3ffff, 8928d5d9dd7ffff, 8928d5d837bffff, 8928d5d9d53ffff, 8928d5d9cb3ffff, 8928d5d9ddbffff, 8928d5d9ca3ffff, 8928d5d836fffff, 8928d5d9dcfffff, 8928d5d834fffff, 8928d5d9dcbffff, 8928d5d9d57ffff",0.01693340416561868,0.20343549040905837
359,10,59,440614.57627118647,121656.42462546301,309.1429961298867,"8928d5d8a67ffff, 8928d5ca48bffff, 8928d5d8a2bffff, 8928d5d8a77ffff, 8928d5d8a6fffff, 8928d5ca49bffff, 8928d5d8a63ffff, 8928d5ca483ffff, 8928d5ca493ffff, 8928d5ca4d7ffff",0.07544051415570396,0.38557792546952707
360,17,143,580326.0979020979,117553.36441978169,301.077393258506,"8928d5d8d63ffff, 8928d5d899bffff, 8928d5d8d67ffff, 8928d5d8d0fffff, 8928d5d8d6fffff, 8928d5d8d2bffff, 8928d5d8983ffff, 8928d5d898bffff, 8928d5d8997ffff, 8928d5d8d77ffff, 8928d5d8d2fffff, 8928d5d8993ffff, 8928d5d8d3bffff, 8928d5d8d23ffff, 8928d5d898fffff, 8928d5d8987ffff, 8928d5d8d73ffff",0.028193268216057592,0.21200062479888032
361,13,26,619491.0769230769,218127.4034519423,321.50067191946766,"8928d5d88cfffff, 8928d5d8857ffff, 8928d5d889bffff, 8928d5d88cbffff, 8928d5d88c7ffff, 8928d5d8843ffff, 8928d5d8ea7ffff, 8928d5d88d7ffff, 8928d5d885bffff, 8928d5d88d3ffff, 8928d5d88dbffff, 8928d5d88c3ffff, 8928d5d8c6fffff",0.11121998749015723,0.48508650339583115
362,12,71,1259147.8732394367,526898.2916323305,684.5321691291244,"8928d55ab07ffff, 8928d55abbbffff, 8928d55abafffff, 8928d55ab03ffff, 8928d55ab13ffff, 8928d55aba3ffff, 8928d55ab23ffff, 8928d55ababffff, 8928d55ab17ffff, 8928d55ab33ffff, 8928d55abb3ffff, 8928d55ab8fffff",0.06903229402021913,0.34473503912027775
363,15,66,1528134.5454545454,521431.69423140725,676.439868775311,"8928d55ab97ffff, 8928d55a823ffff, 8928d55ab87ffff, 8928d55ab83ffff, 8928d55a95bffff, 8928d55a943ffff, 8928d55a94fffff, 8928d55a957ffff, 8928d55a953ffff, 8928d55a947ffff, 8928d55a82fffff, 8928d55a9cfffff, 8928d55a94bffff, 8928d55ab93ffff, 8928d55a97bffff",0.12745700065677365,0.5472830026946828
364,20,82,1606346.6463414633,523528.2657673323,633.2134866698242,"8928d558d1bffff, 8928d54364bffff, 8928d558d97ffff, 8928d558d83ffff, 8928d558dbbffff, 8928d558dabffff, 8928d558d13ffff, 8928d558dafffff, 8928d558d33ffff, 8928d558d93ffff, 8928d558d3bffff, 8928d558d87ffff, 8928d558d03ffff, 8928d558db3ffff, 8928d558d17ffff, 8928d558d0fffff, 8928d558da3ffff, 8928d558d0bffff, 8928d55ab2fffff, 8928d558d07ffff",0.08029668941348607,0.3558490444757515
365,6,29,1929577.5862068965,870702.5331925746,932.9436061770327,"8928d54368fffff, 8928d54368bffff, 8928d543613ffff, 8928d5436bbffff, 8928d543603ffff, 8928d543687ffff",0.14625027956417266,0.5837424338870943
366,24,186,1349299.7634408602,552309.4326060055,793.7644068863995,"8928d55ab53ffff, 8928d558cb3ffff, 8928d55abd7ffff, 8928d55aa23ffff, 8928d55ab47ffff, 8928d55ab5bffff, 8928d558c87ffff, 8928d55aa2fffff, 8928d55abc7ffff, 8928d558c97ffff, 8928d55abcbffff, 8928d55ab8bffff, 8928d55ab4fffff, 8928d55abdbffff, 8928d55ab4bffff, 8928d55ab43ffff, 8928d55ab1bffff, 8928d55ab57ffff, 8928d55aa33ffff, 8928d55abcfffff, 8928d55aa27ffff, 8928d55ab0bffff, 8928d55aa37ffff, 8928d55abc3ffff",0.05122708197007776,0.3222764214544563
367,10,40,2459297.5,1687562.9048256986,1119.5971881992145,"8928d558c9bffff, 8928d55aa63ffff, 8928d55aa67ffff, 8928d558c83ffff, 8928d558c93ffff, 8928d55aa0fffff, 8928d55aa73ffff, 8928d55aa2bffff, 8928d55aa77ffff, 8928d55aa3bffff",0.3191098077832141,1.209190865658299
368,24,143,1857623.1958041957,865747.7135211877,760.7821468174405,"8928d55aa03ffff, 8928d55ae23ffff, 8928d55ae2fffff, 8928d55aa93ffff, 8928d55aab3ffff, 8928d55ae2bffff, 8928d55aaa3ffff, 8928d55aabbffff, 8928d55aa9bffff, 8928d55a843ffff, 8928d55aa83ffff, 8928d55aa87ffff, 8928d55aa07ffff, 8928d55a853ffff, 8928d55aa8bffff, 8928d55a85bffff, 8928d55ae67ffff, 8928d55ae27ffff, 8928d55aa8fffff, 8928d55aa97ffff, 8928d55a84bffff, 8928d55aa13ffff, 8928d55aaabffff, 8928d55aa17ffff",0.10842107207667773,0.4324533586849042
369,25,114,1751904.701754386,567308.6403570244,762.3599316100465,"8928d55a98fffff, 8928d55a907ffff, 8928d55a9abffff, 8928d55a92bffff, 8928d55a9afffff, 8928d55a927ffff, 8928d55a9a3ffff, 8928d543693ffff, 8928d55a937ffff, 8928d55a917ffff, 8928d55a93bffff, 8928d54345bffff, 8928d543697ffff, 8928d55a923ffff, 8928d55a9bbffff, 8928d55a977ffff, 8928d55a90fffff, 8928d55a903ffff, 8928d54344bffff, 8928d5434dbffff, 8928d55a933ffff, 8928d55a90bffff, 8928d55a913ffff, 8928d55a92fffff, 8928d55a98bffff",0.07259324747996274,0.3602272715207036
370,11,55,1534297.1090909091,709028.0197209973,821.4622795156595,"8928d55a863ffff, 8928d55a84fffff, 8928d55a867ffff, 8928d55ab9bffff, 8928d55aab7ffff, 8928d55a87bffff, 8928d55a877ffff, 8928d55a86fffff, 8928d55a873ffff, 8928d55a86bffff, 8928d55a80fffff",0.10641519961784049,0.4416401347789649
371,15,56,2162812.410714286,804454.156216228,816.6622827649361,"8928d54364fffff, 8928d54362bffff, 8928d5432d7ffff, 8928d54360fffff, 8928d54360bffff, 8928d54363bffff, 8928d543623ffff, 8928d54367bffff, 8928d543673ffff, 8928d543677ffff, 8928d54366fffff, 8928d543663ffff, 8928d543647ffff, 8928d5432d3ffff, 8928d543667ffff",0.12364063117055077,0.481940881171025
372,9,34,2265043.205882353,894232.5789829274,803.7066591049346,"8928d5436cbffff, 8928d5436c3ffff, 8928d5436dbffff, 8928d543653ffff, 8928d55aba7ffff, 8928d5436d3ffff, 8928d543643ffff, 8928d5436cfffff, 8928d543657ffff",0.10868171236658881,0.5632468634622361
373,13,72,1257863.9444444445,477454.7699204632,690.1957451799676,"8928d558cb7ffff, 8928d55ab7bffff, 8928d55ab63ffff, 8928d55ab67ffff, 8928d55ab6fffff, 8928d55ab6bffff, 8928d558dd3ffff, 8928d55ab77ffff, 8928d55ab73ffff, 8928d558dc7ffff, 8928d558dc3ffff, 8928d558ca7ffff, 8928d558dd7ffff",0.05680240713082576,0.31327606531815966
374,14,199,1285070.663316583,551923.57263023,493.5001408713587,"8928d55a6b7ffff, 8928d55a0dbffff, 8928d55a46bffff, 8928d55a6a7ffff, 8928d55a44fffff, 8928d55a47bffff, 8928d55a6afffff, 8928d55a463ffff, 8928d55a0d3ffff, 8928d55a447ffff, 8928d55a473ffff, 8928d55a0c3ffff, 8928d55a46fffff, 8928d55a6a3ffff",0.062189503897968894,0.3261677617182488
375,22,51,1041163.5098039216,433835.6674380593,321.44390540023426,"8928d5d9a57ffff, 8928d5d9a0bffff, 8928d5d9a43ffff, 8928d5d9a53ffff, 8928d43698fffff, 8928d5d9a4bffff, 8928d43698bffff, 8928d5d9a47ffff, 8928d5d9a4fffff, 8928d5d9acfffff, 8928d5d9a6fffff, 8928d43691bffff, 8928d5d9a6bffff, 8928d4369b7ffff, 8928d4369b3ffff, 8928d436917ffff, 8928d4369a7ffff, 8928d4369c7ffff, 8928d436913ffff, 8928d4369bbffff, 8928d436903ffff, 8928d4369cfffff",0.143158893467857,0.6288112554755404
376,3,3,948333.3333333334,371760.07794753264,551.0387488328664,"8928d4281cfffff, 8928d42811bffff, 8928d4281c3ffff",0.656848582129481,1.0669609416800427
377,31,213,603355.3427230048,196099.6291527113,430.4383905397868,"8928d55317bffff, 8928d5531d3ffff, 8928d5531d7ffff, 8928d55314fffff, 8928d5531dbffff, 8928d5530a7ffff, 8928d553153ffff, 8928d553143ffff, 8928d5530b7ffff, 8928d55311bffff, 8928d5530a3ffff, 8928d553157ffff, 8928d55319bffff, 8928d553147ffff, 8928d55308fffff, 8928d553103ffff, 8928d553017ffff, 8928d5530b3ffff, 8928d55315bffff, 8928d5530bbffff, 8928d55318bffff, 8928d55356fffff, 8928d5531cfffff, 8928d553087ffff, 8928d55302fffff, 8928d553013ffff, 8928d55314bffff, 8928d5531c7ffff, 8928d55356bffff, 8928d553117ffff, 8928d5533b7ffff",0.06685979381517342,0.3722754402186609
378,76,406,1304779.8645320197,455754.5791353135,565.6848524327165,"8928d42589bffff, 8928d425babffff, 8928d425bbbffff, 8928d42594fffff, 8928d55a6cbffff, 8928d425b33ffff, 8928d425bafffff, 8928d425b17ffff, 8928d425977ffff, 8928d55a60fffff, 8928d55a607ffff, 8928d425b8fffff, 8928d425b13ffff, 8928d42583bffff, 8928d55a603ffff, 8928d425b37ffff, 8928d425917ffff, 8928d425963ffff, 8928d55a6d7ffff, 8928d425973ffff, 8928d425947ffff, 8928d425967ffff, 8928d55a613ffff, 8928d55a617ffff, 8928d42591bffff, 8928d42590fffff, 8928d55a68fffff, 8928d425807ffff, 8928d42597bffff, 8928d55a6c7ffff, 8928d425957ffff, 8928d55a68bffff, 8928d425ba3ffff, 8928d425833ffff, 8928d425b07ffff, 8928d42582bffff, 8928d42592bffff, 8928d425827ffff, 8928d55a693ffff, 8928d425943ffff, 8928d4258d7ffff, 8928d425903ffff, 8928d55a683ffff, 8928d55a69bffff, 8928d425bb7ffff, 8928d4259cfffff, 8928d55a45bffff, 8928d42588bffff, 8928d4259abffff, 8928d425bb3ffff, 8928d55a697ffff, 8928d425b23ffff, 8928d42590bffff, 8928d425813ffff, 8928d425907ffff, 8928d55b593ffff, 8928d425b0fffff, 8928d425b67ffff, 8928d425823ffff, 8928d42580bffff, 8928d42595bffff, 8928d425b77ffff, 8928d42596bffff, 8928d55b59bffff, 8928d55a63bffff, 8928d55a657ffff, 8928d55a6d3ffff, 8928d55b5d7ffff, 8928d42582fffff, 8928d42592fffff, 8928d425873ffff, 8928d425b97ffff, 8928d425867ffff, 8928d55a653ffff, 8928d42588fffff, 8928d425b03ffff",0.030815481995491334,0.21299851498444233
379,22,208,626469.3125,121720.10986912303,309.17192639652365,"8928d5c9517ffff, 8928d5cb36fffff, 8928d5c9557ffff, 8928d5c959bffff, 8928d5c9437ffff, 8928d5c95dbffff, 8928d5c95d7ffff, 8928d5c95d3ffff, 8928d5c951bffff, 8928d5c9507ffff, 8928d5c9583ffff, 8928d5c95cfffff, 8928d5c958fffff, 8928d5c95cbffff, 8928d5c95c3ffff, 8928d5c9503ffff, 8928d5c95c7ffff, 8928d5c950fffff, 8928d5c953bffff, 8928d5c9513ffff, 8928d5c950bffff, 8928d5c958bffff",0.01037770755060217,0.11513206729146637
380,13,114,611767.9824561403,191006.54015706276,315.52964029050645,"8928d5c9427ffff, 8928d5c9477ffff, 8928d5c9463ffff, 8928d5c942bffff, 8928d5c9407ffff, 8928d5c9473ffff, 8928d5c940fffff, 8928d5c942fffff, 8928d5c9447ffff, 8928d5c9433ffff, 8928d5c947bffff, 8928d5c943bffff, 8928d5c9423ffff",0.04159209594883376,0.25763534907034913
381,8,38,736485.5263157894,357075.23144140583,377.5096458089959,"8928d5c94d7ffff, 8928d5c94c7ffff, 8928d5c9403ffff, 8928d5c941bffff, 8928d5c94c3ffff, 8928d5c9413ffff, 8928d5c94d3ffff, 8928d5c948bffff",0.13529384389511445,0.5324796218878942
382,22,138,648233.5579710145,167606.13815469496,316.80476777930505,"8928d5c957bffff, 8928d5c90a7ffff, 8928d5c91dbffff, 8928d5c9543ffff, 8928d5c9097ffff, 8928d5c9033ffff, 8928d5c90bbffff, 8928d5c9037ffff, 8928d5c955bffff, 8928d5c9083ffff, 8928d5c9087ffff, 8928d5c91d3ffff, 8928d5c954fffff, 8928d5c9547ffff, 8928d5c956bffff, 8928d5c90abffff, 8928d5c9553ffff, 8928d5c954bffff, 8928d5c90b3ffff, 8928d5c90afffff, 8928d5c90b7ffff, 8928d5c90a3ffff",0.06814592670001789,0.3723795581063454
383,19,139,621413.4676258992,117432.68003868895,295.21015130486194,"8928d5c9153ffff, 8928d5c91c3ffff, 8928d5c903bffff, 8928d5c9157ffff, 8928d5c91cbffff, 8928d5c915bffff, 8928d5c9027ffff, 8928d5c914fffff, 8928d5c938bffff, 8928d5c9023ffff, 8928d5c9143ffff, 8928d5c902fffff, 8928d5c939bffff, 8928d5c91cfffff, 8928d5c93b3ffff, 8928d5c902bffff, 8928d5c914bffff, 8928d5c9397ffff, 8928d5c9387ffff",0.016561009077801607,0.1510174185637
384,17,153,562334.8692810457,139809.73856482463,335.4471565773106,"8928d5cb377ffff, 8928d5cb38fffff, 8928d5cb333ffff, 8928d5cb317ffff, 8928d5cb363ffff, 8928d5cb313ffff, 8928d5cb3abffff, 8928d5cb3c7ffff, 8928d5cb307ffff, 8928d5cb38bffff, 8928d5cb303ffff, 8928d5cb367ffff, 8928d5cb33bffff, 8928d5cb30fffff, 8928d5cb31bffff, 8928d5cb373ffff, 8928d5cb30bffff",0.03300307057739756,0.23336820543916814
385,20,133,683797.9022556391,156611.5080917264,333.4945145790615,"8928d5c8617ffff, 8928d5c86cfffff, 8928d5c863bffff, 8928d5c8607ffff, 8928d5c86cbffff, 8928d5c86dbffff, 8928d5cb337ffff, 8928d5c8613ffff, 8928d5c86c3ffff, 8928d5c8633ffff, 8928d5c86d3ffff, 8928d5c86c7ffff, 8928d5c861bffff, 8928d5cb16fffff, 8928d5c86d7ffff, 8928d5c86abffff, 8928d5c868bffff, 8928d5cb16bffff, 8928d5c869bffff, 8928d5cb3a7ffff",0.034757651320928104,0.2128778003174795
386,19,141,620515.3971631206,144008.86536229102,321.16917460338317,"8928d5cb22fffff, 8928d5cb3dbffff, 8928d5cb227ffff, 8928d5cb3cbffff, 8928d5cb3c3ffff, 8928d5cb3cfffff, 8928d5cb2afffff, 8928d5cb3d3ffff, 8928d5cb267ffff, 8928d5cb223ffff, 8928d5cb22bffff, 8928d5cb3d7ffff, 8928d5c9493ffff, 8928d5cb353ffff, 8928d5cb207ffff, 8928d5cb2abffff, 8928d5cb23bffff, 8928d5cb233ffff, 8928d5cb237ffff",0.02514865214798455,0.22854664547506565
387,27,172,653807.5988372093,153709.34434841396,312.42086919546904,"8928d434dafffff, 8928d5cb243ffff, 8928d5cb203ffff, 8928d434d23ffff, 8928d5cb26bffff, 8928d5cb273ffff, 8928d5cb263ffff, 8928d5cb28bffff, 8928d5cb20fffff, 8928d5cb20bffff, 8928d5cb247ffff, 8928d5cb2cbffff, 8928d5cb217ffff, 8928d5cb2bbffff, 8928d4349b3ffff, 8928d5cb277ffff, 8928d5cb24fffff, 8928d5cb2c7ffff, 8928d5cb27bffff, 8928d5cb2dbffff, 8928d5cb21bffff, 8928d5cb24bffff, 8928d5cb28fffff, 8928d5cb213ffff, 8928d5cb257ffff, 8928d5cb253ffff, 8928d5cb2cfffff",0.012563077511407986,0.1667790199662148
388,23,161,624984.2981366459,149234.1339627116,331.9179298925882,"8928d5c9587ffff, 8928d5c95a3ffff, 8928d5c9593ffff, 8928d5c8647ffff, 8928d5c8657ffff, 8928d5c9597ffff, 8928d5c865bffff, 8928d5cb32fffff, 8928d5cb323ffff, 8928d5c95abffff, 8928d5cb327ffff, 8928d5c95bbffff, 8928d5c95a7ffff, 8928d5c8643ffff, 8928d5c864bffff, 8928d5c95b7ffff, 8928d5c9537ffff, 8928d5c8653ffff, 8928d5c95b3ffff, 8928d5cb32bffff, 8928d5c9533ffff, 8928d5c95afffff, 8928d5c867bffff",0.021650583957750512,0.16746271296680895
389,13,124,720835.7983870967,220016.13468242832,303.11856111988925,"8928d5cb36bffff, 8928d5c94bbffff, 8928d5cb35bffff, 8928d5c94b3ffff, 8928d5c94a7ffff, 8928d5c9487ffff, 8928d5c94afffff, 8928d5c9497ffff, 8928d5cb37bffff, 8928d5c94b7ffff, 8928d5c94a3ffff, 8928d5cb34bffff, 8928d5cb34fffff",0.04642139914747918,0.34807544475710944
390,14,100,649727.65,224126.7028291085,273.1871869733337,"8928d5c9017ffff, 8928d5c9467ffff, 8928d5c946fffff, 8928d5c90d7ffff, 8928d5c909bffff, 8928d5c9007ffff, 8928d5c9013ffff, 8928d5c908bffff, 8928d5c908fffff, 8928d5c9003ffff, 8928d5c90c7ffff, 8928d5c90d3ffff, 8928d5c900fffff, 8928d5c90c3ffff",0.09282981127759794,0.4404435221540002
391,5,6,896708.3333333334,409670.8642482266,640.4244515758579,"8928d422393ffff, 8928d42202bffff, 8928d422037ffff, 8928d42202fffff, 8928d422023ffff",0.24360247631222892,0.7176871145723589
392,21,70,1201385.357142857,520255.6497340799,468.546924968772,"8928d5cd02fffff, 8928d5cd037ffff, 8928d5cd023ffff, 8928d5cd1dbffff, 8928d5cd1cbffff, 8928d5cd153ffff, 8928d5cd04fffff, 8928d5cd00fffff, 8928d5cd007ffff, 8928d5cd003ffff, 8928d5cd03bffff, 8928d5cd07bffff, 8928d5cd393ffff, 8928d5cd047ffff, 8928d5cd00bffff, 8928d5cd077ffff, 8928d5cd027ffff, 8928d5cd067ffff, 8928d5cd073ffff, 8928d5cd02bffff, 8928d5cd063ffff",0.11416135548219157,0.5026282016895918
393,12,59,1302779.152542373,610785.2423940845,480.22704456850533,"8928d5cd093ffff, 8928d5cd08fffff, 8928d5cd08bffff, 8928d5cd017ffff, 8928d5cd467ffff, 8928d5cd0d7ffff, 8928d5cd09bffff, 8928d5cd46fffff, 8928d5cd087ffff, 8928d5cd013ffff, 8928d5cd083ffff, 8928d5cd0bbffff",0.11746821546929168,0.509655881439764
394,15,57,1169010.894736842,825080.2903318951,467.07692851536416,"8928d5cd477ffff, 8928d5cd43bffff, 8928d5cd403ffff, 8928d5cd42bffff, 8928d5cd41bffff, 8928d5cd413ffff, 8928d5cd457ffff, 8928d5cd40bffff, 8928d5cd4c3ffff, 8928d5cd4c7ffff, 8928d5cd4cfffff, 8928d5cd40fffff, 8928d5cd4d7ffff, 8928d5cd48bffff, 8928d5cd407ffff",0.3361951838653283,1.515102187030712
395,26,157,1026109.7261146497,555394.2727627155,501.49133767568105,"8928d5cd3bbffff, 8928d5cd397ffff, 8928d5cd107ffff, 8928d5cd3b3ffff, 8928d5cd163ffff, 8928d5cd103ffff, 8928d5cd3a7ffff, 8928d5cd13bffff, 8928d5cd387ffff, 8928d5cd1abffff, 8928d5cd143ffff, 8928d5cded3ffff, 8928d5cd177ffff, 8928d5cd16bffff, 8928d5cd173ffff, 8928d5cd14bffff, 8928d5cd3b7ffff, 8928d5cd15bffff, 8928d5cd3a3ffff, 8928d5cd147ffff, 8928d5cd17bffff, 8928d5cd14fffff, 8928d5cd10fffff, 8928d5cd11bffff, 8928d5cd157ffff, 8928d5cd10bffff",0.12523095817295699,0.5971205804172769
396,12,78,782531.3333333334,355253.42379857064,429.903389681909,"8928d5cf24bffff, 8928d5c89a7ffff, 8928d5cf26bffff, 8928d5c89a3ffff, 8928d5c8987ffff, 8928d5c89b3ffff, 8928d5cf24fffff, 8928d5c89b7ffff, 8928d5c89bbffff, 8928d5cd4d3ffff, 8928d5cf243ffff, 8928d5cf25bffff",0.12230585680257097,0.4997359996738069
397,22,208,546521.7980769231,127619.74251277323,353.23946174102576,"8928d5c8973ffff, 8928d5cd4dbffff, 8928d5cd45bffff, 8928d5c89afffff, 8928d5c892fffff, 8928d5c89abffff, 8928d5c8917ffff, 8928d5c8933ffff, 8928d5c892bffff, 8928d5cd4cbffff, 8928d5c890bffff, 8928d5c8977ffff, 8928d5c8937ffff, 8928d5c8963ffff, 8928d5c8927ffff, 8928d5cd453ffff, 8928d5c893bffff, 8928d5c890fffff, 8928d5c8903ffff, 8928d5c8967ffff, 8928d5c8923ffff, 8928d5c8907ffff",0.021027207470608305,0.17929841885362083
398,18,109,661258.8990825688,178492.03917354203,430.4898970322775,"8928d5cd373ffff, 8928d5cd38fffff, 8928d5cd347ffff, 8928d5cd303ffff, 8928d5cd39bffff, 8928d5cd357ffff, 8928d5cd31bffff, 8928d5cd3c7ffff, 8928d5cd3cfffff, 8928d5cd313ffff, 8928d5cd383ffff, 8928d5cd343ffff, 8928d5cd3d3ffff, 8928d5cd30fffff, 8928d5cd38bffff, 8928d5cd3d7ffff, 8928d5cd30bffff, 8928d5cd06fffff",0.05121915871146556,0.29924585519990476
399,25,166,854472.0240963856,368203.6566885488,488.1899423968218,"8928d5cd377ffff, 8928d5cd3afffff, 8928d5cd33bffff, 8928d5cdecbffff, 8928d5cd317ffff, 8928d5cd337ffff, 8928d5cd333ffff, 8928d5cd32fffff, 8928d5cdedbffff, 8928d5cd323ffff, 8928d552d97ffff, 8928d5cd367ffff, 8928d552d93ffff, 8928d5cde53ffff, 8928d5cde5bffff, 8928d5cd3abffff, 8928d5cdecfffff, 8928d5cd32bffff, 8928d5cde4bffff, 8928d5cde4fffff, 8928d5cd327ffff, 8928d5cd307ffff, 8928d5cde43ffff, 8928d552db3ffff, 8928d5cdec3ffff",0.08008600998731773,0.4368010440224626
400,21,156,703383.2884615385,285273.823354411,364.5458501910993,"8928d5cd463ffff, 8928d5cd443ffff, 8928d5cd447ffff, 8928d5cd693ffff, 8928d5cd6b3ffff, 8928d5cd46bffff, 8928d5cd6afffff, 8928d5cd6a3ffff, 8928d5cd44bffff, 8928d5cd6bbffff, 8928d5cd683ffff, 8928d5cd6abffff, 8928d5cd697ffff, 8928d5cd6b7ffff, 8928d5cd68fffff, 8928d5cd687ffff, 8928d5cd44fffff, 8928d5cd47bffff, 8928d5cd473ffff, 8928d5cd69bffff, 8928d5cd68bffff",0.06559854306176985,0.36573890829916345
401,14,64,695555.390625,183012.6913574419,355.08245410104564,"8928d5cd2a7ffff, 8928d5cd2b7ffff, 8928d5cd2b3ffff, 8928d5cd2bbffff, 8928d5cd3dbffff, 8928d5cd2afffff, 8928d5cd2abffff, 8928d5cd287ffff, 8928d5cd22fffff, 8928d5cd23bffff, 8928d5cd2a3ffff, 8928d5cd22bffff, 8928d5cd233ffff, 8928d5cd237ffff",0.049450668300645616,0.37863894104228296
402,16,106,803218.2452830189,315715.37394680956,391.91440348964295,"8928d5cd623ffff, 8928d5cd0cfffff, 8928d5cd0d3ffff, 8928d5cd0c3ffff, 8928d5cd05bffff, 8928d5cd057ffff, 8928d5cd01bffff, 8928d5cd637ffff, 8928d5cd0c7ffff, 8928d5cd043ffff, 8928d5cd627ffff, 8928d5cd293ffff, 8928d5cd053ffff, 8928d5cd0dbffff, 8928d5cd0cbffff, 8928d5cd633ffff",0.08392675979863491,0.45156012012987173
403,3,4,658625.0,147520.07278672283,368.50113060287515,"8928d5c8e2fffff, 8928d5c885bffff, 8928d5c8a83ffff",-0.002080841852932299,0.32027295161695907
404,25,221,553847.9728506787,116000.84627877905,305.50476266853485,"8928d5c1533ffff, 8928d5c1563ffff, 8928d5c15abffff, 8928d5c1197ffff, 8928d5c1523ffff, 8928d5c1193ffff, 8928d5c152bffff, 8928d5c1513ffff, 8928d5c150bffff, 8928d5c1507ffff, 8928d5c1517ffff, 8928d5c152fffff, 8928d5c150fffff, 8928d5c153bffff, 8928d5c1567ffff, 8928d5c1503ffff, 8928d5c1577ffff, 8928d5c15afffff, 8928d5c1547ffff, 8928d5c1527ffff, 8928d5c157bffff, 8928d5c1537ffff, 8928d5c15bbffff, 8928d5c158fffff, 8928d5c1573ffff",0.016217412758244083,0.15507062641186545
405,17,195,563718.8820512821,131149.77048664214,300.3925353294938,"8928d5c0273ffff, 8928d5c0247ffff, 8928d5c025bffff, 8928d5c027bffff, 8928d5c026bffff, 8928d5c024fffff, 8928d5c11b3ffff, 8928d5c11a7ffff, 8928d5c11a3ffff, 8928d5c11b7ffff, 8928d5c024bffff, 8928d5c0243ffff, 8928d5c0257ffff, 8928d5c02cbffff, 8928d5c020bffff, 8928d5c0253ffff, 8928d5c02cfffff",0.012923326905174566,0.16821936149847652
406,12,116,505496.2672413793,103852.48658523879,335.5664913264635,"8928d5c15c7ffff, 8928d5c1557ffff, 8928d5c15d7ffff, 8928d5c1553ffff, 8928d5c15d3ffff, 8928d5c15c3ffff, 8928d5c15dbffff, 8928d5c336fffff, 8928d5c15cfffff, 8928d5c15cbffff, 8928d5c151bffff, 8928d5c159bffff",0.03919182396343056,0.22946695977259346
407,18,43,786591.3255813953,262681.5496087815,330.97769320497025,"8928d5c322fffff, 8928d5c148bffff, 8928d5d8923ffff, 8928d5c14c7ffff, 8928d5d89afffff, 8928d5c322bffff, 8928d5c3223ffff, 8928d5c14d7ffff, 8928d5c3273ffff, 8928d5c149bffff, 8928d5c1493ffff, 8928d5c3263ffff, 8928d5c1483ffff, 8928d5c14dbffff, 8928d5c324fffff, 8928d5c1497ffff, 8928d5d89b7ffff, 8928d5c3247ffff",0.07493126248642504,0.3544716132116303
408,13,96,561835.2916666666,101287.37001595147,267.3223423173047,"8928d5c1163ffff, 8928d5c1107ffff, 8928d5c1123ffff, 8928d5c11afffff, 8928d5c110fffff, 8928d5c1137ffff, 8928d5c11abffff, 8928d5c1177ffff, 8928d5c113bffff, 8928d5c1133ffff, 8928d5c1167ffff, 8928d5c1173ffff, 8928d5c116fffff",0.023394391158875354,0.2337915704502057
409,15,223,462788.43049327354,104505.73470330446,335.25151565784444,"8928d5c1187ffff, 8928d5c11cfffff, 8928d5c1113ffff, 8928d5c111bffff, 8928d5c11c3ffff, 8928d5c118fffff, 8928d5c1103ffff, 8928d5c11bbffff, 8928d5c1157ffff, 8928d5c11d7ffff, 8928d5c1183ffff, 8928d5c1117ffff, 8928d5c110bffff, 8928d5c118bffff, 8928d5c11c7ffff",0.012327786230047278,0.1539640484252374
410,30,217,637388.5437788018,163619.25318168383,276.36622478007155,"8928d5c10afffff, 8928d5c1007ffff, 8928d5c1003ffff, 8928d5c11cbffff, 8928d5c115bffff, 8928d5c1393ffff, 8928d5c103bffff, 8928d5c139bffff, 8928d5c1147ffff, 8928d5c1383ffff, 8928d5c102fffff, 8928d5c1027ffff, 8928d5c1153ffff, 8928d5c1017ffff, 8928d5c1067ffff, 8928d5c1143ffff, 8928d5c1397ffff, 8928d5c1037ffff, 8928d5c102bffff, 8928d5c1077ffff, 8928d5c100fffff, 8928d5c10bbffff, 8928d5c11dbffff, 8928d5c114fffff, 8928d5c114bffff, 8928d5c10a7ffff, 8928d5c1023ffff, 8928d5c10abffff, 8928d5c1033ffff, 8928d5c117bffff",0.013265984389782094,0.17521545759346538
411,11,55,864543.7454545455,417177.40246994625,354.4121930609477,"8928d5c1e73ffff, 8928d5c1e33ffff, 8928d5c1ec7ffff, 8928d5c1e1bffff, 8928d5c1e07ffff, 8928d5c1e13ffff, 8928d5c1e03ffff, 8928d5c1e17ffff, 8928d5c1e0bffff, 8928d5c1e0fffff, 8928d5c1e63ffff",0.10756329820217779,0.553809320863209
412,15,80,628286.0,202704.05633953158,310.4720149826915,"8928d5c1c37ffff, 8928d5c1c3bffff, 8928d5c1c07ffff, 8928d5c1c47ffff, 8928d5c1c0fffff, 8928d5c1c23ffff, 8928d5c1c2bffff, 8928d5c1c77ffff, 8928d5c1c73ffff, 8928d5c1c6bffff, 8928d5c1cabffff, 8928d5c1c33ffff, 8928d5c1cafffff, 8928d5c1c6fffff, 8928d5c1c0bffff",0.08661162431000109,0.41742229052684293
413,23,143,679232.4265734266,162123.1053977102,264.02915634508247,"8928d5c1427ffff, 8928d5c154bffff, 8928d5c1423ffff, 8928d5c1407ffff, 8928d5c1543ffff, 8928d5c142fffff, 8928d5c155bffff, 8928d5c141bffff, 8928d5c146bffff, 8928d5c1437ffff, 8928d5c1433ffff, 8928d5c142bffff, 8928d5c143bffff, 8928d5c1403ffff, 8928d5c1093ffff, 8928d5c1097ffff, 8928d5c140bffff, 8928d5c140fffff, 8928d5c10b3ffff, 8928d5c154fffff, 8928d5c10b7ffff, 8928d5c1417ffff, 8928d5c1413ffff",0.036075014275883666,0.2338569611279111
414,21,151,605136.1854304635,132954.48684529884,279.2183568504071,"8928d5c026fffff, 8928d5c1c1bffff, 8928d5c1cd7ffff, 8928d5c0263ffff, 8928d5c1c9bffff, 8928d5c1c03ffff, 8928d5c1cc7ffff, 8928d5c1c83ffff, 8928d5c1cdbffff, 8928d5c1cd3ffff, 8928d5c1c8bffff, 8928d5c034bffff, 8928d5c1c93ffff, 8928d5c0267ffff, 8928d5c1cc3ffff, 8928d5c1c97ffff, 8928d5c1c87ffff, 8928d5c1c13ffff, 8928d5c1c8fffff, 8928d5c022bffff, 8928d5c0277ffff",0.020692697222318278,0.17948053535083858
415,12,62,635667.8709677419,194273.47285185088,290.69106824693904,"8928d5c14a7ffff, 8928d5c14a3ffff, 8928d5c1487ffff, 8928d5c336bffff, 8928d5c334bffff, 8928d5c14afffff, 8928d5c337bffff, 8928d5c14abffff, 8928d5c14b3ffff, 8928d5c14b7ffff, 8928d5c14bbffff, 8928d5c334fffff",0.04269990635097084,0.29416865783919877
416,21,117,701975.1282051282,259891.85888340644,279.16544741564803,"8928d5c1ea3ffff, 8928d5c1e97ffff, 8928d5c1c43ffff, 8928d5c1eb7ffff, 8928d5c1c57ffff, 8928d5c1c53ffff, 8928d5c1e9bffff, 8928d5c1c4fffff, 8928d5c1c5bffff, 8928d5c1127ffff, 8928d5c1ccbffff, 8928d5c1ccfffff, 8928d5c1e8bffff, 8928d5c1eb3ffff, 8928d5c112fffff, 8928d5c1e83ffff, 8928d5c1e93ffff, 8928d5c1c4bffff, 8928d5c1e87ffff, 8928d5c1ebbffff, 8928d5c1e8fffff",0.04125442451328584,0.3061266058033886
417,8,10,647100.0,274184.4087471058,538.7784998698039,"8928d5c093bffff, 8928d5c090fffff, 8928d5c0963ffff, 8928d5c0927ffff, 8928d5c5693ffff, 8928d5c56d3ffff, 8928d5c0973ffff, 8928d5c096bffff",1.4912441482743648,4.135067901267577
418,27,222,1060469.2432432433,335664.8333126718,481.55873768851296,"8928d54f317ffff, 8928d54f077ffff, 8928d54f067ffff, 8928d54f38bffff, 8928d54f063ffff, 8928d54f06bffff, 8928d54f303ffff, 8928d54f313ffff, 8928d54f3cfffff, 8928d54f31bffff, 8928d54f3bbffff, 8928d54f3d3ffff, 8928d54f38fffff, 8928d54f3dbffff, 8928d54f07bffff, 8928d54f3c3ffff, 8928d54f3d7ffff, 8928d54f06fffff, 8928d54f3c7ffff, 8928d54f357ffff, 8928d54f307ffff, 8928d54f3abffff, 8928d54f3cbffff, 8928d54f39bffff, 8928d54f2b7ffff, 8928d54f2a7ffff, 8928d54f2afffff",0.040255887811671394,0.26139787751252097
419,10,26,399519.23076923075,206553.05151877078,359.7427116568698,"8928d46c943ffff, 8928d46c94bffff, 8928d46cbd7ffff, 8928d46cb83ffff, 8928d46cb53ffff, 8928d46cb8fffff, 8928d46cb97ffff, 8928d46cb87ffff, 8928d46cb8bffff, 8928d46cb93ffff",0.3435546643807997,1.1219298210514785
420,19,105,601504.7047619048,164390.0466779528,340.01878213508775,"8928d5c9e43ffff, 8928d5c9e0fffff, 8928d5c9e03ffff, 8928d5c9e4fffff, 8928d5c9e5bffff, 8928d5c9e0bffff, 8928d5c9e6fffff, 8928d5c9e7bffff, 8928d5c9e07ffff, 8928d5c9e77ffff, 8928d5c9e63ffff, 8928d426db3ffff, 8928d5c9e4bffff, 8928d5c9e3bffff, 8928d5c9e47ffff, 8928d5c9e2bffff, 8928d5c9e73ffff, 8928d5c9e67ffff, 8928d5c9e6bffff",0.037096652363218095,0.24575949790270518
421,13,111,583153.5135135135,113323.12826824925,334.5293895639269,"8928d5c9e87ffff, 8928d5c9167ffff, 8928d5c9e83ffff, 8928d5c9e97ffff, 8928d5c9e93ffff, 8928d5c9e8fffff, 8928d5c9177ffff, 8928d5c912bffff, 8928d5c9123ffff, 8928d5c912fffff, 8928d5c913bffff, 8928d5c9e17ffff, 8928d5c9ebbffff",0.019291474491456996,0.2279289300622124
422,29,175,543908.7257142857,182303.50371937192,325.8120371571269,"8928d5c800fffff, 8928d5c8397ffff, 8928d5c80d7ffff, 8928d5c804fffff, 8928d5c8077ffff, 8928d5c82b7ffff, 8928d5c8047ffff, 8928d5c8007ffff, 8928d5c862fffff, 8928d5c807bffff, 8928d5c805bffff, 8928d5c804bffff, 8928d5c8053ffff, 8928d5c803bffff, 8928d5c8043ffff, 8928d5c800bffff, 8928d5c8297ffff, 8928d5c82bbffff, 8928d5c82b3ffff, 8928d5c802bffff, 8928d5c8073ffff, 8928d5c8023ffff, 8928d5c8063ffff, 8928d5c808fffff, 8928d5c81dbffff, 8928d5c802fffff, 8928d5c854fffff, 8928d5c8283ffff, 8928d5c8057ffff",0.06368602169945813,0.3217551840936923
423,20,129,635852.2170542636,165906.21181304342,316.10704667353633,"8928d5c9c77ffff, 8928d5c9c67ffff, 8928d5c9c4bffff, 8928d5c9c6fffff, 8928d5c9c2bffff, 8928d5c9eb3ffff, 8928d5c9c7bffff, 8928d5c9c6bffff, 8928d5c9893ffff, 8928d5c9c63ffff, 8928d5c989bffff, 8928d5c9c47ffff, 8928d5c9c4fffff, 8928d5c9eb7ffff, 8928d5c9c73ffff, 8928d5c9c2fffff, 8928d5c9c3bffff, 8928d5c9c23ffff, 8928d5c9c0fffff, 8928d5c9c0bffff",0.03710073571688981,0.22251932659731913
424,26,233,637950.7811158798,155833.23819294418,342.32539706625823,"8928d5c9327ffff, 8928d5c9323ffff, 8928d5c93a3ffff, 8928d5c9ed3ffff, 8928d5c9ec3ffff, 8928d5c9ec7ffff, 8928d5c9e8bffff, 8928d5c917bffff, 8928d5c9e13ffff, 8928d5c93a7ffff, 8928d5c9163ffff, 8928d5c9e1bffff, 8928d5c9ed7ffff, 8928d5c916fffff, 8928d5c93b7ffff, 8928d5c9147ffff, 8928d5c9edbffff, 8928d5c93afffff, 8928d5c9ecfffff, 8928d5c910bffff, 8928d5c9e9bffff, 8928d5c9173ffff, 8928d5c9ecbffff, 8928d5c916bffff, 8928d5c932fffff, 8928d5c9337ffff",0.0197874347677156,0.15562991563653433
425,14,97,580088.4020618557,126736.88437712935,346.19400751498796,"8928d5c9cc7ffff, 8928d5c9cdbffff, 8928d5c9c43ffff, 8928d5c9cc3ffff, 8928d5c9c5bffff, 8928d5c9ccfffff, 8928d5c9c53ffff, 8928d5c9c1bffff, 8928d5c9ccbffff, 8928d5c9137ffff, 8928d5c9133ffff, 8928d5c9127ffff, 8928d5c91afffff, 8928d5c9c57ffff",0.03611790774027705,0.24818433740034204
426,25,160,653921.9375,185672.22556664498,334.7825067053332,"8928d5c98cfffff, 8928d5c986bffff, 8928d5c984fffff, 8928d5c9bd3ffff, 8928d5c987bffff, 8928d5c9843ffff, 8928d5c9857ffff, 8928d5c9863ffff, 8928d5c9853ffff, 8928d5c9ab3ffff, 8928d5c9e37ffff, 8928d5c9ab7ffff, 8928d5c98cbffff, 8928d5c986fffff, 8928d5c9877ffff, 8928d5c9847ffff, 8928d5c9bd7ffff, 8928d5c9867ffff, 8928d5c9b8bffff, 8928d5c9b93ffff, 8928d5c9e27ffff, 8928d5c982bffff, 8928d5c9873ffff, 8928d5c9e23ffff, 8928d5c9b9bffff",0.040255230348605474,0.2467561338943252
427,11,75,705853.32,112257.7984447299,271.27039118396533,"8928d5c9c13ffff, 8928d5c9c03ffff, 8928d5c9c8fffff, 8928d5c9ca3ffff, 8928d5c9c8bffff, 8928d5c9c07ffff, 8928d5c9cbbffff, 8928d5c9c17ffff, 8928d5c9c33ffff, 8928d5c9cabffff, 8928d5c9cafffff",0.020708656450843868,0.15727822157202642
428,26,171,554249.3391812865,177365.89302607643,343.5949002639488,"8928d5c838fffff, 8928d5c830bffff, 8928d5c83c3ffff, 8928d5c8303ffff, 8928d5c83dbffff, 8928d5c82abffff, 8928d5c83c7ffff, 8928d5c806bffff, 8928d5c8207ffff, 8928d5c8233ffff, 8928d5c82a7ffff, 8928d5c8313ffff, 8928d5c8353ffff, 8928d5c823bffff, 8928d5c83d3ffff, 8928d5c83cbffff, 8928d5c8227ffff, 8928d5c8317ffff, 8928d5c82afffff, 8928d5c806fffff, 8928d5c8223ffff, 8928d5c8237ffff, 8928d5c83d7ffff, 8928d5c838bffff, 8928d5c83cfffff, 8928d5c816bffff",0.029191146157646716,0.23433747504203367
429,20,166,591970.343373494,150679.26752805687,310.4935856919484,"8928d5c9cd3ffff, 8928d5c91b3ffff, 8928d5c9c93ffff, 8928d5c826bffff, 8928d5c9c9bffff, 8928d5c827bffff, 8928d5c8267ffff, 8928d5c9cd7ffff, 8928d5c9c97ffff, 8928d5c91b7ffff, 8928d5c820fffff, 8928d5c91a7ffff, 8928d5c91a3ffff, 8928d5c822fffff, 8928d5c8277ffff, 8928d5c826fffff, 8928d5c9c83ffff, 8928d5c8273ffff, 8928d5c822bffff, 8928d5c8263ffff",0.036857456113637214,0.22441120440323015
430,9,49,664566.3265306122,130979.86618442278,304.7440532482898,"8928d5c8213ffff, 8928d5c82c3ffff, 8928d5c821bffff, 8928d5c8203ffff, 8928d5c8217ffff, 8928d5c82cfffff, 8928d5c866fffff, 8928d5c82d7ffff, 8928d5c82c7ffff",0.029907021224959866,0.17528423706421514
431,24,143,665068.3426573427,159839.30415631912,312.5852700202038,"8928d5c91d7ffff, 8928d5c8253ffff, 8928d5c918bffff, 8928d5c824bffff, 8928d5c911bffff, 8928d5c9107ffff, 8928d5c9113ffff, 8928d5c91abffff, 8928d5c952fffff, 8928d5c918fffff, 8928d5c91bbffff, 8928d5c9183ffff, 8928d5c9117ffff, 8928d5c825bffff, 8928d5c91c7ffff, 8928d5c952bffff, 8928d5c9103ffff, 8928d5c919bffff, 8928d5c8257ffff, 8928d5c9193ffff, 8928d5c8243ffff, 8928d5c9197ffff, 8928d5c9527ffff, 8928d5c9187ffff",0.03213226620809622,0.2206795708833318
432,21,142,713744.6408450705,197338.65284068565,319.2251627931469,"8928d5c98abffff, 8928d5c9813ffff, 8928d5c98d3ffff, 8928d5c988fffff, 8928d5c9817ffff, 8928d5c98c3ffff, 8928d5c98c7ffff, 8928d5c983bffff, 8928d5c9883ffff, 8928d5c98d7ffff, 8928d5c9807ffff, 8928d5c980fffff, 8928d5c98bbffff, 8928d5c9887ffff, 8928d5c988bffff, 8928d5c9d6fffff, 8928d5c98b3ffff, 8928d5c981bffff, 8928d5c9833ffff, 8928d5c98a3ffff, 8928d5c9803ffff",0.0358264642501663,0.21708569413486323
433,9,16,3007195.375,673489.6887264566,579.4036787368645,"8928d0969b3ffff, 8928d096917ffff, 8928d096d2bffff, 8928d559a4bffff, 8928d559a4fffff, 8928d096993ffff, 8928d559a5bffff, 8928d096987ffff, 8928d096997ffff",0.05806769427110093,0.26079490701193125
434,6,8,1849375.0,350949.04811809934,482.64977767358266,"8928d54b52fffff, 8928d54b197ffff, 8928d54b52bffff, 8928d54b527ffff, 8928d54b567ffff, 8928d54b577ffff",0.09426841363887821,0.22638528372539637
435,14,27,1851037.037037037,794220.3482606201,556.1714701293264,"8928d559ba3ffff, 8928d559877ffff, 8928d559bb3ffff, 8928d559b9bffff, 8928d559867ffff, 8928d559b93ffff, 8928d559b87ffff, 8928d559b97ffff, 8928d55995bffff, 8928d559bbbffff, 8928d559863ffff, 8928d55986fffff, 8928d55982fffff, 8928d559b83ffff",0.07846997778528085,0.3927850123603051
436,5,15,2658943.8666666667,816699.5958408752,563.295058414311,"8928d54a693ffff, 8928d559923ffff, 8928d55992fffff, 8928d559937ffff, 8928d559933ffff",0.13158742026437312,0.5253619739752374
437,18,44,1582504.5681818181,966100.727727455,629.6449831484049,"8928d559b37ffff, 8928d54a6cfffff, 8928d54a68bffff, 8928d54a6cbffff, 8928d54a653ffff, 8928d54a683ffff, 8928d559bafffff, 8928d54a6dbffff, 8928d54a6d3ffff, 8928d559b23ffff, 8928d54a68fffff, 8928d54a61bffff, 8928d559ba7ffff, 8928d54a6c3ffff, 8928d54a613ffff, 8928d54a6c7ffff, 8928d54a687ffff, 8928d54a6d7ffff",0.21016048431524897,0.7588061570122269
438,14,26,1843615.3846153845,613079.3697470723,490.7354920637533,"8928d559e57ffff, 8928d559e0bffff, 8928d559e47ffff, 8928d559e1bffff, 8928d559a83ffff, 8928d559e67ffff, 8928d559a9bffff, 8928d559e6bffff, 8928d559e0fffff, 8928d559e73ffff, 8928d559ad7ffff, 8928d559e3bffff, 8928d559ad3ffff, 8928d559a8bffff",0.148269184423944,0.46642016164166267
439,11,38,1282835.9473684211,532195.6081340348,580.9398635645784,"8928d559947ffff, 8928d55996bffff, 8928d559903ffff, 8928d55990bffff, 8928d559973ffff, 8928d55997bffff, 8928d55990fffff, 8928d559963ffff, 8928d559977ffff, 8928d559943ffff, 8928d559957ffff",0.1432523288668377,0.5863250871823263
440,5,6,1995833.3333333333,488649.64158609824,574.900463093148,"8928d559a0bffff, 8928d559acfffff, 8928d559a1bffff, 8928d559a03ffff, 8928d559a57ffff",0.19305913195999402,0.45466440643226474
441,18,80,1457559.6125,512413.9406955693,553.2304713354741,"8928d559b0fffff, 8928d559b03ffff, 8928d559b47ffff, 8928d559b0bffff, 8928d559b73ffff, 8928d559b6fffff, 8928d559b67ffff, 8928d559b7bffff, 8928d559b6bffff, 8928d559b63ffff, 8928d54b4a7ffff, 8928d54b59bffff, 8928d559b77ffff, 8928d559b07ffff, 8928d559b3bffff, 8928d54b4b7ffff, 8928d54b5d3ffff, 8928d559b4fffff",0.06932422365168062,0.3590245412504468
442,19,40,2151215.625,848738.9453687655,503.2778397483551,"8928d559847ffff, 8928d559a87ffff, 8928d55984bffff, 8928d559e27ffff, 8928d55985bffff, 8928d559e37ffff, 8928d5598cbffff, 8928d55984fffff, 8928d559843ffff, 8928d559abbffff, 8928d559a8fffff, 8928d559a17ffff, 8928d559ab7ffff, 8928d559a97ffff, 8928d5598dbffff, 8928d5598d3ffff, 8928d559ab3ffff, 8928d559e23ffff, 8928d559e2fffff",0.16909916462300928,0.5913025821127945
443,18,49,1650734.693877551,632108.958752453,593.1540675335493,"8928d559b43ffff, 8928d559bcbffff, 8928d559b53ffff, 8928d559b8bffff, 8928d559a37ffff, 8928d559a27ffff, 8928d559b1bffff, 8928d559aafffff, 8928d559b57ffff, 8928d559b5bffff, 8928d559aa7ffff, 8928d559b13ffff, 8928d559bdbffff, 8928d559bd7ffff, 8928d559bc7ffff, 8928d559bc3ffff, 8928d559bcfffff, 8928d559bd3ffff",0.11318582639331531,0.4696386827965494
444,14,115,1511781.3043478262,717692.538616026,516.3116631297272,"8928d54b42bffff, 8928d54b09bffff, 8928d54b42fffff, 8928d54b54fffff, 8928d54b423ffff, 8928d54b097ffff, 8928d54b54bffff, 8928d54b427ffff, 8928d54b433ffff, 8928d54b083ffff, 8928d54b087ffff, 8928d54b43bffff, 8928d54b4abffff, 8928d54b543ffff",0.22444285281901305,0.8056786617074154
445,14,29,1838164.6551724137,2106991.802059208,579.0873918031682,"8928d54a60fffff, 8928d54a673ffff, 8928d54a0cbffff, 8928d54a47bffff, 8928d54a293ffff, 8928d54a607ffff, 8928d54a6b7ffff, 8928d54a6a3ffff, 8928d54a677ffff, 8928d54a6afffff, 8928d54a6a7ffff, 8928d54a62fffff, 8928d54a283ffff, 8928d54a6b3ffff",0.6839950089039873,2.1715286563101097
446,27,131,1519168.0992366413,441624.6936881911,532.7938321156175,"8928d54a647ffff, 8928d54a2dbffff, 8928d54a2d3ffff, 8928d54a66fffff, 8928d54a67bffff, 8928d559b2fffff, 8928d54a64fffff, 8928d54b5afffff, 8928d54a66bffff, 8928d54b537ffff, 8928d54b5b3ffff, 8928d54b5a7ffff, 8928d54a64bffff, 8928d54b5a3ffff, 8928d54b5b7ffff, 8928d54a643ffff, 8928d54b513ffff, 8928d54b583ffff, 8928d54b58fffff, 8928d54b587ffff, 8928d54b5abffff, 8928d54b58bffff, 8928d54b517ffff, 8928d54b5bbffff, 8928d54a65bffff, 8928d54b597ffff, 8928d54b503ffff",0.04244856971794937,0.28764510249925807
447,22,36,2270500.0,959658.0843659313,615.9459422283321,"8928d559a6fffff, 8928d54b483ffff, 8928d559a3bffff, 8928d54b697ffff, 8928d559a33ffff, 8928d559a6bffff, 8928d559a77ffff, 8928d54b46bffff, 8928d54b473ffff, 8928d54b493ffff, 8928d54b4d7ffff, 8928d54b44fffff, 8928d096927ffff, 8928d54b4c7ffff, 8928d559a2bffff, 8928d54b40bffff, 8928d54b4d3ffff, 8928d54b49bffff, 8928d54b48fffff, 8928d54b413ffff, 8928d54b457ffff, 8928d54b4dbffff",0.1924970525294737,0.7053874303150898
448,15,43,1522224.7441860465,436428.38970576506,543.998140150593,"8928d55980bffff, 8928d5598afffff, 8928d55980fffff, 8928d559813ffff, 8928d5598abffff, 8928d5599cbffff, 8928d559803ffff, 8928d559807ffff, 8928d559887ffff, 8928d55981bffff, 8928d55988fffff, 8928d559817ffff, 8928d559827ffff, 8928d559837ffff, 8928d559833ffff",0.06842146057415709,0.2781714607745708
449,15,79,1910417.6329113925,630732.9710892059,652.3981502827056,"8928d55ae8fffff, 8928d55ac5bffff, 8928d55ae97ffff, 8928d55a123ffff, 8928d55ae9bffff, 8928d55a12fffff, 8928d55a12bffff, 8928d55ae83ffff, 8928d55a163ffff, 8928d55a177ffff, 8928d55ae93ffff, 8928d55a167ffff, 8928d55a127ffff, 8928d55a16fffff, 8928d55ae8bffff",0.06475082009537252,0.33867173179088556
450,21,94,1729000.4361702127,935850.0578264998,741.1804427049385,"8928d55ad8fffff, 8928d55ad13ffff, 8928d55ad83ffff, 8928d551e5bffff, 8928d55ad17ffff, 8928d55ad8bffff, 8928d551e0fffff, 8928d55adc7ffff, 8928d55ad97ffff, 8928d55ad93ffff, 8928d551e47ffff, 8928d55132fffff, 8928d551e57ffff, 8928d551e0bffff, 8928d55adb3ffff, 8928d551e4bffff, 8928d551e4fffff, 8928d551e43ffff, 8928d55adb7ffff, 8928d55adbbffff, 8928d55ad87ffff",0.12513869470977698,0.5398022493547169
451,21,106,1918701.1226415094,539711.5008775557,625.4571241827847,"8928d551223ffff, 8928d55ac87ffff, 8928d5513cfffff, 8928d551237ffff, 8928d55ac97ffff, 8928d55122fffff, 8928d551233ffff, 8928d551227ffff, 8928d55135bffff, 8928d55123bffff, 8928d551267ffff, 8928d55134bffff, 8928d5513cbffff, 8928d55ac93ffff, 8928d551353ffff, 8928d551343ffff, 8928d551357ffff, 8928d551277ffff, 8928d55131bffff, 8928d55122bffff, 8928d55ac83ffff",0.032206990353132146,0.20080064374434242
452,22,108,2023542.8425925926,610752.2834362972,518.7528372919479,"8928d55a033ffff, 8928d55a157ffff, 8928d55a11bffff, 8928d55a117ffff, 8928d55a10bffff, 8928d55a153ffff, 8928d55a1cfffff, 8928d55a1dbffff, 8928d55a023ffff, 8928d55a027ffff, 8928d55a1abffff, 8928d55a1cbffff, 8928d55a113ffff, 8928d55a15bffff, 8928d55a107ffff, 8928d55a1c3ffff, 8928d55a037ffff, 8928d55a103ffff, 8928d55a0abffff, 8928d55a0afffff, 8928d55a1c7ffff, 8928d55a1d3ffff",0.05353039838514808,0.27119832615812745
453,8,40,1355672.825,428862.8924909969,529.6150009780317,"8928d55a073ffff, 8928d55a057ffff, 8928d55a003ffff, 8928d55a077ffff, 8928d55a00bffff, 8928d55a043ffff, 8928d55a047ffff, 8928d55a063ffff",0.07391518032677555,0.2868087740081802
454,20,143,1715996.0909090908,742943.5524358958,993.9180680157501,"8928d55a8d7ffff, 8928d55ac6fffff, 8928d55ac3bffff, 8928d55a883ffff, 8928d55a893ffff, 8928d55a88bffff, 8928d55ac2bffff, 8928d55ac33ffff, 8928d55ac37ffff, 8928d55a89bffff, 8928d55ac67ffff, 8928d55ac63ffff, 8928d55acafffff, 8928d55ac77ffff, 8928d55ac0fffff, 8928d55ac07ffff, 8928d55ac23ffff, 8928d55ac73ffff, 8928d55acabffff, 8928d55a8c7ffff",0.09292925195648573,0.433696536812101
455,20,83,2712553.6506024096,1895528.0292914882,1005.7579087407008,"8928d551ac3ffff, 8928d551ac7ffff, 8928d551acfffff, 8928d551ad3ffff, 8928d551ad7ffff, 8928d551a8bffff, 8928d55adafffff, 8928d551e6fffff, 8928d551e63ffff, 8928d551a53ffff, 8928d551a9bffff, 8928d551a5bffff, 8928d551e7bffff, 8928d55ad27ffff, 8928d551adbffff, 8928d55ad37ffff, 8928d551a13ffff, 8928d551acbffff, 8928d551e6bffff, 8928d55ada7ffff",0.2718819708182795,0.8522117624111096
456,27,124,1754749.9032258065,688029.6208841994,890.1911449713566,"8928d55a8b7ffff, 8928d55ad4fffff, 8928d55a8bbffff, 8928d55ad4bffff, 8928d55a887ffff, 8928d55a8b3ffff, 8928d55a897ffff, 8928d55ad5bffff, 8928d55ad0fffff, 8928d55ad6bffff, 8928d55ad03ffff, 8928d55ad57ffff, 8928d55adcfffff, 8928d55ad63ffff, 8928d55adcbffff, 8928d55ad47ffff, 8928d55ad77ffff, 8928d55ad1bffff, 8928d55ac27ffff, 8928d55ad7bffff, 8928d55ad53ffff, 8928d55ad43ffff, 8928d55ad0bffff, 8928d55ac2fffff, 8928d55a8a3ffff, 8928d55ad6fffff, 8928d55ad67ffff",0.13615939153369086,0.5427358961604716
457,23,136,1795908.0588235294,555993.0130946919,581.2088652998951,"8928d55ac0bffff, 8928d55ac17ffff, 8928d55a137ffff, 8928d55126fffff, 8928d55ac9bffff, 8928d55ac03ffff, 8928d55acd3ffff, 8928d55ac1bffff, 8928d55acc3ffff, 8928d55ac8bffff, 8928d55accfffff, 8928d55a1afffff, 8928d55acc7ffff, 8928d55acd7ffff, 8928d55ac13ffff, 8928d55ac47ffff, 8928d55ac43ffff, 8928d55ac57ffff, 8928d55ac53ffff, 8928d55ac8fffff, 8928d55126bffff, 8928d55accbffff, 8928d55acdbffff",0.05835222326665212,0.3008753812749642
458,21,100,1937713.26,732439.2193049553,662.4532442340283,"8928d55adc3ffff, 8928d55add3ffff, 8928d55acb3ffff, 8928d55acbbffff, 8928d55addbffff, 8928d551347ffff, 8928d55aca7ffff, 8928d551363ffff, 8928d551377ffff, 8928d55ad9bffff, 8928d55aca3ffff, 8928d55add7ffff, 8928d55acb7ffff, 8928d55130bffff, 8928d551373ffff, 8928d55137bffff, 8928d551367ffff, 8928d55134fffff, 8928d55136bffff, 8928d55130fffff, 8928d55136fffff",0.08801574127949467,0.424074869673457
459,21,118,1783971.3983050848,1395012.6700387332,743.3057121072235,"8928d55a39bffff, 8928d55a333ffff, 8928d55a317ffff, 8928d55a3bbffff, 8928d55a38fffff, 8928d55a313ffff, 8928d55a33bffff, 8928d55aedbffff, 8928d55a303ffff, 8928d55a307ffff, 8928d55a383ffff, 8928d55aecbffff, 8928d55a3abffff, 8928d55a337ffff, 8928d55a3a3ffff, 8928d55a38bffff, 8928d55aecfffff, 8928d55a3afffff, 8928d55a387ffff, 8928d55a06fffff, 8928d55a323ffff",0.10161797440760573,0.5068496235939617
460,31,169,2261903.0414201184,668160.0093311841,566.1375249179663,"8928d55a183ffff, 8928d55a1b3ffff, 8928d55124fffff, 8928d55a18fffff, 8928d55120fffff, 8928d551247ffff, 8928d55a1bbffff, 8928d55120bffff, 8928d55a1a3ffff, 8928d5512cfffff, 8928d55127bffff, 8928d551207ffff, 8928d551243ffff, 8928d551273ffff, 8928d551203ffff, 8928d55a19bffff, 8928d55a1b7ffff, 8928d55a187ffff, 8928d55a18bffff, 8928d55121bffff, 8928d55a527ffff, 8928d55125bffff, 8928d55a52fffff, 8928d55a52bffff, 8928d55a523ffff, 8928d55a53bffff, 8928d551253ffff, 8928d55124bffff, 8928d55a197ffff, 8928d55a193ffff, 8928d55a533ffff",0.03405836301385759,0.2550890778019816
461,23,144,1511516.5972222222,604269.8123701806,564.4776639156638,"8928d55ac7bffff, 8928d55a8d3ffff, 8928d55ae33ffff, 8928d55ac6bffff, 8928d55ae07ffff, 8928d55ae1bffff, 8928d55aeabffff, 8928d55aeb7ffff, 8928d55aeafffff, 8928d55ae13ffff, 8928d55ae87ffff, 8928d55ae17ffff, 8928d55aea7ffff, 8928d55aebbffff, 8928d55ac4bffff, 8928d55ae37ffff, 8928d55ae03ffff, 8928d55aeb3ffff, 8928d55aea3ffff, 8928d55a8dbffff, 8928d55ae0fffff, 8928d55ac4fffff, 8928d55ae3bffff",0.04887959070246955,0.30086934919428976
462,6,12,1086750.0,388316.9613859276,737.610891681129,"8928d42e0b7ffff, 8928d42e0a7ffff, 8928d42e0afffff, 8928d42e087ffff, 8928d42e0a3ffff, 8928d42e0b3ffff",0.17785989614877495,0.5643185579441795
463,10,15,1137039.3333333333,468639.88768159953,673.8232059878986,"8928d5cf56bffff, 8928d5cf1cbffff, 8928d5cf193ffff, 8928d5cf56fffff, 8928d5cf10bffff, 8928d5cf1c3ffff, 8928d5cf0a7ffff, 8928d5cf1d7ffff, 8928d5cf11bffff, 8928d5cf037ffff",0.3604582328215498,1.0019996226902432
464,1,1,725000.0,0.0,671.2962962962963,8928d42a2b3ffff,,
465,17,314,635853.0859872611,153895.8067429579,339.0963328103999,"8928d435d23ffff, 8928d435d2fffff, 8928d435d37ffff, 8928d435d03ffff, 8928d435d3bffff, 8928d435d2bffff, 8928d435d33ffff, 8928d435993ffff, 8928d435d67ffff, 8928d435dafffff, 8928d435d63ffff, 8928d435d73ffff, 8928d435d07ffff, 8928d435d77ffff, 8928d435dabffff, 8928d435d0fffff, 8928d435da3ffff",0.0062680568301168044,0.08770710790041016
466,17,132,839859.7575757576,275587.23018171417,421.86919747033187,"8928d4359d7ffff, 8928d4359d3ffff, 8928d4359c7ffff, 8928d435953ffff, 8928d4359cbffff, 8928d4359c3ffff, 8928d435913ffff, 8928d43599bffff, 8928d435d6fffff, 8928d43598bffff, 8928d43598fffff, 8928d435983ffff, 8928d4359cfffff, 8928d4359dbffff, 8928d435827ffff, 8928d4358a7ffff, 8928d435d6bffff",0.025741653031922843,0.21775035866008008
467,29,210,715553.3,353659.8708047587,355.5628789145021,"8928d43438fffff, 8928d434333ffff, 8928d434337ffff, 8928d434313ffff, 8928d4343abffff, 8928d434edbffff, 8928d434323ffff, 8928d434ec7ffff, 8928d434e1bffff, 8928d434ec3ffff, 8928d4343a7ffff, 8928d43414bffff, 8928d434397ffff, 8928d434ecfffff, 8928d434e57ffff, 8928d4343afffff, 8928d434ecbffff, 8928d434ed3ffff, 8928d434317ffff, 8928d434387ffff, 8928d4343bbffff, 8928d434327ffff, 8928d4343a3ffff, 8928d43416bffff, 8928d4343b7ffff, 8928d43415bffff, 8928d434163ffff, 8928d4343b3ffff, 8928d43433bffff",0.05129587145988985,0.32533115126670975
468,18,288,731648.3298611111,212098.4389820043,331.72113221241835,"8928d435ca7ffff, 8928d435ddbffff, 8928d435cb7ffff, 8928d435c07ffff, 8928d435cbbffff, 8928d435c37ffff, 8928d435cabffff, 8928d435c0fffff, 8928d435c33ffff, 8928d435ca3ffff, 8928d435cb3ffff, 8928d435c77ffff, 8928d435c23ffff, 8928d435c27ffff, 8928d435cafffff, 8928d435dcbffff, 8928d435c2bffff, 8928d435c3bffff",0.028201437476386294,0.19495678237995304
469,18,46,1237297.0217391304,465025.99205100496,389.16405096614614,"8928d43439bffff, 8928d434393ffff, 8928d434063ffff, 8928d434067ffff, 8928d434383ffff, 8928d434077ffff, 8928d43403bffff, 8928d434033ffff, 8928d4341cbffff, 8928d434023ffff, 8928d4340afffff, 8928d434007ffff, 8928d434027ffff, 8928d43400fffff, 8928d4340a3ffff, 8928d4341dbffff, 8928d43402bffff, 8928d434563ffff",0.11288448111017836,0.4972560784800104
470,14,130,772942.5307692308,249512.31303923164,373.58812634454034,"8928d434a4bffff, 8928d434a5bffff, 8928d4359b7ffff, 8928d4359b3ffff, 8928d434acbffff, 8928d434a7bffff, 8928d434acfffff, 8928d434a47ffff, 8928d435987ffff, 8928d435d27ffff, 8928d434a53ffff, 8928d434a4fffff, 8928d435997ffff, 8928d434a43ffff",0.03515826311263834,0.2931275058119524
471,20,139,895615.381294964,292482.1271568202,320.88666152856007,"8928d435e9bffff, 8928d435e03ffff, 8928d435167ffff, 8928d435c43ffff, 8928d435c47ffff, 8928d435c57ffff, 8928d435c0bffff, 8928d435e83ffff, 8928d435c73ffff, 8928d435c5bffff, 8928d435c4fffff, 8928d435c4bffff, 8928d435e8fffff, 8928d435e97ffff, 8928d435e13ffff, 8928d435e87ffff, 8928d435c7bffff, 8928d435e8bffff, 8928d435e17ffff, 8928d435eabffff",0.05798729116990376,0.29746303941669844
472,23,99,697599.3838383838,215447.2229020279,370.0445744168013,"8928d4359a3ffff, 8928d4359a7ffff, 8928d426697ffff, 8928d4359afffff, 8928d43593bffff, 8928d42645bffff, 8928d435917ffff, 8928d43592fffff, 8928d4359bbffff, 8928d4359abffff, 8928d435907ffff, 8928d426453ffff, 8928d435903ffff, 8928d426683ffff, 8928d435923ffff, 8928d435927ffff, 8928d4264cbffff, 8928d435933ffff, 8928d426443ffff, 8928d4264dbffff, 8928d426693ffff, 8928d43592bffff, 8928d4264d3ffff",0.03197019821042937,0.24312859346725263
473,10,134,779659.5298507463,222707.14304680488,349.57827691439246,"8928d43583bffff, 8928d4358abffff, 8928d4358bbffff, 8928d435837ffff, 8928d435833ffff, 8928d435823ffff, 8928d435817ffff, 8928d435807ffff, 8928d43588fffff, 8928d435803ffff",0.04660327591957891,0.2923045270370133
474,29,363,749881.3526170799,195976.56940708467,351.82623076801184,"8928d435957ffff, 8928d43594bffff, 8928d43594fffff, 8928d435b9bffff, 8928d435943ffff, 8928d435947ffff, 8928d435963ffff, 8928d43595bffff, 8928d435973ffff, 8928d435b8fffff, 8928d435977ffff, 8928d435b97ffff, 8928d43590fffff, 8928d435bb3ffff, 8928d435b17ffff, 8928d435bb7ffff, 8928d435b87ffff, 8928d43597bffff, 8928d43582fffff, 8928d435b83ffff, 8928d435bbbffff, 8928d435b93ffff, 8928d435867ffff, 8928d435ba7ffff, 8928d43596bffff, 8928d4266d3ffff, 8928d4266d7ffff, 8928d43596fffff, 8928d435ba3ffff",0.02351886948877383,0.16326368495264035
475,18,176,658050.0681818182,142326.41236371026,347.1406722781215,"8928d434a83ffff, 8928d434e7bffff, 8928d434ac3ffff, 8928d434e4fffff, 8928d434e73ffff, 8928d434a8fffff, 8928d435db7ffff, 8928d434adbffff, 8928d434ad7ffff, 8928d434e67ffff, 8928d434e6bffff, 8928d434a8bffff, 8928d434ad3ffff, 8928d434ac7ffff, 8928d434e77ffff, 8928d434a9bffff, 8928d435da7ffff, 8928d434e6fffff",0.022441422797002526,0.15741762882000265
476,22,343,705221.6967930029,208007.05996888498,329.6985568381819,"8928d434373ffff, 8928d43436fffff, 8928d435d87ffff, 8928d435d13ffff, 8928d435d8fffff, 8928d435dd3ffff, 8928d435dbbffff, 8928d434377ffff, 8928d435d1bffff, 8928d435dd7ffff, 8928d43437bffff, 8928d434363ffff, 8928d43436bffff, 8928d435d8bffff, 8928d435dc7ffff, 8928d435d9bffff, 8928d434e4bffff, 8928d43432bffff, 8928d434367ffff, 8928d435d83ffff, 8928d435d93ffff, 8928d434e5bffff",0.021333264621339824,0.12291510784505896
477,19,28,1211266.4642857143,523049.61432691495,460.0419814166153,"8928d43587bffff, 8928d435bc3ffff, 8928d435bcfffff, 8928d435b53ffff, 8928d435b1bffff, 8928d435a1bffff, 8928d435a37ffff, 8928d435bd7ffff, 8928d435bd3ffff, 8928d435bdbffff, 8928d435a2fffff, 8928d435a8fffff, 8928d435aabffff, 8928d435a8bffff, 8928d435acfffff, 8928d435a13ffff, 8928d43584fffff, 8928d435a27ffff, 8928d435bc7ffff",0.9363451960626022,3.739597317700718
478,17,44,779877.2272727273,141132.11788827577,332.7490189507354,"8928d434e97ffff, 8928d434e93ffff, 8928d434e8fffff, 8928d434e3bffff, 8928d434123ffff, 8928d434e87ffff, 8928d434e17ffff, 8928d434eabffff, 8928d43412fffff, 8928d434127ffff, 8928d434e8bffff, 8928d434e83ffff, 8928d43412bffff, 8928d434c5bffff, 8928d434ebbffff, 8928d434e13ffff, 8928d434e33ffff",0.032519639065564314,0.17934694236377807
479,15,23,1245171.7391304348,435522.7156323285,382.0517686755479,"8928d422db3ffff, 8928d422d8fffff, 8928d422d83ffff, 8928d435e4bffff, 8928d422d93ffff, 8928d422d13ffff, 8928d422dd7ffff, 8928d435e63ffff, 8928d435ecbffff, 8928d435327ffff, 8928d435e5bffff, 8928d43536fffff, 8928d43532fffff, 8928d422d9bffff, 8928d435e47ffff",0.3141139684144861,1.245555443562463
480,12,45,1371922.2222222222,514116.0694235361,634.2590115096912,"8928d434357ffff, 8928d43430bffff, 8928d4343c7ffff, 8928d4343c3ffff, 8928d43434fffff, 8928d43431bffff, 8928d434347ffff, 8928d434353ffff, 8928d4343d3ffff, 8928d4343cfffff, 8928d434343ffff, 8928d43434bffff",0.14128499806762027,0.6158679589201987
481,12,154,726703.1298701299,186073.28180999434,332.0217225435099,"8928d435d43ffff, 8928d435d47ffff, 8928d435d4fffff, 8928d435d7bffff, 8928d435d4bffff, 8928d4358b7ffff, 8928d4358b3ffff, 8928d435d57ffff, 8928d435d0bffff, 8928d435d5bffff, 8928d435c2fffff, 8928d435897ffff",0.03317859492314893,0.2595715456501457
482,108,199,1030434.8391959799,446564.67912960256,430.2176801691679,"8928d42741bffff, 8928d426667ffff, 8928d422923ffff, 8928d427617ffff, 8928d435b37ffff, 8928d4229afffff, 8928d42755bffff, 8928d42600bffff, 8928d42744fffff, 8928d42665bffff, 8928d435b27ffff, 8928d4275b7ffff, 8928d427597ffff, 8928d4275b3ffff, 8928d427657ffff, 8928d422977ffff, 8928d427677ffff, 8928d42754bffff, 8928d427417ffff, 8928d4274afffff, 8928d42762bffff, 8928d427593ffff, 8928d435a77ffff, 8928d426657ffff, 8928d427587ffff, 8928d4276abffff, 8928d427443ffff, 8928d426663ffff, 8928d42604fffff, 8928d42664bffff, 8928d4262b3ffff, 8928d4274a3ffff, 8928d435b2fffff, 8928d427043ffff, 8928d42662fffff, 8928d42764bffff, 8928d4275cfffff, 8928d426293ffff, 8928d42292bffff, 8928d42664fffff, 8928d42758bffff, 8928d427013ffff, 8928d42748bffff, 8928d42751bffff, 8928d427427ffff, 8928d42293bffff, 8928d427643ffff, 8928d426643ffff, 8928d42748fffff, 8928d42290fffff, 8928d422927ffff, 8928d42762fffff, 8928d427647ffff, 8928d427483ffff, 8928d427673ffff, 8928d4275d3ffff, 8928d42667bffff, 8928d4274b7ffff, 8928d420d93ffff, 8928d4274b3ffff, 8928d427517ffff, 8928d4274d7ffff, 8928d420d97ffff, 8928d422b2fffff, 8928d427297ffff, 8928d4275cbffff, 8928d42607bffff, 8928d427457ffff, 8928d435b33ffff, 8928d435b6bffff, 8928d435a67ffff, 8928d4275c3ffff, 8928d435b07ffff, 8928d427003ffff, 8928d4275a3ffff, 8928d42604bffff, 8928d42749bffff, 8928d42666bffff, 8928d4270cfffff, 8928d422967ffff, 8928d4275c7ffff, 8928d4272bbffff, 8928d4276b3ffff, 8928d4274cfffff, 8928d427487ffff, 8928d42768bffff, 8928d4276a7ffff, 8928d435b4bffff, 8928d435a6fffff, 8928d426047ffff, 8928d4270b3ffff, 8928d427433ffff, 8928d4276d3ffff, 8928d422973ffff, 8928d427403ffff, 8928d427423ffff, 8928d4270dbffff, 8928d427583ffff, 8928d4270c7ffff, 8928d4276a3ffff, 8928d427497ffff, 8928d4229a7ffff, 8928d4274c3ffff, 8928d435b4fffff, 8928d4274dbffff, 8928d4276afffff, 8928d427603ffff, 8928d4266cbffff",0.18244956091243575,0.896814450470145
483,11,68,2606888.132352941,1455282.8735769382,1108.5100139445728,"8928d551963ffff, 8928d55196bffff, 8928d551967ffff, 8928d551973ffff, 8928d551bb7ffff, 8928d551947ffff, 8928d55197bffff, 8928d55196fffff, 8928d55194fffff, 8928d551977ffff, 8928d551ba7ffff",0.18389004623576616,0.7111103259204795
484,18,71,2433249.2816901407,888023.5283011367,879.4129820043698,"8928d5518d3ffff, 8928d551c77ffff, 8928d551c7bffff, 8928d551c6bffff, 8928d551c27ffff, 8928d551c67ffff, 8928d551893ffff, 8928d551c6fffff, 8928d551c63ffff, 8928d551c07ffff, 8928d55189bffff, 8928d5518d7ffff, 8928d551c23ffff, 8928d551c0fffff, 8928d551c73ffff, 8928d551c2fffff, 8928d551c2bffff, 8928d551c3bffff",0.10851869098247947,0.5292527790462569
485,25,147,2556882.925170068,1454911.634301478,1028.3433610549807,"8928d551b97ffff, 8928d551bb3ffff, 8928d551b87ffff, 8928d551953ffff, 8928d551b8bffff, 8928d551babffff, 8928d551b83ffff, 8928d55182fffff, 8928d551b9bffff, 8928d55183bffff, 8928d551b93ffff, 8928d551bbbffff, 8928d551823ffff, 8928d551b8fffff, 8928d551867ffff, 8928d551827ffff, 8928d551b07ffff, 8928d551877ffff, 8928d551b17ffff, 8928d55195bffff, 8928d551943ffff, 8928d55194bffff, 8928d55182bffff, 8928d551b03ffff, 8928d551b33ffff",0.13530153881923712,0.5879822544565683
486,9,61,2811965.8360655736,1442946.4152209498,997.4030344240408,"8928d551c8bffff, 8928d551ccfffff, 8928d551c57ffff, 8928d551cd7ffff, 8928d551c47ffff, 8928d551c1bffff, 8928d551cc3ffff, 8928d551cc7ffff, 8928d551c0bffff",0.16983535579970524,0.7183662155789144
487,27,172,2710411.2209302327,1351158.1407035114,928.8160880992187,"8928d551873ffff, 8928d551d5bffff, 8928d5518c7ffff, 8928d551857ffff, 8928d551803ffff, 8928d551d4bffff, 8928d5518afffff, 8928d551807ffff, 8928d551813ffff, 8928d551887ffff, 8928d55180fffff, 8928d5518a3ffff, 8928d551837ffff, 8928d551817ffff, 8928d551897ffff, 8928d55181bffff, 8928d55180bffff, 8928d55188bffff, 8928d551833ffff, 8928d551d43ffff, 8928d55188fffff, 8928d5518b3ffff, 8928d5518cfffff, 8928d5518abffff, 8928d551883ffff, 8928d5518c3ffff, 8928d5518bbffff",0.10232600866726936,0.43338573087855736
488,25,123,2843992.276422764,1665397.52539835,931.83062475847,"8928d550363ffff, 8928d55034fffff, 8928d550373ffff, 8928d551c33ffff, 8928d551dc3ffff, 8928d550343ffff, 8928d5503cfffff, 8928d551cb3ffff, 8928d551ddbffff, 8928d55036bffff, 8928d551c37ffff, 8928d551ca3ffff, 8928d55031bffff, 8928d551cabffff, 8928d551dcbffff, 8928d551cb7ffff, 8928d550347ffff, 8928d551ca7ffff, 8928d55037bffff, 8928d551cafffff, 8928d55030bffff, 8928d550357ffff, 8928d551dd3ffff, 8928d550377ffff, 8928d551cbbffff",0.10149130164997494,0.4784394987193144
489,19,96,2510587.2395833335,1289285.6638343118,878.326137454647,"8928d55186bffff, 8928d551ab7ffff, 8928d551aafffff, 8928d551b1bffff, 8928d55184fffff, 8928d551847ffff, 8928d551aa7ffff, 8928d55186fffff, 8928d551863ffff, 8928d55187bffff, 8928d551bc3ffff, 8928d551aa3ffff, 8928d551bd7ffff, 8928d551bcfffff, 8928d551ab3ffff, 8928d551bc7ffff, 8928d551bd3ffff, 8928d551aabffff, 8928d551bdbffff",0.16794357394746845,0.7866258281288359
490,25,131,3393494.290076336,3451298.655114088,1388.6063387424979,"8928d5426c7ffff, 8928d54268bffff, 8928d54269bffff, 8928d542617ffff, 8928d54268fffff, 8928d5426c3ffff, 8928d551b23ffff, 8928d542693ffff, 8928d5426d7ffff, 8928d5426d3ffff, 8928d54265bffff, 8928d542603ffff, 8928d5426cfffff, 8928d54261bffff, 8928d551b2fffff, 8928d551b27ffff, 8928d542613ffff, 8928d54260fffff, 8928d542673ffff, 8928d542687ffff, 8928d542657ffff, 8928d542683ffff, 8928d54260bffff, 8928d5426bbffff, 8928d542653ffff",0.18503686563132785,0.6797566728855027
491,19,86,2995629.930232558,1521194.2684773053,1104.6065762590085,"8928d550267ffff, 8928d5502afffff, 8928d55026fffff, 8928d55022bffff, 8928d550223ffff, 8928d551c93ffff, 8928d551c83ffff, 8928d551c87ffff, 8928d55023bffff, 8928d55035bffff, 8928d55022fffff, 8928d551c9bffff, 8928d550237ffff, 8928d551c97ffff, 8928d550227ffff, 8928d55034bffff, 8928d5503cbffff, 8928d550353ffff, 8928d550277ffff",0.08855261906619295,0.4189087676885414
492,30,162,3105181.0185185187,2172946.263524519,1480.7830810915154,"8928d543543ffff, 8928d543407ffff, 8928d543437ffff, 8928d5434afffff, 8928d5434abffff, 8928d543423ffff, 8928d54342fffff, 8928d543427ffff, 8928d543433ffff, 8928d543553ffff, 8928d543467ffff, 8928d54355bffff, 8928d54309bffff, 8928d5430d7ffff, 8928d543477ffff, 8928d54343bffff, 8928d54346fffff, 8928d543093ffff, 8928d54308bffff, 8928d543473ffff, 8928d543097ffff, 8928d543083ffff, 8928d54342bffff, 8928d543557ffff, 8928d54340fffff, 8928d5434a7ffff, 8928d543547ffff, 8928d5435dbffff, 8928d5435cbffff, 8928d5435cfffff",0.28096694149864676,1.0592827903480644
493,28,182,3211401.456043956,2103397.815418907,1611.362099057358,"8928d551a67ffff, 8928d543483ffff, 8928d5434bbffff, 8928d551a2bffff, 8928d543487ffff, 8928d54349bffff, 8928d551b4bffff, 8928d551a63ffff, 8928d543493ffff, 8928d551b4fffff, 8928d54348fffff, 8928d543497ffff, 8928d543417ffff, 8928d5434b3ffff, 8928d551a77ffff, 8928d551b5bffff, 8928d551a73ffff, 8928d5434b7ffff, 8928d551a2fffff, 8928d543413ffff, 8928d551a3bffff, 8928d551bcbffff, 8928d54348bffff, 8928d5434a3ffff, 8928d551a23ffff, 8928d551a0fffff, 8928d551a27ffff, 8928d551a37ffff",0.09018214881402022,0.42542063725602036
494,31,172,562052.4186046511,132816.12106794142,370.34537549515323,"8928d552847ffff, 8928d552aafffff, 8928d55286bffff, 8928d552a27ffff, 8928d55287bffff, 8928d552aa7ffff, 8928d552857ffff, 8928d552b57ffff, 8928d552aabffff, 8928d552a37ffff, 8928d552873ffff, 8928d552bc7ffff, 8928d552bcbffff, 8928d552bcfffff, 8928d552bdbffff, 8928d55280bffff, 8928d552bd3ffff, 8928d552a17ffff, 8928d552877ffff, 8928d552b53ffff, 8928d55280fffff, 8928d55286fffff, 8928d552b1bffff, 8928d552867ffff, 8928d552863ffff, 8928d552bc3ffff, 8928d552ab3ffff, 8928d552b13ffff, 8928d552ab7ffff, 8928d55284fffff, 8928d552a33ffff",0.061373187202661765,0.35132213853751343
495,20,177,551914.7344632768,134045.93747790577,469.5691257705337,"8928d550dd3ffff, 8928d552b63ffff, 8928d552b6bffff, 8928d550d9bffff, 8928d550dc7ffff, 8928d552b6fffff, 8928d550dd7ffff, 8928d552b77ffff, 8928d550d93ffff, 8928d550d8bffff, 8928d550dc3ffff, 8928d550d1bffff, 8928d552b67ffff, 8928d550ca7ffff, 8928d552b2bffff, 8928d552b7bffff, 8928d550d13ffff, 8928d552b2fffff, 8928d550d83ffff, 8928d550d03ffff",0.036114403310877306,0.25256910127307713
496,24,250,1014311.772,506096.0976554157,595.829409459186,"8928d557433ffff, 8928d557467ffff, 8928d55755bffff, 8928d557097ffff, 8928d557477ffff, 8928d55754bffff, 8928d557407ffff, 8928d557437ffff, 8928d55740fffff, 8928d557543ffff, 8928d5570b3ffff, 8928d55754fffff, 8928d5574afffff, 8928d5575cbffff, 8928d557423ffff, 8928d55742bffff, 8928d557083ffff, 8928d55742fffff, 8928d55743bffff, 8928d557427ffff, 8928d55709bffff, 8928d557553ffff, 8928d557093ffff, 8928d557557ffff",0.06153912722743078,0.3464186077954068
497,11,80,1183391.025,585479.426847455,610.6812566865852,"8928d557487ffff, 8928d557417ffff, 8928d557483ffff, 8928d5574bbffff, 8928d557413ffff, 8928d5574abffff, 8928d55748bffff, 8928d55748fffff, 8928d557497ffff, 8928d5574b3ffff, 8928d5574a3ffff",0.12226502969147537,0.5371365240721133
498,20,225,672169.5155555556,184768.07793228782,465.5352653128104,"8928d552927ffff, 8928d5574c3ffff, 8928d55292bffff, 8928d55741bffff, 8928d557693ffff, 8928d5574c7ffff, 8928d55744bffff, 8928d557403ffff, 8928d557453ffff, 8928d557697ffff, 8928d552923ffff, 8928d55745bffff, 8928d55292fffff, 8928d5574cfffff, 8928d552967ffff, 8928d5574cbffff, 8928d557457ffff, 8928d557443ffff, 8928d55740bffff, 8928d552937ffff",0.032175619961561444,0.22128750182670756
499,21,224,583798.53125,150338.67893015195,444.3956173046072,"8928d552bb3ffff, 8928d552b97ffff, 8928d552b87ffff, 8928d552b83ffff, 8928d55294fffff, 8928d552ba3ffff, 8928d55294bffff, 8928d55297bffff, 8928d55282fffff, 8928d552babffff, 8928d552bb7ffff, 8928d552947ffff, 8928d552b93ffff, 8928d552b9bffff, 8928d552bbbffff, 8928d552b8fffff, 8928d552b8bffff, 8928d552b17ffff, 8928d55282bffff, 8928d552ba7ffff, 8928d552943ffff",0.03828857258574198,0.2764920517143548
500,19,157,575640.8535031847,135209.57277518706,408.28028897077644,"8928d5528a3ffff, 8928d5528abffff, 8928d552837ffff, 8928d5528bbffff, 8928d5528afffff, 8928d5528b7ffff, 8928d552827ffff, 8928d5529cbffff, 8928d5528a7ffff, 8928d552833ffff, 8928d552817ffff, 8928d552803ffff, 8928d5529cfffff, 8928d552807ffff, 8928d552823ffff, 8928d5528b3ffff, 8928d5529dbffff, 8928d55283bffff, 8928d552953ffff",0.03318885021429333,0.23020174211147224
501,25,177,694764.186440678,309563.08862396947,403.7530720497559,"8928d552d1bffff, 8928d552d4fffff, 8928d5529d3ffff, 8928d552d57ffff, 8928d5cda5bffff, 8928d552d0bffff, 8928d552d43ffff, 8928d552d2fffff, 8928d552d73ffff, 8928d552d0fffff, 8928d552d6bffff, 8928d552d6fffff, 8928d552d63ffff, 8928d552d3bffff, 8928d5529d7ffff, 8928d552d2bffff, 8928d552993ffff, 8928d552d23ffff, 8928d552d47ffff, 8928d552d7bffff, 8928d552d27ffff, 8928d552d77ffff, 8928d552d33ffff, 8928d55299bffff, 8928d552d67ffff",0.0650895159611175,0.36273047348585963
502,23,277,621989.7509025271,146963.13732899333,470.9819338177017,"8928d557613ffff, 8928d557603ffff, 8928d552963ffff, 8928d55296bffff, 8928d55296fffff, 8928d557653ffff, 8928d5576c7ffff, 8928d55768fffff, 8928d55760fffff, 8928d55761bffff, 8928d557687ffff, 8928d55760bffff, 8928d557657ffff, 8928d552b37ffff, 8928d55768bffff, 8928d552b27ffff, 8928d5576cfffff, 8928d5576cbffff, 8928d557683ffff, 8928d5576c3ffff, 8928d5576dbffff, 8928d5576d7ffff, 8928d5576d3ffff",0.038645665626714225,0.33367533472681526
503,26,189,821655.0687830688,387049.9049508143,445.80084734301226,"8928d55749bffff, 8928d5529a7ffff, 8928d5cda73ffff, 8928d5cda77ffff, 8928d5529afffff, 8928d552933ffff, 8928d55298fffff, 8928d5cda6bffff, 8928d5574dbffff, 8928d5529abffff, 8928d5529b7ffff, 8928d5529bbffff, 8928d5cda7bffff, 8928d5529a3ffff, 8928d5574d7ffff, 8928d5cda4bffff, 8928d5cda6fffff, 8928d5574d3ffff, 8928d5cda67ffff, 8928d5529b3ffff, 8928d5cda4fffff, 8928d552983ffff, 8928d5cda47ffff, 8928d552987ffff, 8928d5cda63ffff, 8928d5cda43ffff",0.04722037508937852,0.2893039167601519
504,22,383,598342.4255874674,136925.1077147796,531.8332294098066,"8928d557637ffff, 8928d5576abffff, 8928d55747bffff, 8928d55746fffff, 8928d557463ffff, 8928d5576a7ffff, 8928d5570c3ffff, 8928d557617ffff, 8928d557633ffff, 8928d557607ffff, 8928d5576bbffff, 8928d5576a3ffff, 8928d55746bffff, 8928d557447ffff, 8928d5576b3ffff, 8928d5570d3ffff, 8928d5570dbffff, 8928d5570d7ffff, 8928d5576b7ffff, 8928d557473ffff, 8928d55744fffff, 8928d5576afffff",0.0071902807432434376,0.12269376152431788
505,18,139,535116.9208633094,131107.1827243443,386.056079713845,"8928d5528cbffff, 8928d552a97ffff, 8928d552843ffff, 8928d552e23ffff, 8928d552e27ffff, 8928d552a83ffff, 8928d552e2fffff, 8928d552e2bffff, 8928d552e37ffff, 8928d552a87ffff, 8928d552853ffff, 8928d552a93ffff, 8928d55285bffff, 8928d552a8fffff, 8928d552e3bffff, 8928d552e77ffff, 8928d552e67ffff, 8928d55284bffff",0.08053048929536076,0.4999569657698066
506,21,194,515421.5412371134,143769.23832592042,382.6556453191478,"8928d5528c7ffff, 8928d552c7bffff, 8928d5528cfffff, 8928d552897ffff, 8928d552893ffff, 8928d552c6fffff, 8928d55288fffff, 8928d552d4bffff, 8928d552813ffff, 8928d5528d3ffff, 8928d55281bffff, 8928d55289bffff, 8928d552c63ffff, 8928d552c6bffff, 8928d552c67ffff, 8928d5528d7ffff, 8928d552887ffff, 8928d552883ffff, 8928d552c47ffff, 8928d55288bffff, 8928d5528c3ffff",0.03913531669865202,0.2610055297856551
507,11,90,547101.3222222222,144270.247315533,463.8173974703949,"8928d552913ffff, 8928d55290bffff, 8928d55298bffff, 8928d55293bffff, 8928d552907ffff, 8928d55291bffff, 8928d552903ffff, 8928d552977ffff, 8928d5529c7ffff, 8928d55290fffff, 8928d552973ffff",0.0429638833213213,0.32121315075718226
508,11,77,561908.2857142857,121196.36167215466,359.17001819148624,"8928d552c07ffff, 8928d552c8fffff, 8928d552c03ffff, 8928d552c17ffff, 8928d552c77ffff, 8928d552cabffff, 8928d552c13ffff, 8928d552c87ffff, 8928d552c0fffff, 8928d552c3bffff, 8928d552c83ffff",0.057667032984299385,0.32172407959705057
509,26,201,586668.8358208955,203605.75841546874,439.6349373500968,"8928d552c27ffff, 8928d552dcfffff, 8928d552d8bffff, 8928d552dd7ffff, 8928d552dc3ffff, 8928d552ca7ffff, 8928d552dcbffff, 8928d552c2bffff, 8928d552ddbffff, 8928d552dd3ffff, 8928d552d17ffff, 8928d552d53ffff, 8928d552dc7ffff, 8928d5cd36fffff, 8928d5cd36bffff, 8928d552c2fffff, 8928d552d8fffff, 8928d552c37ffff, 8928d552dbbffff, 8928d552d83ffff, 8928d552d9bffff, 8928d552d5bffff, 8928d552cafffff, 8928d552cb7ffff, 8928d5cd363ffff, 8928d552c23ffff",0.06231356394256517,0.3773937994877341
510,37,69,1303673.347826087,571303.1207246081,414.18603747027515,"8928d43522fffff, 8928d435343ffff, 8928d422137ffff, 8928d435233ffff, 8928d422cc3ffff, 8928d422cd3ffff, 8928d422c97ffff, 8928d4352a7ffff, 8928d422cdbffff, 8928d4221a7ffff, 8928d422c9bffff, 8928d422cd7ffff, 8928d435237ffff, 8928d422c8bffff, 8928d4221b7ffff, 8928d43527bffff, 8928d435273ffff, 8928d435203ffff, 8928d435277ffff, 8928d435213ffff, 8928d435257ffff, 8928d4352b3ffff, 8928d4353cfffff, 8928d4221a3ffff, 8928d43504bffff, 8928d43523bffff, 8928d435353ffff, 8928d43522bffff, 8928d43520fffff, 8928d43531bffff, 8928d4353c3ffff, 8928d43526bffff, 8928d435287ffff, 8928d422c93ffff, 8928d435267ffff, 8928d43524fffff, 8928d435247ffff",0.13452405634268808,0.5535021565941647
511,8,85,570277.9647058824,104135.04667649792,408.77574503590466,"8928d5534cbffff, 8928d55345bffff, 8928d55341bffff, 8928d553453ffff, 8928d5534cfffff, 8928d426927ffff, 8928d55340bffff, 8928d553457ffff",0.023960053380776877,0.17083571433237837
512,14,68,630389.4852941176,130604.50335712604,385.7824764505444,"8928d55350fffff, 8928d553507ffff, 8928d553503ffff, 8928d553513ffff, 8928d55358bffff, 8928d5535c7ffff, 8928d5535d7ffff, 8928d55351bffff, 8928d55359bffff, 8928d553583ffff, 8928d553517ffff, 8928d55350bffff, 8928d5535c3ffff, 8928d55358fffff",0.04019213029988248,0.2257642733203046
513,19,161,559206.8571428572,126747.58217816484,391.7368622148124,"8928d5534c3ffff, 8928d4269a3ffff, 8928d5534c7ffff, 8928d4269abffff, 8928d5534d7ffff, 8928d426907ffff, 8928d5534dbffff, 8928d426917ffff, 8928d426923ffff, 8928d426903ffff, 8928d42693bffff, 8928d5c9a6bffff, 8928d5534d3ffff, 8928d4269a7ffff, 8928d4269afffff, 8928d426933ffff, 8928d426913ffff, 8928d426937ffff, 8928d4269b7ffff",0.024098724504672382,0.16839597144722143
514,16,148,650712.1418918918,208075.77781060108,351.5420377976263,"8928d5530d3ffff, 8928d5536a7ffff, 8928d553473ffff, 8928d55346bffff, 8928d553443ffff, 8928d5536b3ffff, 8928d55344bffff, 8928d553447ffff, 8928d553463ffff, 8928d55344fffff, 8928d55346fffff, 8928d55347bffff, 8928d553467ffff, 8928d55309bffff, 8928d5536b7ffff, 8928d5530d7ffff",0.024957690120855865,0.22850735686227874
515,12,76,587449.0657894737,150279.8709896529,399.27308652084764,"8928d553433ffff, 8928d55355bffff, 8928d553427ffff, 8928d553477ffff, 8928d55343bffff, 8928d55342bffff, 8928d55342fffff, 8928d553423ffff, 8928d553437ffff, 8928d553097ffff, 8928d55340fffff, 8928d553093ffff",0.035555588455646214,0.2540527565067165
516,15,102,758252.9411764706,202417.80404230815,376.2867134625998,"8928d426967ffff, 8928d5536d7ffff, 8928d553697ffff, 8928d42692fffff, 8928d55368bffff, 8928d42696fffff, 8928d5536c7ffff, 8928d5536c3ffff, 8928d42692bffff, 8928d5536d3ffff, 8928d553693ffff, 8928d5536cfffff, 8928d5536dbffff, 8928d5536cbffff, 8928d55369bffff",0.0353143285964875,0.23635102029984495
517,15,111,734581.7477477477,159253.90321416105,312.67971678148484,"8928d5535d3ffff, 8928d5c9b2bffff, 8928d5c9b47ffff, 8928d5c9b03ffff, 8928d5c9b7bffff, 8928d5c9b63ffff, 8928d5c9b6fffff, 8928d5c9b67ffff, 8928d5c9b0fffff, 8928d553593ffff, 8928d5c9b6bffff, 8928d5c9b77ffff, 8928d5c9b3bffff, 8928d5c9b0bffff, 8928d5c9b73ffff",0.04472579619676559,0.29150771739851405
518,6,27,558481.0370370371,146087.15618183182,441.13377004534726,"8928d553607ffff, 8928d5536abffff, 8928d5536afffff, 8928d553633ffff, 8928d553617ffff, 8928d5536bbffff",0.051921433746103696,0.30284273507251613
519,17,107,602596.3925233645,188541.97341343114,386.0650958694238,"8928d5534b7ffff, 8928d5534abffff, 8928d553407ffff, 8928d5534bbffff, 8928d5534a3ffff, 8928d5534a7ffff, 8928d553413ffff, 8928d55348bffff, 8928d553403ffff, 8928d553417ffff, 8928d5534afffff, 8928d553483ffff, 8928d5534b3ffff, 8928d5c9b4fffff, 8928d55348fffff, 8928d5c9b4bffff, 8928d553487ffff",0.0477183296374691,0.3553110005607581
520,21,182,705026.6538461539,136516.24577596906,324.9643658422775,"8928d5c9a93ffff, 8928d5c9a17ffff, 8928d5c9a0fffff, 8928d5c9a13ffff, 8928d5c9abbffff, 8928d5c9a0bffff, 8928d5c9a07ffff, 8928d5c9a87ffff, 8928d5c9aabffff, 8928d5c9ac7ffff, 8928d5c9a57ffff, 8928d5c9ad7ffff, 8928d5c9a03ffff, 8928d5c9a8bffff, 8928d5c9a1bffff, 8928d5c9a8fffff, 8928d5c9acfffff, 8928d5c9a83ffff, 8928d5c9a47ffff, 8928d5c9a97ffff, 8928d5c9ac3ffff",0.03724724092367677,0.2725550946133356
521,19,138,619698.3695652174,144929.5418427183,346.74063318412885,"8928d5c9a67ffff, 8928d5c9b5bffff, 8928d5c9a2fffff, 8928d5c9a37ffff, 8928d5c9a2bffff, 8928d5c9a27ffff, 8928d5c9aafffff, 8928d5c9a33ffff, 8928d5c9a3bffff, 8928d5c9a23ffff, 8928d5c9a77ffff, 8928d5c9a63ffff, 8928d553493ffff, 8928d5c9bcbffff, 8928d5c9aa7ffff, 8928d5c9aa3ffff, 8928d5c9bdbffff, 8928d55349bffff, 8928d5c9a73ffff",0.02154610336561493,0.20333272404621794
522,18,186,421195.6129032258,100058.18045410201,342.55586359027706,"8928d5d9ba7ffff, 8928d5ca6d3ffff, 8928d5d9977ffff, 8928d5d990fffff, 8928d5d9973ffff, 8928d5d9963ffff, 8928d5d9957ffff, 8928d5d996bffff, 8928d5d9953ffff, 8928d5d996fffff, 8928d5d9943ffff, 8928d5d9bb3ffff, 8928d5d9947ffff, 8928d5d995bffff, 8928d5d9967ffff, 8928d5d994bffff, 8928d5d997bffff, 8928d5d990bffff",0.02445563332797877,0.18536787566292873
523,5,56,478435.60714285716,123289.83413335982,314.6454968178541,"8928d5ca24bffff, 8928d5ca25bffff, 8928d5ca243ffff, 8928d5ca24fffff, 8928d5cb187ffff",0.0423872486732043,0.2658424443449225
524,26,165,494660.0909090909,122651.82930624188,286.63284082858513,"8928d5d9ab3ffff, 8928d5d980bffff, 8928d5d9873ffff, 8928d5d9bd3ffff, 8928d5d986fffff, 8928d5d986bffff, 8928d5d9aa7ffff, 8928d5d987bffff, 8928d5d9843ffff, 8928d5d9847ffff, 8928d5d9bdbffff, 8928d5d984fffff, 8928d5d9803ffff, 8928d5d9ab7ffff, 8928d5d9aafffff, 8928d5d9aa3ffff, 8928d5d980fffff, 8928d5d9857ffff, 8928d5d9867ffff, 8928d5d981bffff, 8928d5d9abbffff, 8928d5d9863ffff, 8928d5d9a93ffff, 8928d5d9a83ffff, 8928d5d9a87ffff, 8928d5d9a97ffff",0.04644653319997162,0.2930862026291416
525,24,247,551865.943319838,148769.27414557905,319.83497331611306,"8928d5cb4b7ffff, 8928d5cb5c3ffff, 8928d5cb4abffff, 8928d5cb433ffff, 8928d5cb4bbffff, 8928d5cb4a3ffff, 8928d5cb40bffff, 8928d5cb5d7ffff, 8928d5cb4afffff, 8928d5cb40fffff, 8928d5cb5cfffff, 8928d5cb427ffff, 8928d5cb4a7ffff, 8928d5cb437ffff, 8928d5cb403ffff, 8928d5cb423ffff, 8928d5cb407ffff, 8928d5cb5cbffff, 8928d5cb5d3ffff, 8928d5cb5dbffff, 8928d5cb58bffff, 8928d5cb4b3ffff, 8928d5cb5c7ffff, 8928d5cb43bffff",0.05280708022378993,0.35711721886187786
526,11,60,393082.23333333334,91812.68851913782,314.14316048152824,"8928d5ca617ffff, 8928d5ca6bbffff, 8928d5ca683ffff, 8928d5ca6c3ffff, 8928d5ca6c7ffff, 8928d5ca6d7ffff, 8928d5ca687ffff, 8928d5ca68fffff, 8928d5ca69bffff, 8928d5ca68bffff, 8928d5ca6afffff",0.06781087883962693,0.36737351225971765
527,18,102,484276.70588235295,132150.27774332897,320.5254703822084,"8928d5ca603ffff, 8928d5cb58fffff, 8928d5ca657ffff, 8928d5cb587ffff, 8928d5ca64fffff, 8928d5cb5a7ffff, 8928d5cb5a3ffff, 8928d5ca64bffff, 8928d5cb5b3ffff, 8928d5cb5bbffff, 8928d5ca67bffff, 8928d5ca643ffff, 8928d5ca61bffff, 8928d5cb5b7ffff, 8928d5ca66bffff, 8928d5ca647ffff, 8928d5ca60bffff, 8928d5cb583ffff",0.04188021181740319,0.2862807519024619
528,17,106,750727.2452830189,212894.3959337503,292.80116276009943,"8928d5cb1d3ffff, 8928d5cb0a3ffff, 8928d5cb1c7ffff, 8928d5cb56bffff, 8928d5cb1c3ffff, 8928d5cb1cbffff, 8928d5cb56fffff, 8928d5cb0b7ffff, 8928d5cb563ffff, 8928d5cb57bffff, 8928d5cb1dbffff, 8928d5cb54fffff, 8928d5cb0bbffff, 8928d5cb0b3ffff, 8928d5cb0a7ffff, 8928d5cb1d7ffff, 8928d5cb037ffff",0.03418183713837227,0.2320731493688929
529,18,60,866656.9333333333,344611.6069587552,315.48465366816066,"8928d5cb143ffff, 8928d5cb10fffff, 8928d5cb1cfffff, 8928d5cb15bffff, 8928d5cb11bffff, 8928d5cb383ffff, 8928d5cb387ffff, 8928d5cb397ffff, 8928d5cb173ffff, 8928d5cb14fffff, 8928d5cb147ffff, 8928d5cb14bffff, 8928d5cb153ffff, 8928d5cb157ffff, 8928d5cb17bffff, 8928d5cb163ffff, 8928d5cb177ffff, 8928d5cb10bffff",0.06972387786367677,0.32388092305233457
530,26,214,487160.4018691589,142679.1615097274,313.7147435871008,"8928d5d9b0fffff, 8928d5d9b27ffff, 8928d5ca6dbffff, 8928d5ca6cbffff, 8928d5d9b07ffff, 8928d5ca653ffff, 8928d5d9b2fffff, 8928d5d9b37ffff, 8928d5ca65bffff, 8928d5d9b3bffff, 8928d5d9b2bffff, 8928d5d9babffff, 8928d5d9b33ffff, 8928d5cb597ffff, 8928d5d9b23ffff, 8928d5d9b77ffff, 8928d5d9b63ffff, 8928d5d9b6bffff, 8928d5d9b03ffff, 8928d5d9b6fffff, 8928d5cb593ffff, 8928d5d9b67ffff, 8928d5d9b7bffff, 8928d5d9bafffff, 8928d5d9b47ffff, 8928d5d9b73ffff",0.047441051581130364,0.27460059216956584
531,15,79,554568.3544303797,131505.2759631828,324.9888846082174,"8928d5cb507ffff, 8928d5cb577ffff, 8928d5cb52bffff, 8928d5cb53bffff, 8928d5ca2dbffff, 8928d5cb567ffff, 8928d5cb517ffff, 8928d5cb533ffff, 8928d5cb537ffff, 8928d5cb5abffff, 8928d5cb503ffff, 8928d5ca2cfffff, 8928d5ca2cbffff, 8928d5cb5afffff, 8928d5cb523ffff",0.041676775854339536,0.2550393564959462
532,22,194,685286.8453608247,201331.0898703381,270.31800895162166,"8928d5cb04fffff, 8928d5cb62bffff, 8928d5cb063ffff, 8928d5cb0abffff, 8928d5cb623ffff, 8928d5cb02fffff, 8928d5cb077ffff, 8928d5cb043ffff, 8928d5cb067ffff, 8928d5cb627ffff, 8928d5cb00bffff, 8928d5cb0cfffff, 8928d5cb02bffff, 8928d5cb033ffff, 8928d5cb03bffff, 8928d5cb07bffff, 8928d5cb00fffff, 8928d5cb007ffff, 8928d5cb003ffff, 8928d5cb01bffff, 8928d5cb057ffff, 8928d5cb023ffff",0.027271084806624046,0.18755863968357206
533,10,106,531873.7264150943,90584.69156421322,294.7840306397822,"8928d5cb1a7ffff, 8928d5c84dbffff, 8928d5cb12fffff, 8928d5c845bffff, 8928d5cb1afffff, 8928d5cb133ffff, 8928d5cb137ffff, 8928d5cb127ffff, 8928d5cb107ffff, 8928d5c8693ffff",0.01496995257114745,0.12086673648635127
534,10,81,447380.56790123455,114727.6357315084,345.4136012796187,"8928d5d999bffff, 8928d5d99d7ffff, 8928d5d99d3ffff, 8928d5d99cfffff, 8928d5d99c7ffff, 8928d5d99c3ffff, 8928d5d9913ffff, 8928d5d9d67ffff, 8928d5d991bffff, 8928d5d9d6fffff",0.03518237808605145,0.22353168606367643
535,26,250,671145.5,134784.7144547556,283.785492652787,"8928d5cb453ffff, 8928d5cb093ffff, 8928d5cb543ffff, 8928d5cb0d3ffff, 8928d5cb46fffff, 8928d5cb0d7ffff, 8928d5cb0c7ffff, 8928d5cb463ffff, 8928d5cb013ffff, 8928d5cb087ffff, 8928d5cb09bffff, 8928d5cb44fffff, 8928d5cb54bffff, 8928d5cb083ffff, 8928d5cb447ffff, 8928d5cb46bffff, 8928d5cb08bffff, 8928d5cb55bffff, 8928d5cb6a7ffff, 8928d5cb6b7ffff, 8928d5cb097ffff, 8928d5cb42fffff, 8928d5cb08fffff, 8928d5cb47bffff, 8928d5cb0c3ffff, 8928d5cb557ffff",0.017568954966590906,0.15951637422158443
536,20,151,467688.9867549669,91003.45380695464,324.9429961879361,"8928d5d9827ffff, 8928d5d99dbffff, 8928d5d9837ffff, 8928d5d98afffff, 8928d5d9807ffff, 8928d5d98b3ffff, 8928d5d9d4fffff, 8928d5d9887ffff, 8928d5d9d4bffff, 8928d5d988fffff, 8928d5d9833ffff, 8928d5d9823ffff, 8928d5d98a3ffff, 8928d5d98abffff, 8928d5d98b7ffff, 8928d5d98bbffff, 8928d5d9883ffff, 8928d5d9817ffff, 8928d5d99cbffff, 8928d5d98a7ffff",0.019239223596570015,0.16525107771518657
