,sale_date,lat,lng,community,sqft,sqft_scaled,sqft_lot,sqft_lot_scaled,h3_07,h3_08,h3_10,month,year,week,community_index,log_price_scaled,cls_community,cls_year,cls_week,cls_property,predicted_value,predicted_price
0,2025-01-01,47.7338193323605,-121.965763365882,278,1000,-1.1939798061352827,1000,-0.31292250417744477,8728d0949ffffff,8828d09493fffff,8a28d0949257fff,1,2025,1,7,-0.21461995764535605,0.07088857144117355,0.10717326402664185,0.13753308355808258,0.21435493230819702,13.45666790008545,698484.25
1,2025-01-01,47.581154884315,-122.402439608233,82,1000,-1.1939798061352827,1000,-0.31292250417744477,8728d5542ffffff,8828d55425fffff,8a28d5542457fff,1,2025,1,1,-0.5059921019920496,0.3692589998245239,0.11723426729440689,0.1339360922574997,0.23361042141914368,13.679046630859375,872437.8125
2,2025-01-01,47.5693752852629,-122.401888883937,199,1000,-1.1939798061352827,1000,-0.31292250417744477,8728d5542ffffff,8828d5542dfffff,8a28d5542d37fff,1,2025,1,5,0.4298401088177169,0.15485107898712158,0.10548757016658783,0.13240090012550354,0.21082741022109985,13.486600875854492,719708.0
3,2025-01-01,47.5587404690806,-122.402978971029,199,1000,-1.1939798061352827,1000,-0.31292250417744477,8728d5546ffffff,8828d55465fffff,8a28d554654ffff,1,2025,1,5,1.5716566828968168,0.15485107898712158,0.10548757016658783,0.13240090012550354,0.21082741022109985,13.486600875854492,719708.0
4,2025-01-01,47.5662862701034,-122.407031663857,199,1000,-1.1939798061352827,1000,-0.31292250417744477,8728d5546ffffff,8828d55467fffff,8a28d55466e7fff,1,2025,1,5,-0.29497790544607305,0.15485107898712158,0.10548757016658783,0.13240090012550354,0.21082741022109985,13.486600875854492,719708.0
5,2025-01-01,47.5883813648733,-122.383199371819,82,1000,-1.1939798061352827,1000,-0.31292250417744477,8728d5551ffffff,8828d55511fffff,8a28d55511affff,1,2025,1,1,-0.02268842694105692,0.3692589998245239,0.11723426729440689,0.1339360922574997,0.23361042141914368,13.679046630859375,872437.8125
6,2025-01-01,47.5816112464528,-122.390995097679,82,1000,-1.1939798061352827,1000,-0.31292250417744477,8728d5551ffffff,8828d55519fffff,8a28d555195ffff,1,2025,1,1,1.0132138668813102,0.3692589998245239,0.11723426729440689,0.1339360922574997,0.23361042141914368,13.679046630859375,872437.8125
7,2025-01-01,47.5653621095733,-122.365098649209,146,1000,-1.1939798061352827,1000,-0.31292250417744477,8728d5554ffffff,8828d55543fffff,8a28d555430ffff,1,2025,1,3,-0.6565582676377216,0.07013745605945587,0.118033267557621,0.14747095108032227,0.23586569726467133,13.401688575744629,661118.625
8,2025-01-01,47.564588361554,-122.361518155727,146,1000,-1.1939798061352827,1000,-0.31292250417744477,8728d5554ffffff,8828d55543fffff,8a28d5554317fff,1,2025,1,3,-0.45413746575518876,0.07013745605945587,0.118033267557621,0.14747095108032227,0.23586569726467133,13.401688575744629,661118.625
9,2025-01-01,47.557640496644,-122.360762875925,146,1000,-1.1939798061352827,1000,-0.31292250417744477,8728d5554ffffff,8828d55549fffff,8a28d55548effff,1,2025,1,3,0.8307372398110408,0.07013745605945587,0.118033267557621,0.14747095108032227,0.23586569726467133,13.401688575744629,661118.625
10,2025-01-01,47.5600764846332,-122.363857764328,146,1000,-1.1939798061352827,1000,-0.31292250417744477,8728d5554ffffff,8828d5554bfffff,8a28d5554aa7fff,1,2025,1,3,-0.8204441002173203,0.07013745605945587,0.118033267557621,0.14747095108032227,0.23586569726467133,13.401688575744629,661118.625
11,2025-01-01,47.5698509067065,-122.386283468248,146,1000,-1.1939798061352827,1000,-0.31292250417744477,8728d5555ffffff,8828d55551fffff,8a28d5555077fff,1,2025,1,3,0.04679738735537455,0.07013745605945587,0.118033267557621,0.14747095108032227,0.23586569726467133,13.401688575744629,661118.625
12,2025-01-01,47.5738008861663,-122.38599330049,82,1000,-1.1939798061352827,1000,-0.31292250417744477,8728d5555ffffff,8828d55553fffff,8a28d5555397fff,1,2025,1,1,-0.49289181873384763,0.3692589998245239,0.11723426729440689,0.1339360922574997,0.23361042141914368,13.679046630859375,872437.8125
13,2025-01-01,47.571735688322,-122.372901742119,146,1000,-1.1939798061352827,1000,-0.31292250417744477,8728d5555ffffff,8828d55555fffff,8a28d555542ffff,1,2025,1,3,0.6636257410476073,0.07013745605945587,0.118033267557621,0.14747095108032227,0.23586569726467133,13.401688575744629,661118.625
14,2025-01-01,47.5742941401656,-122.383248152164,199,1000,-1.1939798061352827,1000,-0.31292250417744477,8728d5555ffffff,8828d55557fffff,8a28d55550dffff,1,2025,1,5,0.45192679830361593,0.15485107898712158,0.10548757016658783,0.13240090012550354,0.21082741022109985,13.486600875854492,719708.0
15,2025-01-01,47.5658267791847,-122.38494014997,146,1000,-1.1939798061352827,1000,-0.31292250417744477,8728d5555ffffff,8828d55559fffff,8a28d55558d7fff,1,2025,1,3,-0.5730556176025442,0.07013745605945587,0.118033267557621,0.14747095108032227,0.23586569726467133,13.401688575744629,661118.625
16,2025-01-01,47.5788287448425,-122.406334266244,82,1000,-1.1939798061352827,1000,-0.31292250417744477,8728d5542ffffff,8828d55421fffff,8a28d55420b7fff,1,2025,1,1,-0.0015377874352072516,0.3692589998245239,0.11723426729440689,0.1339360922574997,0.23361042141914368,13.679046630859375,872437.8125
17,2025-01-01,47.4534956322539,-122.176030586516,827,1000,-1.1939798061352827,1000,-0.31292250417744477,8728d5534ffffff,8828d5534dfffff,8a28d5534ce7fff,1,2025,1,8,-0.8204441002173203,0.19294649362564087,0.07961957901716232,0.10717502981424332,0.1595081388950348,13.81372356414795,998214.625
18,2025-01-01,47.465007852452,-122.183345381787,827,1000,-1.1939798061352827,1000,-0.31292250417744477,8728d5534ffffff,8828d55347fffff,8a28d5534657fff,1,2025,1,8,-0.49289181873384763,0.19294649362564087,0.07961957901716232,0.10717502981424332,0.1595081388950348,13.81372356414795,998214.625
19,2025-01-01,47.4621855571328,-122.16786002339,827,1000,-1.1939798061352827,1000,-0.31292250417744477,8728d5536ffffff,8828d55345fffff,8a28d553449ffff,1,2025,1,8,-1.1061904971021508,0.19294649362564087,0.07961957901716232,0.10717502981424332,0.1595081388950348,13.81372356414795,998214.625
20,2025-01-01,47.4906586616604,-122.305061588704,146,1000,-1.1939798061352827,1000,-0.31292250417744477,8728d552effffff,8828d552e3fffff,8a28d552e357fff,1,2025,1,3,-1.0791289600520815,0.07013745605945587,0.118033267557621,0.14747095108032227,0.23586569726467133,13.401688575744629,661118.625
21,2025-01-01,47.4803004859806,-122.300668327895,146,1000,-1.1939798061352827,1000,-0.31292250417744477,8728d552effffff,8828d552e9fffff,8a28d552e80ffff,1,2025,1,3,-0.9050806456776654,0.07013745605945587,0.118033267557621,0.14747095108032227,0.23586569726467133,13.401688575744629,661118.625
22,2025-01-01,47.4794415546183,-122.286168420389,146,1000,-1.1939798061352827,1000,-0.31292250417744477,8728d552effffff,8828d552edfffff,8a28d552ed17fff,1,2025,1,3,-0.532473729021468,0.07013745605945587,0.118033267557621,0.14747095108032227,0.23586569726467133,13.401688575744629,661118.625
23,2025-01-01,47.4811253589312,-122.183348603463,832,1000,-1.1939798061352827,1000,-0.31292250417744477,8728d5530ffffff,8828d55307fffff,8a28d553072ffff,1,2025,1,9,0.46443060534890923,0.14471615850925446,0.08899767696857452,0.11779390275478363,0.1781906932592392,13.592384338378906,800013.875
24,2025-01-01,47.4872348128498,-122.197863307664,146,1000,-1.1939798061352827,1000,-0.31292250417744477,8728d5531ffffff,8828d55315fffff,8a28d55314a7fff,1,2025,1,3,-0.670872488310547,0.07013745605945587,0.118033267557621,0.14747095108032227,0.23586569726467133,13.401688575744629,661118.625
25,2025-01-01,47.4785522156623,-122.225471521801,832,1000,-1.1939798061352827,1000,-0.31292250417744477,8728d5531ffffff,8828d5531bfffff,8a28d5531b2ffff,1,2025,1,9,-0.24863343242375197,0.14471615850925446,0.08899767696857452,0.11779390275478363,0.1781906932592392,13.592384338378906,800013.875
26,2025-01-01,47.4866424222967,-122.162942986084,832,1000,-1.1939798061352827,1000,-0.31292250417744477,8728d5532ffffff,8828d55321fffff,8a28d5532147fff,1,2025,1,9,-0.45413746575518876,0.14471615850925446,0.08899767696857452,0.11779390275478363,0.1781906932592392,13.592384338378906,800013.875
27,2025-01-01,47.5691413030494,-122.393823796335,82,1000,-1.1939798061352827,1000,-0.31292250417744477,8728d5555ffffff,8828d5555bfffff,8a28d5555af7fff,1,2025,1,1,0.10641757336616459,0.3692589998245239,0.11723426729440689,0.1339360922574997,0.23361042141914368,13.679046630859375,872437.8125
28,2025-01-01,47.4916841803341,-122.171246068219,146,1000,-1.1939798061352827,1000,-0.31292250417744477,8728d5532ffffff,8828d55323fffff,8a28d5532347fff,1,2025,1,3,-0.4161767733244636,0.07013745605945587,0.118033267557621,0.14747095108032227,0.23586569726467133,13.401688575744629,661118.625
29,2025-01-01,47.4997690835846,-122.157742019754,832,1000,-1.1939798061352827,1000,-0.31292250417744477,8728d5514ffffff,8828d55327fffff,8a28d55149b7fff,1,2025,1,9,-0.40369401661861115,0.14471615850925446,0.08899767696857452,0.11779390275478363,0.1781906932592392,13.592384338378906,800013.875
30,2025-01-01,47.4803209783345,-122.158266036185,827,1000,-1.1939798061352827,1000,-0.31292250417744477,8728d5532ffffff,8828d55329fffff,8a28d5532987fff,1,2025,1,8,-0.7144905564203043,0.19294649362564087,0.07961957901716232,0.10717502981424332,0.1595081388950348,13.81372356414795,998214.625
31,2025-01-01,47.4862379878866,-122.151234841146,832,1000,-1.1939798061352827,1000,-0.31292250417744477,8728d5532ffffff,8828d5532dfffff,8a28d5532cc7fff,1,2025,1,9,-0.03794515805283793,0.14471615850925446,0.08899767696857452,0.11779390275478363,0.1781906932592392,13.592384338378906,800013.875
32,2025-01-01,47.4944575769828,-122.186528742359,146,1000,-1.1939798061352827,1000,-0.31292250417744477,8728d5533ffffff,8828d55331fffff,8a28d553311ffff,1,2025,1,3,-1.0348862306505207,0.07013745605945587,0.118033267557621,0.14747095108032227,0.23586569726467133,13.401688575744629,661118.625
33,2025-01-01,47.4991279079445,-122.174881248299,146,1000,-1.1939798061352827,1000,-0.31292250417744477,8728d5533ffffff,8828d55335fffff,8a28d5533407fff,1,2025,1,3,-0.2532160858476915,0.07013745605945587,0.118033267557621,0.14747095108032227,0.23586569726467133,13.401688575744629,661118.625
34,2025-01-01,47.4907762656514,-122.178964324634,827,1000,-1.1939798061352827,1000,-0.31292250417744477,8728d5533ffffff,8828d5533dfffff,8a28d5533c27fff,1,2025,1,8,-0.19228616499972037,0.19294649362564087,0.07961957901716232,0.10717502981424332,0.1595081388950348,13.81372356414795,998214.625
35,2025-01-01,47.4576838158103,-122.187748329247,827,1000,-1.1939798061352827,1000,-0.31292250417744477,8728d5534ffffff,8828d55341fffff,8a28d5534047fff,1,2025,1,8,0.31865122703949395,0.19294649362564087,0.07961957901716232,0.10717502981424332,0.1595081388950348,13.81372356414795,998214.625
36,2025-01-01,47.4921598072263,-122.145969760492,827,1000,-1.1939798061352827,1000,-0.31292250417744477,8728d5532ffffff,8828d55325fffff,8a28d5532417fff,1,2025,1,8,0.274117486555051,0.19294649362564087,0.07961957901716232,0.10717502981424332,0.1595081388950348,13.81372356414795,998214.625
37,2025-01-01,47.4754861147148,-122.34267278606,146,1000,-1.1939798061352827,1000,-0.31292250417744477,8728d552dffffff,8828d552ddfffff,8a28d552dd0ffff,1,2025,1,3,-1.0524568111697887,0.07013745605945587,0.118033267557621,0.14747095108032227,0.23586569726467133,13.401688575744629,661118.625
38,2025-01-01,47.5665817913646,-122.375035461626,146,1000,-1.1939798061352827,1000,-0.31292250417744477,8728d5555ffffff,8828d5555dfffff,8a28d5555ce7fff,1,2025,1,3,0.1326847670604175,0.07013745605945587,0.118033267557621,0.14747095108032227,0.23586569726467133,13.401688575744629,661118.625
39,2025-01-01,47.6393171792889,-122.38662459287,82,1000,-1.1939798061352827,1000,-0.31292250417744477,8728d555affffff,8828d555a7fffff,8a28d555a6effff,1,2025,1,1,-0.08448356133279174,0.3692589998245239,0.11723426729440689,0.1339360922574997,0.23361042141914368,13.679046630859375,872437.8125
40,2025-01-01,47.5413327899383,-122.384077779324,146,1000,-1.1939798061352827,1000,-0.31292250417744477,8728d5573ffffff,8828d55739fffff,8a28d5573837fff,1,2025,1,3,1.653403803594241,0.07013745605945587,0.118033267557621,0.14747095108032227,0.23586569726467133,13.401688575744629,661118.625
41,2025-01-01,47.5441990727942,-122.380131316389,146,1000,-1.1939798061352827,1000,-0.31292250417744477,8728d5573ffffff,8828d55739fffff,8a28d5573897fff,1,2025,1,3,0.3685290980280116,0.07013745605945587,0.118033267557621,0.14747095108032227,0.23586569726467133,13.401688575744629,661118.625
42,2025-01-01,47.5469291611874,-122.389217445328,146,1000,-1.1939798061352827,1000,-0.31292250417744477,8728d5573ffffff,8828d5573bfffff,8a28d5573b9ffff,1,2025,1,3,-0.8204441002173203,0.07013745605945587,0.118033267557621,0.14747095108032227,0.23586569726467133,13.401688575744629,661118.625
43,2025-01-01,47.5459130255335,-122.370742364358,146,1000,-1.1939798061352827,1000,-0.31292250417744477,8728d5573ffffff,8828d5573dfffff,8a28d5573ca7fff,1,2025,1,3,-0.9196293681239447,0.07013745605945587,0.118033267557621,0.14747095108032227,0.23586569726467133,13.401688575744629,661118.625
44,2025-01-01,47.5441582900312,-122.378185260755,146,1000,-1.1939798061352827,1000,-0.31292250417744477,8728d5573ffffff,8828d5573dfffff,8a28d5573d4ffff,1,2025,1,3,-0.15928204628540574,0.07013745605945587,0.118033267557621,0.14747095108032227,0.23586569726467133,13.401688575744629,661118.625
45,2025-01-01,47.5115643540718,-122.380893426636,146,1000,-1.1939798061352827,1000,-0.31292250417744477,8728d5574ffffff,8828d55741fffff,8a28d5574057fff,1,2025,1,3,-0.6282572237772511,0.07013745605945587,0.118033267557621,0.14747095108032227,0.23586569726467133,13.401688575744629,661118.625
46,2025-01-01,47.512369919237,-122.392446144844,199,1000,-1.1939798061352827,1000,-0.31292250417744477,8728d5574ffffff,8828d55743fffff,8a28d557436ffff,1,2025,1,5,0.5923214745959772,0.15485107898712158,0.10548757016658783,0.13240090012550354,0.21082741022109985,13.486600875854492,719708.0
47,2025-01-01,47.5133203358467,-122.365473172183,146,1000,-1.1939798061352827,1000,-0.31292250417744477,8728d5574ffffff,8828d55745fffff,8a28d55744affff,1,2025,1,3,-0.969596877757802,0.07013745605945587,0.118033267557621,0.14747095108032227,0.23586569726467133,13.401688575744629,661118.625
48,2025-01-01,47.5197492091655,-122.377340751736,146,1000,-1.1939798061352827,1000,-0.31292250417744477,8728d5574ffffff,8828d55747fffff,8a28d55746effff,1,2025,1,3,-1.5565355442511488,0.07013745605945587,0.118033267557621,0.14747095108032227,0.23586569726467133,13.401688575744629,661118.625
49,2025-01-01,47.5176607100685,-122.372788441641,146,1000,-1.1939798061352827,1000,-0.31292250417744477,8728d5574ffffff,8828d55747fffff,8a28d55746a7fff,1,2025,1,3,-0.9831522022646995,0.07013745605945587,0.118033267557621,0.14747095108032227,0.23586569726467133,13.401688575744629,661118.625
50,2025-01-01,47.5072861339369,-122.374318650016,146,1000,-1.1939798061352827,1000,-0.31292250417744477,8728d5574ffffff,8828d5574dfffff,8a28d5574c5ffff,1,2025,1,3,-1.338203208054616,0.07013745605945587,0.118033267557621,0.14747095108032227,0.23586569726467133,13.401688575744629,661118.625
51,2025-01-01,47.5201452535589,-122.348881234499,146,1000,-1.1939798061352827,1000,-0.31292250417744477,8728d5576ffffff,8828d55761fffff,8a28d55761a7fff,1,2025,1,3,0.1419764274469758,0.07013745605945587,0.118033267557621,0.14747095108032227,0.23586569726467133,13.401688575744629,661118.625
52,2025-01-01,47.5241024225915,-122.353610117353,146,1000,-1.1939798061352827,1000,-0.31292250417744477,8728d5576ffffff,8828d55761fffff,8a28d55760e7fff,1,2025,1,3,-0.49812082746468683,0.07013745605945587,0.118033267557621,0.14747095108032227,0.23586569726467133,13.401688575744629,661118.625
53,2025-01-01,47.5288611418165,-122.357375548938,146,1000,-1.1939798061352827,1000,-0.31292250417744477,8728d5576ffffff,8828d55763fffff,8a28d5576287fff,1,2025,1,3,-0.2786252139373,0.07013745605945587,0.118033267557621,0.14747095108032227,0.23586569726467133,13.401688575744629,661118.625
54,2025-01-01,47.5277098755188,-122.354095825659,146,1000,-1.1939798061352827,1000,-0.31292250417744477,8728d5576ffffff,8828d55767fffff,8a28d557676ffff,1,2025,1,3,-0.49289181873384763,0.07013745605945587,0.118033267557621,0.14747095108032227,0.23586569726467133,13.401688575744629,661118.625
55,2025-01-01,47.5548930039085,-122.37991136775,146,1000,-1.1939798061352827,1000,-0.31292250417744477,8728d5573ffffff,8828d55737fffff,8a28d557370ffff,1,2025,1,3,-0.31882967970898574,0.07013745605945587,0.118033267557621,0.14747095108032227,0.23586569726467133,13.401688575744629,661118.625
56,2025-01-01,47.5490227227939,-122.37157268458,146,1000,-1.1939798061352827,1000,-0.31292250417744477,8728d5573ffffff,8828d55735fffff,8a28d557352ffff,1,2025,1,3,-1.2774212917071774,0.07013745605945587,0.118033267557621,0.14747095108032227,0.23586569726467133,13.401688575744629,661118.625
57,2025-01-01,47.5573334225009,-122.384924045514,82,1000,-1.1939798061352827,1000,-0.31292250417744477,8728d5573ffffff,8828d55733fffff,8a28d5573297fff,1,2025,1,1,-0.6565582676377216,0.3692589998245239,0.11723426729440689,0.1339360922574997,0.23361042141914368,13.679046630859375,872437.8125
58,2025-01-01,47.5474198501399,-122.380058091876,146,1000,-1.1939798061352827,1000,-0.31292250417744477,8728d5573ffffff,8828d55731fffff,8a28d5573117fff,1,2025,1,3,-0.15928204628540574,0.07013745605945587,0.118033267557621,0.14747095108032227,0.23586569726467133,13.401688575744629,661118.625
59,2025-01-01,47.6406240095224,-122.407245420781,199,1000,-1.1939798061352827,1000,-0.31292250417744477,8728d555bffffff,8828d555b5fffff,8a28d555b477fff,1,2025,1,5,1.7609515211563478,0.15485107898712158,0.10548757016658783,0.13240090012550354,0.21082741022109985,13.486600875854492,719708.0
60,2025-01-01,47.6444945935854,-122.409245591251,199,1000,-1.1939798061352827,1000,-0.31292250417744477,8728d555bffffff,8828d555b7fffff,8a28d555b78ffff,1,2025,1,5,1.7336623289182878,0.15485107898712158,0.10548757016658783,0.13240090012550354,0.21082741022109985,13.486600875854492,719708.0
61,2025-01-01,47.5274240424237,-122.37975546069,146,1000,-1.1939798061352827,1000,-0.31292250417744477,8728d5570ffffff,8828d55701fffff,8a28d5570107fff,1,2025,1,3,0.1139605435541315,0.07013745605945587,0.118033267557621,0.14747095108032227,0.23586569726467133,13.401688575744629,661118.625
62,2025-01-01,47.533031518177,-122.375647872847,146,1000,-1.1939798061352827,1000,-0.31292250417744477,8728d5570ffffff,8828d55701fffff,8a28d557009ffff,1,2025,1,3,-0.6551329062711554,0.07013745605945587,0.118033267557621,0.14747095108032227,0.23586569726467133,13.401688575744629,661118.625
63,2025-01-01,47.5319087015179,-122.390571167976,146,1000,-1.1939798061352827,1000,-0.31292250417744477,8728d5570ffffff,8828d55703fffff,8a28d557032ffff,1,2025,1,3,0.31865122703949395,0.07013745605945587,0.118033267557621,0.14747095108032227,0.23586569726467133,13.401688575744629,661118.625
64,2025-01-01,47.5331458568688,-122.372959224068,146,1000,-1.1939798061352827,1000,-0.31292250417744477,8728d5570ffffff,8828d55705fffff,8a28d5570447fff,1,2025,1,3,-1.0489293460408333,0.07013745605945587,0.118033267557621,0.14747095108032227,0.23586569726467133,13.401688575744629,661118.625
65,2025-01-01,47.5346661860478,-122.374291480444,146,1000,-1.1939798061352827,1000,-0.31292250417744477,8728d5570ffffff,8828d55707fffff,8a28d557044ffff,1,2025,1,3,0.12615278116161452,0.07013745605945587,0.118033267557621,0.14747095108032227,0.23586569726467133,13.401688575744629,661118.625
66,2025-01-01,47.6345328827192,-122.401450517395,199,1000,-1.1939798061352827,1000,-0.31292250417744477,8728d555bffffff,8828d555a3fffff,8a28d555bc97fff,1,2025,1,5,1.8404883991451038,0.15485107898712158,0.10548757016658783,0.13240090012550354,0.21082741022109985,13.486600875854492,719708.0
67,2025-01-01,47.5244678804687,-122.378784015594,146,1000,-1.1939798061352827,1000,-0.31292250417744477,8728d5570ffffff,8828d55709fffff,8a28d5570897fff,1,2025,1,3,-0.22588857815854124,0.07013745605945587,0.118033267557621,0.14747095108032227,0.23586569726467133,13.401688575744629,661118.625
68,2025-01-01,47.5241789801768,-122.368288429012,146,1000,-1.1939798061352827,1000,-0.31292250417744477,8728d5570ffffff,8828d5570dfffff,8a28d5570d87fff,1,2025,1,3,-0.35458697622076796,0.07013745605945587,0.118033267557621,0.14747095108032227,0.23586569726467133,13.401688575744629,661118.625
69,2025-01-01,47.5456847527002,-122.356345609941,146,1000,-1.1939798061352827,1000,-0.31292250417744477,8728d5572ffffff,8828d55721fffff,8a28d55723b7fff,1,2025,1,3,-0.8080240714026174,0.07013745605945587,0.118033267557621,0.14747095108032227,0.23586569726467133,13.401688575744629,661118.625
70,2025-01-01,47.5486221416511,-122.364968507186,146,1000,-1.1939798061352827,1000,-0.31292250417744477,8728d5572ffffff,8828d55723fffff,8a28d5572257fff,1,2025,1,3,-0.4669657686202848,0.07013745605945587,0.118033267557621,0.14747095108032227,0.23586569726467133,13.401688575744629,661118.625
71,2025-01-01,47.5321198658166,-122.356012615962,146,1000,-1.1939798061352827,1000,-0.31292250417744477,8728d5572ffffff,8828d55729fffff,8a28d5572917fff,1,2025,1,3,-1.0036728808243385,0.07013745605945587,0.118033267557621,0.14747095108032227,0.23586569726467133,13.401688575744629,661118.625
72,2025-01-01,47.5387449483444,-122.36745917078,146,1000,-1.1939798061352827,1000,-0.31292250417744477,8728d5572ffffff,8828d5572bfffff,8a28d5572b57fff,1,2025,1,3,-1.0002369533051347,0.07013745605945587,0.118033267557621,0.14747095108032227,0.23586569726467133,13.401688575744629,661118.625
73,2025-01-01,47.5395728111968,-122.366974903788,146,1000,-1.1939798061352827,1000,-0.31292250417744477,8728d5572ffffff,8828d5572bfffff,8a28d5572a2ffff,1,2025,1,3,-1.0694613357889036,0.07013745605945587,0.118033267557621,0.14747095108032227,0.23586569726467133,13.401688575744629,661118.625
74,2025-01-01,47.5496030321891,-122.386415383872,146,1000,-1.1939798061352827,1000,-0.31292250417744477,8728d5573ffffff,8828d55731fffff,8a28d5573067fff,1,2025,1,3,-0.04305876782229238,0.07013745605945587,0.118033267557621,0.14747095108032227,0.23586569726467133,13.401688575744629,661118.625
75,2025-01-01,47.5290638997443,-122.391893693154,199,1000,-1.1939798061352827,1000,-0.31292250417744477,8728d5570ffffff,8828d5570bfffff,8a28d5570ae7fff,1,2025,1,5,0.5923214745959772,0.15485107898712158,0.10548757016658783,0.13240090012550354,0.21082741022109985,13.486600875854492,719708.0
76,2025-01-01,47.5299136566392,-122.348792928659,146,1000,-1.1939798061352827,1000,-0.31292250417744477,8728d5576ffffff,8828d55767fffff,8a28d5576607fff,1,2025,1,3,-2.4277729836854833,0.07013745605945587,0.118033267557621,0.14747095108032227,0.23586569726467133,13.401688575744629,661118.625
77,2025-01-01,47.4816566800399,-122.338078757845,146,1000,-1.1939798061352827,1000,-0.31292250417744477,8728d552dffffff,8828d552d5fffff,8a28d552d507fff,1,2025,1,3,-1.6761694628041004,0.07013745605945587,0.118033267557621,0.14747095108032227,0.23586569726467133,13.401688575744629,661118.625
78,2025-01-01,47.5096867214665,-122.331484809208,146,1000,-1.1939798061352827,1000,-0.31292250417744477,8728d552bffffff,8828d552b9fffff,8a28d552b85ffff,1,2025,1,3,-0.8582114310580025,0.07013745605945587,0.118033267557621,0.14747095108032227,0.23586569726467133,13.401688575744629,661118.625
79,2025-01-01,47.4944249424427,-122.224237216963,146,1000,-1.1939798061352827,1000,-0.31292250417744477,8728d5504ffffff,8828d55045fffff,8a28d550696ffff,1,2025,1,3,-0.8677747318870872,0.07013745605945587,0.118033267557621,0.14747095108032227,0.23586569726467133,13.401688575744629,661118.625
80,2025-01-01,47.5025345972646,-122.233776989379,146,1000,-1.1939798061352827,1000,-0.31292250417744477,8728d5500ffffff,8828d55047fffff,8a28d550469ffff,1,2025,1,3,-0.2716608386849193,0.07013745605945587,0.118033267557621,0.14747095108032227,0.23586569726467133,13.401688575744629,661118.625
81,2025-01-01,47.5022001262335,-122.252146777723,146,1000,-1.1939798061352827,1000,-0.31292250417744477,8728d5500ffffff,8828d55055fffff,8a28d550096ffff,1,2025,1,3,-0.6565582676377216,0.07013745605945587,0.118033267557621,0.14747095108032227,0.23586569726467133,13.401688575744629,661118.625
82,2025-01-01,47.5055636082448,-122.26980993515,146,1000,-1.1939798061352827,1000,-0.31292250417744477,8728d5505ffffff,8828d55057fffff,8a28d5505747fff,1,2025,1,3,-2.120961787780401,0.07013745605945587,0.118033267557621,0.14747095108032227,0.23586569726467133,13.401688575744629,661118.625
83,2025-01-01,47.5021147426137,-122.226163542453,146,1000,-1.1939798061352827,1000,-0.31292250417744477,8728d5506ffffff,8828d5506bfffff,8a28d5506a07fff,1,2025,1,3,-0.8049320233697693,0.07013745605945587,0.118033267557621,0.14747095108032227,0.23586569726467133,13.401688575744629,661118.625
84,2025-01-01,47.5452365268851,-122.304369930762,146,1000,-1.1939798061352827,1000,-0.31292250417744477,8728d5508ffffff,8828d55081fffff,8a28d5508147fff,1,2025,1,3,-0.5324870649138,0.07013745605945587,0.118033267557621,0.14747095108032227,0.23586569726467133,13.401688575744629,661118.625
85,2025-01-01,47.5519988660893,-122.313032409474,146,1000,-1.1939798061352827,1000,-0.31292250417744477,8728d5509ffffff,8828d55083fffff,8a28d5508267fff,1,2025,1,3,-0.45413746575518876,0.07013745605945587,0.118033267557621,0.14747095108032227,0.23586569726467133,13.401688575744629,661118.625
86,2025-01-01,47.5486391717964,-122.287826922601,146,1000,-1.1939798061352827,1000,-0.31292250417744477,8728d5508ffffff,8828d55085fffff,8a28d5508437fff,1,2025,1,3,-0.6998368645688188,0.07013745605945587,0.118033267557621,0.14747095108032227,0.23586569726467133,13.401688575744629,661118.625
87,2025-01-01,47.539763773839,-122.290788656679,146,1000,-1.1939798061352827,1000,-0.31292250417744477,8728d5508ffffff,8828d5508dfffff,8a28d5508d1ffff,1,2025,1,3,-0.3618706098193376,0.07013745605945587,0.118033267557621,0.14747095108032227,0.23586569726467133,13.401688575744629,661118.625
88,2025-01-01,47.55997514348,-122.314939202875,146,1000,-1.1939798061352827,1000,-0.31292250417744477,8728d5509ffffff,8828d55095fffff,8a28d55094d7fff,1,2025,1,3,-0.6565582676377216,0.07013745605945587,0.118033267557621,0.14747095108032227,0.23586569726467133,13.401688575744629,661118.625
89,2025-01-01,47.5504442607536,-122.322205559788,146,1000,-1.1939798061352827,1000,-0.31292250417744477,8728d5509ffffff,8828d5509dfffff,8a28d5509c77fff,1,2025,1,3,-0.6852981048168177,0.07013745605945587,0.118033267557621,0.14747095108032227,0.23586569726467133,13.401688575744629,661118.625
90,2025-01-01,47.5587976183854,-122.268562407552,146,1000,-1.1939798061352827,1000,-0.31292250417744477,8728d550affffff,8828d550a1fffff,8a28d550a197fff,1,2025,1,3,-0.22588857815854124,0.07013745605945587,0.118033267557621,0.14747095108032227,0.23586569726467133,13.401688575744629,661118.625
91,2025-01-01,47.5635733621943,-122.284179109486,146,1000,-1.1939798061352827,1000,-0.31292250417744477,8728d550affffff,8828d550a3fffff,8a28d550a35ffff,1,2025,1,3,-0.46709450103228733,0.07013745605945587,0.118033267557621,0.14747095108032227,0.23586569726467133,13.401688575744629,661118.625
92,2025-01-01,47.5542449016086,-122.273638971953,146,1000,-1.1939798061352827,1000,-0.31292250417744477,8728d550affffff,8828d550a9fffff,8a28d550a88ffff,1,2025,1,3,0.31865122703949395,0.07013745605945587,0.118033267557621,0.14747095108032227,0.23586569726467133,13.401688575744629,661118.625
93,2025-01-01,47.5563398651739,-122.280384599694,146,1000,-1.1939798061352827,1000,-0.31292250417744477,8728d550affffff,8828d550abfffff,8a28d550ab87fff,1,2025,1,3,-0.04305876782229238,0.07013745605945587,0.118033267557621,0.14747095108032227,0.23586569726467133,13.401688575744629,661118.625
94,2025-01-01,47.4967433059744,-122.250347145892,146,1000,-1.1939798061352827,1000,-0.31292250417744477,8728d5504ffffff,8828d55043fffff,8a28d550422ffff,1,2025,1,3,-0.39376798290947923,0.07013745605945587,0.118033267557621,0.14747095108032227,0.23586569726467133,13.401688575744629,661118.625
95,2025-01-01,47.4955237420482,-122.241039184258,146,1000,-1.1939798061352827,1000,-0.31292250417744477,8728d5504ffffff,8828d55041fffff,8a28d55040dffff,1,2025,1,3,-1.6516170195454507,0.07013745605945587,0.118033267557621,0.14747095108032227,0.23586569726467133,13.401688575744629,661118.625
96,2025-01-01,47.5193743252066,-122.203342302584,832,1000,-1.1939798061352827,1000,-0.31292250417744477,8728d5502ffffff,8828d5502dfffff,8a28d5502d9ffff,1,2025,1,9,0.31865122703949395,0.14471615850925446,0.08899767696857452,0.11779390275478363,0.1781906932592392,13.592384338378906,800013.875
97,2025-01-01,47.5240646496894,-122.202093990244,278,1000,-1.1939798061352827,1000,-0.31292250417744477,8728d5502ffffff,8828d55025fffff,8a28d5502517fff,1,2025,1,7,-0.6142671017792406,0.07088857144117355,0.10717326402664185,0.13753308355808258,0.21435493230819702,13.45666790008545,698484.25
98,2025-01-01,47.7376876050651,-122.206645231977,199,1000,-1.1939798061352827,1000,-0.31292250417744477,8728d54f4ffffff,8828d54f41fffff,8a28d54f4057fff,1,2025,1,5,1.2003911442334378,0.15485107898712158,0.10548757016658783,0.13240090012550354,0.21082741022109985,13.486600875854492,719708.0
99,2025-01-01,47.737508682086,-122.192063525018,199,1000,-1.1939798061352827,1000,-0.31292250417744477,8728d54f4ffffff,8828d54f45fffff,8a28d54f4427fff,1,2025,1,5,-0.5893479195015152,0.15485107898712158,0.10548757016658783,0.13240090012550354,0.21082741022109985,13.486600875854492,719708.0
100,2025-01-01,47.7250332694375,-122.206293111517,82,1000,-1.1939798061352827,1000,-0.31292250417744477,8728d541affffff,8828d54f49fffff,8a28d54f4937fff,1,2025,1,1,0.8460149282081509,0.3692589998245239,0.11723426729440689,0.1339360922574997,0.23361042141914368,13.679046630859375,872437.8125
101,2025-01-01,47.7304216568283,-122.198709473578,82,1000,-1.1939798061352827,1000,-0.31292250417744477,8728d54f4ffffff,8828d54f4dfffff,8a28d54f4d5ffff,1,2025,1,1,-0.29497790544607305,0.3692589998245239,0.11723426729440689,0.1339360922574997,0.23361042141914368,13.679046630859375,872437.8125
102,2025-01-01,47.741326110306,-122.232368716139,199,1000,-1.1939798061352827,1000,-0.31292250417744477,8728d54f5ffffff,8828d54f51fffff,8a28d54f510ffff,1,2025,1,5,0.47994268219646025,0.15485107898712158,0.10548757016658783,0.13240090012550354,0.21082741022109985,13.486600875854492,719708.0
103,2025-01-01,47.7499496209509,-122.245021873316,199,1000,-1.1939798061352827,1000,-0.31292250417744477,8728d54e2ffffff,8828d54f53fffff,8a28d54f526ffff,1,2025,1,5,0.27603596250619805,0.15485107898712158,0.10548757016658783,0.13240090012550354,0.21082741022109985,13.486600875854492,719708.0
104,2025-01-01,47.7355052301274,-122.23319418285,199,1000,-1.1939798061352827,1000,-0.31292250417744477,8728d54f5ffffff,8828d54f59fffff,8a28d54f5837fff,1,2025,1,5,0.6283164379285079,0.15485107898712158,0.10548757016658783,0.13240090012550354,0.21082741022109985,13.486600875854492,719708.0
105,2025-01-01,47.5543190189194,-122.267227611808,199,1000,-1.1939798061352827,1000,-0.31292250417744477,8728d550affffff,8828d550adfffff,8a28d550ac2ffff,1,2025,1,5,-1.4010459165719338,0.15485107898712158,0.10548757016658783,0.13240090012550354,0.21082741022109985,13.486600875854492,719708.0
106,2025-01-01,47.7387846294285,-122.241281379194,199,1000,-1.1939798061352827,1000,-0.31292250417744477,8728d54f5ffffff,8828d54f5bfffff,8a28d54f5b17fff,1,2025,1,5,-0.4669657686202848,0.15485107898712158,0.10548757016658783,0.13240090012550354,0.21082741022109985,13.486600875854492,719708.0
107,2025-01-01,47.748995158391,-122.182846820197,199,1000,-1.1939798061352827,1000,-0.31292250417744477,8728d54f6ffffff,8828d54f61fffff,8a28d54f606ffff,1,2025,1,5,0.47994268219646025,0.15485107898712158,0.10548757016658783,0.13240090012550354,0.21082741022109985,13.486600875854492,719708.0
108,2025-01-01,47.5044616421592,-122.251402232547,146,1000,-1.1939798061352827,1000,-0.31292250417744477,8728d5500ffffff,8828d55009fffff,8a28d550086ffff,1,2025,1,3,-1.086306829101741,0.07013745605945587,0.118033267557621,0.14747095108032227,0.23586569726467133,13.401688575744629,661118.625
109,2025-01-01,47.5109114725185,-122.257947531601,146,1000,-1.1939798061352827,1000,-0.31292250417744477,8728d5500ffffff,8828d5500bfffff,8a28d5500a47fff,1,2025,1,3,-0.43885977735807863,0.07013745605945587,0.118033267557621,0.14747095108032227,0.23586569726467133,13.401688575744629,661118.625
110,2025-01-01,47.5054826089883,-122.234498996866,146,1000,-1.1939798061352827,1000,-0.31292250417744477,8728d5500ffffff,8828d5500dfffff,8a28d5500c27fff,1,2025,1,3,-0.2036427745690262,0.07013745605945587,0.118033267557621,0.14747095108032227,0.23586569726467133,13.401688575744629,661118.625
111,2025-01-01,47.5264312079113,-122.277375609093,146,1000,-1.1939798061352827,1000,-0.31292250417744477,8728d5501ffffff,8828d55013fffff,8a28d55012f7fff,1,2025,1,3,-0.8360870822141713,0.07013745605945587,0.118033267557621,0.14747095108032227,0.23586569726467133,13.401688575744629,661118.625
112,2025-01-01,47.5271000745845,-122.264567687515,146,1000,-1.1939798061352827,1000,-0.31292250417744477,8728d5501ffffff,8828d55017fffff,8a28d5501617fff,1,2025,1,3,-0.09498603909240448,0.07013745605945587,0.118033267557621,0.14747095108032227,0.23586569726467133,13.401688575744629,661118.625
113,2025-01-01,47.5132145715695,-122.262375108528,146,1000,-1.1939798061352827,1000,-0.31292250417744477,8728d5501ffffff,8828d5501dfffff,8a28d5501c27fff,1,2025,1,3,-0.3521654443729627,0.07013745605945587,0.118033267557621,0.14747095108032227,0.23586569726467133,13.401688575744629,661118.625
114,2025-01-01,47.7393871964819,-122.223780622825,199,1000,-1.1939798061352827,1000,-0.31292250417744477,8728d54f5ffffff,8828d54f5dfffff,8a28d54f5c07fff,1,2025,1,5,-1.0524568111697887,0.15485107898712158,0.10548757016658783,0.13240090012550354,0.21082741022109985,13.486600875854492,719708.0
115,2025-01-01,47.509953408437,-122.335449281417,146,1000,-1.1939798061352827,1000,-0.31292250417744477,8728d552bffffff,8828d552bbfffff,8a28d552bb1ffff,1,2025,1,3,-0.053328502488386435,0.07013745605945587,0.118033267557621,0.14747095108032227,0.23586569726467133,13.401688575744629,661118.625
116,2025-01-01,47.5724595112312,-122.30981093829,146,1000,-1.1939798061352827,1000,-0.31292250417744477,8728d550bffffff,8828d550b3fffff,8a28d550b207fff,1,2025,1,3,-0.9163456075382179,0.07013745605945587,0.118033267557621,0.14747095108032227,0.23586569726467133,13.401688575744629,661118.625
117,2025-01-01,47.5753106537069,-122.302619309164,146,1000,-1.1939798061352827,1000,-0.31292250417744477,8728d550bffffff,8828d550b7fffff,8a28d550b66ffff,1,2025,1,3,-0.07195863283123714,0.07013745605945587,0.118033267557621,0.14747095108032227,0.23586569726467133,13.401688575744629,661118.625
118,2025-01-01,47.564072769539,-122.219301035522,278,1000,-1.1939798061352827,1000,-0.31292250417744477,8728d5518ffffff,8828d55181fffff,8a28d5518007fff,1,2025,1,7,2.784428582929072,0.07088857144117355,0.10717326402664185,0.13753308355808258,0.21435493230819702,13.45666790008545,698484.25
119,2025-01-01,47.5736557070939,-122.213221396307,278,1000,-1.1939798061352827,1000,-0.31292250417744477,8728d5518ffffff,8828d55187fffff,8a28d551868ffff,1,2025,1,7,2.1472995950501828,0.07088857144117355,0.10717326402664185,0.13753308355808258,0.21435493230819702,13.45666790008545,698484.25
120,2025-01-01,47.5774727608888,-122.226537909731,16,1000,-1.1939798061352827,1000,-0.31292250417744477,8728d551bffffff,8828d551b9fffff,8a28d551b877fff,1,2025,1,0,2.441286186102628,0.1429627537727356,0.09703939408063889,0.12520404160022736,0.19412188231945038,13.368758201599121,639702.3125
121,2025-01-01,47.4760142613567,-122.289419989615,146,1000,-1.1939798061352827,1000,-0.31292250417744477,8728d5521ffffff,8828d55217fffff,8a28d55216affff,1,2025,1,3,-0.8080240714026174,0.07013745605945587,0.118033267557621,0.14747095108032227,0.23586569726467133,13.401688575744629,661118.625
122,2025-01-01,47.4497474413513,-122.276273203709,146,1000,-1.1939798061352827,1000,-0.31292250417744477,8728d5525ffffff,8828d55255fffff,8a28d552559ffff,1,2025,1,3,-0.6852981048168177,0.07013745605945587,0.118033267557621,0.14747095108032227,0.23586569726467133,13.401688575744629,661118.625
123,2025-01-01,47.5042290485455,-122.315632980759,146,1000,-1.1939798061352827,1000,-0.31292250417744477,8728d5528ffffff,8828d55287fffff,8a28d5528687fff,1,2025,1,3,-0.45413746575518876,0.07013745605945587,0.118033267557621,0.14747095108032227,0.23586569726467133,13.401688575744629,661118.625
124,2025-01-01,47.4832445390821,-122.326436418294,146,1000,-1.1939798061352827,1000,-0.31292250417744477,8728d552cffffff,8828d55289fffff,8a28d5528927fff,1,2025,1,3,-1.6516170195454507,0.07013745605945587,0.118033267557621,0.14747095108032227,0.23586569726467133,13.401688575744629,661118.625
125,2025-01-01,47.4916908108424,-122.338443325519,146,1000,-1.1939798061352827,1000,-0.31292250417744477,8728d5528ffffff,8828d5528bfffff,8a28d5528b5ffff,1,2025,1,3,-1.2224351561080098,0.07013745605945587,0.118033267557621,0.14747095108032227,0.23586569726467133,13.401688575744629,661118.625
126,2025-01-01,47.4923957933601,-122.31463287349,146,1000,-1.1939798061352827,1000,-0.31292250417744477,8728d5528ffffff,8828d5528dfffff,8a28d5528cc7fff,1,2025,1,3,-1.0174806345437943,0.07013745605945587,0.118033267557621,0.14747095108032227,0.23586569726467133,13.401688575744629,661118.625
127,2025-01-01,47.5020191720834,-122.350096631795,146,1000,-1.1939798061352827,1000,-0.31292250417744477,8728d5529ffffff,8828d55291fffff,8a28d5529037fff,1,2025,1,3,-1.1803476804168567,0.07013745605945587,0.118033267557621,0.14747095108032227,0.23586569726467133,13.401688575744629,661118.625
128,2025-01-01,47.5040507170118,-122.357415862022,146,1000,-1.1939798061352827,1000,-0.31292250417744477,8728d5529ffffff,8828d55293fffff,8a28d5529337fff,1,2025,1,3,-0.7147848150709541,0.07013745605945587,0.118033267557621,0.14747095108032227,0.23586569726467133,13.401688575744629,661118.625
129,2025-01-01,47.501424914917,-122.339393917406,146,1000,-1.1939798061352827,1000,-0.31292250417744477,8728d5529ffffff,8828d55295fffff,8a28d5529507fff,1,2025,1,3,-0.30686542953180607,0.07013745605945587,0.118033267557621,0.14747095108032227,0.23586569726467133,13.401688575744629,661118.625
130,2025-01-01,47.5022007565562,-122.36013327163,146,1000,-1.1939798061352827,1000,-0.31292250417744477,8728d5529ffffff,8828d5529bfffff,8a28d5529a8ffff,1,2025,1,3,-1.2617414608744058,0.07013745605945587,0.118033267557621,0.14747095108032227,0.23586569726467133,13.401688575744629,661118.625
131,2025-01-01,47.5035057086002,-122.30181053341,146,1000,-1.1939798061352827,1000,-0.31292250417744477,8728d552affffff,8828d552a9fffff,8a28d552a8cffff,1,2025,1,3,-1.1993599739124594,0.07013745605945587,0.118033267557621,0.14747095108032227,0.23586569726467133,13.401688575744629,661118.625
132,2025-01-01,47.5224694856819,-122.325228981809,146,1000,-1.1939798061352827,1000,-0.31292250417744477,8728d552bffffff,8828d552b7fffff,8a28d552b667fff,1,2025,1,3,-1.6516170195454507,0.07013745605945587,0.118033267557621,0.14747095108032227,0.23586569726467133,13.401688575744629,661118.625
133,2025-01-01,47.5068249031975,-122.193671406101,832,1000,-1.1939798061352827,1000,-0.31292250417744477,8728d5515ffffff,8828d55159fffff,8a28d5515977fff,1,2025,1,9,0.07593495650364995,0.14471615850925446,0.08899767696857452,0.11779390275478363,0.1781906932592392,13.592384338378906,800013.875
134,2025-01-01,47.5245037878588,-122.186905603846,832,1000,-1.1939798061352827,1000,-0.31292250417744477,8728d5515ffffff,8828d55157fffff,8a28d5515677fff,1,2025,1,9,-0.11617121100570431,0.14471615850925446,0.08899767696857452,0.11779390275478363,0.1781906932592392,13.592384338378906,800013.875
135,2025-01-01,47.5217958996403,-122.201454132121,832,1000,-1.1939798061352827,1000,-0.31292250417744477,8728d5502ffffff,8828d55153fffff,8a28d5515267fff,1,2025,1,9,-0.02268842694105692,0.14471615850925446,0.08899767696857452,0.11779390275478363,0.1781906932592392,13.592384338378906,800013.875
136,2025-01-01,47.5126504538885,-122.151382045262,832,1000,-1.1939798061352827,1000,-0.31292250417744477,8728d5514ffffff,8828d55145fffff,8a28d5514457fff,1,2025,1,9,0.5533879390198247,0.14471615850925446,0.08899767696857452,0.11779390275478363,0.1781906932592392,13.592384338378906,800013.875
137,2025-01-01,47.5619283950375,-122.317736577927,146,1000,-1.1939798061352827,1000,-0.31292250417744477,8728d5509ffffff,8828d550bbfffff,8a28d550bb67fff,1,2025,1,3,-0.9163456075382179,0.07013745605945587,0.118033267557621,0.14747095108032227,0.23586569726467133,13.401688575744629,661118.625
138,2025-01-01,47.5597238840841,-122.289023361176,146,1000,-1.1939798061352827,1000,-0.31292250417744477,8728d550affffff,8828d550bdfffff,8a28d550bda7fff,1,2025,1,3,-0.27177669745341365,0.07013745605945587,0.118033267557621,0.14747095108032227,0.23586569726467133,13.401688575744629,661118.625
139,2025-01-01,47.543917632009,-122.322094182318,146,1000,-1.1939798061352827,1000,-0.31292250417744477,8728d550dffffff,8828d550d7fffff,8a28d550d6f7fff,1,2025,1,3,-0.8052409961791991,0.07013745605945587,0.118033267557621,0.14747095108032227,0.23586569726467133,13.401688575744629,661118.625
140,2025-01-01,47.5266917406411,-122.316344951787,146,1000,-1.1939798061352827,1000,-0.31292250417744477,8728d550dffffff,8828d550ddfffff,8a28d550dd17fff,1,2025,1,3,-0.6568434714794859,0.07013745605945587,0.118033267557621,0.14747095108032227,0.23586569726467133,13.401688575744629,661118.625
141,2025-01-01,47.5392507536486,-122.26756026621,146,1000,-1.1939798061352827,1000,-0.31292250417744477,8728d550effffff,8828d550e1fffff,8a28d550e19ffff,1,2025,1,3,1.098130196011851,0.07013745605945587,0.118033267557621,0.14747095108032227,0.23586569726467133,13.401688575744629,661118.625
142,2025-01-01,47.5422694262084,-122.285004593315,146,1000,-1.1939798061352827,1000,-0.31292250417744477,8728d550effffff,8828d550e3fffff,8a28d550e36ffff,1,2025,1,3,-0.22588857815854124,0.07013745605945587,0.118033267557621,0.14747095108032227,0.23586569726467133,13.401688575744629,661118.625
143,2025-01-01,47.5450593898838,-122.266342091782,199,1000,-1.1939798061352827,1000,-0.31292250417744477,8728d550effffff,8828d550e7fffff,8a28d550e7affff,1,2025,1,5,-0.05343148770277552,0.15485107898712158,0.10548757016658783,0.13240090012550354,0.21082741022109985,13.486600875854492,719708.0
144,2025-01-01,47.5677132592111,-122.289500947757,146,1000,-1.1939798061352827,1000,-0.31292250417744477,8728d550bffffff,8828d550b5fffff,8a28d550b51ffff,1,2025,1,3,-0.9494479580093136,0.07013745605945587,0.118033267557621,0.14747095108032227,0.23586569726467133,13.401688575744629,661118.625
145,2025-01-01,47.5348584235869,-122.278279689292,146,1000,-1.1939798061352827,1000,-0.31292250417744477,8728d550effffff,8828d550e9fffff,8a28d550ebb7fff,1,2025,1,3,-0.5194504571684222,0.07013745605945587,0.118033267557621,0.14747095108032227,0.23586569726467133,13.401688575744629,661118.625
146,2025-01-01,47.5235488170422,-122.159275508083,278,1000,-1.1939798061352827,1000,-0.31292250417744477,8728d5510ffffff,8828d5510dfffff,8a28d5510897fff,1,2025,1,7,0.6982750183929931,0.07088857144117355,0.10717326402664185,0.13753308355808258,0.21435493230819702,13.45666790008545,698484.25
147,2025-01-01,47.5403199162117,-122.175383586065,278,1000,-1.1939798061352827,1000,-0.31292250417744477,8728d5511ffffff,8828d55115fffff,8a28d55114affff,1,2025,1,7,-1.9701728103830474,0.07088857144117355,0.10717326402664185,0.13753308355808258,0.21435493230819702,13.45666790008545,698484.25
148,2025-01-01,47.5454113380207,-122.186569468143,832,1000,-1.1939798061352827,1000,-0.31292250417744477,8728d5511ffffff,8828d55117fffff,8a28d55116e7fff,1,2025,1,9,-0.7027583503837671,0.14471615850925446,0.08899767696857452,0.11779390275478363,0.1781906932592392,13.592384338378906,800013.875
149,2025-01-01,47.5278981036778,-122.183437423988,278,1000,-1.1939798061352827,1000,-0.31292250417744477,8728d5511ffffff,8828d5511dfffff,8a28d5511d2ffff,1,2025,1,7,-0.6940076699353246,0.07088857144117355,0.10717326402664185,0.13753308355808258,0.21435493230819702,13.45666790008545,698484.25
150,2025-01-01,47.5465830364002,-122.172541322414,278,1000,-1.1939798061352827,1000,-0.31292250417744477,8728d5513ffffff,8828d5513bfffff,8a28d5513a17fff,1,2025,1,7,0.8307372398110408,0.07088857144117355,0.10717326402664185,0.13753308355808258,0.21435493230819702,13.45666790008545,698484.25
151,2025-01-01,47.5091845274444,-122.156585519125,827,1000,-1.1939798061352827,1000,-0.31292250417744477,8728d5514ffffff,8828d55141fffff,8a28d55140a7fff,1,2025,1,8,-0.0277600644847191,0.19294649362564087,0.07961957901716232,0.10717502981424332,0.1595081388950348,13.81372356414795,998214.625
152,2025-01-01,47.5133541337846,-122.173708269351,832,1000,-1.1939798061352827,1000,-0.31292250417744477,8728d5515ffffff,8828d55143fffff,8a28d551434ffff,1,2025,1,9,-0.45413746575518876,0.14471615850925446,0.08899767696857452,0.11779390275478363,0.1781906932592392,13.592384338378906,800013.875
153,2025-01-01,47.5252263365484,-122.171148432521,278,1000,-1.1939798061352827,1000,-0.31292250417744477,8728d5510ffffff,8828d5510bfffff,8a28d5510baffff,1,2025,1,7,0.08168876050011364,0.07088857144117355,0.10717326402664185,0.13753308355808258,0.21435493230819702,13.45666790008545,698484.25
154,2025-01-01,47.7711749925451,-122.194868695317,199,1000,-1.1939798061352827,1000,-0.31292250417744477,8728d54f3ffffff,8828d54f3dfffff,8a28d54f3d8ffff,1,2025,1,5,0.5995766007494119,0.15485107898712158,0.10548757016658783,0.13240090012550354,0.21082741022109985,13.486600875854492,719708.0
155,2025-01-01,47.5124450464076,-122.356554071151,146,1000,-1.1939798061352827,1000,-0.31292250417744477,8728d5576ffffff,8828d55769fffff,8a28d557690ffff,1,2025,1,3,-1.3055383563738194,0.07013745605945587,0.118033267557621,0.14747095108032227,0.23586569726467133,13.401688575744629,661118.625
156,2025-01-01,47.5158155485166,-122.349095676819,146,1000,-1.1939798061352827,1000,-0.31292250417744477,8728d5576ffffff,8828d5576dfffff,8a28d5576d4ffff,1,2025,1,3,-0.6003817756862768,0.07013745605945587,0.118033267557621,0.14747095108032227,0.23586569726467133,13.401688575744629,661118.625
157,2025-01-01,47.3322088411132,-122.255618716333,109,1000,-1.1939798061352827,1000,-0.31292250417744477,8728d5ca3ffffff,8828d5ca39fffff,8a28d5ca38b7fff,1,2025,1,2,0.36030876364350867,0.08547535538673401,0.11241549998521805,0.1416901797056198,0.224704772233963,13.400599479675293,660399.0
158,2025-01-01,47.3333494590493,-122.269955273427,109,1000,-1.1939798061352827,1000,-0.31292250417744477,8728d5ca3ffffff,8828d5ca3bfffff,8a28d5ca3b2ffff,1,2025,1,2,-2.217697598183067,0.08547535538673401,0.11241549998521805,0.1416901797056198,0.224704772233963,13.400599479675293,660399.0
159,2025-01-01,47.3075206874918,-122.284378787832,109,1000,-1.1939798061352827,1000,-0.31292250417744477,8728d5ca5ffffff,8828d5ca51fffff,8a28d5ca500ffff,1,2025,1,2,-2.9074517207607076,0.08547535538673401,0.11241549998521805,0.1416901797056198,0.224704772233963,13.400599479675293,660399.0
160,2025-01-01,47.3099401098146,-122.216829941982,109,1000,-1.1939798061352827,1000,-0.31292250417744477,8728d5ca6ffffff,8828d5ca65fffff,8a28d5ca6527fff,1,2025,1,2,-1.2974612962486145,0.08547535538673401,0.11241549998521805,0.1416901797056198,0.224704772233963,13.400599479675293,660399.0
161,2025-01-01,47.3073956548705,-122.222621046659,109,1000,-1.1939798061352827,1000,-0.31292250417744477,8728d5ca6ffffff,8828d5ca6dfffff,8a28d5ca6c57fff,1,2025,1,2,-1.9131319293434808,0.08547535538673401,0.11241549998521805,0.1416901797056198,0.224704772233963,13.400599479675293,660399.0
162,2025-01-01,47.3483112701481,-122.305686102922,109,1000,-1.1939798061352827,1000,-0.31292250417744477,8728d5ca8ffffff,8828d5ca8dfffff,8a28d5ca8c27fff,1,2025,1,2,-1.9019313975873366,0.08547535538673401,0.11241549998521805,0.1416901797056198,0.224704772233963,13.400599479675293,660399.0
163,2025-01-01,47.3663778829797,-122.286605583221,109,1000,-1.1939798061352827,1000,-0.31292250417744477,8728d5caaffffff,8828d5caa1fffff,8a28d5caa007fff,1,2025,1,2,-0.7027583503837671,0.08547535538673401,0.11241549998521805,0.1416901797056198,0.224704772233963,13.400599479675293,660399.0
164,2025-01-01,47.3728005956926,-122.282451752296,109,1000,-1.1939798061352827,1000,-0.31292250417744477,8728d5caaffffff,8828d5caa7fffff,8a28d5caa71ffff,1,2025,1,2,-0.7956867056216423,0.08547535538673401,0.11241549998521805,0.1416901797056198,0.224704772233963,13.400599479675293,660399.0
165,2025-01-01,47.3648902882229,-122.278398515448,109,1000,-1.1939798061352827,1000,-0.31292250417744477,8728d5caaffffff,8828d5caadfffff,8a28d5caacc7fff,1,2025,1,2,-0.9328228926168372,0.08547535538673401,0.11241549998521805,0.1416901797056198,0.224704772233963,13.400599479675293,660399.0
166,2025-01-01,47.3772656955918,-122.322473204498,109,1000,-1.1939798061352827,1000,-0.31292250417744477,8728d5cabffffff,8828d5cab3fffff,8a28d5cab31ffff,1,2025,1,2,-0.8550345967485127,0.08547535538673401,0.11241549998521805,0.1416901797056198,0.224704772233963,13.400599479675293,660399.0
167,2025-01-01,47.379402089814,-122.308437659944,109,1000,-1.1939798061352827,1000,-0.31292250417744477,8728d5cabffffff,8828d5cab7fffff,8a28d5cab7a7fff,1,2025,1,2,-0.670872488310547,0.08547535538673401,0.11241549998521805,0.1416901797056198,0.224704772233963,13.400599479675293,660399.0
168,2025-01-01,47.3677364278267,-122.315612109942,109,1000,-1.1939798061352827,1000,-0.31292250417744477,8728d5cabffffff,8828d5cab9fffff,8a28d5cab8a7fff,1,2025,1,2,-1.9019313975873366,0.08547535538673401,0.11241549998521805,0.1416901797056198,0.224704772233963,13.400599479675293,660399.0
169,2025-01-01,47.3312245589755,-122.308906606985,109,1000,-1.1939798061352827,1000,-0.31292250417744477,8728d5cacffffff,8828d5cac1fffff,8a28d5cacc4ffff,1,2025,1,2,-0.4669786414591904,0.08547535538673401,0.11241549998521805,0.1416901797056198,0.224704772233963,13.400599479675293,660399.0
170,2025-01-01,47.3364568851397,-122.319200217113,109,1000,-1.1939798061352827,1000,-0.31292250417744477,8728d5cacffffff,8828d5cac3fffff,8a28d5cac307fff,1,2025,1,2,-1.1917316406535583,0.08547535538673401,0.11241549998521805,0.1416901797056198,0.224704772233963,13.400599479675293,660399.0
171,2025-01-01,47.3429419853689,-122.309549584032,109,1000,-1.1939798061352827,1000,-0.31292250417744477,8728d5cacffffff,8828d5cac7fffff,8a28d5cac60ffff,1,2025,1,2,-0.805086503337013,0.08547535538673401,0.11241549998521805,0.1416901797056198,0.224704772233963,13.400599479675293,660399.0
172,2025-01-01,47.3357652962654,-122.216845974521,109,1000,-1.1939798061352827,1000,-0.31292250417744477,8728d5ca2ffffff,8828d5ca25fffff,8a28d5ca24f7fff,1,2025,1,2,-0.8081788092770682,0.08547535538673401,0.11241549998521805,0.1416901797056198,0.224704772233963,13.400599479675293,660399.0
173,2025-01-01,47.3318671091583,-122.277555023355,109,1000,-1.1939798061352827,1000,-0.31292250417744477,8728d5ca1ffffff,8828d5ca17fffff,8a28d5ca17a7fff,1,2025,1,2,-1.3994358299696608,0.08547535538673401,0.11241549998521805,0.1416901797056198,0.224704772233963,13.400599479675293,660399.0
174,2025-01-01,47.4105392259427,-122.169909494134,827,1000,-1.1939798061352827,1000,-0.31292250417744477,8728d5c9effffff,8828d5c9edfffff,8a28d5c9ed8ffff,1,2025,1,8,0.6566174817889784,0.19294649362564087,0.07961957901716232,0.10717502981424332,0.1595081388950348,13.81372356414795,998214.625
175,2025-01-01,47.4102653619236,-122.180573065538,827,1000,-1.1939798061352827,1000,-0.31292250417744477,8728d5c9effffff,8828d5c9e9fffff,8a28d5c9e887fff,1,2025,1,8,-0.9163456075382179,0.19294649362564087,0.07961957901716232,0.10717502981424332,0.1595081388950348,13.81372356414795,998214.625
176,2025-01-01,47.3769015109504,-122.146033068594,827,1000,-1.1939798061352827,1000,-0.31292250417744477,8728d5c94ffffff,8828d5c947fffff,8a28d5c9461ffff,1,2025,1,8,-1.8852564812525063,0.19294649362564087,0.07961957901716232,0.10717502981424332,0.1595081388950348,13.81372356414795,998214.625
177,2025-01-01,47.3670638650473,-122.165014904445,827,1000,-1.1939798061352827,1000,-0.31292250417744477,8728d5c94ffffff,8828d5c94bfffff,8a28d5c94a77fff,1,2025,1,8,-0.805086503337013,0.19294649362564087,0.07961957901716232,0.10717502981424332,0.1595081388950348,13.81372356414795,998214.625
178,2025-01-01,47.3740695045933,-122.177325861799,827,1000,-1.1939798061352827,1000,-0.31292250417744477,8728d5c95ffffff,8828d5c951fffff,8a28d5c9511ffff,1,2025,1,8,-0.15928204628540574,0.19294649362564087,0.07961957901716232,0.10717502981424332,0.1595081388950348,13.81372356414795,998214.625
179,2025-01-01,47.3676868589402,-122.183888471949,827,1000,-1.1939798061352827,1000,-0.31292250417744477,8728d5c95ffffff,8828d5c959fffff,8a28d5c95957fff,1,2025,1,8,-0.47988346804520354,0.19294649362564087,0.07961957901716232,0.10717502981424332,0.1595081388950348,13.81372356414795,998214.625
180,2025-01-01,47.369005470004,-122.169760966334,827,1000,-1.1939798061352827,1000,-0.31292250417744477,8728d5c95ffffff,8828d5c95dfffff,8a28d5c95d1ffff,1,2025,1,8,-1.2774212917071774,0.19294649362564087,0.07961957901716232,0.10717502981424332,0.1595081388950348,13.81372356414795,998214.625
181,2025-01-01,47.3755002818984,-122.13060375409,832,1000,-1.1939798061352827,1000,-0.31292250417744477,8728d5c96ffffff,8828d5c969fffff,8a28d5c9685ffff,1,2025,1,9,-0.29497790544607305,0.14471615850925446,0.08899767696857452,0.11779390275478363,0.1781906932592392,13.592384338378906,800013.875
182,2025-01-01,47.4204305619384,-122.206328374435,827,1000,-1.1939798061352827,1000,-0.31292250417744477,8728d5c98ffffff,8828d5c98dfffff,8a28d5c98c4ffff,1,2025,1,8,-1.0002369533051347,0.19294649362564087,0.07961957901716232,0.10717502981424332,0.1595081388950348,13.81372356414795,998214.625
183,2025-01-01,47.3314350016368,-122.318377650182,109,1000,-1.1939798061352827,1000,-0.31292250417744477,8728d5cacffffff,8828d5cacbfffff,8a28d5cacb97fff,1,2025,1,2,-0.9662234785267356,0.08547535538673401,0.11241549998521805,0.1416901797056198,0.224704772233963,13.400599479675293,660399.0
184,2025-01-01,47.4409763318452,-122.196633956073,827,1000,-1.1939798061352827,1000,-0.31292250417744477,8728d5c9bffffff,8828d5c9a3fffff,8a28d5c9bc97fff,1,2025,1,8,-1.0944152946639663,0.19294649362564087,0.07961957901716232,0.10717502981424332,0.1595081388950348,13.81372356414795,998214.625
185,2025-01-01,47.4324656285017,-122.196701783555,827,1000,-1.1939798061352827,1000,-0.31292250417744477,8728d5c9affffff,8828d5c9abfffff,8a28d5c9ab57fff,1,2025,1,8,-0.797224393280023,0.19294649362564087,0.07961957901716232,0.10717502981424332,0.1595081388950348,13.81372356414795,998214.625
186,2025-01-01,47.4339476128379,-122.176893332697,827,1000,-1.1939798061352827,1000,-0.31292250417744477,8728d5c9affffff,8828d5c9adfffff,8a28d5c9aceffff,1,2025,1,8,-0.053328502488386435,0.19294649362564087,0.07961957901716232,0.10717502981424332,0.1595081388950348,13.81372356414795,998214.625
187,2025-01-01,47.4518528371095,-122.201208308743,827,1000,-1.1939798061352827,1000,-0.31292250417744477,8728d5c9bffffff,8828d5c9b7fffff,8a28d5534b6ffff,1,2025,1,8,-0.7926151517028079,0.19294649362564087,0.07961957901716232,0.10717502981424332,0.1595081388950348,13.81372356414795,998214.625
188,2025-01-01,47.4030676802891,-122.201202994997,832,1000,-1.1939798061352827,1000,-0.31292250417744477,8728d5c9cffffff,8828d5c9c1fffff,8a28d5c9c197fff,1,2025,1,9,-0.7591597628433913,0.14471615850925446,0.08899767696857452,0.11779390275478363,0.1781906932592392,13.592384338378906,800013.875
189,2025-01-01,47.411837541448,-122.209529039162,827,1000,-1.1939798061352827,1000,-0.31292250417744477,8728d5c9cffffff,8828d5c9c7fffff,8a28d5c9c66ffff,1,2025,1,8,-1.1428982781192538,0.19294649362564087,0.07961957901716232,0.10717502981424332,0.1595081388950348,13.81372356414795,998214.625
190,2025-01-01,47.3959157007866,-122.204290526844,827,1000,-1.1939798061352827,1000,-0.31292250417744477,8728d5c9cffffff,8828d5c9cdfffff,8a28d5c9cd67fff,1,2025,1,8,-0.9328228926168372,0.19294649362564087,0.07961957901716232,0.10717502981424332,0.1595081388950348,13.81372356414795,998214.625
191,2025-01-01,47.4126137834657,-122.182235542083,827,1000,-1.1939798061352827,1000,-0.31292250417744477,8728d5c9effffff,8828d5c9e1fffff,8a28d5c9e127fff,1,2025,1,8,-0.9662234785267356,0.19294649362564087,0.07961957901716232,0.10717502981424332,0.1595081388950348,13.81372356414795,998214.625
192,2025-01-01,47.4263184909543,-122.186861927089,827,1000,-1.1939798061352827,1000,-0.31292250417744477,8728d5c9affffff,8828d5c9a9fffff,8a28d5c9a90ffff,1,2025,1,8,-0.27175815956382304,0.19294649362564087,0.07961957901716232,0.10717502981424332,0.1595081388950348,13.81372356414795,998214.625
193,2025-01-01,47.3744304711665,-122.160902273294,832,1000,-1.1939798061352827,1000,-0.31292250417744477,8728d5c94ffffff,8828d5c943fffff,8a28d5c94277fff,1,2025,1,9,-0.5729193124173009,0.14471615850925446,0.08899767696857452,0.11779390275478363,0.1781906932592392,13.592384338378906,800013.875
194,2025-01-01,47.3305974205386,-122.300153143991,109,1000,-1.1939798061352827,1000,-0.31292250417744477,8728d5cacffffff,8828d5cacdfffff,8a28d5cacc87fff,1,2025,1,2,-0.15928204628540574,0.08547535538673401,0.11241549998521805,0.1416901797056198,0.224704772233963,13.400599479675293,660399.0
195,2025-01-01,47.3344837467072,-122.330086593567,109,1000,-1.1939798061352827,1000,-0.31292250417744477,8728d5cadffffff,8828d5caddfffff,8a28d5cadd17fff,1,2025,1,2,-1.0701955337696167,0.08547535538673401,0.11241549998521805,0.1416901797056198,0.224704772233963,13.400599479675293,660399.0
196,2025-01-01,47.435416486092,-122.327706466694,146,1000,-1.1939798061352827,1000,-0.31292250417744477,8728d5cd6ffffff,8828d5cd6bfffff,8a28d5cd6327fff,1,2025,1,3,0.06634982667257949,0.07013745605945587,0.118033267557621,0.14747095108032227,0.23586569726467133,13.401688575744629,661118.625
197,2025-01-01,47.2616000403739,-122.219358377837,109,1000,-1.1939798061352827,1000,-0.31292250417744477,8728d5d83ffffff,8828d5d837fffff,8a28d5d836d7fff,1,2025,1,2,-0.8677747318870872,0.08547535538673401,0.11241549998521805,0.1416901797056198,0.224704772233963,13.400599479675293,660399.0
198,2025-01-01,47.26482524793,-122.292308815961,109,1000,-1.1939798061352827,1000,-0.31292250417744477,8728d5d88ffffff,8828d5d88bfffff,8a28d5d88a0ffff,1,2025,1,2,-0.47988346804520354,0.08547535538673401,0.11241549998521805,0.1416901797056198,0.224704772233963,13.400599479675293,660399.0
199,2025-01-01,47.285137492267,-122.302796294445,109,1000,-1.1939798061352827,1000,-0.31292250417744477,8728d5c16ffffff,8828d5d897fffff,8a28d5d896d7fff,1,2025,1,2,-1.0881056476474458,0.08547535538673401,0.11241549998521805,0.1416901797056198,0.224704772233963,13.400599479675293,660399.0
200,2025-01-01,47.2664582064738,-122.306869180874,109,1000,-1.1939798061352827,1000,-0.31292250417744477,8728d5d89ffffff,8828d5d899fffff,8a28d5d8999ffff,1,2025,1,2,-1.170914162012098,0.08547535538673401,0.11241549998521805,0.1416901797056198,0.224704772233963,13.400599479675293,660399.0
201,2025-01-01,47.2762237225404,-122.255258930248,109,1000,-1.1939798061352827,1000,-0.31292250417744477,8728d5d8affffff,8828d5d8a1fffff,8a28d5d8a177fff,1,2025,1,2,-1.5565355442511488,0.08547535538673401,0.11241549998521805,0.1416901797056198,0.224704772233963,13.400599479675293,660399.0
202,2025-01-01,47.2835736568686,-122.265087484563,832,1000,-1.1939798061352827,1000,-0.31292250417744477,8728d5d8affffff,8828d5d8a3fffff,8a28d5d8a35ffff,1,2025,1,9,-0.6708868579969871,0.14471615850925446,0.08899767696857452,0.11779390275478363,0.1781906932592392,13.592384338378906,800013.875
203,2025-01-01,47.2599817533046,-122.307707573647,109,1000,-1.1939798061352827,1000,-0.31292250417744477,8728d5d8dffffff,8828d5d8d7fffff,8a28d5d8d74ffff,1,2025,1,2,-1.1061904971021508,0.08547535538673401,0.11241549998521805,0.1416901797056198,0.224704772233963,13.400599479675293,660399.0
204,2025-01-01,47.2846941542498,-122.19729362139,109,1000,-1.1939798061352827,1000,-0.31292250417744477,8728d5d98ffffff,8828d5d981fffff,8a28d5d980affff,1,2025,1,2,-0.8360870822141713,0.08547535538673401,0.11241549998521805,0.1416901797056198,0.224704772233963,13.400599479675293,660399.0
205,2025-01-01,47.2999080519239,-122.22042476396,109,1000,-1.1939798061352827,1000,-0.31292250417744477,8728d5d99ffffff,8828d5d997fffff,8a28d5d996a7fff,1,2025,1,2,-1.466094077301684,0.08547535538673401,0.11241549998521805,0.1416901797056198,0.224704772233963,13.400599479675293,660399.0
206,2025-01-01,47.2844455959105,-122.217052267953,109,1000,-1.1939798061352827,1000,-0.31292250417744477,8728d5d99ffffff,8828d5d99dfffff,8a28d5d99daffff,1,2025,1,2,-0.765197821491208,0.08547535538673401,0.11241549998521805,0.1416901797056198,0.224704772233963,13.400599479675293,660399.0
207,2025-01-01,47.3079702338954,-122.209620599252,109,1000,-1.1939798061352827,1000,-0.31292250417744477,8728d5d9bffffff,8828d5d9b3fffff,8a28d5d9b227fff,1,2025,1,2,-1.5152899828384931,0.08547535538673401,0.11241549998521805,0.1416901797056198,0.224704772233963,13.400599479675293,660399.0
208,2025-01-01,47.263810367476,-122.201071527951,827,1000,-1.1939798061352827,1000,-0.31292250417744477,8728d5d9cffffff,8828d5d9c1fffff,8a28d5d9c077fff,1,2025,1,8,-0.5193180370972234,0.19294649362564087,0.07961957901716232,0.10717502981424332,0.1595081388950348,13.81372356414795,998214.625
209,2025-01-01,47.2585770830272,-122.196044956044,109,1000,-1.1939798061352827,1000,-0.31292250417744477,8728d5d9cffffff,8828d5d9c9fffff,8a28d5d9c897fff,1,2025,1,2,-0.6766292704712167,0.08547535538673401,0.11241549998521805,0.1416901797056198,0.224704772233963,13.400599479675293,660399.0
210,2025-01-01,47.2640245903309,-122.212329380883,109,1000,-1.1939798061352827,1000,-0.31292250417744477,8728d5d9cffffff,8828d5d9cbfffff,8a28d5d9ddb7fff,1,2025,1,2,-0.6198504866206188,0.08547535538673401,0.11241549998521805,0.1416901797056198,0.224704772233963,13.400599479675293,660399.0
211,2025-01-01,47.4141242137389,-122.334562333787,146,1000,-1.1939798061352827,1000,-0.31292250417744477,8728d5c89ffffff,8828d5cd4dfffff,8a28d5c89a4ffff,1,2025,1,3,-1.1993599739124594,0.07013745605945587,0.118033267557621,0.14747095108032227,0.23586569726467133,13.401688575744629,661118.625
212,2025-01-01,47.4254031865509,-122.337733181394,146,1000,-1.1939798061352827,1000,-0.31292250417744477,8728d5cd4ffffff,8828d5cd45fffff,8a28d5cd4447fff,1,2025,1,3,0.5541301541912569,0.07013745605945587,0.118033267557621,0.14747095108032227,0.23586569726467133,13.401688575744629,661118.625
213,2025-01-01,47.4597636399724,-122.354998408888,146,1000,-1.1939798061352827,1000,-0.31292250417744477,8728d5cd3ffffff,8828d5cd3bfffff,8a28d5cd3b9ffff,1,2025,1,3,-0.8423814256673722,0.07013745605945587,0.118033267557621,0.14747095108032227,0.23586569726467133,13.401688575744629,661118.625
214,2025-01-01,47.4571622136943,-122.350842929469,146,1000,-1.1939798061352827,1000,-0.31292250417744477,8728d5cd3ffffff,8828d5cd39fffff,8a28d5cd38f7fff,1,2025,1,3,0.09504525324366118,0.07013745605945587,0.118033267557621,0.14747095108032227,0.23586569726467133,13.401688575744629,661118.625
215,2025-01-01,47.346199277103,-122.286677050349,109,1000,-1.1939798061352827,1000,-0.31292250417744477,8728d5caeffffff,8828d5cae1fffff,8a28d5cae02ffff,1,2025,1,2,-0.969596877757802,0.08547535538673401,0.11241549998521805,0.1416901797056198,0.224704772233963,13.400599479675293,660399.0
216,2025-01-01,47.339575339128,-122.287921402747,109,1000,-1.1939798061352827,1000,-0.31292250417744477,8728d5caeffffff,8828d5cae9fffff,8a28d5cae817fff,1,2025,1,2,-1.338203208054616,0.08547535538673401,0.11241549998521805,0.1416901797056198,0.224704772233963,13.400599479675293,660399.0
217,2025-01-01,47.3404283469203,-122.281682995828,109,1000,-1.1939798061352827,1000,-0.31292250417744477,8728d5caeffffff,8828d5caedfffff,8a28d5caed4ffff,1,2025,1,2,-1.3177203215696363,0.08547535538673401,0.11241549998521805,0.1416901797056198,0.224704772233963,13.400599479675293,660399.0
218,2025-01-01,47.337431290903,-122.171618502605,832,1000,-1.1939798061352827,1000,-0.31292250417744477,8728d5cb0ffffff,8828d5cb01fffff,8a28d5cb0087fff,1,2025,1,9,-1.4529005528087946,0.14471615850925446,0.08899767696857452,0.11779390275478363,0.1781906932592392,13.592384338378906,800013.875
219,2025-01-01,47.3423899724658,-122.178562824293,832,1000,-1.1939798061352827,1000,-0.31292250417744477,8728d5cb0ffffff,8828d5cb03fffff,8a28d5cb02b7fff,1,2025,1,9,-0.14840997778269158,0.14471615850925446,0.08899767696857452,0.11779390275478363,0.1781906932592392,13.592384338378906,800013.875
220,2025-01-01,47.3335774723148,-122.189993437053,827,1000,-1.1939798061352827,1000,-0.31292250417744477,8728d5cb0ffffff,8828d5cb0bfffff,8a28d5cb0a77fff,1,2025,1,8,-0.7441501070223275,0.19294649362564087,0.07961957901716232,0.10717502981424332,0.1595081388950348,13.81372356414795,998214.625
221,2025-01-01,47.329283893945,-122.169518786459,827,1000,-1.1939798061352827,1000,-0.31292250417744477,8728d5cb0ffffff,8828d5cb0dfffff,8a28d5cb0d57fff,1,2025,1,8,-0.532473729021468,0.19294649362564087,0.07961957901716232,0.10717502981424332,0.1595081388950348,13.81372356414795,998214.625
222,2025-01-01,47.3356642230263,-122.337296227782,109,1000,-1.1939798061352827,1000,-0.31292250417744477,8728d5cadffffff,8828d5cad9fffff,8a28d5cad8b7fff,1,2025,1,2,-0.2716608386849193,0.08547535538673401,0.11241549998521805,0.1416901797056198,0.224704772233963,13.400599479675293,660399.0
223,2025-01-01,47.346026331826,-122.215838882238,109,1000,-1.1939798061352827,1000,-0.31292250417744477,8728d5cb1ffffff,8828d5cb13fffff,8a28d5cb1367fff,1,2025,1,2,-1.7415707395204203,0.08547535538673401,0.11241549998521805,0.1416901797056198,0.224704772233963,13.400599479675293,660399.0
224,2025-01-01,47.3527189171186,-122.15023826006,827,1000,-1.1939798061352827,1000,-0.31292250417744477,8728d5cb2ffffff,8828d5cb27fffff,8a28d5cb2767fff,1,2025,1,8,-0.670872488310547,0.19294649362564087,0.07961957901716232,0.10717502981424332,0.1595081388950348,13.81372356414795,998214.625
225,2025-01-01,47.3532538821263,-122.174144175416,827,1000,-1.1939798061352827,1000,-0.31292250417744477,8728d5cb3ffffff,8828d5cb31fffff,8a28d5cb3c4ffff,1,2025,1,8,-0.9361359987103945,0.19294649362564087,0.07961957901716232,0.10717502981424332,0.1595081388950348,13.81372356414795,998214.625
226,2025-01-01,47.3605453828016,-122.178992654096,109,1000,-1.1939798061352827,1000,-0.31292250417744477,8728d5cb3ffffff,8828d5cb33fffff,8a28d5cb3397fff,1,2025,1,2,-0.8049320233697693,0.08547535538673401,0.11241549998521805,0.1416901797056198,0.224704772233963,13.400599479675293,660399.0
227,2025-01-01,47.3529035884364,-122.168175188968,827,1000,-1.1939798061352827,1000,-0.31292250417744477,8728d5cb3ffffff,8828d5cb3dfffff,8a28d5cb3cf7fff,1,2025,1,8,-0.5539348354924365,0.19294649362564087,0.07961957901716232,0.10717502981424332,0.1595081388950348,13.81372356414795,998214.625
228,2025-01-01,47.3183833325347,-122.182780760962,109,1000,-1.1939798061352827,1000,-0.31292250417744477,8728d5cb4ffffff,8828d5cb43fffff,8a28d5cb4307fff,1,2025,1,2,-1.538090791413921,0.08547535538673401,0.11241549998521805,0.1416901797056198,0.224704772233963,13.400599479675293,660399.0
229,2025-01-01,47.3168501811211,-122.182128750266,109,1000,-1.1939798061352827,1000,-0.31292250417744477,8728d5cb4ffffff,8828d5cb4bfffff,8a28d5cb4327fff,1,2025,1,2,-1.5565355442511488,0.08547535538673401,0.11241549998521805,0.1416901797056198,0.224704772233963,13.400599479675293,660399.0
230,2025-01-01,47.4369479112918,-122.336811108164,146,1000,-1.1939798061352827,1000,-0.31292250417744477,8728d5cd0ffffff,8828d5cd0dfffff,8a28d5cd0c17fff,1,2025,1,3,-1.1803476804168567,0.07013745605945587,0.118033267557621,0.14747095108032227,0.23586569726467133,13.401688575744629,661118.625
231,2025-01-01,47.3530897433228,-122.139742610238,827,1000,-1.1939798061352827,1000,-0.31292250417744477,8728d5cb2ffffff,8828d5cb25fffff,8a28d5cb24effff,1,2025,1,8,-0.6565582676377216,0.19294649362564087,0.07961957901716232,0.10717502981424332,0.1595081388950348,13.81372356414795,998214.625
232,2025-01-01,47.5208639953566,-122.362371718286,146,1000,-1.1939798061352827,1000,-0.31292250417744477,8728d5576ffffff,8828d5576bfffff,8a28d5576aaffff,1,2025,1,3,-1.4224760091919266,0.07013745605945587,0.118033267557621,0.14747095108032227,0.23586569726467133,13.401688575744629,661118.625
233,2025-01-01,47.3899603095574,-122.166449592184,827,1000,-1.1939798061352827,1000,-0.31292250417744477,8728d5c90ffffff,8828d5c91dfffff,8a28d5c91db7fff,1,2025,1,8,-1.5107632837247709,0.19294649362564087,0.07961957901716232,0.10717502981424332,0.1595081388950348,13.81372356414795,998214.625
234,2025-01-01,47.4044204098757,-122.175894721391,827,1000,-1.1939798061352827,1000,-0.31292250417744477,8728d5c91ffffff,8828d5c917fffff,8a28d5c9161ffff,1,2025,1,8,-0.45413746575518876,0.19294649362564087,0.07961957901716232,0.10717502981424332,0.1595081388950348,13.81372356414795,998214.625
235,2025-01-01,47.5965864206811,-121.979135547773,278,1000,-1.1939798061352827,1000,-0.31292250417744477,8728d5594ffffff,8828d55941fffff,8a28d5594047fff,1,2025,1,7,0.8179089369459447,0.07088857144117355,0.10717326402664185,0.13753308355808258,0.21435493230819702,13.45666790008545,698484.25
236,2025-01-01,47.5910485715454,-121.989011658932,278,1000,-1.1939798061352827,1000,-0.31292250417744477,8728d5594ffffff,8828d5594bfffff,8a28d5594b57fff,1,2025,1,7,1.1036553338307753,0.07088857144117355,0.10717326402664185,0.13753308355808258,0.21435493230819702,13.45666790008545,698484.25
237,2025-01-01,47.5982837829899,-122.015212517286,278,1000,-1.1939798061352827,1000,-0.31292250417744477,8728d5595ffffff,8828d5595bfffff,8a28d5595b0ffff,1,2025,1,7,0.5556136935788742,0.07088857144117355,0.10717326402664185,0.13753308355808258,0.21435493230819702,13.45666790008545,698484.25
238,2025-01-01,47.6271835050721,-122.032791492114,278,1000,-1.1939798061352827,1000,-0.31292250417744477,8728d559cffffff,8828d559c1fffff,8a28d559c12ffff,1,2025,1,7,1.1526541963308932,0.07088857144117355,0.10717326402664185,0.13753308355808258,0.21435493230819702,13.45666790008545,698484.25
239,2025-01-01,47.6322804927311,-122.023913727135,278,1000,-1.1939798061352827,1000,-0.31292250417744477,8728d559cffffff,8828d559c5fffff,8a28d559c55ffff,1,2025,1,7,0.7984984730340535,0.07088857144117355,0.10717326402664185,0.13753308355808258,0.21435493230819702,13.45666790008545,698484.25
240,2025-01-01,47.6198475528715,-122.038687559783,278,1000,-1.1939798061352827,1000,-0.31292250417744477,8728d5582ffffff,8828d559c9fffff,8a28d55822dffff,1,2025,1,7,0.06630541606456514,0.07088857144117355,0.10717326402664185,0.13753308355808258,0.21435493230819702,13.45666790008545,698484.25
241,2025-01-01,47.6251599242266,-122.041862205787,278,1000,-1.1939798061352827,1000,-0.31292250417744477,8728d559cffffff,8828d559cbfffff,8a28d559cb17fff,1,2025,1,7,1.4407018751573293,0.07088857144117355,0.10717326402664185,0.13753308355808258,0.21435493230819702,13.45666790008545,698484.25
242,2025-01-01,47.6335874530089,-122.064199722323,278,1000,-1.1939798061352827,1000,-0.31292250417744477,8728d559dffffff,8828d559d9fffff,8a28d559d8c7fff,1,2025,1,7,1.4498785392743727,0.07088857144117355,0.10717326402664185,0.13753308355808258,0.21435493230819702,13.45666790008545,698484.25
243,2025-01-01,47.5405325798121,-122.072422633515,278,1000,-1.1939798061352827,1000,-0.31292250417744477,8728d55a0ffffff,8828d55a0dfffff,8a28d55a0c07fff,1,2025,1,7,1.098130196011851,0.07088857144117355,0.10717326402664185,0.13753308355808258,0.21435493230819702,13.45666790008545,698484.25
244,2025-01-01,47.5301440436868,-122.073353586775,832,1000,-1.1939798061352827,1000,-0.31292250417744477,8728d55a4ffffff,8828d55a47fffff,8a28d55a444ffff,1,2025,1,9,0.7672627168939481,0.14471615850925446,0.08899767696857452,0.11779390275478363,0.1781906932592392,13.592384338378906,800013.875
245,2025-01-01,47.5369802456154,-122.053432530003,278,1000,-1.1939798061352827,1000,-0.31292250417744477,8728d55a6ffffff,8828d55a61fffff,8a28d55a6027fff,1,2025,1,7,0.43775845646661643,0.07088857144117355,0.10717326402664185,0.13753308355808258,0.21435493230819702,13.45666790008545,698484.25
246,2025-01-01,47.5362483850797,-122.07044652552,278,1000,-1.1939798061352827,1000,-0.31292250417744477,8728d55a6ffffff,8828d55a6bfffff,8a28d55a6a6ffff,1,2025,1,7,1.5392299254127222,0.07088857144117355,0.10717326402664185,0.13753308355808258,0.21435493230819702,13.45666790008545,698484.25
247,2025-01-01,47.5873592460051,-122.110431787231,278,1000,-1.1939798061352827,1000,-0.31292250417744477,8728d55aaffffff,8828d55aa9fffff,8a28d55aa8b7fff,1,2025,1,7,2.326828409626636,0.07088857144117355,0.10717326402664185,0.13753308355808258,0.21435493230819702,13.45666790008545,698484.25
248,2025-01-01,47.6016161770055,-122.12306107421,278,1000,-1.1939798061352827,1000,-0.31292250417744477,8728d55abffffff,8828d55ab5fffff,8a28d55ab5b7fff,1,2025,1,7,1.927395675575214,0.07088857144117355,0.10717326402664185,0.13753308355808258,0.21435493230819702,13.45666790008545,698484.25
249,2025-01-01,47.5636244011166,-122.142511463472,278,1000,-1.1939798061352827,1000,-0.31292250417744477,8728d55acffffff,8828d55ac3fffff,8a28d55ac317fff,1,2025,1,7,0.1419764274469758,0.07088857144117355,0.10717326402664185,0.13753308355808258,0.21435493230819702,13.45666790008545,698484.25
250,2025-01-01,47.623535713306,-122.093751489028,278,1000,-1.1939798061352827,1000,-0.31292250417744477,8728d558effffff,8828d558ebfffff,8a28d558eb9ffff,1,2025,1,7,1.3219876700273048,0.07088857144117355,0.10717326402664185,0.13753308355808258,0.21435493230819702,13.45666790008545,698484.25
251,2025-01-01,47.6297280587084,-122.089939368679,278,1000,-1.1939798061352827,1000,-0.31292250417744477,8728d558effffff,8828d558e3fffff,8a28d558e387fff,1,2025,1,7,1.3022674588733418,0.07088857144117355,0.10717326402664185,0.13753308355808258,0.21435493230819702,13.45666790008545,698484.25
252,2025-01-01,47.6096256765704,-122.125119895275,278,1000,-1.1939798061352827,1000,-0.31292250417744477,8728d558cffffff,8828d558cbfffff,8a28d558ca27fff,1,2025,1,7,-0.7044227334342801,0.07088857144117355,0.10717326402664185,0.13753308355808258,0.21435493230819702,13.45666790008545,698484.25
253,2025-01-01,47.6214334264923,-122.105449916615,278,1000,-1.1939798061352827,1000,-0.31292250417744477,8728d558cffffff,8828d558c7fffff,8a28d558c79ffff,1,2025,1,7,0.8243341855484423,0.07088857144117355,0.10717326402664185,0.13753308355808258,0.21435493230819702,13.45666790008545,698484.25
254,2025-01-01,47.6024418994682,-122.057728214499,278,1000,-1.1939798061352827,1000,-0.31292250417744477,8728d5580ffffff,8828d55807fffff,8a28d5580767fff,1,2025,1,7,0.9393522088547367,0.07088857144117355,0.10717326402664185,0.13753308355808258,0.21435493230819702,13.45666790008545,698484.25
255,2025-01-01,47.6026244028691,-122.021799174253,278,1000,-1.1939798061352827,1000,-0.31292250417744477,8728d5582ffffff,8828d5582dfffff,8a28d5582d07fff,1,2025,1,7,0.510582757743793,0.07088857144117355,0.10717326402664185,0.13753308355808258,0.21435493230819702,13.45666790008545,698484.25
256,2025-01-01,47.6147713090621,-122.060052797444,278,1000,-1.1939798061352827,1000,-0.31292250417744477,8728d5583ffffff,8828d55831fffff,8a28d558312ffff,1,2025,1,7,0.7656890790812908,0.07088857144117355,0.10717326402664185,0.13753308355808258,0.21435493230819702,13.45666790008545,698484.25
257,2025-01-01,47.6172500845107,-122.04930465716,278,1000,-1.1939798061352827,1000,-0.31292250417744477,8728d5583ffffff,8828d55835fffff,8a28d5583cdffff,1,2025,1,7,1.6579094971228987,0.07088857144117355,0.10717326402664185,0.13753308355808258,0.21435493230819702,13.45666790008545,698484.25
258,2025-01-01,47.6113736132028,-122.064662071153,278,1000,-1.1939798061352827,1000,-0.31292250417744477,8728d5583ffffff,8828d55839fffff,8a28d5583877fff,1,2025,1,7,0.6425209700089843,0.07088857144117355,0.10717326402664185,0.13753308355808258,0.21435493230819702,13.45666790008545,698484.25
259,2025-01-01,47.5778362696362,-122.045485689682,278,1000,-1.1939798061352827,1000,-0.31292250417744477,8728d5584ffffff,8828d55845fffff,8a28d558452ffff,1,2025,1,7,-0.33051284089043237,0.07088857144117355,0.10717326402664185,0.13753308355808258,0.21435493230819702,13.45666790008545,698484.25
260,2025-01-01,47.595223147685,-122.042526277704,278,1000,-1.1939798061352827,1000,-0.31292250417744477,8728d5580ffffff,8828d55863fffff,8a28d5580c97fff,1,2025,1,7,0.8307372398110408,0.07088857144117355,0.10717326402664185,0.13753308355808258,0.21435493230819702,13.45666790008545,698484.25
261,2025-01-01,47.5634417328993,-122.12096820039,278,1000,-1.1939798061352827,1000,-0.31292250417744477,8728d55acffffff,8828d55ac5fffff,8a28d55ac59ffff,1,2025,1,7,2.8778383169113138,0.07088857144117355,0.10717326402664185,0.13753308355808258,0.21435493230819702,13.45666790008545,698484.25
262,2025-01-01,47.5963312822589,-122.014998981307,278,1000,-1.1939798061352827,1000,-0.31292250417744477,8728d5595ffffff,8828d55865fffff,8a28d5595b27fff,1,2025,1,7,-0.13437095305642274,0.07088857144117355,0.10717326402664185,0.13753308355808258,0.21435493230819702,13.45666790008545,698484.25
263,2025-01-01,47.63414680617,-122.11478956964,278,1000,-1.1939798061352827,1000,-0.31292250417744477,8728d5588ffffff,8828d55881fffff,8a28d558800ffff,1,2025,1,7,0.701704588965886,0.07088857144117355,0.10717326402664185,0.13753308355808258,0.21435493230819702,13.45666790008545,698484.25
264,2025-01-01,47.6361120451031,-122.107069791348,278,1000,-1.1939798061352827,1000,-0.31292250417744477,8728d5588ffffff,8828d55885fffff,8a28d5588467fff,1,2025,1,7,-0.42874415953547373,0.07088857144117355,0.10717326402664185,0.13753308355808258,0.21435493230819702,13.45666790008545,698484.25
265,2025-01-01,47.6405905567376,-122.112491150687,278,1000,-1.1939798061352827,1000,-0.31292250417744477,8728d5588ffffff,8828d55887fffff,8a28d558862ffff,1,2025,1,7,0.8935799483283586,0.07088857144117355,0.10717326402664185,0.13753308355808258,0.21435493230819702,13.45666790008545,698484.25
266,2025-01-01,47.6267327389729,-122.118263087675,278,1000,-1.1939798061352827,1000,-0.31292250417744477,8728d5588ffffff,8828d55889fffff,8a28d558880ffff,1,2025,1,7,0.2324178943964408,0.07088857144117355,0.10717326402664185,0.13753308355808258,0.21435493230819702,13.45666790008545,698484.25
267,2025-01-01,47.6264378770457,-122.103238368395,278,1000,-1.1939798061352827,1000,-0.31292250417744477,8728d5588ffffff,8828d5588dfffff,8a28d5588da7fff,1,2025,1,7,1.0132138668813102,0.07088857144117355,0.10717326402664185,0.13753308355808258,0.21435493230819702,13.45666790008545,698484.25
268,2025-01-01,47.6099223902034,-122.113329625135,278,1000,-1.1939798061352827,1000,-0.31292250417744477,8728d558cffffff,8828d558c1fffff,8a28d558c127fff,1,2025,1,7,-0.5729193124173009,0.07088857144117355,0.10717326402664185,0.13753308355808258,0.21435493230819702,13.45666790008545,698484.25
269,2025-01-01,47.6199486684882,-122.119026236889,278,1000,-1.1939798061352827,1000,-0.31292250417744477,8728d558cffffff,8828d558c3fffff,8a28d558c2affff,1,2025,1,7,-0.5865996871732364,0.07088857144117355,0.10717326402664185,0.13753308355808258,0.21435493230819702,13.45666790008545,698484.25
270,2025-01-01,47.5866059667086,-122.031278507826,278,1000,-1.1939798061352827,1000,-0.31292250417744477,8728d5586ffffff,8828d55869fffff,8a28d55868d7fff,1,2025,1,7,1.136464727783538,0.07088857144117355,0.10717326402664185,0.13753308355808258,0.21435493230819702,13.45666790008545,698484.25
271,2025-01-01,47.3943385365503,-122.194737938683,109,1000,-1.1939798061352827,1000,-0.31292250417744477,8728d5c91ffffff,8828d5c91bfffff,8a28d5c91a77fff,1,2025,1,2,-0.9000134986640711,0.08547535538673401,0.11241549998521805,0.1416901797056198,0.224704772233963,13.400599479675293,660399.0
272,2025-01-01,47.5686516191574,-122.128862517557,278,1000,-1.1939798061352827,1000,-0.31292250417744477,8728d55acffffff,8828d55ac7fffff,8a28d55ac79ffff,1,2025,1,7,1.179326345213186,0.07088857144117355,0.10717326402664185,0.13753308355808258,0.21435493230819702,13.45666790008545,698484.25
273,2025-01-01,47.568458200643,-121.9950264001,278,1000,-1.1939798061352827,1000,-0.31292250417744477,8728d55b0ffffff,8828d55b07fffff,8a28d55b071ffff,1,2025,1,7,0.5181642912812714,0.07088857144117355,0.10717326402664185,0.13753308355808258,0.21435493230819702,13.45666790008545,698484.25
274,2025-01-01,47.3173370029464,-122.349622281794,109,1000,-1.1939798061352827,1000,-0.31292250417744477,8728d5c13ffffff,8828d5c13bfffff,8a28d5c13b1ffff,1,2025,1,2,-1.1336529603711236,0.08547535538673401,0.11241549998521805,0.1416901797056198,0.224704772233963,13.400599479675293,660399.0
275,2025-01-01,47.2925953881302,-122.360545901687,109,1000,-1.1939798061352827,1000,-0.31292250417744477,8728d5c15ffffff,8828d5c151fffff,8a28d5c15727fff,1,2025,1,2,-0.7441501070223275,0.08547535538673401,0.11241549998521805,0.1416901797056198,0.224704772233963,13.400599479675293,660399.0
276,2025-01-01,47.2942658569373,-122.374802956152,109,1000,-1.1939798061352827,1000,-0.31292250417744477,8728d5c15ffffff,8828d5c153fffff,8a28d5c1535ffff,1,2025,1,2,-0.8049320233697693,0.08547535538673401,0.11241549998521805,0.1416901797056198,0.224704772233963,13.400599479675293,660399.0
277,2025-01-01,47.2919507021181,-122.355912568387,109,1000,-1.1939798061352827,1000,-0.31292250417744477,8728d5c15ffffff,8828d5c155fffff,8a28d5c15467fff,1,2025,1,2,-0.9831522022646995,0.08547535538673401,0.11241549998521805,0.1416901797056198,0.224704772233963,13.400599479675293,660399.0
278,2025-01-01,47.2869158150433,-122.352458196503,109,1000,-1.1939798061352827,1000,-0.31292250417744477,8728d5c15ffffff,8828d5c15dfffff,8a28d5c15c8ffff,1,2025,1,2,-0.6998368645688188,0.08547535538673401,0.11241549998521805,0.1416901797056198,0.224704772233963,13.400599479675293,660399.0
279,2025-01-01,47.3092294314659,-122.391633805077,109,1000,-1.1939798061352827,1000,-0.31292250417744477,8728d5c1cffffff,8828d5c1c9fffff,8a28d5c1c99ffff,1,2025,1,2,-1.466094077301684,0.08547535538673401,0.11241549998521805,0.1416901797056198,0.224704772233963,13.400599479675293,660399.0
280,2025-01-01,47.3100731109055,-122.387914149904,109,1000,-1.1939798061352827,1000,-0.31292250417744477,8728d5c1cffffff,8828d5c1cdfffff,8a28d5c1cd47fff,1,2025,1,2,-1.367264893027887,0.08547535538673401,0.11241549998521805,0.1416901797056198,0.224704772233963,13.400599479675293,660399.0
281,2025-01-01,47.3740189333174,-122.222277977187,109,1000,-1.1939798061352827,1000,-0.31292250417744477,8728d5c80ffffff,8828d5c805fffff,8a28d5c8042ffff,1,2025,1,2,-1.0526333607547473,0.08547535538673401,0.11241549998521805,0.1416901797056198,0.224704772233963,13.400599479675293,660399.0
282,2025-01-01,47.3778007153433,-122.226127480457,109,1000,-1.1939798061352827,1000,-0.31292250417744477,8728d5c80ffffff,8828d5c807fffff,8a28d5c807affff,1,2025,1,2,0.31865122703949395,0.08547535538673401,0.11241549998521805,0.1416901797056198,0.224704772233963,13.400599479675293,660399.0
283,2025-01-01,47.3899727271644,-122.220402270568,109,1000,-1.1939798061352827,1000,-0.31292250417744477,8728d5c83ffffff,8828d5c823fffff,8a28d5c8226ffff,1,2025,1,2,-0.7742919478224365,0.08547535538673401,0.11241549998521805,0.1416901797056198,0.224704772233963,13.400599479675293,660399.0
284,2025-01-01,47.3920230295422,-122.199195408145,109,1000,-1.1939798061352827,1000,-0.31292250417744477,8728d5c82ffffff,8828d5c827fffff,8a28d5c826a7fff,1,2025,1,2,-0.9328228926168372,0.08547535538673401,0.11241549998521805,0.1416901797056198,0.224704772233963,13.400599479675293,660399.0
285,2025-01-01,47.361535559766,-122.197504789681,832,1000,-1.1939798061352827,1000,-0.31292250417744477,8728d5c86ffffff,8828d5c86dfffff,8a28d5c86cc7fff,1,2025,1,9,-2.1848882042303006,0.14471615850925446,0.08899767696857452,0.11779390275478363,0.1781906932592392,13.592384338378906,800013.875
286,2025-01-01,47.4227903799579,-122.322729946775,146,1000,-1.1939798061352827,1000,-0.31292250417744477,8728d5c89ffffff,8828d5c893fffff,8a28d5cd6927fff,1,2025,1,3,-1.1244535252820227,0.07013745605945587,0.118033267557621,0.14747095108032227,0.23586569726467133,13.401688575744629,661118.625
287,2025-01-01,47.4124532449965,-122.330312251683,109,1000,-1.1939798061352827,1000,-0.31292250417744477,8728d5c89ffffff,8828d5c89bfffff,8a28d5c89a0ffff,1,2025,1,2,0.40105067544951356,0.08547535538673401,0.11241549998521805,0.1416901797056198,0.224704772233963,13.400599479675293,660399.0
288,2025-01-01,47.4016243632139,-122.166186260566,832,1000,-1.1939798061352827,1000,-0.31292250417744477,8728d5c91ffffff,8828d5c915fffff,8a28d5c914d7fff,1,2025,1,9,-0.5112582486187655,0.14471615850925446,0.08899767696857452,0.11779390275478363,0.1781906932592392,13.592384338378906,800013.875
289,2025-01-01,47.3325574900984,-122.336105080335,109,1000,-1.1939798061352827,1000,-0.31292250417744477,8728d5cadffffff,8828d5c137fffff,8a28d5c136cffff,1,2025,1,2,-0.6852981048168177,0.08547535538673401,0.11241549998521805,0.1416901797056198,0.224704772233963,13.400599479675293,660399.0
290,2025-01-01,47.3284563412494,-122.327547932152,109,1000,-1.1939798061352827,1000,-0.31292250417744477,8728d5c13ffffff,8828d5c135fffff,8a28d5c134cffff,1,2025,1,2,-0.891901090241921,0.08547535538673401,0.11241549998521805,0.1416901797056198,0.224704772233963,13.400599479675293,660399.0
291,2025-01-01,47.3290022288743,-122.346767613757,109,1000,-1.1939798061352827,1000,-0.31292250417744477,8728d5c13ffffff,8828d5c133fffff,8a28d5c132e7fff,1,2025,1,2,-2.059166653388666,0.08547535538673401,0.11241549998521805,0.1416901797056198,0.224704772233963,13.400599479675293,660399.0
292,2025-01-01,47.3077686849895,-122.374466148352,109,1000,-1.1939798061352827,1000,-0.31292250417744477,8728d5c11ffffff,8828d5c11bfffff,8a28d5c11a17fff,1,2025,1,2,-1.0002369533051347,0.08547535538673401,0.11241549998521805,0.1416901797056198,0.224704772233963,13.400599479675293,660399.0
293,2025-01-01,47.5700752189524,-122.016687350096,278,1000,-1.1939798061352827,1000,-0.31292250417744477,8728d55b1ffffff,8828d55b15fffff,8a28d55b1507fff,1,2025,1,7,-0.9328228926168372,0.07088857144117355,0.10717326402664185,0.13753308355808258,0.21435493230819702,13.45666790008545,698484.25
294,2025-01-01,47.565178362485,-122.017053643443,278,1000,-1.1939798061352827,1000,-0.31292250417744477,8728d55b1ffffff,8828d55b1dfffff,8a28d55b1d8ffff,1,2025,1,7,-0.053328502488386435,0.07088857144117355,0.10717326402664185,0.13753308355808258,0.21435493230819702,13.45666790008545,698484.25
295,2025-01-01,47.5861141848117,-121.972464622514,278,1000,-1.1939798061352827,1000,-0.31292250417744477,8728d5594ffffff,8828d55b27fffff,8a28d55949b7fff,1,2025,1,7,1.23154620307784,0.07088857144117355,0.10717326402664185,0.13753308355808258,0.21435493230819702,13.45666790008545,698484.25
296,2025-01-01,47.5758683898712,-121.995382209567,278,1000,-1.1939798061352827,1000,-0.31292250417744477,8728d55b3ffffff,8828d55b3dfffff,8a28d55b3d77fff,1,2025,1,7,0.09504525324366118,0.07088857144117355,0.10717326402664185,0.13753308355808258,0.21435493230819702,13.45666790008545,698484.25
297,2025-01-01,47.5467561701404,-121.998081602487,278,1000,-1.1939798061352827,1000,-0.31292250417744477,8728d55b4ffffff,8828d55b41fffff,8a28d55b40dffff,1,2025,1,7,-0.13760130362569706,0.07088857144117355,0.10717326402664185,0.13753308355808258,0.21435493230819702,13.45666790008545,698484.25
298,2025-01-01,47.5476947163577,-122.00315831586,278,1000,-1.1939798061352827,1000,-0.31292250417744477,8728d55b4ffffff,8828d55b43fffff,8a28d55b438ffff,1,2025,1,7,-0.5191856264849387,0.07088857144117355,0.10717326402664185,0.13753308355808258,0.21435493230819702,13.45666790008545,698484.25
299,2025-01-01,47.5526219804679,-121.996630566496,278,1000,-1.1939798061352827,1000,-0.31292250417744477,8728d55b4ffffff,8828d55b47fffff,8a28d55b46effff,1,2025,1,7,-0.29521256363562537,0.07088857144117355,0.10717326402664185,0.13753308355808258,0.21435493230819702,13.45666790008545,698484.25
300,2025-01-01,47.569111437966,-122.003787324269,278,1000,-1.1939798061352827,1000,-0.31292250417744477,8728d55b0ffffff,8828d55b03fffff,8a28d55b02b7fff,1,2025,1,7,0.5181642912812714,0.07088857144117355,0.10717326402664185,0.13753308355808258,0.21435493230819702,13.45666790008545,698484.25
301,2025-01-01,47.5407996339324,-122.014570858868,278,1000,-1.1939798061352827,1000,-0.31292250417744477,8728d55b4ffffff,8828d55b4bfffff,8a28d55b4a67fff,1,2025,1,7,1.536611113063961,0.07088857144117355,0.10717326402664185,0.13753308355808258,0.21435493230819702,13.45666790008545,698484.25
302,2025-01-01,47.2999720046283,-122.376029515517,109,1000,-1.1939798061352827,1000,-0.31292250417744477,8728d5c02ffffff,8828d5c025fffff,8a28d5c024a7fff,1,2025,1,2,-1.2282491149751595,0.08547535538673401,0.11241549998521805,0.1416901797056198,0.224704772233963,13.400599479675293,660399.0
303,2025-01-01,47.3054055186496,-122.393798534996,109,1000,-1.1939798061352827,1000,-0.31292250417744477,8728d5c02ffffff,8828d5c027fffff,8a28d5c0266ffff,1,2025,1,2,-0.6565582676377216,0.08547535538673401,0.11241549998521805,0.1416901797056198,0.224704772233963,13.400599479675293,660399.0
304,2025-01-01,47.305494876093,-122.349845470098,109,1000,-1.1939798061352827,1000,-0.31292250417744477,8728d5c10ffffff,8828d5c103fffff,8a28d5c1034ffff,1,2025,1,2,-0.5865996871732364,0.08547535538673401,0.11241549998521805,0.1416901797056198,0.224704772233963,13.400599479675293,660399.0
305,2025-01-01,47.2971685480009,-122.346590799458,109,1000,-1.1939798061352827,1000,-0.31292250417744477,8728d5c10ffffff,8828d5c10bfffff,8a28d5c10b17fff,1,2025,1,2,-0.37897788557091283,0.08547535538673401,0.11241549998521805,0.1416901797056198,0.224704772233963,13.400599479675293,660399.0
306,2025-01-01,47.3069112845468,-122.361335550651,109,1000,-1.1939798061352827,1000,-0.31292250417744477,8728d5c11ffffff,8828d5c111fffff,8a28d5c111a7fff,1,2025,1,2,-1.5565355442511488,0.08547535538673401,0.11241549998521805,0.1416901797056198,0.224704772233963,13.400599479675293,660399.0
307,2025-01-01,47.3127440896629,-122.355495147289,109,1000,-1.1939798061352827,1000,-0.31292250417744477,8728d5c11ffffff,8828d5c115fffff,8a28d5c11477fff,1,2025,1,2,-1.5335081379899815,0.08547535538673401,0.11241549998521805,0.1416901797056198,0.224704772233963,13.400599479675293,660399.0
308,2025-01-01,47.3054056810937,-122.369489340758,109,1000,-1.1939798061352827,1000,-0.31292250417744477,8728d5c11ffffff,8828d5c119fffff,8a28d5c118cffff,1,2025,1,2,-1.1428982781192538,0.08547535538673401,0.11241549998521805,0.1416901797056198,0.224704772233963,13.400599479675293,660399.0
309,2025-01-01,47.5447677058126,-122.017892907852,278,1000,-1.1939798061352827,1000,-0.31292250417744477,8728d55b5ffffff,8828d55b5dfffff,8a28d55b5c27fff,1,2025,1,7,-0.5191856264849387,0.07088857144117355,0.10717326402664185,0.13753308355808258,0.21435493230819702,13.45666790008545,698484.25
310,2025-01-01,47.7721247985577,-122.164119534573,199,1000,-1.1939798061352827,1000,-0.31292250417744477,8728d54f2ffffff,8828d54f25fffff,8a28d54f24a7fff,1,2025,1,5,-0.5059921019920496,0.15485107898712158,0.10548757016658783,0.13240090012550354,0.21082741022109985,13.486600875854492,719708.0
311,2025-01-01,47.7746210443251,-122.226662478714,199,1000,-1.1939798061352827,1000,-0.31292250417744477,8728d54c6ffffff,8828d54f17fffff,8a28d54c6d27fff,1,2025,1,5,0.2394661248115205,0.15485107898712158,0.10548757016658783,0.13240090012550354,0.21082741022109985,13.486600875854492,719708.0
312,2025-01-01,47.7671255654631,-122.227357921902,199,1000,-1.1939798061352827,1000,-0.31292250417744477,8728d54f1ffffff,8828d54f15fffff,8a28d54f146ffff,1,2025,1,5,1.7257910543909283,0.15485107898712158,0.10548757016658783,0.13240090012550354,0.21082741022109985,13.486600875854492,719708.0
313,2025-01-01,47.7164079921175,-122.310809799413,82,1000,-1.1939798061352827,1000,-0.31292250417744477,8728d540bffffff,8828d540b7fffff,8a28d540b65ffff,1,2025,1,1,0.7656890790812908,0.3692589998245239,0.11723426729440689,0.1339360922574997,0.23361042141914368,13.679046630859375,872437.8125
314,2025-01-01,47.6996801047381,-122.310838776216,82,1000,-1.1939798061352827,1000,-0.31292250417744477,8728d540bffffff,8828d540b9fffff,8a28d540b8a7fff,1,2025,1,1,-0.053328502488386435,0.3692589998245239,0.11723426729440689,0.1339360922574997,0.23361042141914368,13.679046630859375,872437.8125
315,2025-01-01,47.6995360525562,-122.304583726108,82,1000,-1.1939798061352827,1000,-0.31292250417744477,8728d540bffffff,8828d540bdfffff,8a28d540bd0ffff,1,2025,1,1,0.151221745195106,0.3692589998245239,0.11723426729440689,0.1339360922574997,0.23361042141914368,13.679046630859375,872437.8125
316,2025-01-01,47.6705460571383,-122.310217942486,199,1000,-1.1939798061352827,1000,-0.31292250417744477,8728d540cffffff,8828d540c1fffff,8a28d540c0cffff,1,2025,1,5,1.0132138668813102,0.15485107898712158,0.10548757016658783,0.13240090012550354,0.21082741022109985,13.486600875854492,719708.0
317,2025-01-01,47.6710050114162,-122.31043790815,82,1000,-1.1939798061352827,1000,-0.31292250417744477,8728d540cffffff,8828d540c3fffff,8a28d540c397fff,1,2025,1,1,1.8068181670981522,0.3692589998245239,0.11723426729440689,0.1339360922574997,0.23361042141914368,13.679046630859375,872437.8125
318,2025-01-01,47.6706979882534,-122.300923160754,82,1000,-1.1939798061352827,1000,-0.31292250417744477,8728d540cffffff,8828d540c5fffff,8a28d540c447fff,1,2025,1,1,-0.7144905564203043,0.3692589998245239,0.11723426729440689,0.1339360922574997,0.23361042141914368,13.679046630859375,872437.8125
319,2025-01-01,47.6730803449358,-122.303392013356,82,1000,-1.1939798061352827,1000,-0.31292250417744477,8728d540cffffff,8828d540c7fffff,8a28d540c7affff,1,2025,1,1,1.0189975919038181,0.3692589998245239,0.11723426729440689,0.1339360922574997,0.23361042141914368,13.679046630859375,872437.8125
320,2025-01-01,47.6673504032081,-122.319186805618,82,1000,-1.1939798061352827,1000,-0.31292250417744477,8728d540cffffff,8828d540cbfffff,8a28d540cad7fff,1,2025,1,1,1.5172925999626703,0.3692589998245239,0.11723426729440689,0.1339360922574997,0.23361042141914368,13.679046630859375,872437.8125
321,2025-01-01,47.6794262416463,-122.346109463784,82,1000,-1.1939798061352827,1000,-0.31292250417744477,8728d540dffffff,8828d540d3fffff,8a28d540d22ffff,1,2025,1,1,0.7390169301989981,0.3692589998245239,0.11723426729440689,0.1339360922574997,0.23361042141914368,13.679046630859375,872437.8125
322,2025-01-01,47.6765755499827,-122.325376728936,82,1000,-1.1939798061352827,1000,-0.31292250417744477,8728d540dffffff,8828d540d5fffff,8a28d540d407fff,1,2025,1,1,-0.02877605922974,0.3692589998245239,0.11723426729440689,0.1339360922574997,0.23361042141914368,13.679046630859375,872437.8125
323,2025-01-01,47.668968803967,-122.337704087988,82,1000,-1.1939798061352827,1000,-0.31292250417744477,8728d540dffffff,8828d540d9fffff,8a28d540d8affff,1,2025,1,1,0.28892372495866453,0.3692589998245239,0.11723426729440689,0.1339360922574997,0.23361042141914368,13.679046630859375,872437.8125
324,2025-01-01,47.6688323180009,-122.323784665088,82,1000,-1.1939798061352827,1000,-0.31292250417744477,8728d540cffffff,8828d540ddfffff,8a28d540dd87fff,1,2025,1,1,-0.36674231397922114,0.3692589998245239,0.11723426729440689,0.1339360922574997,0.23361042141914368,13.679046630859375,872437.8125
325,2025-01-01,47.6713704596884,-122.331229759138,82,1000,-1.1939798061352827,1000,-0.31292250417744477,8728d540dffffff,8828d540ddfffff,8a28d540dc5ffff,1,2025,1,1,0.8153325885591749,0.3692589998245239,0.11723426729440689,0.1339360922574997,0.23361042141914368,13.679046630859375,872437.8125
326,2025-01-01,47.6759598524362,-122.279216536841,82,1000,-1.1939798061352827,1000,-0.31292250417744477,8728d540effffff,8828d540e1fffff,8a28d540ec4ffff,1,2025,1,1,1.685925381015743,0.3692589998245239,0.11723426729440689,0.1339360922574997,0.23361042141914368,13.679046630859375,872437.8125
327,2025-01-01,47.6872472395624,-122.28924659627,82,1000,-1.1939798061352827,1000,-0.31292250417744477,8728d540effffff,8828d540e3fffff,8a28d540e2d7fff,1,2025,1,1,0.510582757743793,0.3692589998245239,0.11723426729440689,0.1339360922574997,0.23361042141914368,13.679046630859375,872437.8125
328,2025-01-01,47.7082450652064,-122.298106869431,82,1000,-1.1939798061352827,1000,-0.31292250417744477,8728d540bffffff,8828d540b5fffff,8a28d540b437fff,1,2025,1,1,-0.3138450644147631,0.3692589998245239,0.11723426729440689,0.1339360922574997,0.23361042141914368,13.679046630859375,872437.8125
329,2025-01-01,47.7046021514332,-122.313581000134,82,1000,-1.1939798061352827,1000,-0.31292250417744477,8728d540bffffff,8828d540b1fffff,8a28d540b177fff,1,2025,1,1,0.1786842084640787,0.3692589998245239,0.11723426729440689,0.1339360922574997,0.23361042141914368,13.679046630859375,872437.8125
330,2025-01-01,47.6990416398823,-122.294232583752,82,1000,-1.1939798061352827,1000,-0.31292250417744477,8728d540affffff,8828d540abfffff,8a28d540aaf7fff,1,2025,1,1,-0.559339161086866,0.3692589998245239,0.11723426729440689,0.1339360922574997,0.23361042141914368,13.679046630859375,872437.8125
331,2025-01-01,47.690694727372,-122.287776743984,82,1000,-1.1939798061352827,1000,-0.31292250417744477,8728d540affffff,8828d540a9fffff,8a28d540a827fff,1,2025,1,1,-0.0742485433953087,0.3692589998245239,0.11723426729440689,0.1339360922574997,0.23361042141914368,13.679046630859375,872437.8125
332,2025-01-01,47.6950203800636,-122.303750723779,82,1000,-1.1939798061352827,1000,-0.31292250417744477,8728d5408ffffff,8828d54087fffff,8a28d54086a7fff,1,2025,1,1,-0.3912947572378709,0.3692589998245239,0.11723426729440689,0.1339360922574997,0.23361042141914368,13.679046630859375,872437.8125
333,2025-01-01,47.6801845355774,-122.311691124844,82,1000,-1.1939798061352827,1000,-0.31292250417744477,8728d5408ffffff,8828d54089fffff,8a28d5408817fff,1,2025,1,1,-0.5865996871732364,0.3692589998245239,0.11723426729440689,0.1339360922574997,0.23361042141914368,13.679046630859375,872437.8125
334,2025-01-01,47.6868943318676,-122.31732002744,82,1000,-1.1939798061352827,1000,-0.31292250417744477,8728d5408ffffff,8828d5408bfffff,8a28d5408a9ffff,1,2025,1,1,1.1255926592808239,0.3692589998245239,0.11723426729440689,0.1339360922574997,0.23361042141914368,13.679046630859375,872437.8125
335,2025-01-01,47.6825216430847,-122.308110046653,82,1000,-1.1939798061352827,1000,-0.31292250417744477,8728d5408ffffff,8828d5408dfffff,8a28d5408c6ffff,1,2025,1,1,0.42507281335026526,0.3692589998245239,0.11723426729440689,0.1339360922574997,0.23361042141914368,13.679046630859375,872437.8125
336,2025-01-01,47.698049447052,-122.340132690777,82,1000,-1.1939798061352827,1000,-0.31292250417744477,8728d5409ffffff,8828d54091fffff,8a28d54093b7fff,1,2025,1,1,-0.23154868138331985,0.3692589998245239,0.11723426729440689,0.1339360922574997,0.23361042141914368,13.679046630859375,872437.8125
337,2025-01-01,47.6925014675688,-122.341745926654,82,1000,-1.1939798061352827,1000,-0.31292250417744477,8728d5409ffffff,8828d54091fffff,8a28d5409147fff,1,2025,1,1,-0.5059921019920496,0.3692589998245239,0.11723426729440689,0.1339360922574997,0.23361042141914368,13.679046630859375,872437.8125
338,2025-01-01,47.7011847172529,-122.348500959174,82,1000,-1.1939798061352827,1000,-0.31292250417744477,8728d5409ffffff,8828d54093fffff,8a28d5409257fff,1,2025,1,1,-1.1244535252820227,0.3692589998245239,0.11723426729440689,0.1339360922574997,0.23361042141914368,13.679046630859375,872437.8125
339,2025-01-01,47.6834192804813,-122.270223979097,199,1000,-1.1939798061352827,1000,-0.31292250417744477,8728d540effffff,8828d540e5fffff,8a28d540e4e7fff,1,2025,1,5,2.11561194537727,0.15485107898712158,0.10548757016658783,0.13240090012550354,0.21082741022109985,13.486600875854492,719708.0
340,2025-01-01,47.7016547774904,-122.348359210865,82,1000,-1.1939798061352827,1000,-0.31292250417744477,8728d5409ffffff,8828d54093fffff,8a28d54092effff,1,2025,1,1,-0.3777506876671787,0.3692589998245239,0.11723426729440689,0.1339360922574997,0.23361042141914368,13.679046630859375,872437.8125
341,2025-01-01,47.6893449297106,-122.338154208367,82,1000,-1.1939798061352827,1000,-0.31292250417744477,8728d5409ffffff,8828d54099fffff,8a28d540988ffff,1,2025,1,1,0.28292058459232006,0.3692589998245239,0.11723426729440689,0.1339360922574997,0.23361042141914368,13.679046630859375,872437.8125
342,2025-01-01,47.6874485999428,-122.343151651774,82,1000,-1.1939798061352827,1000,-0.31292250417744477,8728d5409ffffff,8828d54099fffff,8a28d5409877fff,1,2025,1,1,-0.15928204628540574,0.3692589998245239,0.11723426729440689,0.1339360922574997,0.23361042141914368,13.679046630859375,872437.8125
343,2025-01-01,47.6929625585197,-122.34558588028,82,1000,-1.1939798061352827,1000,-0.31292250417744477,8728d5409ffffff,8828d5409bfffff,8a28d5409aa7fff,1,2025,1,1,-0.6565582676377216,0.3692589998245239,0.11723426729440689,0.1339360922574997,0.23361042141914368,13.679046630859375,872437.8125
344,2025-01-01,47.6862253610678,-122.334046753726,82,1000,-1.1939798061352827,1000,-0.31292250417744477,8728d5409ffffff,8828d5409dfffff,8a28d5409d67fff,1,2025,1,1,0.40105067544951356,0.3692589998245239,0.11723426729440689,0.1339360922574997,0.23361042141914368,13.679046630859375,872437.8125
345,2025-01-01,47.7022174689708,-122.282266900622,82,1000,-1.1939798061352827,1000,-0.31292250417744477,8728d540affffff,8828d540a1fffff,8a28d540a0d7fff,1,2025,1,1,0.7984984730340535,0.3692589998245239,0.11723426729440689,0.1339360922574997,0.23361042141914368,13.679046630859375,872437.8125
346,2025-01-01,47.7042382482622,-122.286372279378,82,1000,-1.1939798061352827,1000,-0.31292250417744477,8728d540affffff,8828d540a3fffff,8a28d540a39ffff,1,2025,1,1,-0.3606546816905414,0.3692589998245239,0.11723426729440689,0.1339360922574997,0.23361042141914368,13.679046630859375,872437.8125
347,2025-01-01,47.7089801179195,-122.282563196789,82,1000,-1.1939798061352827,1000,-0.31292250417744477,8728d540affffff,8828d540a7fffff,8a28d540a6effff,1,2025,1,1,0.40105067544951356,0.3692589998245239,0.11723426729440689,0.1339360922574997,0.23361042141914368,13.679046630859375,872437.8125
348,2025-01-01,47.695623372746,-122.326234067406,82,1000,-1.1939798061352827,1000,-0.31292250417744477,8728d5409ffffff,8828d54095fffff,8a28d5409427fff,1,2025,1,1,0.3848612069021584,0.3692589998245239,0.11723426729440689,0.1339360922574997,0.23361042141914368,13.679046630859375,872437.8125
349,2025-01-01,47.6891538406508,-122.303228024458,82,1000,-1.1939798061352827,1000,-0.31292250417744477,8728d5408ffffff,8828d54085fffff,8a28d5408467fff,1,2025,1,1,-0.002539507192568479,0.3692589998245239,0.11723426729440689,0.1339360922574997,0.23361042141914368,13.679046630859375,872437.8125
350,2025-01-01,47.6733260811705,-122.286588926573,82,1000,-1.1939798061352827,1000,-0.31292250417744477,8728d540effffff,8828d540e9fffff,8a28d540e8e7fff,1,2025,1,1,0.1419764274469758,0.3692589998245239,0.11723426729440689,0.1339360922574997,0.23361042141914368,13.679046630859375,872437.8125
351,2025-01-01,47.6743918181834,-122.279172394105,199,1000,-1.1939798061352827,1000,-0.31292250417744477,8728d540effffff,8828d540edfffff,8a28d540e897fff,1,2025,1,5,-0.2861762451054067,0.15485107898712158,0.10548757016658783,0.13240090012550354,0.21082741022109985,13.486600875854492,719708.0
352,2025-01-01,47.7157617062795,-122.191767820388,82,1000,-1.1939798061352827,1000,-0.31292250417744477,8728d541affffff,8828d541a5fffff,8a28d541a52ffff,1,2025,1,1,0.1419764274469758,0.3692589998245239,0.11723426729440689,0.1339360922574997,0.23361042141914368,13.679046630859375,872437.8125
353,2025-01-01,47.7232201338398,-122.198886222188,82,1000,-1.1939798061352827,1000,-0.31292250417744477,8728d541affffff,8828d541a7fffff,8a28d541a627fff,1,2025,1,1,0.47994268219646025,0.3692589998245239,0.11723426729440689,0.1339360922574997,0.23361042141914368,13.679046630859375,872437.8125
354,2025-01-01,47.7140426918901,-122.211532987554,82,1000,-1.1939798061352827,1000,-0.31292250417744477,8728d541affffff,8828d541abfffff,8a28d541aa17fff,1,2025,1,1,-0.36674231397922114,0.3692589998245239,0.11723426729440689,0.1339360922574997,0.23361042141914368,13.679046630859375,872437.8125
355,2025-01-01,47.7222407450215,-122.228951776074,82,1000,-1.1939798061352827,1000,-0.31292250417744477,8728d541bffffff,8828d541b1fffff,8a28d541b11ffff,1,2025,1,1,-3.7126476892517126,0.3692589998245239,0.11723426729440689,0.1339360922574997,0.23361042141914368,13.679046630859375,872437.8125
356,2025-01-01,47.7295930233929,-122.233312065227,82,1000,-1.1939798061352827,1000,-0.31292250417744477,8728d541bffffff,8828d541b3fffff,8a28d541b2b7fff,1,2025,1,1,-0.6282572237772511,0.3692589998245239,0.11723426729440689,0.1339360922574997,0.23361042141914368,13.679046630859375,872437.8125
357,2025-01-01,47.7258066283013,-122.223928664153,82,1000,-1.1939798061352827,1000,-0.31292250417744477,8728d541bffffff,8828d541b5fffff,8a28d541b54ffff,1,2025,1,1,-0.22588857815854124,0.3692589998245239,0.11723426729440689,0.1339360922574997,0.23361042141914368,13.679046630859375,872437.8125
358,2025-01-01,47.7304439674861,-122.230514381865,82,1000,-1.1939798061352827,1000,-0.31292250417744477,8728d541bffffff,8828d541b7fffff,8a28d541b75ffff,1,2025,1,1,0.04689495215267397,0.3692589998245239,0.11723426729440689,0.1339360922574997,0.23361042141914368,13.679046630859375,872437.8125
359,2025-01-01,47.7130599194713,-122.233771033421,199,1000,-1.1939798061352827,1000,-0.31292250417744477,8728d5418ffffff,8828d541b9fffff,8a28d541b927fff,1,2025,1,5,-0.12629819631953412,0.15485107898712158,0.10548757016658783,0.13240090012550354,0.21082741022109985,13.486600875854492,719708.0
360,2025-01-01,47.7202588791983,-122.220433349336,82,1000,-1.1939798061352827,1000,-0.31292250417744477,8728d541bffffff,8828d541bdfffff,8a28d541bcaffff,1,2025,1,1,-0.07612421293450708,0.3692589998245239,0.11723426729440689,0.1339360922574997,0.23361042141914368,13.679046630859375,872437.8125
361,2025-01-01,47.6891357316088,-122.211217546733,16,1000,-1.1939798061352827,1000,-0.31292250417744477,8728d541effffff,8828d541c5fffff,8a28d541c49ffff,1,2025,1,0,0.8307372398110408,0.1429627537727356,0.09703939408063889,0.12520404160022736,0.19412188231945038,13.368758201599121,639702.3125
362,2025-01-01,47.6875039053377,-122.204146548313,278,1000,-1.1939798061352827,1000,-0.31292250417744477,8728d541effffff,8828d541e9fffff,8a28d541e91ffff,1,2025,1,7,0.8307372398110408,0.07088857144117355,0.10717326402664185,0.13753308355808258,0.21435493230819702,13.45666790008545,698484.25
363,2025-01-01,47.6914997847566,-122.214318704383,16,1000,-1.1939798061352827,1000,-0.31292250417744477,8728d541effffff,8828d541ebfffff,8a28d541eb77fff,1,2025,1,0,1.9024658539834431,0.1429627537727356,0.09703939408063889,0.12520404160022736,0.19412188231945038,13.368758201599121,639702.3125
364,2025-01-01,47.606932712296,-122.287536219468,199,1000,-1.1939798061352827,1000,-0.31292250417744477,8728d5421ffffff,8828d54203fffff,8a28d542025ffff,1,2025,1,5,0.2846377522610947,0.15485107898712158,0.10548757016658783,0.13240090012550354,0.21082741022109985,13.486600875854492,719708.0
365,2025-01-01,47.6038173838043,-122.306839337815,82,1000,-1.1939798061352827,1000,-0.31292250417744477,8728d5421ffffff,8828d54211fffff,8a28d54218dffff,1,2025,1,1,-0.6282572237772511,0.3692589998245239,0.11723426729440689,0.1339360922574997,0.23361042141914368,13.679046630859375,872437.8125
366,2025-01-01,47.6106721102112,-122.314908084909,82,1000,-1.1939798061352827,1000,-0.31292250417744477,8728d5421ffffff,8828d54213fffff,8a28d5421357fff,1,2025,1,1,-0.11617121100570431,0.3692589998245239,0.11723426729440689,0.1339360922574997,0.23361042141914368,13.679046630859375,872437.8125
367,2025-01-01,47.7193623363481,-122.248531655894,199,1000,-1.1939798061352827,1000,-0.31292250417744477,8728d5419ffffff,8828d54197fffff,8a28d541979ffff,1,2025,1,5,1.4303235330905186,0.15485107898712158,0.10548757016658783,0.13240090012550354,0.21082741022109985,13.486600875854492,719708.0
368,2025-01-01,47.7141445760831,-122.222359104707,199,1000,-1.1939798061352827,1000,-0.31292250417744477,8728d5418ffffff,8828d54187fffff,8a28d541868ffff,1,2025,1,5,0.31865122703949395,0.15485107898712158,0.10548757016658783,0.13240090012550354,0.21082741022109985,13.486600875854492,719708.0
369,2025-01-01,47.71014528052,-122.236135580359,82,1000,-1.1939798061352827,1000,-0.31292250417744477,8728d5418ffffff,8828d54183fffff,8a28d541821ffff,1,2025,1,1,1.200982761981234,0.3692589998245239,0.11723426729440689,0.1339360922574997,0.23361042141914368,13.679046630859375,872437.8125
370,2025-01-01,47.6695901463015,-122.135614875665,278,1000,-1.1939798061352827,1000,-0.31292250417744477,8728d5416ffffff,8828d54167fffff,8a28d54166b7fff,1,2025,1,7,1.136464727783538,0.07088857144117355,0.10717326402664185,0.13753308355808258,0.21435493230819702,13.45666790008545,698484.25
371,2025-01-01,47.6659757473454,-122.16897536058,278,1000,-1.1939798061352827,1000,-0.31292250417744477,8728d5410ffffff,8828d54101fffff,8a28d5410c4ffff,1,2025,1,7,0.5556136935788742,0.07088857144117355,0.10717326402664185,0.13753308355808258,0.21435493230819702,13.45666790008545,698484.25
372,2025-01-01,47.6751271491416,-122.176853425661,278,1000,-1.1939798061352827,1000,-0.31292250417744477,8728d5410ffffff,8828d54103fffff,8a28d54102affff,1,2025,1,7,0.34375791828130875,0.07088857144117355,0.10717326402664185,0.13753308355808258,0.21435493230819702,13.45666790008545,698484.25
373,2025-01-01,47.6682734673019,-122.156777356341,278,1000,-1.1939798061352827,1000,-0.31292250417744477,8728d5410ffffff,8828d54105fffff,8a28d541624ffff,1,2025,1,7,1.0870302684382989,0.07088857144117355,0.10717326402664185,0.13753308355808258,0.21435493230819702,13.45666790008545,698484.25
374,2025-01-01,47.6730953087939,-122.170075639613,278,1000,-1.1939798061352827,1000,-0.31292250417744477,8728d5410ffffff,8828d54107fffff,8a28d541072ffff,1,2025,1,7,1.4995538773628423,0.07088857144117355,0.10717326402664185,0.13753308355808258,0.21435493230819702,13.45666790008545,698484.25
375,2025-01-01,47.6672301332965,-122.187988884555,278,1000,-1.1939798061352827,1000,-0.31292250417744477,8728d5410ffffff,8828d5410bfffff,8a28d5410a6ffff,1,2025,1,7,0.40105067544951356,0.07088857144117355,0.10717326402664185,0.13753308355808258,0.21435493230819702,13.45666790008545,698484.25
376,2025-01-01,47.6808943786849,-122.206267592387,16,1000,-1.1939798061352827,1000,-0.31292250417744477,8728d5411ffffff,8828d54113fffff,8a28d5411237fff,1,2025,1,0,2.3551294534871032,0.1429627537727356,0.09703939408063889,0.12520404160022736,0.19412188231945038,13.368758201599121,639702.3125
377,2025-01-01,47.6808200304493,-122.197916780234,16,1000,-1.1939798061352827,1000,-0.31292250417744477,8728d5411ffffff,8828d54117fffff,8a28d541172ffff,1,2025,1,0,1.0419537040604063,0.1429627537727356,0.09703939408063889,0.12520404160022736,0.19412188231945038,13.368758201599121,639702.3125
378,2025-01-01,47.6766019561778,-122.297679526416,82,1000,-1.1939798061352827,1000,-0.31292250417744477,8728d540effffff,8828d540ebfffff,8a28d540ea67fff,1,2025,1,1,0.5136190931743325,0.3692589998245239,0.11723426729440689,0.1339360922574997,0.23361042141914368,13.679046630859375,872437.8125
379,2025-01-01,47.6662133701441,-122.200936147402,16,1000,-1.1939798061352827,1000,-0.31292250417744477,8728d5415ffffff,8828d54119fffff,8a28d5411917fff,1,2025,1,0,1.70596538555718,0.1429627537727356,0.09703939408063889,0.12520404160022736,0.19412188231945038,13.368758201599121,639702.3125
380,2025-01-01,47.6813329413795,-122.151701144453,278,1000,-1.1939798061352827,1000,-0.31292250417744477,8728d5412ffffff,8828d5412bfffff,8a28d5412a9ffff,1,2025,1,7,1.1036553338307753,0.07088857144117355,0.10717326402664185,0.13753308355808258,0.21435493230819702,13.45666790008545,698484.25
381,2025-01-01,47.6893276955017,-122.176002458685,278,1000,-1.1939798061352827,1000,-0.31292250417744477,8728d5413ffffff,8828d54131fffff,8a28d5413077fff,1,2025,1,7,0.8786908532933865,0.07088857144117355,0.10717326402664185,0.13753308355808258,0.21435493230819702,13.45666790008545,698484.25
382,2025-01-01,47.6913597849092,-122.178804821143,278,1000,-1.1939798061352827,1000,-0.31292250417744477,8728d5413ffffff,8828d54133fffff,8a28d5413317fff,1,2025,1,7,1.5609106680724276,0.07088857144117355,0.10717326402664185,0.13753308355808258,0.21435493230819702,13.45666790008545,698484.25
383,2025-01-01,47.6891572817839,-122.161149243964,278,1000,-1.1939798061352827,1000,-0.31292250417744477,8728d5413ffffff,8828d54135fffff,8a28d541351ffff,1,2025,1,7,0.5923214745959772,0.07088857144117355,0.10717326402664185,0.13753308355808258,0.21435493230819702,13.45666790008545,698484.25
384,2025-01-01,47.6966461848811,-122.174857219662,278,1000,-1.1939798061352827,1000,-0.31292250417744477,8728d5413ffffff,8828d54137fffff,8a28d541366ffff,1,2025,1,7,0.37671313942730994,0.07088857144117355,0.10717326402664185,0.13753308355808258,0.21435493230819702,13.45666790008545,698484.25
385,2025-01-01,47.6894090673395,-122.182704531313,16,1000,-1.1939798061352827,1000,-0.31292250417744477,8728d5413ffffff,8828d5413bfffff,8a28d5413ad7fff,1,2025,1,0,-0.47212205112690053,0.1429627537727356,0.09703939408063889,0.12520404160022736,0.19412188231945038,13.368758201599121,639702.3125
386,2025-01-01,47.6654357210664,-122.130599407189,278,1000,-1.1939798061352827,1000,-0.31292250417744477,8728d5416ffffff,8828d54165fffff,8a28d54164f7fff,1,2025,1,7,-0.33051284089043237,0.07088857144117355,0.10717326402664185,0.13753308355808258,0.21435493230819702,13.45666790008545,698484.25
387,2025-01-01,47.6711136173776,-122.148386132728,278,1000,-1.1939798061352827,1000,-0.31292250417744477,8728d5412ffffff,8828d54129fffff,8a28d5412907fff,1,2025,1,7,0.2639260019736278,0.07088857144117355,0.10717326402664185,0.13753308355808258,0.21435493230819702,13.45666790008545,698484.25
388,2025-01-01,47.612178745749,-122.314516203922,82,1000,-1.1939798061352827,1000,-0.31292250417744477,8728d5421ffffff,8828d54213fffff,8a28d5421277fff,1,2025,1,1,-0.6565582676377216,0.3692589998245239,0.11723426729440689,0.1339360922574997,0.23361042141914368,13.679046630859375,872437.8125
389,2025-01-01,47.6910323498554,-122.312836196848,82,1000,-1.1939798061352827,1000,-0.31292250417744477,8728d5408ffffff,8828d54083fffff,8a28d5408397fff,1,2025,1,1,-0.883824030116716,0.3692589998245239,0.11723426729440689,0.1339360922574997,0.23361042141914368,13.679046630859375,872437.8125
390,2025-01-01,47.635075946496,-122.285004693683,16,1000,-1.1939798061352827,1000,-0.31292250417744477,8728d5405ffffff,8828d54059fffff,8a28d5405bb7fff,1,2025,1,0,1.282335198373661,0.1429627537727356,0.09703939408063889,0.12520404160022736,0.19412188231945038,13.368758201599121,639702.3125
391,2025-01-01,47.5307966583444,-121.854523425242,278,1000,-1.1939798061352827,1000,-0.31292250417744477,8728d42c4ffffff,8828d42c47fffff,8a28d42c47affff,1,2025,1,7,-0.5948566378673528,0.07088857144117355,0.10717326402664185,0.13753308355808258,0.21435493230819702,13.45666790008545,698484.25
392,2025-01-01,47.5209553828916,-121.867684454444,278,1000,-1.1939798061352827,1000,-0.31292250417744477,8728d42c4ffffff,8828d42c4bfffff,8a28d42c4b87fff,1,2025,1,7,-0.7144905564203043,0.07088857144117355,0.10717326402664185,0.13753308355808258,0.21435493230819702,13.45666790008545,698484.25
393,2025-01-01,47.5318285102598,-121.879877295232,235,1000,-1.1939798061352827,1000,-0.31292250417744477,8728d42c5ffffff,8828d42c55fffff,8a28d42c5577fff,1,2025,1,6,0.1786842084640787,0.4480283856391907,0.11464717984199524,0.12820403277873993,0.22830931842327118,13.92220687866211,1112596.375
394,2025-01-01,47.540790483255,-121.886129357682,235,1000,-1.1939798061352827,1000,-0.31292250417744477,8728d42c5ffffff,8828d42c57fffff,8a28d42c5657fff,1,2025,1,6,0.5407245985439021,0.4480283856391907,0.11464717984199524,0.12820403277873993,0.22830931842327118,13.92220687866211,1112596.375
395,2025-01-01,47.5149989622799,-121.872778637742,235,1000,-1.1939798061352827,1000,-0.31292250417744477,8728d42e3ffffff,8828d42e35fffff,8a28d42e3417fff,1,2025,1,6,-0.29497790544607305,0.4480283856391907,0.11464717984199524,0.12820403277873993,0.22830931842327118,13.92220687866211,1112596.375
396,2025-01-01,47.5197621136882,-121.883713256197,235,1000,-1.1939798061352827,1000,-0.31292250417744477,8728d42e3ffffff,8828d42e37fffff,8a28d42e3607fff,1,2025,1,6,0.6283164379285079,0.4480283856391907,0.11464717984199524,0.12820403277873993,0.22830931842327118,13.92220687866211,1112596.375
397,2025-01-01,47.5196034728992,-121.885474003604,235,1000,-1.1939798061352827,1000,-0.31292250417744477,8728d42e3ffffff,8828d42e37fffff,8a28d42e3677fff,1,2025,1,6,0.8935799483283586,0.4480283856391907,0.11464717984199524,0.12820403277873993,0.22830931842327118,13.92220687866211,1112596.375
398,2025-01-01,47.4947913761819,-121.771512757586,235,1000,-1.1939798061352827,1000,-0.31292250417744477,8728d42f6ffffff,8828d42f6dfffff,8a28d42f6d5ffff,1,2025,1,6,0.4566256154353065,0.4480283856391907,0.11464717984199524,0.12820403277873993,0.22830931842327118,13.92220687866211,1112596.375
399,2025-01-01,47.3448206433126,-122.040962034916,832,1000,-1.1939798061352827,1000,-0.31292250417744477,8728d4343ffffff,8828d43437fffff,8a28d4343297fff,1,2025,1,9,-0.22588857815854124,0.14471615850925446,0.08899767696857452,0.11779390275478363,0.1781906932592392,13.592384338378906,800013.875
400,2025-01-01,47.3366045430914,-122.055562057045,832,1000,-1.1939798061352827,1000,-0.31292250417744477,8728d4343ffffff,8828d4343bfffff,8a28d4343a4ffff,1,2025,1,9,-0.9328228926168372,0.14471615850925446,0.08899767696857452,0.11779390275478363,0.1781906932592392,13.592384338378906,800013.875
401,2025-01-01,47.3020301468023,-122.035311361016,827,1000,-1.1939798061352827,1000,-0.31292250417744477,8728d4344ffffff,8828d43447fffff,8a28d4344777fff,1,2025,1,8,-0.13544711120907624,0.19294649362564087,0.07961957901716232,0.10717502981424332,0.1595081388950348,13.81372356414795,998214.625
402,2025-01-01,47.3059528468562,-122.034018838942,827,1000,-1.1939798061352827,1000,-0.31292250417744477,8728d4344ffffff,8828d43447fffff,8a28d434460ffff,1,2025,1,8,-0.6768829799761458,0.19294649362564087,0.07961957901716232,0.10717502981424332,0.1595081388950348,13.81372356414795,998214.625
403,2025-01-01,47.3016698020009,-122.035067952706,827,1000,-1.1939798061352827,1000,-0.31292250417744477,8728d4344ffffff,8828d43447fffff,8a28d434472ffff,1,2025,1,8,-0.3913194731675246,0.19294649362564087,0.07961957901716232,0.10717502981424332,0.1595081388950348,13.81372356414795,998214.625
404,2025-01-01,47.3041755688547,-122.024201669014,827,1000,-1.1939798061352827,1000,-0.31292250417744477,8728d4344ffffff,8828d4346bfffff,8a28d43444dffff,1,2025,1,8,-0.4558231653432117,0.19294649362564087,0.07961957901716232,0.10717502981424332,0.1595081388950348,13.81372356414795,998214.625
405,2025-01-01,47.362048412248,-122.092990305745,832,1000,-1.1939798061352827,1000,-0.31292250417744477,8728d4348ffffff,8828d43487fffff,8a28d4348657fff,1,2025,1,9,-1.0348862306505207,0.14471615850925446,0.08899767696857452,0.11779390275478363,0.1781906932592392,13.592384338378906,800013.875
406,2025-01-01,47.5396553697926,-121.87066777348,278,1000,-1.1939798061352827,1000,-0.31292250417744477,8728d42c0ffffff,8828d42c0bfffff,8a28d42c0b17fff,1,2025,1,7,1.23154620307784,0.07088857144117355,0.10717326402664185,0.13753308355808258,0.21435493230819702,13.45666790008545,698484.25
407,2025-01-01,47.5337154463384,-121.868896474878,278,1000,-1.1939798061352827,1000,-0.31292250417744477,8728d42c0ffffff,8828d42c09fffff,8a28d42c0967fff,1,2025,1,7,0.16957518587912293,0.07088857144117355,0.10717326402664185,0.13753308355808258,0.21435493230819702,13.45666790008545,698484.25
408,2025-01-01,47.5422199518897,-121.861403151321,278,1000,-1.1939798061352827,1000,-0.31292250417744477,8728d42c0ffffff,8828d42c01fffff,8a28d42c011ffff,1,2025,1,7,-0.31859201288823724,0.07088857144117355,0.10717326402664185,0.13753308355808258,0.21435493230819702,13.45666790008545,698484.25
409,2025-01-01,47.4868046929796,-121.776366535177,235,1000,-1.1939798061352827,1000,-0.31292250417744477,8728d42a9ffffff,8828d42a97fffff,8a28d42a9747fff,1,2025,1,6,0.10240731952572987,0.4480283856391907,0.11464717984199524,0.12820403277873993,0.22830931842327118,13.92220687866211,1112596.375
410,2025-01-01,47.6465793597999,-121.909870501603,278,1000,-1.1939798061352827,1000,-0.31292250417744477,8728d0963ffffff,8828d0963bfffff,8a28d0963b2ffff,1,2025,1,7,-0.5459921050434314,0.07088857144117355,0.10717326402664185,0.13753308355808258,0.21435493230819702,13.45666790008545,698484.25
411,2025-01-01,47.4464000439108,-121.766139494024,235,1000,-1.1939798061352827,1000,-0.31292250417744477,8728d4213ffffff,8828d42137fffff,8a28d42137a7fff,1,2025,1,6,-0.04305876782229238,0.4480283856391907,0.11464717984199524,0.12820403277873993,0.22830931842327118,13.92220687866211,1112596.375
412,2025-01-01,47.4959634090473,-122.145020723357,832,1000,-1.1939798061352827,1000,-0.31292250417744477,8728d4249ffffff,8828d4249bfffff,8a28d4249b2ffff,1,2025,1,9,-0.06987934785058969,0.14471615850925446,0.08899767696857452,0.11779390275478363,0.1781906932592392,13.592384338378906,800013.875
413,2025-01-01,47.482266598276,-122.136630430456,832,1000,-1.1939798061352827,1000,-0.31292250417744477,8728d424dffffff,8828d424d1fffff,8a28d424d06ffff,1,2025,1,9,0.47994268219646025,0.14471615850925446,0.08899767696857452,0.11779390275478363,0.1781906932592392,13.592384338378906,800013.875
414,2025-01-01,47.4841958493207,-122.138006921106,832,1000,-1.1939798061352827,1000,-0.31292250417744477,8728d424dffffff,8828d424d3fffff,8a28d424d31ffff,1,2025,1,9,-0.1268552888013079,0.14471615850925446,0.08899767696857452,0.11779390275478363,0.1781906932592392,13.592384338378906,800013.875
415,2025-01-01,47.4778541210988,-122.122064955665,162,1000,-1.1939798061352827,1000,-0.31292250417744477,8728d424dffffff,8828d424ddfffff,8a28d424dcf7fff,1,2025,1,4,1.0132138668813102,0.2950562536716461,0.11440873146057129,0.13453562557697296,0.2281811237335205,13.719456672668457,908415.0625
416,2025-01-01,47.4414228450441,-122.132709757812,827,1000,-1.1939798061352827,1000,-0.31292250417744477,8728d4268ffffff,8828d42681fffff,8a28d4268067fff,1,2025,1,8,-0.29029096902776674,0.19294649362564087,0.07961957901716232,0.10717502981424332,0.1595081388950348,13.81372356414795,998214.625
417,2025-01-01,47.3663196512955,-122.132144924641,832,1000,-1.1939798061352827,1000,-0.31292250417744477,8728d4349ffffff,8828d43493fffff,8a28d434920ffff,1,2025,1,9,-1.0524568111697887,0.14471615850925446,0.08899767696857452,0.11779390275478363,0.1781906932592392,13.592384338378906,800013.875
418,2025-01-01,47.4472688706578,-122.130708144542,827,1000,-1.1939798061352827,1000,-0.31292250417744477,8728d4268ffffff,8828d42683fffff,8a28d42682b7fff,1,2025,1,8,-0.9662234785267356,0.19294649362564087,0.07961957901716232,0.10717502981424332,0.1595081388950348,13.81372356414795,998214.625
419,2025-01-01,47.448193844282,-122.141777956417,827,1000,-1.1939798061352827,1000,-0.31292250417744477,8728d4269ffffff,8828d42695fffff,8a28d426824ffff,1,2025,1,8,-0.19895809433528566,0.19294649362564087,0.07961957901716232,0.10717502981424332,0.1595081388950348,13.81372356414795,998214.625
420,2025-01-01,47.4560922930076,-122.155544855142,827,1000,-1.1939798061352827,1000,-0.31292250417744477,8728d4269ffffff,8828d42697fffff,8a28d4269677fff,1,2025,1,8,-0.5539348354924365,0.19294649362564087,0.07961957901716232,0.10717502981424332,0.1595081388950348,13.81372356414795,998214.625
421,2025-01-01,47.4538169319215,-122.124398317054,832,1000,-1.1939798061352827,1000,-0.31292250417744477,8728d426bffffff,8828d426bdfffff,8a28d426bd77fff,1,2025,1,9,-0.8360870822141713,0.14471615850925446,0.08899767696857452,0.11779390275478363,0.1781906932592392,13.592384338378906,800013.875
422,2025-01-01,47.432761629764,-122.167282184583,827,1000,-1.1939798061352827,1000,-0.31292250417744477,8728d426dffffff,8828d426d3fffff,8a28d426d34ffff,1,2025,1,8,-0.2716724242359108,0.19294649362564087,0.07961957901716232,0.10717502981424332,0.1595081388950348,13.81372356414795,998214.625
423,2025-01-01,47.4778459565055,-121.736226531236,235,1000,-1.1939798061352827,1000,-0.31292250417744477,8728d42a8ffffff,8828d42a85fffff,8a28d42a84e7fff,1,2025,1,6,0.04406153185476807,0.4480283856391907,0.11464717984199524,0.12820403277873993,0.22830931842327118,13.92220687866211,1112596.375
424,2025-01-01,47.4830941850988,-121.77314477518,235,1000,-1.1939798061352827,1000,-0.31292250417744477,8728d42a9ffffff,8828d42a91fffff,8a28d42a908ffff,1,2025,1,6,0.19676905791878044,0.4480283856391907,0.11464717984199524,0.12820403277873993,0.22830931842327118,13.92220687866211,1112596.375
425,2025-01-01,47.4852841525632,-121.784812218225,235,1000,-1.1939798061352827,1000,-0.31292250417744477,8728d42a9ffffff,8828d42a93fffff,8a28d42a922ffff,1,2025,1,6,-0.10554836035304363,0.4480283856391907,0.11464717984199524,0.12820403277873993,0.22830931842327118,13.92220687866211,1112596.375
426,2025-01-01,47.4482476439392,-122.120776464856,832,1000,-1.1939798061352827,1000,-0.31292250417744477,8728d4268ffffff,8828d42687fffff,8a28d426879ffff,1,2025,1,9,-0.49289181873384763,0.14471615850925446,0.08899767696857452,0.11779390275478363,0.1781906932592392,13.592384338378906,800013.875
427,2025-01-01,47.6835191626134,-122.312424937602,82,1000,-1.1939798061352827,1000,-0.31292250417744477,8728d5408ffffff,8828d54081fffff,8a28d54088dffff,1,2025,1,1,-0.15928204628540574,0.3692589998245239,0.11723426729440689,0.1339360922574997,0.23361042141914368,13.679046630859375,872437.8125
428,2025-01-01,47.3632358615724,-122.110083881847,827,1000,-1.1939798061352827,1000,-0.31292250417744477,8728d4349ffffff,8828d43495fffff,8a28d4349417fff,1,2025,1,8,-1.6322065556335628,0.19294649362564087,0.07961957901716232,0.10717502981424332,0.1595081388950348,13.81372356414795,998214.625
429,2025-01-01,47.3685509227961,-122.078777702237,832,1000,-1.1939798061352827,1000,-0.31292250417744477,8728d434affffff,8828d434a3fffff,8a28d434a377fff,1,2025,1,9,-1.2379797534135555,0.14471615850925446,0.08899767696857452,0.11779390275478363,0.1781906932592392,13.592384338378906,800013.875
430,2025-01-01,47.348738097381,-122.038938080049,827,1000,-1.1939798061352827,1000,-0.31292250417744477,8728d435dffffff,8828d435d9fffff,8a28d435d9b7fff,1,2025,1,8,0.45451262156545946,0.19294649362564087,0.07961957901716232,0.10717502981424332,0.1595081388950348,13.81372356414795,998214.625
431,2025-01-01,47.3537065442924,-122.056554333338,832,1000,-1.1939798061352827,1000,-0.31292250417744477,8728d434effffff,8828d435dbfffff,8a28d435db47fff,1,2025,1,9,-1.2379797534135555,0.14471615850925446,0.08899767696857452,0.11779390275478363,0.1781906932592392,13.592384338378906,800013.875
432,2025-01-01,47.195159736753,-122.008552839504,162,1000,-1.1939798061352827,1000,-0.31292250417744477,8728d4ac2ffffff,8828d4ac23fffff,8a28d4ac2217fff,1,2025,1,4,-0.9328228926168372,0.2950562536716461,0.11440873146057129,0.13453562557697296,0.2281811237335205,13.719456672668457,908415.0625
433,2025-01-01,47.1982622135363,-122.003591627952,162,1000,-1.1939798061352827,1000,-0.31292250417744477,8728d4ac2ffffff,8828d4ac27fffff,8a28d4ac264ffff,1,2025,1,4,-0.6710161901878918,0.2950562536716461,0.11440873146057129,0.13453562557697296,0.2281811237335205,13.719456672668457,908415.0625
434,2025-01-01,47.1923139501653,-121.974871619156,162,1000,-1.1939798061352827,1000,-0.31292250417744477,8728d4ad1ffffff,8828d4ad19fffff,8a28d4ad19a7fff,1,2025,1,4,-0.6282572237772511,0.2950562536716461,0.11440873146057129,0.13453562557697296,0.2281811237335205,13.719456672668457,908415.0625
435,2025-01-01,47.1932468401708,-121.971658792011,162,1000,-1.1939798061352827,1000,-0.31292250417744477,8728d4ad1ffffff,8828d4ad1dfffff,8a28d4ad1d67fff,1,2025,1,4,-1.0524568111697887,0.2950562536716461,0.11440873146057129,0.13453562557697296,0.2281811237335205,13.719456672668457,908415.0625
436,2025-01-01,47.2125669223019,-122.005327734998,162,1000,-1.1939798061352827,1000,-0.31292250417744477,8728d4adcffffff,8828d4adc1fffff,8a28d4adc3b7fff,1,2025,1,4,-0.02268842694105692,0.2950562536716461,0.11440873146057129,0.13453562557697296,0.2281811237335205,13.719456672668457,908415.0625
437,2025-01-01,47.2123763249162,-121.990519243451,162,1000,-1.1939798061352827,1000,-0.31292250417744477,8728d4adcffffff,8828d4adc5fffff,8a28d4adc417fff,1,2025,1,4,-1.9414329732039513,0.2950562536716461,0.11440873146057129,0.13453562557697296,0.2281811237335205,13.719456672668457,908415.0625
438,2025-01-01,47.2031288443539,-122.012157954886,162,1000,-1.1939798061352827,1000,-0.31292250417744477,8728d4adcffffff,8828d4adc9fffff,8a28d4adc86ffff,1,2025,1,4,-0.5729193124173009,0.2950562536716461,0.11440873146057129,0.13453562557697296,0.2281811237335205,13.719456672668457,908415.0625
439,2025-01-01,47.2071305296659,-121.998414916084,162,1000,-1.1939798061352827,1000,-0.31292250417744477,8728d4adcffffff,8828d4adcdfffff,8a28d4adc1b7fff,1,2025,1,4,-1.149583575404696,0.2950562536716461,0.11440873146057129,0.13453562557697296,0.2281811237335205,13.719456672668457,908415.0625
440,2025-01-01,47.6555558452338,-122.279164039792,199,1000,-1.1939798061352827,1000,-0.31292250417744477,8728d5401ffffff,8828d54011fffff,8a28d5401137fff,1,2025,1,5,0.7119553931489286,0.15485107898712158,0.10548757016658783,0.13240090012550354,0.21082741022109985,13.486600875854492,719708.0
441,2025-01-01,47.6629967311516,-122.290472528608,82,1000,-1.1939798061352827,1000,-0.31292250417744477,8728d5401ffffff,8828d54013fffff,8a28d5401357fff,1,2025,1,1,0.3848612069021584,0.3692589998245239,0.11723426729440689,0.1339360922574997,0.23361042141914368,13.679046630859375,872437.8125
442,2025-01-01,47.6670923050649,-122.273025206897,82,1000,-1.1939798061352827,1000,-0.31292250417744477,8728d5401ffffff,8828d54017fffff,8a28d540179ffff,1,2025,1,1,0.5556136935788742,0.3692589998245239,0.11723426729440689,0.1339360922574997,0.23361042141914368,13.679046630859375,872437.8125
443,2025-01-01,47.6730508718549,-122.265404661149,199,1000,-1.1939798061352827,1000,-0.31292250417744477,8728d5403ffffff,8828d5403bfffff,8a28d5403adffff,1,2025,1,5,0.9543618646757972,0.15485107898712158,0.10548757016658783,0.13240090012550354,0.21082741022109985,13.486600875854492,719708.0
444,2025-01-01,47.6368339008675,-122.278798568803,16,1000,-1.1939798061352827,1000,-0.31292250417744477,8728d5405ffffff,8828d54051fffff,8a28d5405107fff,1,2025,1,0,0.6775632681055263,0.1429627537727356,0.09703939408063889,0.12520404160022736,0.19412188231945038,13.368758201599121,639702.3125
445,2025-01-01,47.3682934076652,-122.039783638381,832,1000,-1.1939798061352827,1000,-0.31292250417744477,8728d4359ffffff,8828d435d7fffff,8a28d43599b7fff,1,2025,1,9,-0.6282572237772511,0.14471615850925446,0.08899767696857452,0.11779390275478363,0.1781906932592392,13.592384338378906,800013.875
446,2025-01-01,47.362481046512,-122.027632883018,832,1000,-1.1939798061352827,1000,-0.31292250417744477,8728d435dffffff,8828d435d5fffff,8a28d435d4f7fff,1,2025,1,9,-1.0881056476474458,0.14471615850925446,0.08899767696857452,0.11779390275478363,0.1781906932592392,13.592384338378906,800013.875
447,2025-01-01,47.3598066384464,-122.046670278428,832,1000,-1.1939798061352827,1000,-0.31292250417744477,8728d435dffffff,8828d435d3fffff,8a28d435d317fff,1,2025,1,9,-1.1428982781192538,0.14471615850925446,0.08899767696857452,0.11779390275478363,0.1781906932592392,13.592384338378906,800013.875
448,2025-01-01,47.3609920437605,-122.037383331518,832,1000,-1.1939798061352827,1000,-0.31292250417744477,8728d435dffffff,8828d435d1fffff,8a28d435d727fff,1,2025,1,9,-0.4747055809749101,0.14471615850925446,0.08899767696857452,0.11779390275478363,0.1781906932592392,13.592384338378906,800013.875
449,2025-01-01,47.3689368610201,-122.054101048839,832,1000,-1.1939798061352827,1000,-0.31292250417744477,8728d434affffff,8828d434a5fffff,8a28d434a4a7fff,1,2025,1,9,0.03220254472634331,0.14471615850925446,0.08899767696857452,0.11779390275478363,0.1781906932592392,13.592384338378906,800013.875
450,2025-01-01,47.3710535583938,-122.062209984264,827,1000,-1.1939798061352827,1000,-0.31292250417744477,8728d434affffff,8828d434a7fffff,8a28d434a7a7fff,1,2025,1,8,-1.1428982781192538,0.19294649362564087,0.07961957901716232,0.10717502981424332,0.1595081388950348,13.81372356414795,998214.625
451,2025-01-01,47.361864993682,-122.075042049893,827,1000,-1.1939798061352827,1000,-0.31292250417744477,8728d434affffff,8828d434abfffff,8a28d434ab87fff,1,2025,1,8,-0.21461995764535605,0.19294649362564087,0.07961957901716232,0.10717502981424332,0.1595081388950348,13.81372356414795,998214.625
452,2025-01-01,47.359882835829,-122.059357163598,832,1000,-1.1939798061352827,1000,-0.31292250417744477,8728d434affffff,8828d434adfffff,8a28d434ac37fff,1,2025,1,9,-0.9933841456266101,0.14471615850925446,0.08899767696857452,0.11779390275478363,0.1781906932592392,13.592384338378906,800013.875
453,2025-01-01,47.3628032840942,-122.104259080541,832,1000,-1.1939798061352827,1000,-0.31292250417744477,8728d434bffffff,8828d434b9fffff,8a28d434b967fff,1,2025,1,9,-1.4226915661857036,0.14471615850925446,0.08899767696857452,0.11779390275478363,0.1781906932592392,13.592384338378906,800013.875
454,2025-01-01,47.3691865748265,-122.103843652855,832,1000,-1.1939798061352827,1000,-0.31292250417744477,8728d434bffffff,8828d434bbfffff,8a28d434bb87fff,1,2025,1,9,-0.5865996871732364,0.14471615850925446,0.08899767696857452,0.11779390275478363,0.1781906932592392,13.592384338378906,800013.875
455,2025-01-01,47.3665923237791,-122.088625557025,827,1000,-1.1939798061352827,1000,-0.31292250417744477,8728d434bffffff,8828d434bdfffff,8a28d434bc27fff,1,2025,1,8,-1.0989353709487129,0.19294649362564087,0.07961957901716232,0.10717502981424332,0.1595081388950348,13.81372356414795,998214.625
456,2025-01-01,47.3669641844252,-122.120015844048,832,1000,-1.1939798061352827,1000,-0.31292250417744477,8728d4349ffffff,8828d43497fffff,8a28d4349627fff,1,2025,1,9,-0.6998368645688188,0.14471615850925446,0.08899767696857452,0.11779390275478363,0.1781906932592392,13.592384338378906,800013.875
457,2025-01-01,47.352817120092,-122.059539756614,827,1000,-1.1939798061352827,1000,-0.31292250417744477,8728d434effffff,8828d434e7fffff,8a28d434e79ffff,1,2025,1,8,-1.466094077301684,0.19294649362564087,0.07961957901716232,0.10717502981424332,0.1595081388950348,13.81372356414795,998214.625
458,2025-01-01,47.3698552156587,-122.020422131248,832,1000,-1.1939798061352827,1000,-0.31292250417744477,8728d4358ffffff,8828d4358bfffff,8a28d4358a97fff,1,2025,1,9,0.0988437840111611,0.14471615850925446,0.08899767696857452,0.11779390275478363,0.1781906932592392,13.592384338378906,800013.875
459,2025-01-01,47.3804845010227,-122.027448988446,832,1000,-1.1939798061352827,1000,-0.31292250417744477,8728d4359ffffff,8828d43595fffff,8a28d435958ffff,1,2025,1,9,-0.8049320233697693,0.14471615850925446,0.08899767696857452,0.11779390275478363,0.1781906932592392,13.592384338378906,800013.875
460,2025-01-01,47.3849257212621,-122.034323557587,832,1000,-1.1939798061352827,1000,-0.31292250417744477,8728d4359ffffff,8828d43597fffff,8a28d435979ffff,1,2025,1,9,-0.5065180439351106,0.14471615850925446,0.08899767696857452,0.11779390275478363,0.1781906932592392,13.592384338378906,800013.875
461,2025-01-01,47.3853990607427,-122.027580007274,832,1000,-1.1939798061352827,1000,-0.31292250417744477,8728d435bffffff,8828d435bbfffff,8a28d435bb0ffff,1,2025,1,9,-0.4669657686202848,0.14471615850925446,0.08899767696857452,0.11779390275478363,0.1781906932592392,13.592384338378906,800013.875
462,2025-01-01,47.3537597217089,-122.025496160247,832,1000,-1.1939798061352827,1000,-0.31292250417744477,8728d435cffffff,8828d435c3fffff,8a28d435c34ffff,1,2025,1,9,-0.5191856264849387,0.14471615850925446,0.08899767696857452,0.11779390275478363,0.1781906932592392,13.592384338378906,800013.875
463,2025-01-01,47.3537966359964,-122.000120759276,832,1000,-1.1939798061352827,1000,-0.31292250417744477,8728d435cffffff,8828d435c5fffff,8a28d435c41ffff,1,2025,1,9,-0.5729193124173009,0.14471615850925446,0.08899767696857452,0.11779390275478363,0.1781906932592392,13.592384338378906,800013.875
464,2025-01-01,47.3490664818557,-122.024973698017,832,1000,-1.1939798061352827,1000,-0.31292250417744477,8728d435cffffff,8828d435cbfffff,8a28d435cae7fff,1,2025,1,9,-0.9916748948223469,0.14471615850925446,0.08899767696857452,0.11779390275478363,0.1781906932592392,13.592384338378906,800013.875
465,2025-01-01,47.3417163112806,-122.054254276008,832,1000,-1.1939798061352827,1000,-0.31292250417744477,8728d434effffff,8828d434edfffff,8a28d434ecb7fff,1,2025,1,9,-0.8049629183333259,0.14471615850925446,0.08899767696857452,0.11779390275478363,0.1781906932592392,13.592384338378906,800013.875
466,2025-01-01,47.6087921442143,-122.29571143304,82,1000,-1.1939798061352827,1000,-0.31292250417744477,8728d5421ffffff,8828d54215fffff,8a28d542155ffff,1,2025,1,1,-0.5059921019920496,0.3692589998245239,0.11723426729440689,0.1339360922574997,0.23361042141914368,13.679046630859375,872437.8125
467,2025-01-01,47.6084397658089,-122.291199534439,82,1000,-1.1939798061352827,1000,-0.31292250417744477,8728d5421ffffff,8828d54215fffff,8a28d5421437fff,1,2025,1,1,0.7187579048779729,0.3692589998245239,0.11723426729440689,0.1339360922574997,0.23361042141914368,13.679046630859375,872437.8125
468,2025-01-01,47.6169377674739,-122.297115137849,82,1000,-1.1939798061352827,1000,-0.31292250417744477,8728d5421ffffff,8828d54217fffff,8a28d542169ffff,1,2025,1,1,0.5556136935788742,0.3692589998245239,0.11723426729440689,0.1339360922574997,0.23361042141914368,13.679046630859375,872437.8125
469,2025-01-01,47.6645226768327,-122.358595693196,82,1000,-1.1939798061352827,1000,-0.31292250417744477,8728d5476ffffff,8828d54761fffff,8a28d547609ffff,1,2025,1,1,0.701704588965886,0.3692589998245239,0.11723426729440689,0.1339360922574997,0.23361042141914368,13.679046630859375,872437.8125
470,2025-01-01,47.6655344400436,-122.367347456077,82,1000,-1.1939798061352827,1000,-0.31292250417744477,8728d5476ffffff,8828d54763fffff,8a28d54763a7fff,1,2025,1,1,0.1326847670604175,0.3692589998245239,0.11723426729440689,0.1339360922574997,0.23361042141914368,13.679046630859375,872437.8125
471,2025-01-01,47.6649002273345,-122.368372518337,82,1000,-1.1939798061352827,1000,-0.31292250417744477,8728d5476ffffff,8828d54763fffff,8a28d5476317fff,1,2025,1,1,-0.8049320233697693,0.3692589998245239,0.11723426729440689,0.1339360922574997,0.23361042141914368,13.679046630859375,872437.8125
472,2025-01-01,47.666258541819,-122.355107106246,82,1000,-1.1939798061352827,1000,-0.31292250417744477,8728d5476ffffff,8828d54765fffff,8a28d547645ffff,1,2025,1,1,1.1526541963308932,0.3692589998245239,0.11723426729440689,0.1339360922574997,0.23361042141914368,13.679046630859375,872437.8125
473,2025-01-01,47.669397518352,-122.359915919665,82,1000,-1.1939798061352827,1000,-0.31292250417744477,8728d5476ffffff,8828d54767fffff,8a28d5476607fff,1,2025,1,1,-0.05343148770277552,0.3692589998245239,0.11723426729440689,0.1339360922574997,0.23361042141914368,13.679046630859375,872437.8125
474,2025-01-01,47.6604903499233,-122.352915029189,82,1000,-1.1939798061352827,1000,-0.31292250417744477,8728d5476ffffff,8828d5476dfffff,8a28d5476cd7fff,1,2025,1,1,0.8307372398110408,0.3692589998245239,0.11723426729440689,0.1339360922574997,0.23361042141914368,13.679046630859375,872437.8125
475,2025-01-01,47.6548391890743,-122.352974232605,82,1000,-1.1939798061352827,1000,-0.31292250417744477,8728d5476ffffff,8828d5476dfffff,8a28d5476d17fff,1,2025,1,1,0.40105067544951356,0.3692589998245239,0.11723426729440689,0.1339360922574997,0.23361042141914368,13.679046630859375,872437.8125
476,2025-01-01,47.7218742497633,-122.10923528883,278,1000,-1.1939798061352827,1000,-0.31292250417744477,8728d54aeffffff,8828d5485bfffff,8a28d5485b47fff,1,2025,1,7,-0.038966752107840716,0.07088857144117355,0.10717326402664185,0.13753308355808258,0.21435493230819702,13.45666790008545,698484.25
477,2025-01-01,47.7387809954825,-121.98233193838,278,1000,-1.1939798061352827,1000,-0.31292250417744477,8728d5494ffffff,8828d54941fffff,8a28d54940d7fff,1,2025,1,7,-1.3267049199142662,0.07088857144117355,0.10717326402664185,0.13753308355808258,0.21435493230819702,13.45666790008545,698484.25
478,2025-01-01,47.7370599212354,-121.969287612756,278,1000,-1.1939798061352827,1000,-0.31292250417744477,8728d5494ffffff,8828d54945fffff,8a28d549458ffff,1,2025,1,7,-0.36674231397922114,0.07088857144117355,0.10717326402664185,0.13753308355808258,0.21435493230819702,13.45666790008545,698484.25
479,2025-01-01,47.7439439690597,-121.975546238406,278,1000,-1.1939798061352827,1000,-0.31292250417744477,8728d5494ffffff,8828d54947fffff,8a28d54946b7fff,1,2025,1,7,-0.306747356830985,0.07088857144117355,0.10717326402664185,0.13753308355808258,0.21435493230819702,13.45666790008545,698484.25
480,2025-01-01,47.7332036912013,-121.974514477302,278,1000,-1.1939798061352827,1000,-0.31292250417744477,8728d5494ffffff,8828d5494dfffff,8a28d5494cd7fff,1,2025,1,7,-0.2716608386849193,0.07088857144117355,0.10717326402664185,0.13753308355808258,0.21435493230819702,13.45666790008545,698484.25
481,2025-01-01,47.7380057620836,-121.963341283048,278,1000,-1.1939798061352827,1000,-0.31292250417744477,8728d5496ffffff,8828d54969fffff,8a28d5496977fff,1,2025,1,7,0.31865122703949395,0.07088857144117355,0.10717326402664185,0.13753308355808258,0.21435493230819702,13.45666790008545,698484.25
482,2025-01-01,47.6932677227074,-122.118753347091,278,1000,-1.1939798061352827,1000,-0.31292250417744477,8728d54a1ffffff,8828d54a11fffff,8a28d54a1007fff,1,2025,1,7,1.0362412731424775,0.07088857144117355,0.10717326402664185,0.13753308355808258,0.21435493230819702,13.45666790008545,698484.25
483,2025-01-01,47.6961442065758,-122.129799955053,278,1000,-1.1939798061352827,1000,-0.31292250417744477,8728d54a1ffffff,8828d54a13fffff,8a28d54a1377fff,1,2025,1,7,0.037112964461075273,0.07088857144117355,0.10717326402664185,0.13753308355808258,0.21435493230819702,13.45666790008545,698484.25
484,2025-01-01,47.6528811682445,-122.413844523577,82,1000,-1.1939798061352827,1000,-0.31292250417744477,8728d5475ffffff,8828d5475dfffff,8a28d5475c6ffff,1,2025,1,1,0.8935799483283586,0.3692589998245239,0.11723426729440689,0.1339360922574997,0.23361042141914368,13.679046630859375,872437.8125
485,2025-01-01,47.64896938925,-122.397308872212,82,1000,-1.1939798061352827,1000,-0.31292250417744477,8728d5474ffffff,8828d5474bfffff,8a28d5474a87fff,1,2025,1,1,0.47994268219646025,0.3692589998245239,0.11723426729440689,0.1339360922574997,0.23361042141914368,13.679046630859375,872437.8125
486,2025-01-01,47.6458343096258,-122.393865585201,199,1000,-1.1939798061352827,1000,-0.31292250417744477,8728d5474ffffff,8828d54749fffff,8a28d54748cffff,1,2025,1,5,0.5674394585093844,0.15485107898712158,0.10548757016658783,0.13240090012550354,0.21082741022109985,13.486600875854492,719708.0
487,2025-01-01,47.6509183447925,-122.372659858007,82,1000,-1.1939798061352827,1000,-0.31292250417744477,8728d5474ffffff,8828d54745fffff,8a28d54745b7fff,1,2025,1,1,2.6408758503719336,0.3692589998245239,0.11723426729440689,0.1339360922574997,0.23361042141914368,13.679046630859375,872437.8125
488,2025-01-01,47.6838000468306,-122.351962597597,82,1000,-1.1939798061352827,1000,-0.31292250417744477,8728d5472ffffff,8828d54725fffff,8a28d5472437fff,1,2025,1,1,-0.21686820821311467,0.3692589998245239,0.11723426729440689,0.1339360922574997,0.23361042141914368,13.679046630859375,872437.8125
489,2025-01-01,47.6933101537227,-122.362919736909,82,1000,-1.1939798061352827,1000,-0.31292250417744477,8728d5454ffffff,8828d54727fffff,8a28d54726cffff,1,2025,1,1,-0.02268842694105692,0.3692589998245239,0.11723426729440689,0.1339360922574997,0.23361042141914368,13.679046630859375,872437.8125
490,2025-01-01,47.6712288135288,-122.365820933483,82,1000,-1.1939798061352827,1000,-0.31292250417744477,8728d5476ffffff,8828d54729fffff,8a28d5472937fff,1,2025,1,1,-0.15928204628540574,0.3692589998245239,0.11723426729440689,0.1339360922574997,0.23361042141914368,13.679046630859375,872437.8125
491,2025-01-01,47.6774907927772,-122.369494556402,82,1000,-1.1939798061352827,1000,-0.31292250417744477,8728d5472ffffff,8828d54729fffff,8a28d54728effff,1,2025,1,1,0.68353402378356,0.3692589998245239,0.11723426729440689,0.1339360922574997,0.23361042141914368,13.679046630859375,872437.8125
492,2025-01-01,47.6818951225834,-122.371175203225,82,1000,-1.1939798061352827,1000,-0.31292250417744477,8728d5472ffffff,8828d5472bfffff,8a28d5472a97fff,1,2025,1,1,1.5442824957301586,0.3692589998245239,0.11723426729440689,0.1339360922574997,0.23361042141914368,13.679046630859375,872437.8125
493,2025-01-01,47.6826248220884,-122.375398104616,82,1000,-1.1939798061352827,1000,-0.31292250417744477,8728d5472ffffff,8828d5472bfffff,8a28d5472ac7fff,1,2025,1,1,-0.8080240714026174,0.3692589998245239,0.11723426729440689,0.1339360922574997,0.23361042141914368,13.679046630859375,872437.8125
494,2025-01-01,47.677541810071,-122.35069463591,82,1000,-1.1939798061352827,1000,-0.31292250417744477,8728d540dffffff,8828d5472dfffff,8a28d540d36ffff,1,2025,1,1,0.6951829703601416,0.3692589998245239,0.11723426729440689,0.1339360922574997,0.23361042141914368,13.679046630859375,872437.8125
495,2025-01-01,47.705035155313,-122.101320540768,278,1000,-1.1939798061352827,1000,-0.31292250417744477,8728d54a3ffffff,8828d54a3bfffff,8a28d54a3aaffff,1,2025,1,7,1.0132138668813102,0.07088857144117355,0.10717326402664185,0.13753308355808258,0.21435493230819702,13.45666790008545,698484.25
496,2025-01-01,47.6903306845263,-122.397065178576,82,1000,-1.1939798061352827,1000,-0.31292250417744477,8728d5473ffffff,8828d54731fffff,8a28d547306ffff,1,2025,1,1,-0.10554836035304363,0.3692589998245239,0.11723426729440689,0.1339360922574997,0.23361042141914368,13.679046630859375,872437.8125
497,2025-01-01,47.6941907411005,-122.380352223078,82,1000,-1.1939798061352827,1000,-0.31292250417744477,8728d5473ffffff,8828d54735fffff,8a28d54734f7fff,1,2025,1,1,-0.08448356133279174,0.3692589998245239,0.11723426729440689,0.1339360922574997,0.23361042141914368,13.679046630859375,872437.8125
498,2025-01-01,47.6992120485634,-122.389783629737,199,1000,-1.1939798061352827,1000,-0.31292250417744477,8728d5473ffffff,8828d54737fffff,8a28d54736e7fff,1,2025,1,5,1.179326345213186,0.15485107898712158,0.10548757016658783,0.13240090012550354,0.21082741022109985,13.486600875854492,719708.0
499,2025-01-01,47.6797384330524,-122.39628469189,82,1000,-1.1939798061352827,1000,-0.31292250417744477,8728d5473ffffff,8828d54739fffff,8a28d547390ffff,1,2025,1,1,1.5172925999626703,0.3692589998245239,0.11723426729440689,0.1339360922574997,0.23361042141914368,13.679046630859375,872437.8125
500,2025-01-01,47.6842138283747,-122.384621408412,82,1000,-1.1939798061352827,1000,-0.31292250417744477,8728d5473ffffff,8828d5473dfffff,8a28d5473c07fff,1,2025,1,1,1.4268511330132054,0.3692589998245239,0.11723426729440689,0.1339360922574997,0.23361042141914368,13.679046630859375,872437.8125
501,2025-01-01,47.6528938310164,-122.385208028446,82,1000,-1.1939798061352827,1000,-0.31292250417744477,8728d5474ffffff,8828d54741fffff,8a28d547409ffff,1,2025,1,1,0.04689495215267397,0.3692589998245239,0.11723426729440689,0.1339360922574997,0.23361042141914368,13.679046630859375,872437.8125
502,2025-01-01,47.6470629029315,-122.389284996484,82,1000,-1.1939798061352827,1000,-0.31292250417744477,8728d5474ffffff,8828d54741fffff,8a28d5474107fff,1,2025,1,1,0.6283164379285079,0.3692589998245239,0.11723426729440689,0.1339360922574997,0.23361042141914368,13.679046630859375,872437.8125
503,2025-01-01,47.652694589092,-122.402656757101,82,1000,-1.1939798061352827,1000,-0.31292250417744477,8728d5474ffffff,8828d54743fffff,8a28d547436ffff,1,2025,1,1,1.205620152964277,0.3692589998245239,0.11723426729440689,0.1339360922574997,0.23361042141914368,13.679046630859375,872437.8125
504,2025-01-01,47.6870667993672,-122.391609825655,82,1000,-1.1939798061352827,1000,-0.31292250417744477,8728d5473ffffff,8828d54731fffff,8a28d5473107fff,1,2025,1,1,0.058565603709939885,0.3692589998245239,0.11723426729440689,0.1339360922574997,0.23361042141914368,13.679046630859375,872437.8125
505,2025-01-01,47.682031046641,-122.357219747439,82,1000,-1.1939798061352827,1000,-0.31292250417744477,8728d5472ffffff,8828d54725fffff,8a28d5472567fff,1,2025,1,1,1.1036553338307753,0.3692589998245239,0.11723426729440689,0.1339360922574997,0.23361042141914368,13.679046630859375,872437.8125
506,2025-01-01,47.6847122782051,-122.113329349997,278,1000,-1.1939798061352827,1000,-0.31292250417744477,8728d54a1ffffff,8828d54a57fffff,8a28d54a56dffff,1,2025,1,7,-0.43885977735807863,0.07088857144117355,0.10717326402664185,0.13753308355808258,0.21435493230819702,13.45666790008545,698484.25
507,2025-01-01,47.7295953310079,-122.181278259594,278,1000,-1.1939798061352827,1000,-0.31292250417744477,8728d54a9ffffff,8828d54a91fffff,8a28d54a906ffff,1,2025,1,7,0.4566256154353065,0.07088857144117355,0.10717326402664185,0.13753308355808258,0.21435493230819702,13.45666790008545,698484.25
508,2025-01-01,47.7123153871283,-122.285656642716,82,1000,-1.1939798061352827,1000,-0.31292250417744477,8728d54e4ffffff,8828d54e49fffff,8a28d54e4817fff,1,2025,1,1,-0.5191856264849387,0.3692589998245239,0.11723426729440689,0.1339360922574997,0.23361042141914368,13.679046630859375,872437.8125
509,2025-01-01,47.7171689578933,-122.300168208022,82,1000,-1.1939798061352827,1000,-0.31292250417744477,8728d54e4ffffff,8828d54e4bfffff,8a28d54e4a67fff,1,2025,1,1,0.16238210950920856,0.3692589998245239,0.11723426729440689,0.1339360922574997,0.23361042141914368,13.679046630859375,872437.8125
510,2025-01-01,47.7270240122457,-122.298734399497,82,1000,-1.1939798061352827,1000,-0.31292250417744477,8728d54e5ffffff,8828d54e55fffff,8a28d54e5517fff,1,2025,1,1,-0.559339161086866,0.3692589998245239,0.11723426729440689,0.1339360922574997,0.23361042141914368,13.679046630859375,872437.8125
511,2025-01-01,47.7210944738585,-122.317732894929,82,1000,-1.1939798061352827,1000,-0.31292250417744477,8728d54e5ffffff,8828d54e59fffff,8a28d54e5857fff,1,2025,1,1,-0.0385580469213354,0.3692589998245239,0.11723426729440689,0.1339360922574997,0.23361042141914368,13.679046630859375,872437.8125
512,2025-01-01,47.7249164282462,-122.302147671439,82,1000,-1.1939798061352827,1000,-0.31292250417744477,8728d54e5ffffff,8828d54e5dfffff,8a28d54e5cd7fff,1,2025,1,1,-0.6423537355572452,0.3692589998245239,0.11723426729440689,0.1339360922574997,0.23361042141914368,13.679046630859375,872437.8125
513,2025-01-01,47.7728772238288,-122.350362522167,82,1000,-1.1939798061352827,1000,-0.31292250417744477,8728d54e8ffffff,8828d54e8bfffff,8a28d54e8ab7fff,1,2025,1,1,0.43775845646661643,0.3692589998245239,0.11723426729440689,0.1339360922574997,0.23361042141914368,13.679046630859375,872437.8125
514,2025-01-01,47.7655185467322,-122.336047727385,82,1000,-1.1939798061352827,1000,-0.31292250417744477,8728d54e8ffffff,8828d54e8dfffff,8a28d54e8d27fff,1,2025,1,1,-0.2716608386849193,0.3692589998245239,0.11723426729440689,0.1339360922574997,0.23361042141914368,13.679046630859375,872437.8125
515,2025-01-01,47.7593940380293,-122.35186986583,82,1000,-1.1939798061352827,1000,-0.31292250417744477,8728d54ecffffff,8828d54ec3fffff,8a28d54ec22ffff,1,2025,1,1,-0.10533652304455852,0.3692589998245239,0.11723426729440689,0.1339360922574997,0.23361042141914368,13.679046630859375,872437.8125
516,2025-01-01,47.7590926536338,-122.328994763588,82,1000,-1.1939798061352827,1000,-0.31292250417744477,8728d54ecffffff,8828d54ec5fffff,8a28d54ec4f7fff,1,2025,1,1,-0.3257353063749986,0.3692589998245239,0.11723426729440689,0.1339360922574997,0.23361042141914368,13.679046630859375,872437.8125
517,2025-01-01,47.7638651605635,-122.340056487214,82,1000,-1.1939798061352827,1000,-0.31292250417744477,8728d54ecffffff,8828d54ec7fffff,8a28d54ec6e7fff,1,2025,1,1,0.3017225033015301,0.3692589998245239,0.11723426729440689,0.1339360922574997,0.23361042141914368,13.679046630859375,872437.8125
518,2025-01-01,47.7506777395683,-122.351824790053,82,1000,-1.1939798061352827,1000,-0.31292250417744477,8728d54ecffffff,8828d54ecbfffff,8a28d54ecbaffff,1,2025,1,1,-0.7682242423526664,0.3692589998245239,0.11723426729440689,0.1339360922574997,0.23361042141914368,13.679046630859375,872437.8125
519,2025-01-01,47.7472136956755,-122.339071302519,82,1000,-1.1939798061352827,1000,-0.31292250417744477,8728d54ecffffff,8828d54ecdfffff,8a28d54ecd6ffff,1,2025,1,1,-0.0636554504561078,0.3692589998245239,0.11723426729440689,0.1339360922574997,0.23361042141914368,13.679046630859375,872437.8125
520,2025-01-01,47.7570997778959,-122.356989323427,82,1000,-1.1939798061352827,1000,-0.31292250417744477,8728d54edffffff,8828d54eddfffff,8a28d54edd9ffff,1,2025,1,1,0.09504525324366118,0.3692589998245239,0.11723426729440689,0.1339360922574997,0.23361042141914368,13.679046630859375,872437.8125
521,2025-01-01,47.762899149838,-122.313925597962,82,1000,-1.1939798061352827,1000,-0.31292250417744477,8728d54eeffffff,8828d54ee1fffff,8a28d54ee137fff,1,2025,1,1,-0.3912947572378709,0.3692589998245239,0.11723426729440689,0.1339360922574997,0.23361042141914368,13.679046630859375,872437.8125
522,2025-01-01,47.7585267261868,-122.32099818291,82,1000,-1.1939798061352827,1000,-0.31292250417744477,8728d54eeffffff,8828d54ee9fffff,8a28d54ee82ffff,1,2025,1,1,-0.5007408736477109,0.3692589998245239,0.11723426729440689,0.1339360922574997,0.23361042141914368,13.679046630859375,872437.8125
523,2025-01-01,47.7274601096385,-122.291194120363,82,1000,-1.1939798061352827,1000,-0.31292250417744477,8728d54e4ffffff,8828d54e43fffff,8a28d54e42d7fff,1,2025,1,1,-0.3912947572378709,0.3692589998245239,0.11723426729440689,0.1339360922574997,0.23361042141914368,13.679046630859375,872437.8125
524,2025-01-01,47.7175600559784,-122.287958873968,82,1000,-1.1939798061352827,1000,-0.31292250417744477,8728d54e4ffffff,8828d54e41fffff,8a28d54e4147fff,1,2025,1,1,-0.3425108268924239,0.3692589998245239,0.11723426729440689,0.1339360922574997,0.23361042141914368,13.679046630859375,872437.8125
525,2025-01-01,47.763319966021,-122.295853390562,82,1000,-1.1939798061352827,1000,-0.31292250417744477,8728d54e3ffffff,8828d54e33fffff,8a28d54e3227fff,1,2025,1,1,0.2324178943964408,0.3692589998245239,0.11723426729440689,0.1339360922574997,0.23361042141914368,13.679046630859375,872437.8125
526,2025-01-01,47.743879858521,-122.325977129709,82,1000,-1.1939798061352827,1000,-0.31292250417744477,8728d54e1ffffff,8828d54e1bfffff,8a28d54e1a07fff,1,2025,1,1,-0.7144905564203043,0.3692589998245239,0.11723426729440689,0.1339360922574997,0.23361042141914368,13.679046630859375,872437.8125
527,2025-01-01,47.7360486576085,-122.183439394404,199,1000,-1.1939798061352827,1000,-0.31292250417744477,8728d54a9ffffff,8828d54a93fffff,8a28d54a92f7fff,1,2025,1,5,-0.306747356830985,0.15485107898712158,0.10548757016658783,0.13240090012550354,0.21082741022109985,13.486600875854492,719708.0
528,2025-01-01,47.7365449963095,-122.176253189885,199,1000,-1.1939798061352827,1000,-0.31292250417744477,8728d54a9ffffff,8828d54a97fffff,8a28d54a9667fff,1,2025,1,5,-1.5107632837247709,0.15485107898712158,0.10548757016658783,0.13240090012550354,0.21082741022109985,13.486600875854492,719708.0
529,2025-01-01,47.7248075397806,-122.17798037238,199,1000,-1.1939798061352827,1000,-0.31292250417744477,8728d54a9ffffff,8828d54a99fffff,8a28d54a98d7fff,1,2025,1,5,-0.15928204628540574,0.15485107898712158,0.10548757016658783,0.13240090012550354,0.21082741022109985,13.486600875854492,719708.0
530,2025-01-01,47.7238616432997,-122.188415605412,199,1000,-1.1939798061352827,1000,-0.31292250417744477,8728d54a9ffffff,8828d54a9bfffff,8a28d54a9b0ffff,1,2025,1,5,-0.21461995764535605,0.15485107898712158,0.10548757016658783,0.13240090012550354,0.21082741022109985,13.486600875854492,719708.0
531,2025-01-01,47.7227727409363,-122.16230659573,278,1000,-1.1939798061352827,1000,-0.31292250417744477,8728d54a8ffffff,8828d54a9dfffff,8a28d54a9d97fff,1,2025,1,7,-0.07404025277585334,0.07088857144117355,0.10717326402664185,0.13753308355808258,0.21435493230819702,13.45666790008545,698484.25
532,2025-01-01,47.7067844595942,-122.120526274267,278,1000,-1.1939798061352827,1000,-0.31292250417744477,8728d54aeffffff,8828d54ae9fffff,8a28d54ae8a7fff,1,2025,1,7,1.4268511330132054,0.07088857144117355,0.10717326402664185,0.13753308355808258,0.21435493230819702,13.45666790008545,698484.25
533,2025-01-01,47.7094450703836,-122.115928682976,278,1000,-1.1939798061352827,1000,-0.31292250417744477,8728d54aeffffff,8828d54aedfffff,8a28d54aec47fff,1,2025,1,7,0.40105067544951356,0.07088857144117355,0.10717326402664185,0.13753308355808258,0.21435493230819702,13.45666790008545,698484.25
534,2025-01-01,47.7159861754396,-122.158388413851,199,1000,-1.1939798061352827,1000,-0.31292250417744477,8728d54a8ffffff,8828d54a8bfffff,8a28d54a8b07fff,1,2025,1,5,1.282335198373661,0.15485107898712158,0.10548757016658783,0.13240090012550354,0.21082741022109985,13.486600875854492,719708.0
535,2025-01-01,47.7080387195457,-122.019487147128,199,1000,-1.1939798061352827,1000,-0.31292250417744477,8728d54b0ffffff,8828d54b03fffff,8a28d54b022ffff,1,2025,1,5,1.3799199588098907,0.15485107898712158,0.10548757016658783,0.13240090012550354,0.21082741022109985,13.486600875854492,719708.0
536,2025-01-01,47.7183203609387,-122.023556110386,199,1000,-1.1939798061352827,1000,-0.31292250417744477,8728d54b3ffffff,8828d54b3bfffff,8a28d54b3b0ffff,1,2025,1,5,0.6254624229445731,0.15485107898712158,0.10548757016658783,0.13240090012550354,0.21082741022109985,13.486600875854492,719708.0
537,2025-01-01,47.6854579110343,-122.038715478769,278,1000,-1.1939798061352827,1000,-0.31292250417744477,8728d54b5ffffff,8828d54b59fffff,8a28d54b58f7fff,1,2025,1,7,1.1146564484100399,0.07088857144117355,0.10717326402664185,0.13753308355808258,0.21435493230819702,13.45666790008545,698484.25
538,2025-01-01,47.7759847539169,-122.238962354215,199,1000,-1.1939798061352827,1000,-0.31292250417744477,8728d54c6ffffff,8828d54c69fffff,8a28d54c682ffff,1,2025,1,5,0.1419764274469758,0.15485107898712158,0.10548757016658783,0.13240090012550354,0.21082741022109985,13.486600875854492,719708.0
539,2025-01-01,47.7457963581694,-122.296321874439,199,1000,-1.1939798061352827,1000,-0.31292250417744477,8728d54e0ffffff,8828d54e03fffff,8a28d54e0257fff,1,2025,1,5,-0.14407894224728118,0.15485107898712158,0.10548757016658783,0.13240090012550354,0.21082741022109985,13.486600875854492,719708.0
540,2025-01-01,47.7330267968078,-122.286660046986,82,1000,-1.1939798061352827,1000,-0.31292250417744477,8728d54e0ffffff,8828d54e09fffff,8a28d54e08affff,1,2025,1,1,0.1326847670604175,0.3692589998245239,0.11723426729440689,0.1339360922574997,0.23361042141914368,13.679046630859375,872437.8125
541,2025-01-01,47.7533799504576,-122.316406074498,82,1000,-1.1939798061352827,1000,-0.31292250417744477,8728d54e1ffffff,8828d54e17fffff,8a28d54e174ffff,1,2025,1,1,-0.20341942588921202,0.3692589998245239,0.11723426729440689,0.1339360922574997,0.23361042141914368,13.679046630859375,872437.8125
542,2025-01-01,47.7407359261685,-122.316694396462,82,1000,-1.1939798061352827,1000,-0.31292250417744477,8728d54e1ffffff,8828d54e19fffff,8a28d54e181ffff,1,2025,1,1,-0.10554836035304363,0.3692589998245239,0.11723426729440689,0.1339360922574997,0.23361042141914368,13.679046630859375,872437.8125
543,2025-01-01,47.7106077750976,-122.027236536962,199,1000,-1.1939798061352827,1000,-0.31292250417744477,8728d54b1ffffff,8828d54b15fffff,8a28d54b150ffff,1,2025,1,5,0.36030876364350867,0.15485107898712158,0.10548757016658783,0.13240090012550354,0.21082741022109985,13.486600875854492,719708.0
544,2025-01-01,47.685384657732,-122.375763124411,82,1000,-1.1939798061352827,1000,-0.31292250417744477,8728d5472ffffff,8828d54723fffff,8a28d5472347fff,1,2025,1,1,-0.002539507192568479,0.3692589998245239,0.11723426729440689,0.1339360922574997,0.23361042141914368,13.679046630859375,872437.8125
545,2025-01-01,47.683812688715,-122.376529375098,82,1000,-1.1939798061352827,1000,-0.31292250417744477,8728d5472ffffff,8828d54723fffff,8a28d5472367fff,1,2025,1,1,-0.5867370020639151,0.3692589998245239,0.11723426729440689,0.1339360922574997,0.23361042141914368,13.679046630859375,872437.8125
546,2025-01-01,47.6812599987081,-122.366747270389,82,1000,-1.1939798061352827,1000,-0.31292250417744477,8728d5472ffffff,8828d54721fffff,8a28d547215ffff,1,2025,1,1,-0.19228616499972037,0.3692589998245239,0.11723426729440689,0.1339360922574997,0.23361042141914368,13.679046630859375,872437.8125
547,2025-01-01,47.6437507134128,-122.36331926553,82,1000,-1.1939798061352827,1000,-0.31292250417744477,8728d5429ffffff,8828d54291fffff,8a28d5429057fff,1,2025,1,1,0.6068034417388396,0.3692589998245239,0.11723426729440689,0.1339360922574997,0.23361042141914368,13.679046630859375,872437.8125
548,2025-01-01,47.6455393332187,-122.367842042081,82,1000,-1.1939798061352827,1000,-0.31292250417744477,8728d5429ffffff,8828d54293fffff,8a28d54293affff,1,2025,1,1,0.6140022172556825,0.3692589998245239,0.11723426729440689,0.1339360922574997,0.23361042141914368,13.679046630859375,872437.8125
549,2025-01-01,47.6422334963163,-122.351099329519,199,1000,-1.1939798061352827,1000,-0.31292250417744477,8728d5429ffffff,8828d54295fffff,8a28d542950ffff,1,2025,1,5,0.8624248894839533,0.15485107898712158,0.10548757016658783,0.13240090012550354,0.21082741022109985,13.486600875854492,719708.0
550,2025-01-01,47.6535872020415,-122.357853466231,82,1000,-1.1939798061352827,1000,-0.31292250417744477,8728d5476ffffff,8828d54297fffff,8a28d54296dffff,1,2025,1,1,0.09504525324366118,0.3692589998245239,0.11723426729440689,0.1339360922574997,0.23361042141914368,13.679046630859375,872437.8125
551,2025-01-01,47.6345481925306,-122.368252233152,199,1000,-1.1939798061352827,1000,-0.31292250417744477,8728d5429ffffff,8828d54299fffff,8a28d542995ffff,1,2025,1,5,1.226389920571224,0.15485107898712158,0.10548757016658783,0.13240090012550354,0.21082741022109985,13.486600875854492,719708.0
552,2025-01-01,47.6328832018975,-122.361963615025,199,1000,-1.1939798061352827,1000,-0.31292250417744477,8728d5429ffffff,8828d54299fffff,8a28d54299affff,1,2025,1,5,1.0132138668813102,0.15485107898712158,0.10548757016658783,0.13240090012550354,0.21082741022109985,13.486600875854492,719708.0
553,2025-01-01,47.6436886969617,-122.373245250482,82,1000,-1.1939798061352827,1000,-0.31292250417744477,8728d5429ffffff,8828d5429bfffff,8a28d5429adffff,1,2025,1,1,1.4314795558070508,0.3692589998245239,0.11723426729440689,0.1339360922574997,0.23361042141914368,13.679046630859375,872437.8125
554,2025-01-01,47.6389021565735,-122.371357931465,82,1000,-1.1939798061352827,1000,-0.31292250417744477,8728d5429ffffff,8828d5429bfffff,8a28d5429a37fff,1,2025,1,1,0.0855147316537701,0.3692589998245239,0.11723426729440689,0.1339360922574997,0.23361042141914368,13.679046630859375,872437.8125
555,2025-01-01,47.635288985006,-122.352337082415,82,1000,-1.1939798061352827,1000,-0.31292250417744477,8728d5429ffffff,8828d5429dfffff,8a28d5429d1ffff,1,2025,1,1,1.23154620307784,0.3692589998245239,0.11723426729440689,0.1339360922574997,0.23361042141914368,13.679046630859375,872437.8125
556,2025-01-01,47.6412405350377,-122.31484737571,199,1000,-1.1939798061352827,1000,-0.31292250417744477,8728d542affffff,8828d542a9fffff,8a28d542a84ffff,1,2025,1,5,0.8307372398110408,0.15485107898712158,0.10548757016658783,0.13240090012550354,0.21082741022109985,13.486600875854492,719708.0
557,2025-01-01,47.6412832199573,-122.301746131171,82,1000,-1.1939798061352827,1000,-0.31292250417744477,8728d542affffff,8828d542adfffff,8a28d542ad5ffff,1,2025,1,1,0.6283164379285079,0.3692589998245239,0.11723426729440689,0.1339360922574997,0.23361042141914368,13.679046630859375,872437.8125
558,2025-01-01,47.6530401210467,-122.340453239152,82,1000,-1.1939798061352827,1000,-0.31292250417744477,8728d542bffffff,8828d542b1fffff,8a28d542b14ffff,1,2025,1,1,-0.02268842694105692,0.3692589998245239,0.11723426729440689,0.1339360922574997,0.23361042141914368,13.679046630859375,872437.8125
559,2025-01-01,47.6624035878662,-122.338676395543,82,1000,-1.1939798061352827,1000,-0.31292250417744477,8728d542bffffff,8828d542b3fffff,8a28d542b29ffff,1,2025,1,1,0.472202869841835,0.3692589998245239,0.11723426729440689,0.1339360922574997,0.23361042141914368,13.679046630859375,872437.8125
560,2025-01-01,47.6564579355708,-122.325281275015,82,1000,-1.1939798061352827,1000,-0.31292250417744477,8728d542bffffff,8828d542b5fffff,8a28d542b42ffff,1,2025,1,1,-0.10554836035304363,0.3692589998245239,0.11723426729440689,0.1339360922574997,0.23361042141914368,13.679046630859375,872437.8125
561,2025-01-01,47.6594332131529,-122.32936161535,82,1000,-1.1939798061352827,1000,-0.31292250417744477,8728d542bffffff,8828d542b7fffff,8a28d542b717fff,1,2025,1,1,1.5217008835286736,0.3692589998245239,0.11723426729440689,0.1339360922574997,0.23361042141914368,13.679046630859375,872437.8125
562,2025-01-01,47.643397254558,-122.361339369171,82,1000,-1.1939798061352827,1000,-0.31292250417744477,8728d5429ffffff,8828d54291fffff,8a28d542901ffff,1,2025,1,1,-0.13760130362569706,0.3692589998245239,0.11723426729440689,0.1339360922574997,0.23361042141914368,13.679046630859375,872437.8125
563,2025-01-01,47.6295491518987,-122.319785087142,199,1000,-1.1939798061352827,1000,-0.31292250417744477,8728d542effffff,8828d5428dfffff,8a28d542e36ffff,1,2025,1,5,-0.06780239260150145,0.15485107898712158,0.10548757016658783,0.13240090012550354,0.21082741022109985,13.486600875854492,719708.0
564,2025-01-01,47.6291615196651,-122.348258514335,82,1000,-1.1939798061352827,1000,-0.31292250417744477,8728d542dffffff,8828d5428bfffff,8a28d542d4dffff,1,2025,1,1,2.3125141889538106,0.3692589998245239,0.11723426729440689,0.1339360922574997,0.23361042141914368,13.679046630859375,872437.8125
565,2025-01-01,47.6418058662167,-122.327556706509,82,1000,-1.1939798061352827,1000,-0.31292250417744477,8728d5428ffffff,8828d54287fffff,8a28d542878ffff,1,2025,1,1,0.7722975793636272,0.3692589998245239,0.11723426729440689,0.1339360922574997,0.23361042141914368,13.679046630859375,872437.8125
566,2025-01-01,47.6139884397309,-122.295864841646,82,1000,-1.1939798061352827,1000,-0.31292250417744477,8728d5421ffffff,8828d54217fffff,8a28d542179ffff,1,2025,1,1,0.6844929298799527,0.3692589998245239,0.11723426729440689,0.1339360922574997,0.23361042141914368,13.679046630859375,872437.8125
567,2025-01-01,47.5998458476426,-122.305577883428,82,1000,-1.1939798061352827,1000,-0.31292250417744477,8728d5421ffffff,8828d54219fffff,8a28d5421817fff,1,2025,1,1,-1.0244232732432388,0.3692589998245239,0.11723426729440689,0.1339360922574997,0.23361042141914368,13.679046630859375,872437.8125
568,2025-01-01,47.6036439967763,-122.313124462459,82,1000,-1.1939798061352827,1000,-0.31292250417744477,8728d5421ffffff,8828d5421bfffff,8a28d5421baffff,1,2025,1,1,-0.7292610119873553,0.3692589998245239,0.11723426729440689,0.1339360922574997,0.23361042141914368,13.679046630859375,872437.8125
569,2025-01-01,47.6047884877634,-122.297118291196,82,1000,-1.1939798061352827,1000,-0.31292250417744477,8728d5421ffffff,8828d5421dfffff,8a28d5421ceffff,1,2025,1,1,0.2324178943964408,0.3692589998245239,0.11723426729440689,0.1339360922574997,0.23361042141914368,13.679046630859375,872437.8125
570,2025-01-01,47.6260327830397,-122.290534291563,278,1000,-1.1939798061352827,1000,-0.31292250417744477,8728d542effffff,8828d54233fffff,8a28d542324ffff,1,2025,1,7,1.282335198373661,0.07088857144117355,0.10717326402664185,0.13753308355808258,0.21435493230819702,13.45666790008545,698484.25
571,2025-01-01,47.6150821603934,-122.284882371425,199,1000,-1.1939798061352827,1000,-0.31292250417744477,8728d5423ffffff,8828d5423bfffff,8a28d5423ba7fff,1,2025,1,5,1.803038996847501,0.15485107898712158,0.10548757016658783,0.13240090012550354,0.21082741022109985,13.486600875854492,719708.0
572,2025-01-01,47.5777639874913,-122.285496662448,278,1000,-1.1939798061352827,1000,-0.31292250417744477,8728d5424ffffff,8828d5424bfffff,8a28d5424a1ffff,1,2025,1,7,1.855258854712155,0.07088857144117355,0.10717326402664185,0.13753308355808258,0.21435493230819702,13.45666790008545,698484.25
573,2025-01-01,47.6531851237207,-122.349501483467,82,1000,-1.1939798061352827,1000,-0.31292250417744477,8728d542bffffff,8828d542bbfffff,8a28d542ba57fff,1,2025,1,1,-0.227019217026093,0.3692589998245239,0.11723426729440689,0.1339360922574997,0.23361042141914368,13.679046630859375,872437.8125
574,2025-01-01,47.5872079384653,-122.300414891705,146,1000,-1.1939798061352827,1000,-0.31292250417744477,8728d5425ffffff,8828d54251fffff,8a28d5425017fff,1,2025,1,3,-0.5458577753672316,0.07013745605945587,0.118033267557621,0.14747095108032227,0.23586569726467133,13.401688575744629,661118.625
575,2025-01-01,47.5865317956333,-122.295969506112,199,1000,-1.1939798061352827,1000,-0.31292250417744477,8728d5425ffffff,8828d54255fffff,8a28d5425567fff,1,2025,1,5,-0.49289181873384763,0.15485107898712158,0.10548757016658783,0.13240090012550354,0.21082741022109985,13.486600875854492,719708.0
576,2025-01-01,47.5923951933602,-122.302207256947,82,1000,-1.1939798061352827,1000,-0.31292250417744477,8728d5425ffffff,8828d54257fffff,8a28d5425777fff,1,2025,1,1,-0.19006751438670633,0.3692589998245239,0.11723426729440689,0.1339360922574997,0.23361042141914368,13.679046630859375,872437.8125
577,2025-01-01,47.595537444681,-122.293616246466,82,1000,-1.1939798061352827,1000,-0.31292250417744477,8728d5425ffffff,8828d54257fffff,8a28d54256b7fff,1,2025,1,1,1.0499216478984132,0.3692589998245239,0.11723426729440689,0.1339360922574997,0.23361042141914368,13.679046630859375,872437.8125
578,2025-01-01,47.5771541997403,-122.308404296248,146,1000,-1.1939798061352827,1000,-0.31292250417744477,8728d5425ffffff,8828d54259fffff,8a28d5425977fff,1,2025,1,3,-0.053328502488386435,0.07013745605945587,0.118033267557621,0.14747095108032227,0.23586569726467133,13.401688575744629,661118.625
579,2025-01-01,47.5835404005734,-122.312980716473,146,1000,-1.1939798061352827,1000,-0.31292250417744477,8728d5425ffffff,8828d5425bfffff,8a28d5425a37fff,1,2025,1,3,0.24122400295737445,0.07013745605945587,0.118033267557621,0.14747095108032227,0.23586569726467133,13.401688575744629,661118.625
580,2025-01-01,47.5817939543848,-122.296059900126,199,1000,-1.1939798061352827,1000,-0.31292250417744477,8728d5425ffffff,8828d5425dfffff,8a28d5425c2ffff,1,2025,1,5,0.8935799483283586,0.15485107898712158,0.10548757016658783,0.13240090012550354,0.21082741022109985,13.486600875854492,719708.0
581,2025-01-01,47.6376999770281,-122.323724916618,199,1000,-1.1939798061352827,1000,-0.31292250417744477,8728d5428ffffff,8828d54285fffff,8a28d542840ffff,1,2025,1,5,-0.10343107586713307,0.15485107898712158,0.10548757016658783,0.13240090012550354,0.21082741022109985,13.486600875854492,719708.0
582,2025-01-01,47.5892015523238,-122.310844295737,146,1000,-1.1939798061352827,1000,-0.31292250417744477,8728d5425ffffff,8828d54253fffff,8a28d5425307fff,1,2025,1,3,-0.5485462201689886,0.07013745605945587,0.118033267557621,0.14747095108032227,0.23586569726467133,13.401688575744629,661118.625
583,2025-01-01,47.6180952629215,-122.317851520434,82,1000,-1.1939798061352827,1000,-0.31292250417744477,8728d542cffffff,8828d542c5fffff,8a28d542c4affff,1,2025,1,1,0.04689495215267397,0.3692589998245239,0.11723426729440689,0.1339360922574997,0.23361042141914368,13.679046630859375,872437.8125
584,2025-01-01,47.6278558557014,-122.354335681436,199,1000,-1.1939798061352827,1000,-0.31292250417744477,8728d542dffffff,8828d542d7fffff,8a28d542d7affff,1,2025,1,5,1.6035259326057234,0.15485107898712158,0.10548757016658783,0.13240090012550354,0.21082741022109985,13.486600875854492,719708.0
585,2025-01-01,47.6233753310877,-122.305732919492,278,1000,-1.1939798061352827,1000,-0.31292250417744477,8728d542effffff,8828d542e1fffff,8a28d542e127fff,1,2025,1,7,1.3799199588098907,0.07088857144117355,0.10717326402664185,0.13753308355808258,0.21435493230819702,13.45666790008545,698484.25
586,2025-01-01,47.6992333603445,-122.357692110161,82,1000,-1.1939798061352827,1000,-0.31292250417744477,8728d5454ffffff,8828d5454dfffff,8a28d5454ce7fff,1,2025,1,1,0.2457656668906387,0.3692589998245239,0.11723426729440689,0.1339360922574997,0.23361042141914368,13.679046630859375,872437.8125
587,2025-01-01,47.7144233570956,-122.331805583221,82,1000,-1.1939798061352827,1000,-0.31292250417744477,8728d5456ffffff,8828d54565fffff,8a28d5456567fff,1,2025,1,1,0.6125646969309194,0.3692589998245239,0.11723426729440689,0.1339360922574997,0.23361042141914368,13.679046630859375,872437.8125
588,2025-01-01,47.7052770192888,-122.345534736554,82,1000,-1.1939798061352827,1000,-0.31292250417744477,8728d5456ffffff,8828d54569fffff,8a28d5456947fff,1,2025,1,1,-0.7895486789342208,0.3692589998245239,0.11723426729440689,0.1339360922574997,0.23361042141914368,13.679046630859375,872437.8125
589,2025-01-01,47.7125083371321,-122.355068295221,82,1000,-1.1939798061352827,1000,-0.31292250417744477,8728d5456ffffff,8828d5456bfffff,8a28d5456a67fff,1,2025,1,1,-0.6565582676377216,0.3692589998245239,0.11723426729440689,0.1339360922574997,0.23361042141914368,13.679046630859375,872437.8125
590,2025-01-01,47.7129031667082,-122.331970554249,82,1000,-1.1939798061352827,1000,-0.31292250417744477,8728d5456ffffff,8828d5456dfffff,8a28d5456ccffff,1,2025,1,1,0.13733641910213898,0.3692589998245239,0.11723426729440689,0.1339360922574997,0.23361042141914368,13.679046630859375,872437.8125
591,2025-01-01,47.7690899069653,-122.389158997986,199,1000,-1.1939798061352827,1000,-0.31292250417744477,8728d545affffff,8828d545a5fffff,8a28d545a577fff,1,2025,1,5,1.069130963487618,0.15485107898712158,0.10548757016658783,0.13240090012550354,0.21082741022109985,13.486600875854492,719708.0
592,2025-01-01,47.6704832030446,-122.390577995244,82,1000,-1.1939798061352827,1000,-0.31292250417744477,8728d5470ffffff,8828d54701fffff,8a28d547001ffff,1,2025,1,1,-0.2716608386849193,0.3692589998245239,0.11723426729440689,0.1339360922574997,0.23361042141914368,13.679046630859375,872437.8125
593,2025-01-01,47.7017325930699,-122.374463665424,82,1000,-1.1939798061352827,1000,-0.31292250417744477,8728d5454ffffff,8828d5454bfffff,8a28d5454a8ffff,1,2025,1,1,0.27603596250619805,0.3692589998245239,0.11723426729440689,0.1339360922574997,0.23361042141914368,13.679046630859375,872437.8125
594,2025-01-01,47.6742218404939,-122.393409853854,82,1000,-1.1939798061352827,1000,-0.31292250417744477,8728d5470ffffff,8828d54703fffff,8a28d5470397fff,1,2025,1,1,0.30851255618999773,0.3692589998245239,0.11723426729440689,0.1339360922574997,0.23361042141914368,13.679046630859375,872437.8125
595,2025-01-01,47.6721048202834,-122.381747148528,82,1000,-1.1939798061352827,1000,-0.31292250417744477,8728d5470ffffff,8828d54705fffff,8a28d5470477fff,1,2025,1,1,-0.053328502488386435,0.3692589998245239,0.11723426729440689,0.1339360922574997,0.23361042141914368,13.679046630859375,872437.8125
596,2025-01-01,47.6747799027093,-122.379928931022,82,1000,-1.1939798061352827,1000,-0.31292250417744477,8728d5470ffffff,8828d54705fffff,8a28d54704c7fff,1,2025,1,1,0.5556136935788742,0.3692589998245239,0.11723426729440689,0.1339360922574997,0.23361042141914368,13.679046630859375,872437.8125
597,2025-01-01,47.6789658957248,-122.38802463381,82,1000,-1.1939798061352827,1000,-0.31292250417744477,8728d5470ffffff,8828d54707fffff,8a28d54706e7fff,1,2025,1,1,-0.15928204628540574,0.3692589998245239,0.11723426729440689,0.1339360922574997,0.23361042141914368,13.679046630859375,872437.8125
598,2025-01-01,47.6787941329918,-122.385694240631,82,1000,-1.1939798061352827,1000,-0.31292250417744477,8728d5470ffffff,8828d54707fffff,8a28d54706affff,1,2025,1,1,0.24998847491570894,0.3692589998245239,0.11723426729440689,0.1339360922574997,0.23361042141914368,13.679046630859375,872437.8125
599,2025-01-01,47.6592752598996,-122.394274500051,82,1000,-1.1939798061352827,1000,-0.31292250417744477,8728d5474ffffff,8828d54709fffff,8a28d5470907fff,1,2025,1,1,0.7656890790812908,0.3692589998245239,0.11723426729440689,0.1339360922574997,0.23361042141914368,13.679046630859375,872437.8125
600,2025-01-01,47.6642967996365,-122.398952210656,82,1000,-1.1939798061352827,1000,-0.31292250417744477,8728d5470ffffff,8828d5470bfffff,8a28d547084ffff,1,2025,1,1,0.8561305460307558,0.3692589998245239,0.11723426729440689,0.1339360922574997,0.23361042141914368,13.679046630859375,872437.8125
601,2025-01-01,47.6831422972176,-122.367606739436,82,1000,-1.1939798061352827,1000,-0.31292250417744477,8728d5472ffffff,8828d54721fffff,8a28d5472047fff,1,2025,1,1,0.9302877293454616,0.3692589998245239,0.11723426729440689,0.1339360922574997,0.23361042141914368,13.679046630859375,872437.8125
602,2025-01-01,47.6729215080678,-122.379472938246,82,1000,-1.1939798061352827,1000,-0.31292250417744477,8728d5470ffffff,8828d54705fffff,8a28d547040ffff,1,2025,1,1,0.34375791828130875,0.3692589998245239,0.11723426729440689,0.1339360922574997,0.23361042141914368,13.679046630859375,872437.8125
603,2025-01-01,47.2581871435352,-122.194030333515,832,1000,-1.1939798061352827,1000,-0.31292250417744477,8728d5d9cffffff,8828d5d9cdfffff,8a28d5d9cc67fff,1,2025,1,9,-0.2716608386849193,0.14471615850925446,0.08899767696857452,0.11779390275478363,0.1781906932592392,13.592384338378906,800013.875
604,2025-01-01,47.6908129146073,-122.369571520136,82,1000,-1.1939798061352827,1000,-0.31292250417744477,8728d5472ffffff,8828d54549fffff,8a28d5454927fff,1,2025,1,1,-0.7292610119873553,0.3692589998245239,0.11723426729440689,0.1339360922574997,0.23361042141914368,13.679046630859375,872437.8125
605,2025-01-01,47.7038451186578,-122.354252488364,82,1000,-1.1939798061352827,1000,-0.31292250417744477,8728d5454ffffff,8828d54545fffff,8a28d5454427fff,1,2025,1,1,-0.29497790544607305,0.3692589998245239,0.11723426729440689,0.1339360922574997,0.23361042141914368,13.679046630859375,872437.8125
606,2025-01-01,47.6273054727137,-122.290021761495,278,1000,-1.1939798061352827,1000,-0.31292250417744477,8728d542effffff,8828d542e5fffff,8a28d542e5a7fff,1,2025,1,7,0.21467917179661275,0.07088857144117355,0.10717326402664185,0.13753308355808258,0.21435493230819702,13.45666790008545,698484.25
607,2025-01-01,47.6338325394686,-122.30468622978,199,1000,-1.1939798061352827,1000,-0.31292250417744477,8728d542effffff,8828d542e7fffff,8a28d542e75ffff,1,2025,1,5,0.6636257410476073,0.15485107898712158,0.10548757016658783,0.13240090012550354,0.21082741022109985,13.486600875854492,719708.0
608,2025-01-01,47.617940716712,-122.312501458384,82,1000,-1.1939798061352827,1000,-0.31292250417744477,8728d542effffff,8828d542e9fffff,8a28d542e947fff,1,2025,1,1,0.47994268219646025,0.3692589998245239,0.11723426729440689,0.1339360922574997,0.23361042141914368,13.679046630859375,872437.8125
609,2025-01-01,47.6221379365555,-122.318504432021,199,1000,-1.1939798061352827,1000,-0.31292250417744477,8728d542effffff,8828d542ebfffff,8a28d542eb0ffff,1,2025,1,5,0.09504525324366118,0.15485107898712158,0.10548757016658783,0.13240090012550354,0.21082741022109985,13.486600875854492,719708.0
610,2025-01-01,47.6222435293895,-122.299529240811,82,1000,-1.1939798061352827,1000,-0.31292250417744477,8728d542effffff,8828d542edfffff,8a28d542ec77fff,1,2025,1,1,1.426804790374774,0.3692589998245239,0.11723426729440689,0.1339360922574997,0.23361042141914368,13.679046630859375,872437.8125
611,2025-01-01,47.6211134988974,-122.300803099328,82,1000,-1.1939798061352827,1000,-0.31292250417744477,8728d542effffff,8828d542edfffff,8a28d542ed5ffff,1,2025,1,1,-0.33051284089043237,0.3692589998245239,0.11723426729440689,0.1339360922574997,0.23361042141914368,13.679046630859375,872437.8125
612,2025-01-01,47.6322434085497,-122.21109080103,16,1000,-1.1939798061352827,1000,-0.31292250417744477,8728d5433ffffff,8828d5433bfffff,8a28d5433b47fff,1,2025,1,0,2.083373178600283,0.1429627537727356,0.09703939408063889,0.12520404160022736,0.19412188231945038,13.368758201599121,639702.3125
613,2025-01-01,47.7053496296584,-122.351634360637,82,1000,-1.1939798061352827,1000,-0.31292250417744477,8728d5454ffffff,8828d54545fffff,8a28d54544a7fff,1,2025,1,1,-0.5525862123948405,0.3692589998245239,0.11723426729440689,0.1339360922574997,0.23361042141914368,13.679046630859375,872437.8125
614,2025-01-01,47.5896752573651,-122.196094636009,16,1000,-1.1939798061352827,1000,-0.31292250417744477,8728d5434ffffff,8828d54349fffff,8a28d5434817fff,1,2025,1,0,1.7123326992145524,0.1429627537727356,0.09703939408063889,0.12520404160022736,0.19412188231945038,13.368758201599121,639702.3125
615,2025-01-01,47.7221672238394,-122.356098448616,82,1000,-1.1939798061352827,1000,-0.31292250417744477,8728d5450ffffff,8828d54505fffff,8a28d545050ffff,1,2025,1,1,-0.37407396110795943,0.3692589998245239,0.11723426729440689,0.1339360922574997,0.23361042141914368,13.679046630859375,872437.8125
616,2025-01-01,47.7137380833631,-122.357233136211,82,1000,-1.1939798061352827,1000,-0.31292250417744477,8728d5450ffffff,8828d5450dfffff,8a28d5450d37fff,1,2025,1,1,-0.10554836035304363,0.3692589998245239,0.11723426729440689,0.1339360922574997,0.23361042141914368,13.679046630859375,872437.8125
617,2025-01-01,47.7364329024053,-122.339312789359,82,1000,-1.1939798061352827,1000,-0.31292250417744477,8728d5452ffffff,8828d54521fffff,8a28d54520f7fff,1,2025,1,1,-0.05538929465826582,0.3692589998245239,0.11723426729440689,0.1339360922574997,0.23361042141914368,13.679046630859375,872437.8125
618,2025-01-01,47.7429076299229,-122.341672088246,82,1000,-1.1939798061352827,1000,-0.31292250417744477,8728d5452ffffff,8828d54527fffff,8a28d5452647fff,1,2025,1,1,-0.18342745105060673,0.3692589998245239,0.11723426729440689,0.1339360922574997,0.23361042141914368,13.679046630859375,872437.8125
619,2025-01-01,47.7298775108431,-122.352863652574,82,1000,-1.1939798061352827,1000,-0.31292250417744477,8728d5452ffffff,8828d5452bfffff,8a28d5452b0ffff,1,2025,1,1,-0.1316832878532586,0.3692589998245239,0.11723426729440689,0.1339360922574997,0.23361042141914368,13.679046630859375,872437.8125
620,2025-01-01,47.7318854838831,-122.333926465476,82,1000,-1.1939798061352827,1000,-0.31292250417744477,8728d5452ffffff,8828d5452dfffff,8a28d5452ceffff,1,2025,1,1,-1.257595622873429,0.3692589998245239,0.11723426729440689,0.1339360922574997,0.23361042141914368,13.679046630859375,872437.8125
621,2025-01-01,47.7001811193218,-122.364040308073,82,1000,-1.1939798061352827,1000,-0.31292250417744477,8728d5454ffffff,8828d54541fffff,8a28d54541affff,1,2025,1,1,0.8371182525351497,0.3692589998245239,0.11723426729440689,0.1339360922574997,0.23361042141914368,13.679046630859375,872437.8125
622,2025-01-01,47.7231045552965,-122.365958342667,199,1000,-1.1939798061352827,1000,-0.31292250417744477,8728d5450ffffff,8828d54501fffff,8a28d545001ffff,1,2025,1,5,0.5777254750420284,0.15485107898712158,0.10548757016658783,0.13240090012550354,0.21082741022109985,13.486600875854492,719708.0
623,2025-01-01,47.2680573299761,-122.233045420907,109,1000,-1.1939798061352827,1000,-0.31292250417744477,8728d5d9dffffff,8828d5d9dbfffff,8a28d5d9db87fff,1,2025,1,2,-0.6565582676377216,0.08547535538673401,0.11241549998521805,0.1416901797056198,0.224704772233963,13.400599479675293,660399.0
