{"type":"FeatureCollection","metadata":{"source":"washington-latest.osm.pbf","generatedAt":"2026-08-03T14:39:59.415456+00:00","clipBounds":[-122.5931459,47.034089400000006,-121.0156372,47.830328099999996],"simplifyDegrees":8e-05,"featureCount":872,"countsByKind":{"motorway_connector":872},"countsByCategory":{"motorway_connector":872}},"features":[{"type":"Feature","geometry":{"type":"Point","coordinates":[-122.3223851,47.6411694]},"properties":{"kind":"motorway_connector","category":"motorway_connector","osmId":"1463631927","connectedRoadTypes":["construction"]}},{"type":"Feature","geometry":{"type":"Point","coordinates":[-122.3177533,47.6427362]},"properties":{"kind":"motorway_connector","category":"motorway_connector","osmId":"1525670024","connectedRoadTypes":["construction"]}},{"type":"Feature","geometry":{"type":"Point","coordinates":[-122.3167663,47.6429311]},"properties":{"kind":"motorway_connector","category":"motorway_connector","osmId":"446010581","connectedRoadTypes":["construction"]}},{"type":"Feature","geometry":{"type":"Point","coordinates":[-122.163705,47.759187]},"properties":{"kind":"motorway_connector","category":"motorway_connector","osmId":"240535155","connectedRoadTypes":["secondary"]}},{"type":"Feature","geometry":{"type":"Point","coordinates":[-122.3211317,47.6746024]},"properties":{"kind":"motorway_connector","category":"motorway_connector","osmId":"465973371","connectedRoadTypes":["secondary"]}},{"type":"Feature","geometry":{"type":"Point","coordinates":[-122.3200777,47.6734418]},"properties":{"kind":"motorway_connector","category":"motorway_connector","osmId":"4729951","connectedRoadTypes":["residential","secondary"]}},{"type":"Feature","geometry":{"type":"Point","coordinates":[-122.1905419,47.7560098]},"properties":{"kind":"motorway_connector","category":"motorway_connector","osmId":"4752452","connectedRoadTypes":["trunk"]}},{"type":"Feature","geometry":{"type":"Point","coordinates":[-122.320059,47.6795204]},"properties":{"kind":"motorway_connector","category":"motorway_connector","osmId":"4864519","connectedRoadTypes":["tertiary"]}},{"type":"Feature","geometry":{"type":"Point","coordinates":[-122.3311799,47.6905606]},"properties":{"kind":"motorway_connector","category":"motorway_connector","osmId":"7977770","connectedRoadTypes":["secondary"]}},{"type":"Feature","geometry":{"type":"Point","coordinates":[-122.3311795,47.6904956]},"properties":{"kind":"motorway_connector","category":"motorway_connector","osmId":"4864578","connectedRoadTypes":["secondary"]}},{"type":"Feature","geometry":{"type":"Point","coordinates":[-122.3284351,47.6879671]},"properties":{"kind":"motorway_connector","category":"motorway_connector","osmId":"7977769","connectedRoadTypes":["secondary"]}},{"type":"Feature","geometry":{"type":"Point","coordinates":[-122.2146377,47.7942628]},"properties":{"kind":"motorway_connector","category":"motorway_connector","osmId":"6120333","connectedRoadTypes":["primary"]}},{"type":"Feature","geometry":{"type":"Point","coordinates":[-122.1885093,47.7688645]},"properties":{"kind":"motorway_connector","category":"motorway_connector","osmId":"314941846","connectedRoadTypes":["secondary"]}},{"type":"Feature","geometry":{"type":"Point","coordinates":[-122.1642402,47.7576131]},"properties":{"kind":"motorway_connector","category":"motorway_connector","osmId":"133397821","connectedRoadTypes":["primary"]}},{"type":"Feature","geometry":{"type":"Point","coordinates":[-122.1970136,47.7569981]},"properties":{"kind":"motorway_connector","category":"motorway_connector","osmId":"719485336","connectedRoadTypes":["primary"]}},{"type":"Feature","geometry":{"type":"Point","coordinates":[-121.1742848,47.2358587]},"properties":{"kind":"motorway_connector","category":"motorway_connector","osmId":"26600836","connectedRoadTypes":["tertiary"]}},{"type":"Feature","geometry":{"type":"Point","coordinates":[-121.1906711,47.2495596]},"properties":{"kind":"motorway_connector","category":"motorway_connector","osmId":"26429176","connectedRoadTypes":["tertiary"]}},{"type":"Feature","geometry":{"type":"Point","coordinates":[-121.2887233,47.2971243]},"properties":{"kind":"motorway_connector","category":"motorway_connector","osmId":"5923890","connectedRoadTypes":["unclassified"]}},{"type":"Feature","geometry":{"type":"Point","coordinates":[-121.3957749,47.3974169]},"properties":{"kind":"motorway_connector","category":"motorway_connector","osmId":"162620228","connectedRoadTypes":["secondary","unclassified"]}},{"type":"Feature","geometry":{"type":"Point","coordinates":[-121.3958661,47.3973637]},"properties":{"kind":"motorway_connector","category":"motorway_connector","osmId":"178601509","connectedRoadTypes":["secondary"]}},{"type":"Feature","geometry":{"type":"Point","coordinates":[-121.3962328,47.3971255]},"properties":{"kind":"motorway_connector","category":"motorway_connector","osmId":"162620230","connectedRoadTypes":["secondary"]}},{"type":"Feature","geometry":{"type":"Point","coordinates":[-121.3980591,47.3955821]},"properties":{"kind":"motorway_connector","category":"motorway_connector","osmId":"162620225","connectedRoadTypes":["secondary"]}},{"type":"Feature","geometry":{"type":"Point","coordinates":[-121.4115436,47.4186211]},"properties":{"kind":"motorway_connector","category":"motorway_connector","osmId":"162620224","connectedRoadTypes":["secondary"]}},{"type":"Feature","geometry":{"type":"Point","coordinates":[-121.1714046,47.2374384]},"properties":{"kind":"motorway_connector","category":"motorway_connector","osmId":"5922574","connectedRoadTypes":["residential","tertiary"]}},{"type":"Feature","geometry":{"type":"Point","coordinates":[-121.3068475,47.3049835]},"properties":{"kind":"motorway_connector","category":"motorway_connector","osmId":"32836231","connectedRoadTypes":["tertiary","unclassified"]}},{"type":"Feature","geometry":{"type":"Point","coordinates":[-121.0526136,47.1943715]},"properties":{"kind":"motorway_connector","category":"motorway_connector","osmId":"5920922","connectedRoadTypes":["tertiary"]}},{"type":"Feature","geometry":{"type":"Point","coordinates":[-121.0518292,47.1954187]},"properties":{"kind":"motorway_connector","category":"motorway_connector","osmId":"5920918","connectedRoadTypes":["residential","tertiary"]}},{"type":"Feature","geometry":{"type":"Point","coordinates":[-122.2805425,47.8209328]},"properties":{"kind":"motorway_connector","category":"motorway_connector","osmId":"154580755","connectedRoadTypes":["primary"]}},{"type":"Feature","geometry":{"type":"Point","coordinates":[-122.2779107,47.8188716]},"properties":{"kind":"motorway_connector","category":"motorway_connector","osmId":"428273925","connectedRoadTypes":["primary","secondary"]}},{"type":"Feature","geometry":{"type":"Point","coordinates":[-122.2778064,47.8195613]},"properties":{"kind":"motorway_connector","category":"motorway_connector","osmId":"27032692","connectedRoadTypes":["primary"]}},{"type":"Feature","geometry":{"type":"Point","coordinates":[-122.1455843,47.781025]},"properties":{"kind":"motorway_connector","category":"motorway_connector","osmId":"26299048","connectedRoadTypes":["primary","secondary"]}},{"type":"Feature","geometry":{"type":"Point","coordinates":[-122.3150641,47.5174084]},"properties":{"kind":"motorway_connector","category":"motorway_connector","osmId":"155229034","connectedRoadTypes":["residential","service","tertiary"]}},{"type":"Feature","geometry":{"type":"Point","coordinates":[-122.2158152,47.4411533]},"properties":{"kind":"motorway_connector","category":"motorway_connector","osmId":"23813508","connectedRoadTypes":["secondary"]}},{"type":"Feature","geometry":{"type":"Point","coordinates":[-122.2769632,47.4849267]},"properties":{"kind":"motorway_connector","category":"motorway_connector","osmId":"6324674","connectedRoadTypes":["residential","tertiary"]}},{"type":"Feature","geometry":{"type":"Point","coordinates":[-122.2377546,47.5903605]},"properties":{"kind":"motorway_connector","category":"motorway_connector","osmId":"160640900","connectedRoadTypes":["secondary","tertiary"]}},{"type":"Feature","geometry":{"type":"Point","coordinates":[-122.2309614,47.5836725]},"properties":{"kind":"motorway_connector","category":"motorway_connector","osmId":"160643781","connectedRoadTypes":["secondary_link","tertiary"]}},{"type":"Feature","geometry":{"type":"Point","coordinates":[-122.3311836,47.612527]},"properties":{"kind":"motorway_connector","category":"motorway_connector","osmId":"531638072","connectedRoadTypes":["cycleway","secondary","tertiary"]}},{"type":"Feature","geometry":{"type":"Point","coordinates":[-122.3228704,47.6652215]},"properties":{"kind":"motorway_connector","category":"motorway_connector","osmId":"4644192","connectedRoadTypes":["residential","secondary"]}},{"type":"Feature","geometry":{"type":"Point","coordinates":[-122.3230903,47.6340701]},"properties":{"kind":"motorway_connector","category":"motorway_connector","osmId":"34817331","connectedRoadTypes":["residential","tertiary"]}},{"type":"Feature","geometry":{"type":"Point","coordinates":[-122.1893361,47.5565131]},"properties":{"kind":"motorway_connector","category":"motorway_connector","osmId":"6333402","connectedRoadTypes":["secondary","tertiary"]}},{"type":"Feature","geometry":{"type":"Point","coordinates":[-122.270347,47.4629414]},"properties":{"kind":"motorway_connector","category":"motorway_connector","osmId":"531875598","connectedRoadTypes":["secondary"]}},{"type":"Feature","geometry":{"type":"Point","coordinates":[-122.3290851,47.6184573]},"properties":{"kind":"motorway_connector","category":"motorway_connector","osmId":"4755249","connectedRoadTypes":["primary","secondary"]}},{"type":"Feature","geometry":{"type":"Point","coordinates":[-122.3220922,47.6456201]},"properties":{"kind":"motorway_connector","category":"motorway_connector","osmId":"4637345","connectedRoadTypes":["secondary"]}},{"type":"Feature","geometry":{"type":"Point","coordinates":[-122.3125223,47.5481643]},"properties":{"kind":"motorway_connector","category":"motorway_connector","osmId":"885529112","connectedRoadTypes":["tertiary","unclassified"]}},{"type":"Feature","geometry":{"type":"Point","coordinates":[-122.0626953,47.5466634]},"properties":{"kind":"motorway_connector","category":"motorway_connector","osmId":"247792570","connectedRoadTypes":["secondary"]}},{"type":"Feature","geometry":{"type":"Point","coordinates":[-122.362343,47.5697235]},"properties":{"kind":"motorway_connector","category":"motorway_connector","osmId":"8083087","connectedRoadTypes":["secondary","service"]}},{"type":"Feature","geometry":{"type":"Point","coordinates":[-122.3313777,47.5341643]},"properties":{"kind":"motorway_connector","category":"motorway_connector","osmId":"32142462","connectedRoadTypes":["tertiary","unclassified"]}},{"type":"Feature","geometry":{"type":"Point","coordinates":[-122.2184002,47.4438323]},"properties":{"kind":"motorway_connector","category":"motorway_connector","osmId":"6325196","connectedRoadTypes":["secondary","tertiary"]}},{"type":"Feature","geometry":{"type":"Point","coordinates":[-122.3208338,47.6575155]},"properties":{"kind":"motorway_connector","category":"motorway_connector","osmId":"4644164","connectedRoadTypes":["residential","secondary","tertiary"]}},{"type":"Feature","geometry":{"type":"Point","coordinates":[-122.3004653,47.5088406]},"properties":{"kind":"motorway_connector","category":"motorway_connector","osmId":"6329058","connectedRoadTypes":["tertiary","unclassified"]}},{"type":"Feature","geometry":{"type":"Point","coordinates":[-122.3320167,47.6084546]},"properties":{"kind":"motorway_connector","category":"motorway_connector","osmId":"56178981","connectedRoadTypes":["secondary","tertiary"]}},{"type":"Feature","geometry":{"type":"Point","coordinates":[-122.325951,47.488519]},"properties":{"kind":"motorway_connector","category":"motorway_connector","osmId":"174582792","connectedRoadTypes":["secondary"]}},{"type":"Feature","geometry":{"type":"Point","coordinates":[-122.0904969,47.3720302]},"properties":{"kind":"motorway_connector","category":"motorway_connector","osmId":"1327350448","connectedRoadTypes":["unclassified"]}},{"type":"Feature","geometry":{"type":"Point","coordinates":[-122.3254632,47.5027431]},"properties":{"kind":"motorway_connector","category":"motorway_connector","osmId":"428065622","connectedRoadTypes":["tertiary"]}},{"type":"Feature","geometry":{"type":"Point","coordinates":[-122.3243574,47.5027521]},"properties":{"kind":"motorway_connector","category":"motorway_connector","osmId":"479379224","connectedRoadTypes":["tertiary"]}},{"type":"Feature","geometry":{"type":"Point","coordinates":[-122.2488127,47.4657143]},"properties":{"kind":"motorway_connector","category":"motorway_connector","osmId":"427155390","connectedRoadTypes":["primary","residential","secondary"]}},{"type":"Feature","geometry":{"type":"Point","coordinates":[-122.2073197,47.5772861]},"properties":{"kind":"motorway_connector","category":"motorway_connector","osmId":"495998123","connectedRoadTypes":["tertiary"]}},{"type":"Feature","geometry":{"type":"Point","coordinates":[-122.188124,47.7420598]},"properties":{"kind":"motorway_connector","category":"motorway_connector","osmId":"428239632","connectedRoadTypes":["secondary"]}},{"type":"Feature","geometry":{"type":"Point","coordinates":[-122.3260345,47.7231413]},"properties":{"kind":"motorway_connector","category":"motorway_connector","osmId":"399819393","connectedRoadTypes":["secondary"]}},{"type":"Feature","geometry":{"type":"Point","coordinates":[-122.1811641,47.7039898]},"properties":{"kind":"motorway_connector","category":"motorway_connector","osmId":"368715178","connectedRoadTypes":["residential","tertiary"]}},{"type":"Feature","geometry":{"type":"Point","coordinates":[-122.2749207,47.4862111]},"properties":{"kind":"motorway_connector","category":"motorway_connector","osmId":"972600910","connectedRoadTypes":["residential","secondary","tertiary"]}},{"type":"Feature","geometry":{"type":"Point","coordinates":[-122.3369743,47.5347754]},"properties":{"kind":"motorway_connector","category":"motorway_connector","osmId":"245193735","connectedRoadTypes":["primary"]}},{"type":"Feature","geometry":{"type":"Point","coordinates":[-122.3363378,47.5338134]},"properties":{"kind":"motorway_connector","category":"motorway_connector","osmId":"29315809","connectedRoadTypes":["primary"]}},{"type":"Feature","geometry":{"type":"Point","coordinates":[-122.3344,47.5262064]},"properties":{"kind":"motorway_connector","category":"motorway_connector","osmId":"531652858","connectedRoadTypes":["secondary","tertiary"]}},{"type":"Feature","geometry":{"type":"Point","coordinates":[-122.3346541,47.5257973]},"properties":{"kind":"motorway_connector","category":"motorway_connector","osmId":"31068301","connectedRoadTypes":["secondary"]}},{"type":"Feature","geometry":{"type":"Point","coordinates":[-122.1294759,47.669348]},"properties":{"kind":"motorway_connector","category":"motorway_connector","osmId":"6336932","connectedRoadTypes":["secondary","tertiary"]}},{"type":"Feature","geometry":{"type":"Point","coordinates":[-122.1523941,47.3297323]},"properties":{"kind":"motorway_connector","category":"motorway_connector","osmId":"6325358","connectedRoadTypes":["secondary","tertiary"]}},{"type":"Feature","geometry":{"type":"Point","coordinates":[-122.3308837,47.5319459]},"properties":{"kind":"motorway_connector","category":"motorway_connector","osmId":"6328622","connectedRoadTypes":["tertiary"]}},{"type":"Feature","geometry":{"type":"Point","coordinates":[-122.3295061,47.5308988]},"properties":{"kind":"motorway_connector","category":"motorway_connector","osmId":"158465371","connectedRoadTypes":["tertiary"]}},{"type":"Feature","geometry":{"type":"Point","coordinates":[-122.245201,47.4626758]},"properties":{"kind":"motorway_connector","category":"motorway_connector","osmId":"6335393","connectedRoadTypes":["primary","residential"]}},{"type":"Feature","geometry":{"type":"Point","coordinates":[-122.3285393,47.7031739]},"properties":{"kind":"motorway_connector","category":"motorway_connector","osmId":"370478222","connectedRoadTypes":["secondary","tertiary"]}},{"type":"Feature","geometry":{"type":"Point","coordinates":[-122.2331472,47.3050421]},"properties":{"kind":"motorway_connector","category":"motorway_connector","osmId":"373534874","connectedRoadTypes":["secondary","service"]}},{"type":"Feature","geometry":{"type":"Point","coordinates":[-122.2331705,47.3051677]},"properties":{"kind":"motorway_connector","category":"motorway_connector","osmId":"464664282","connectedRoadTypes":["secondary","service"]}},{"type":"Feature","geometry":{"type":"Point","coordinates":[-121.5865355,47.4150782]},"properties":{"kind":"motorway_connector","category":"motorway_connector","osmId":"178601495","connectedRoadTypes":["unclassified"]}},{"type":"Feature","geometry":{"type":"Point","coordinates":[-122.1401494,47.5772286]},"properties":{"kind":"motorway_connector","category":"motorway_connector","osmId":"428243925","connectedRoadTypes":["secondary","tertiary"]}},{"type":"Feature","geometry":{"type":"Point","coordinates":[-121.8495244,47.5121788]},"properties":{"kind":"motorway_connector","category":"motorway_connector","osmId":"41821524","connectedRoadTypes":["unclassified"]}},{"type":"Feature","geometry":{"type":"Point","coordinates":[-121.8493669,47.5124758]},"properties":{"kind":"motorway_connector","category":"motorway_connector","osmId":"998768289","connectedRoadTypes":["secondary","unclassified"]}},{"type":"Feature","geometry":{"type":"Point","coordinates":[-121.979775,47.5308197]},"properties":{"kind":"motorway_connector","category":"motorway_connector","osmId":"6332427","connectedRoadTypes":["residential","tertiary"]}},{"type":"Feature","geometry":{"type":"Point","coordinates":[-122.1970026,47.4840874]},"properties":{"kind":"motorway_connector","category":"motorway_connector","osmId":"174667370","connectedRoadTypes":["primary","secondary"]}},{"type":"Feature","geometry":{"type":"Point","coordinates":[-121.980098,47.5318552]},"properties":{"kind":"motorway_connector","category":"motorway_connector","osmId":"6333515","connectedRoadTypes":["tertiary"]}},{"type":"Feature","geometry":{"type":"Point","coordinates":[-122.3007136,47.4196141]},"properties":{"kind":"motorway_connector","category":"motorway_connector","osmId":"907548620","connectedRoadTypes":["tertiary"]}},{"type":"Feature","geometry":{"type":"Point","coordinates":[-122.0235189,47.5304339]},"properties":{"kind":"motorway_connector","category":"motorway_connector","osmId":"93746473","connectedRoadTypes":["secondary"]}},{"type":"Feature","geometry":{"type":"Point","coordinates":[-122.3187166,47.6825643]},"properties":{"kind":"motorway_connector","category":"motorway_connector","osmId":"7992897","connectedRoadTypes":["residential","tertiary"]}},{"type":"Feature","geometry":{"type":"Point","coordinates":[-122.267875,47.4650854]},"properties":{"kind":"motorway_connector","category":"motorway_connector","osmId":"4757255","connectedRoadTypes":["residential","secondary","tertiary"]}},{"type":"Feature","geometry":{"type":"Point","coordinates":[-122.3343042,47.5320311]},"properties":{"kind":"motorway_connector","category":"motorway_connector","osmId":"29315815","connectedRoadTypes":["tertiary"]}},{"type":"Feature","geometry":{"type":"Point","coordinates":[-122.3209354,47.6605012]},"properties":{"kind":"motorway_connector","category":"motorway_connector","osmId":"158781609","connectedRoadTypes":["secondary_link"]}},{"type":"Feature","geometry":{"type":"Point","coordinates":[-122.3443177,47.5714605]},"properties":{"kind":"motorway_connector","category":"motorway_connector","osmId":"4744030","connectedRoadTypes":["secondary"]}},{"type":"Feature","geometry":{"type":"Point","coordinates":[-122.3207271,47.6652838]},"properties":{"kind":"motorway_connector","category":"motorway_connector","osmId":"400340216","connectedRoadTypes":["residential","secondary","secondary_link"]}},{"type":"Feature","geometry":{"type":"Point","coordinates":[-122.3332542,47.545846]},"properties":{"kind":"motorway_connector","category":"motorway_connector","osmId":"8116894","connectedRoadTypes":["unclassified"]}},{"type":"Feature","geometry":{"type":"Point","coordinates":[-122.3614686,47.5708989]},"properties":{"kind":"motorway_connector","category":"motorway_connector","osmId":"49891366","connectedRoadTypes":["secondary"]}},{"type":"Feature","geometry":{"type":"Point","coordinates":[-122.3255784,47.5715375]},"properties":{"kind":"motorway_connector","category":"motorway_connector","osmId":"437936470","connectedRoadTypes":["primary","secondary"]}},{"type":"Feature","geometry":{"type":"Point","coordinates":[-122.320895,47.5492844]},"properties":{"kind":"motorway_connector","category":"motorway_connector","osmId":"4810337","connectedRoadTypes":["secondary"]}},{"type":"Feature","geometry":{"type":"Point","coordinates":[-122.3208069,47.6608602]},"properties":{"kind":"motorway_connector","category":"motorway_connector","osmId":"158781609","connectedRoadTypes":["secondary"]}},{"type":"Feature","geometry":{"type":"Point","coordinates":[-122.4631801,47.238681]},"properties":{"kind":"motorway_connector","category":"motorway_connector","osmId":"1292210208","connectedRoadTypes":["trunk"]}},{"type":"Feature","geometry":{"type":"Point","coordinates":[-122.4334698,47.2372197]},"properties":{"kind":"motorway_connector","category":"motorway_connector","osmId":"23582316","connectedRoadTypes":["tertiary"]}},{"type":"Feature","geometry":{"type":"Point","coordinates":[-122.5370527,47.2580693]},"properties":{"kind":"motorway_connector","category":"motorway_connector","osmId":"12174119","connectedRoadTypes":["primary"]}},{"type":"Feature","geometry":{"type":"Point","coordinates":[-122.4315661,47.159312]},"properties":{"kind":"motorway_connector","category":"motorway_connector","osmId":"1046479421","connectedRoadTypes":["primary","service","tertiary"]}},{"type":"Feature","geometry":{"type":"Point","coordinates":[-122.4327548,47.1593035]},"properties":{"kind":"motorway_connector","category":"motorway_connector","osmId":"129818200","connectedRoadTypes":["primary","service"]}},{"type":"Feature","geometry":{"type":"Point","coordinates":[-122.5418273,47.1265792]},"properties":{"kind":"motorway_connector","category":"motorway_connector","osmId":"1104894739","connectedRoadTypes":["tertiary"]}},{"type":"Feature","geometry":{"type":"Point","coordinates":[-122.4111934,47.2385658]},"properties":{"kind":"motorway_connector","category":"motorway_connector","osmId":"12174874","connectedRoadTypes":["primary","tertiary"]}},{"type":"Feature","geometry":{"type":"Point","coordinates":[-122.5618472,47.2798318]},"properties":{"kind":"motorway_connector","category":"motorway_connector","osmId":"35876404","connectedRoadTypes":["tertiary"]}},{"type":"Feature","geometry":{"type":"Point","coordinates":[-122.5252294,47.1366214]},"properties":{"kind":"motorway_connector","category":"motorway_connector","osmId":"1046827019","connectedRoadTypes":["secondary"]}},{"type":"Feature","geometry":{"type":"Point","coordinates":[-122.5663866,47.2910906]},"properties":{"kind":"motorway_connector","category":"motorway_connector","osmId":"31151317","connectedRoadTypes":["residential","service","tertiary"]}},{"type":"Feature","geometry":{"type":"Point","coordinates":[-122.537139,47.259699]},"properties":{"kind":"motorway_connector","category":"motorway_connector","osmId":"23334805","connectedRoadTypes":["primary","residential","secondary"]}},{"type":"Feature","geometry":{"type":"Point","coordinates":[-122.3040851,47.1606908]},"properties":{"kind":"motorway_connector","category":"motorway_connector","osmId":"623957681","connectedRoadTypes":["service"]}},{"type":"Feature","geometry":{"type":"Point","coordinates":[-122.2980784,47.1615131]},"properties":{"kind":"motorway_connector","category":"motorway_connector","osmId":"12167841","connectedRoadTypes":["primary"]}},{"type":"Feature","geometry":{"type":"Point","coordinates":[-122.505042,47.2466487]},"properties":{"kind":"motorway_connector","category":"motorway_connector","osmId":"139810367","connectedRoadTypes":["tertiary"]}},{"type":"Feature","geometry":{"type":"Point","coordinates":[-122.22938,47.193395]},"properties":{"kind":"motorway_connector","category":"motorway_connector","osmId":"12172928","connectedRoadTypes":["secondary"]}},{"type":"Feature","geometry":{"type":"Point","coordinates":[-122.4075753,47.2399346]},"properties":{"kind":"motorway_connector","category":"motorway_connector","osmId":"349584331","connectedRoadTypes":["primary"]}},{"type":"Feature","geometry":{"type":"Point","coordinates":[-122.322097,47.6431968]},"properties":{"kind":"motorway_connector","category":"motorway_connector","osmId":"4644055","connectedRoadTypes":["secondary"]}},{"type":"Feature","geometry":{"type":"Point","coordinates":[-122.3286376,47.6163592]},"properties":{"kind":"motorway_connector","category":"motorway_connector","osmId":"4755209","connectedRoadTypes":["secondary"]}},{"type":"Feature","geometry":{"type":"Point","coordinates":[-122.328335,47.6164476]},"properties":{"kind":"motorway_connector","category":"motorway_connector","osmId":"436165683","connectedRoadTypes":["secondary"]}},{"type":"Feature","geometry":{"type":"Point","coordinates":[-122.2923029,47.8123928]},"properties":{"kind":"motorway_connector","category":"motorway_connector","osmId":"6128318","connectedRoadTypes":["primary","secondary","tertiary"]}},{"type":"Feature","geometry":{"type":"Point","coordinates":[-122.3287564,47.7469134]},"properties":{"kind":"motorway_connector","category":"motorway_connector","osmId":"17041559","connectedRoadTypes":["service"]}},{"type":"Feature","geometry":{"type":"Point","coordinates":[-122.3297214,47.7470343]},"properties":{"kind":"motorway_connector","category":"motorway_connector","osmId":"923159844","connectedRoadTypes":["service"]}},{"type":"Feature","geometry":{"type":"Point","coordinates":[-122.3296875,47.6060531]},"properties":{"kind":"motorway_connector","category":"motorway_connector","osmId":"171121251","connectedRoadTypes":["secondary"]}},{"type":"Feature","geometry":{"type":"Point","coordinates":[-122.3305267,47.6051141]},"properties":{"kind":"motorway_connector","category":"motorway_connector","osmId":"310004599","connectedRoadTypes":["secondary","tertiary"]}},{"type":"Feature","geometry":{"type":"Point","coordinates":[-122.3280669,47.6051462]},"properties":{"kind":"motorway_connector","category":"motorway_connector","osmId":"332963118","connectedRoadTypes":["tertiary"]}},{"type":"Feature","geometry":{"type":"Point","coordinates":[-122.3570493,47.239882]},"properties":{"kind":"motorway_connector","category":"motorway_connector","osmId":"315418448","connectedRoadTypes":["primary"]}},{"type":"Feature","geometry":{"type":"Point","coordinates":[-122.3857872,47.239668]},"properties":{"kind":"motorway_connector","category":"motorway_connector","osmId":"177678652","connectedRoadTypes":["secondary"]}},{"type":"Feature","geometry":{"type":"Point","coordinates":[-122.3856857,47.2408111]},"properties":{"kind":"motorway_connector","category":"motorway_connector","osmId":"23216021","connectedRoadTypes":["secondary"]}},{"type":"Feature","geometry":{"type":"Point","coordinates":[-122.2292634,47.5871091]},"properties":{"kind":"motorway_connector","category":"motorway_connector","osmId":"344287137","connectedRoadTypes":["secondary","tertiary"]}},{"type":"Feature","geometry":{"type":"Point","coordinates":[-122.2288702,47.5872208]},"properties":{"kind":"motorway_connector","category":"motorway_connector","osmId":"160634182","connectedRoadTypes":["tertiary"]}},{"type":"Feature","geometry":{"type":"Point","coordinates":[-122.4294845,47.2230976]},"properties":{"kind":"motorway_connector","category":"motorway_connector","osmId":"12170640","connectedRoadTypes":["primary"]}},{"type":"Feature","geometry":{"type":"Point","coordinates":[-122.426937,47.223102]},"properties":{"kind":"motorway_connector","category":"motorway_connector","osmId":"62099079","connectedRoadTypes":["primary"]}},{"type":"Feature","geometry":{"type":"Point","coordinates":[-122.463593,47.1902435]},"properties":{"kind":"motorway_connector","category":"motorway_connector","osmId":"177689311","connectedRoadTypes":["primary"]}},{"type":"Feature","geometry":{"type":"Point","coordinates":[-122.208184,47.1977821]},"properties":{"kind":"motorway_connector","category":"motorway_connector","osmId":"12175952","connectedRoadTypes":["tertiary"]}},{"type":"Feature","geometry":{"type":"Point","coordinates":[-122.2938196,47.2034252]},"properties":{"kind":"motorway_connector","category":"motorway_connector","osmId":"124272626","connectedRoadTypes":["primary","tertiary_link"]}},{"type":"Feature","geometry":{"type":"Point","coordinates":[-122.2938694,47.2043539]},"properties":{"kind":"motorway_connector","category":"motorway_connector","osmId":"12243689","connectedRoadTypes":["construction","primary"]}},{"type":"Feature","geometry":{"type":"Point","coordinates":[-122.4024392,47.1583491]},"properties":{"kind":"motorway_connector","category":"motorway_connector","osmId":"23689961","connectedRoadTypes":["secondary"]}},{"type":"Feature","geometry":{"type":"Point","coordinates":[-122.402343,47.1581616]},"properties":{"kind":"motorway_connector","category":"motorway_connector","osmId":"272389897","connectedRoadTypes":["secondary"]}},{"type":"Feature","geometry":{"type":"Point","coordinates":[-122.434217,47.1578418]},"properties":{"kind":"motorway_connector","category":"motorway_connector","osmId":"1046190723","connectedRoadTypes":["primary"]}},{"type":"Feature","geometry":{"type":"Point","coordinates":[-122.467893,47.158775]},"properties":{"kind":"motorway_connector","category":"motorway_connector","osmId":"12179148","connectedRoadTypes":["primary"]}},{"type":"Feature","geometry":{"type":"Point","coordinates":[-122.5576198,47.1184831]},"properties":{"kind":"motorway_connector","category":"motorway_connector","osmId":"905699833","connectedRoadTypes":["secondary"]}},{"type":"Feature","geometry":{"type":"Point","coordinates":[-122.5893541,47.1056719]},"properties":{"kind":"motorway_connector","category":"motorway_connector","osmId":"12170276","connectedRoadTypes":["secondary"]}},{"type":"Feature","geometry":{"type":"Point","coordinates":[-122.2975775,47.4651645]},"properties":{"kind":"motorway_connector","category":"motorway_connector","osmId":"6327808","connectedRoadTypes":["primary"]}},{"type":"Feature","geometry":{"type":"Point","coordinates":[-122.3305367,47.4723356]},"properties":{"kind":"motorway_connector","category":"motorway_connector","osmId":"6337677","connectedRoadTypes":["tertiary"]}},{"type":"Feature","geometry":{"type":"Point","coordinates":[-122.3299692,47.4723457]},"properties":{"kind":"motorway_connector","category":"motorway_connector","osmId":"88356310","connectedRoadTypes":["tertiary"]}},{"type":"Feature","geometry":{"type":"Point","coordinates":[-122.3317085,47.4703007]},"properties":{"kind":"motorway_connector","category":"motorway_connector","osmId":"238784626","connectedRoadTypes":["trunk"]}},{"type":"Feature","geometry":{"type":"Point","coordinates":[-122.332285,47.4704975]},"properties":{"kind":"motorway_connector","category":"motorway_connector","osmId":"6333135","connectedRoadTypes":["trunk"]}},{"type":"Feature","geometry":{"type":"Point","coordinates":[-122.2557298,47.295687]},"properties":{"kind":"motorway_connector","category":"motorway_connector","osmId":"362646314","connectedRoadTypes":["secondary_link"]}},{"type":"Feature","geometry":{"type":"Point","coordinates":[-122.2319588,47.3049685]},"properties":{"kind":"motorway_connector","category":"motorway_connector","osmId":"203303979","connectedRoadTypes":["secondary_link"]}},{"type":"Feature","geometry":{"type":"Point","coordinates":[-122.3290198,47.5902883]},"properties":{"kind":"motorway_connector","category":"motorway_connector","osmId":"435753592","connectedRoadTypes":["primary","primary_link"]}},{"type":"Feature","geometry":{"type":"Point","coordinates":[-122.246079,47.3536971]},"properties":{"kind":"motorway_connector","category":"motorway_connector","osmId":"6334716","connectedRoadTypes":["secondary"]}},{"type":"Feature","geometry":{"type":"Point","coordinates":[-122.2948349,47.4996685]},"properties":{"kind":"motorway_connector","category":"motorway_connector","osmId":"6330098","connectedRoadTypes":["primary"]}},{"type":"Feature","geometry":{"type":"Point","coordinates":[-122.403159,47.1595473]},"properties":{"kind":"motorway_connector","category":"motorway_connector","osmId":"272389900","connectedRoadTypes":["secondary"]}},{"type":"Feature","geometry":{"type":"Point","coordinates":[-122.4029439,47.1592871]},"properties":{"kind":"motorway_connector","category":"motorway_connector","osmId":"12177330","connectedRoadTypes":["secondary"]}},{"type":"Feature","geometry":{"type":"Point","coordinates":[-122.2935498,47.180607]},"properties":{"kind":"motorway_connector","category":"motorway_connector","osmId":"23689685","connectedRoadTypes":["primary"]}},{"type":"Feature","geometry":{"type":"Point","coordinates":[-122.2935501,47.1792165]},"properties":{"kind":"motorway_connector","category":"motorway_connector","osmId":"23689696","connectedRoadTypes":["primary"]}},{"type":"Feature","geometry":{"type":"Point","coordinates":[-121.7583777,47.4725874]},"properties":{"kind":"motorway_connector","category":"motorway_connector","osmId":"5165098","connectedRoadTypes":["secondary","tertiary"]}},{"type":"Feature","geometry":{"type":"Point","coordinates":[-122.2643143,47.464902]},"properties":{"kind":"motorway_connector","category":"motorway_connector","osmId":"4757245","connectedRoadTypes":["secondary"]}},{"type":"Feature","geometry":{"type":"Point","coordinates":[-122.2220024,47.4120805]},"properties":{"kind":"motorway_connector","category":"motorway_connector","osmId":"25942634","connectedRoadTypes":["primary"]}},{"type":"Feature","geometry":{"type":"Point","coordinates":[-122.1442271,47.7835657]},"properties":{"kind":"motorway_connector","category":"motorway_connector","osmId":"428031791","connectedRoadTypes":["primary"]}},{"type":"Feature","geometry":{"type":"Point","coordinates":[-122.1892396,47.5561946]},"properties":{"kind":"motorway_connector","category":"motorway_connector","osmId":"1263961004","connectedRoadTypes":["secondary","unclassified"]}},{"type":"Feature","geometry":{"type":"Point","coordinates":[-121.1301842,47.2182128]},"properties":{"kind":"motorway_connector","category":"motorway_connector","osmId":"26600025","connectedRoadTypes":["residential","tertiary"]}},{"type":"Feature","geometry":{"type":"Point","coordinates":[-121.1305852,47.2170687]},"properties":{"kind":"motorway_connector","category":"motorway_connector","osmId":"5923771","connectedRoadTypes":["tertiary"]}},{"type":"Feature","geometry":{"type":"Point","coordinates":[-121.6333492,47.4309974]},"properties":{"kind":"motorway_connector","category":"motorway_connector","osmId":"459263842","connectedRoadTypes":["unclassified"]}},{"type":"Feature","geometry":{"type":"Point","coordinates":[-121.6336106,47.4309507]},"properties":{"kind":"motorway_connector","category":"motorway_connector","osmId":"65229956","connectedRoadTypes":["tertiary","unclassified"]}},{"type":"Feature","geometry":{"type":"Point","coordinates":[-122.2107743,47.794289]},"properties":{"kind":"motorway_connector","category":"motorway_connector","osmId":"6130618","connectedRoadTypes":["service"]}},{"type":"Feature","geometry":{"type":"Point","coordinates":[-122.1881728,47.6134377]},"properties":{"kind":"motorway_connector","category":"motorway_connector","osmId":"365781622","connectedRoadTypes":["secondary"]}},{"type":"Feature","geometry":{"type":"Point","coordinates":[-122.1891485,47.6135334]},"properties":{"kind":"motorway_connector","category":"motorway_connector","osmId":"30614990","connectedRoadTypes":["secondary"]}},{"type":"Feature","geometry":{"type":"Point","coordinates":[-122.1875877,47.6131415]},"properties":{"kind":"motorway_connector","category":"motorway_connector","osmId":"30615010","connectedRoadTypes":["secondary"]}},{"type":"Feature","geometry":{"type":"Point","coordinates":[-122.3322,47.5269325]},"properties":{"kind":"motorway_connector","category":"motorway_connector","osmId":"428028579","connectedRoadTypes":["secondary"]}},{"type":"Feature","geometry":{"type":"Point","coordinates":[-122.1354746,47.6460155]},"properties":{"kind":"motorway_connector","category":"motorway_connector","osmId":"29252336","connectedRoadTypes":["secondary"]}},{"type":"Feature","geometry":{"type":"Point","coordinates":[-122.4406411,47.2590064]},"properties":{"kind":"motorway_connector","category":"motorway_connector","osmId":"31092751","connectedRoadTypes":["primary","trunk"]}},{"type":"Feature","geometry":{"type":"Point","coordinates":[-122.3202832,47.4435307]},"properties":{"kind":"motorway_connector","category":"motorway_connector","osmId":"6468650","connectedRoadTypes":["construction"]}},{"type":"Feature","geometry":{"type":"Point","coordinates":[-122.3760135,47.5649557]},"properties":{"kind":"motorway_connector","category":"motorway_connector","osmId":"31659209","connectedRoadTypes":["residential"]}},{"type":"Feature","geometry":{"type":"Point","coordinates":[-122.183686,47.6045643]},"properties":{"kind":"motorway_connector","category":"motorway_connector","osmId":"29336070","connectedRoadTypes":["secondary"]}},{"type":"Feature","geometry":{"type":"Point","coordinates":[-122.183907,47.6047677]},"properties":{"kind":"motorway_connector","category":"motorway_connector","osmId":"29336070","connectedRoadTypes":["secondary"]}},{"type":"Feature","geometry":{"type":"Point","coordinates":[-122.3282147,47.6894862]},"properties":{"kind":"motorway_connector","category":"motorway_connector","osmId":"7977771","connectedRoadTypes":["secondary"]}},{"type":"Feature","geometry":{"type":"Point","coordinates":[-122.2706209,47.4644328]},"properties":{"kind":"motorway_connector","category":"motorway_connector","osmId":"4757264","connectedRoadTypes":["secondary","tertiary"]}},{"type":"Feature","geometry":{"type":"Point","coordinates":[-122.31708,47.5194509]},"properties":{"kind":"motorway_connector","category":"motorway_connector","osmId":"6333695","connectedRoadTypes":["secondary"]}},{"type":"Feature","geometry":{"type":"Point","coordinates":[-122.3207388,47.661721]},"properties":{"kind":"motorway_connector","category":"motorway_connector","osmId":"4644194","connectedRoadTypes":["secondary","service"]}},{"type":"Feature","geometry":{"type":"Point","coordinates":[-122.3207157,47.6644637]},"properties":{"kind":"motorway_connector","category":"motorway_connector","osmId":"1307173633","connectedRoadTypes":["secondary"]}},{"type":"Feature","geometry":{"type":"Point","coordinates":[-121.1888249,47.2505965]},"properties":{"kind":"motorway_connector","category":"motorway_connector","osmId":"26429178","connectedRoadTypes":["residential","tertiary"]}},{"type":"Feature","geometry":{"type":"Point","coordinates":[-122.169051,47.5796147]},"properties":{"kind":"motorway_connector","category":"motorway_connector","osmId":"428244250","connectedRoadTypes":["secondary"]}},{"type":"Feature","geometry":{"type":"Point","coordinates":[-122.3174961,47.7848796]},"properties":{"kind":"motorway_connector","category":"motorway_connector","osmId":"6138693","connectedRoadTypes":["secondary","tertiary"]}},{"type":"Feature","geometry":{"type":"Point","coordinates":[-122.5596134,47.2798373]},"properties":{"kind":"motorway_connector","category":"motorway_connector","osmId":"35876394","connectedRoadTypes":["tertiary"]}},{"type":"Feature","geometry":{"type":"Point","coordinates":[-122.2969825,47.459651]},"properties":{"kind":"motorway_connector","category":"motorway_connector","osmId":"104034223","connectedRoadTypes":["secondary","service"]}},{"type":"Feature","geometry":{"type":"Point","coordinates":[-122.1906889,47.5569641]},"properties":{"kind":"motorway_connector","category":"motorway_connector","osmId":"6331605","connectedRoadTypes":["tertiary"]}},{"type":"Feature","geometry":{"type":"Point","coordinates":[-122.1863338,47.7581958]},"properties":{"kind":"motorway_connector","category":"motorway_connector","osmId":"13866833","connectedRoadTypes":["trunk"]}},{"type":"Feature","geometry":{"type":"Point","coordinates":[-122.1821859,47.7587361]},"properties":{"kind":"motorway_connector","category":"motorway_connector","osmId":"13866847","connectedRoadTypes":["trunk"]}},{"type":"Feature","geometry":{"type":"Point","coordinates":[-122.1402939,47.5782969]},"properties":{"kind":"motorway_connector","category":"motorway_connector","osmId":"39140600","connectedRoadTypes":["secondary"]}},{"type":"Feature","geometry":{"type":"Point","coordinates":[-122.1405453,47.5798228]},"properties":{"kind":"motorway_connector","category":"motorway_connector","osmId":"4763329","connectedRoadTypes":["primary"]}},{"type":"Feature","geometry":{"type":"Point","coordinates":[-122.140018,47.5781521]},"properties":{"kind":"motorway_connector","category":"motorway_connector","osmId":"4763301","connectedRoadTypes":["secondary"]}},{"type":"Feature","geometry":{"type":"Point","coordinates":[-122.1399539,47.579003]},"properties":{"kind":"motorway_connector","category":"motorway_connector","osmId":"172733949","connectedRoadTypes":["primary"]}},{"type":"Feature","geometry":{"type":"Point","coordinates":[-121.4799216,47.3965754]},"properties":{"kind":"motorway_connector","category":"motorway_connector","osmId":"178601492","connectedRoadTypes":["unclassified"]}},{"type":"Feature","geometry":{"type":"Point","coordinates":[-122.589284,47.321915]},"properties":{"kind":"motorway_connector","category":"motorway_connector","osmId":"12240884","connectedRoadTypes":["secondary","tertiary"]}},{"type":"Feature","geometry":{"type":"Point","coordinates":[-122.3229498,47.6601981]},"properties":{"kind":"motorway_connector","category":"motorway_connector","osmId":"1307043271","connectedRoadTypes":["residential","secondary"]}},{"type":"Feature","geometry":{"type":"Point","coordinates":[-121.7974643,47.4881118]},"properties":{"kind":"motorway_connector","category":"motorway_connector","osmId":"914532285","connectedRoadTypes":["primary"]}},{"type":"Feature","geometry":{"type":"Point","coordinates":[-121.7972507,47.4878275]},"properties":{"kind":"motorway_connector","category":"motorway_connector","osmId":"40047856","connectedRoadTypes":["primary"]}},{"type":"Feature","geometry":{"type":"Point","coordinates":[-122.1639748,47.7588218]},"properties":{"kind":"motorway_connector","category":"motorway_connector","osmId":"133397793","connectedRoadTypes":["secondary_link"]}},{"type":"Feature","geometry":{"type":"Point","coordinates":[-122.2978209,47.3163325]},"properties":{"kind":"motorway_connector","category":"motorway_connector","osmId":"377696961","connectedRoadTypes":["service"]}},{"type":"Feature","geometry":{"type":"Point","coordinates":[-122.1854141,47.7148303]},"properties":{"kind":"motorway_connector","category":"motorway_connector","osmId":"531679563","connectedRoadTypes":["tertiary"]}},{"type":"Feature","geometry":{"type":"Point","coordinates":[-122.2806258,47.5079087]},"properties":{"kind":"motorway_connector","category":"motorway_connector","osmId":"155097780","connectedRoadTypes":["trunk"]}},{"type":"Feature","geometry":{"type":"Point","coordinates":[-122.1368493,47.6543038]},"properties":{"kind":"motorway_connector","category":"motorway_connector","osmId":"364210662","connectedRoadTypes":["secondary"]}},{"type":"Feature","geometry":{"type":"Point","coordinates":[-122.2924281,47.8159018]},"properties":{"kind":"motorway_connector","category":"motorway_connector","osmId":"686373094","connectedRoadTypes":["primary"]}},{"type":"Feature","geometry":{"type":"Point","coordinates":[-122.188242,47.6192371]},"properties":{"kind":"motorway_connector","category":"motorway_connector","osmId":"103757285","connectedRoadTypes":["secondary"]}},{"type":"Feature","geometry":{"type":"Point","coordinates":[-122.3618217,47.5714496]},"properties":{"kind":"motorway_connector","category":"motorway_connector","osmId":"49891362","connectedRoadTypes":["secondary_link"]}},{"type":"Feature","geometry":{"type":"Point","coordinates":[-122.3623087,47.5716691]},"properties":{"kind":"motorway_connector","category":"motorway_connector","osmId":"531644805","connectedRoadTypes":["primary"]}},{"type":"Feature","geometry":{"type":"Point","coordinates":[-122.3683546,47.5717281]},"properties":{"kind":"motorway_connector","category":"motorway_connector","osmId":"49891701","connectedRoadTypes":["primary_link"]}},{"type":"Feature","geometry":{"type":"Point","coordinates":[-122.3254869,47.5714244]},"properties":{"kind":"motorway_connector","category":"motorway_connector","osmId":"49893239","connectedRoadTypes":["primary","secondary"]}},{"type":"Feature","geometry":{"type":"Point","coordinates":[-122.3233149,47.5777249]},"properties":{"kind":"motorway_connector","category":"motorway_connector","osmId":"49893414","connectedRoadTypes":["secondary"]}},{"type":"Feature","geometry":{"type":"Point","coordinates":[-122.197896,47.5184413]},"properties":{"kind":"motorway_connector","category":"motorway_connector","osmId":"6325945","connectedRoadTypes":["tertiary"]}},{"type":"Feature","geometry":{"type":"Point","coordinates":[-122.228024,47.3981696]},"properties":{"kind":"motorway_connector","category":"motorway_connector","osmId":"359639385","connectedRoadTypes":["secondary"]}},{"type":"Feature","geometry":{"type":"Point","coordinates":[-122.2280253,47.3979865]},"properties":{"kind":"motorway_connector","category":"motorway_connector","osmId":"362166400","connectedRoadTypes":["secondary"]}},{"type":"Feature","geometry":{"type":"Point","coordinates":[-122.3269834,47.6046185]},"properties":{"kind":"motorway_connector","category":"motorway_connector","osmId":"428230639","connectedRoadTypes":["secondary","tertiary"]}},{"type":"Feature","geometry":{"type":"Point","coordinates":[-122.0495939,47.393996]},"properties":{"kind":"motorway_connector","category":"motorway_connector","osmId":"315690698","connectedRoadTypes":["secondary"]}},{"type":"Feature","geometry":{"type":"Point","coordinates":[-122.5014618,47.2357332]},"properties":{"kind":"motorway_connector","category":"motorway_connector","osmId":"12222093","connectedRoadTypes":["service"]}},{"type":"Feature","geometry":{"type":"Point","coordinates":[-122.2566821,47.4614087]},"properties":{"kind":"motorway_connector","category":"motorway_connector","osmId":"158957647","connectedRoadTypes":["secondary","service"]}},{"type":"Feature","geometry":{"type":"Point","coordinates":[-122.2965917,47.4417733]},"properties":{"kind":"motorway_connector","category":"motorway_connector","osmId":"1047789971","connectedRoadTypes":["service"]}},{"type":"Feature","geometry":{"type":"Point","coordinates":[-122.179741,47.7092738]},"properties":{"kind":"motorway_connector","category":"motorway_connector","osmId":"172602287","connectedRoadTypes":["secondary"]}},{"type":"Feature","geometry":{"type":"Point","coordinates":[-122.0232766,47.5308781]},"properties":{"kind":"motorway_connector","category":"motorway_connector","osmId":"26341605","connectedRoadTypes":["secondary"]}},{"type":"Feature","geometry":{"type":"Point","coordinates":[-122.2185981,47.4121228]},"properties":{"kind":"motorway_connector","category":"motorway_connector","osmId":"25942032","connectedRoadTypes":["primary","service"]}},{"type":"Feature","geometry":{"type":"Point","coordinates":[-122.3134203,47.2739622]},"properties":{"kind":"motorway_connector","category":"motorway_connector","osmId":"160435031","connectedRoadTypes":["service"]}},{"type":"Feature","geometry":{"type":"Point","coordinates":[-122.3187676,47.2677539]},"properties":{"kind":"motorway_connector","category":"motorway_connector","osmId":"23643215","connectedRoadTypes":["service"]}},{"type":"Feature","geometry":{"type":"Point","coordinates":[-122.3142896,47.2743819]},"properties":{"kind":"motorway_connector","category":"motorway_connector","osmId":"988015253","connectedRoadTypes":["service"]}},{"type":"Feature","geometry":{"type":"Point","coordinates":[-122.3159673,47.2720836]},"properties":{"kind":"motorway_connector","category":"motorway_connector","osmId":"54265258","connectedRoadTypes":["service"]}},{"type":"Feature","geometry":{"type":"Point","coordinates":[-122.1860595,47.7434253]},"properties":{"kind":"motorway_connector","category":"motorway_connector","osmId":"159941962","connectedRoadTypes":["secondary"]}},{"type":"Feature","geometry":{"type":"Point","coordinates":[-122.1909038,47.617291]},"properties":{"kind":"motorway_connector","category":"motorway_connector","osmId":"1524577154","connectedRoadTypes":["primary","secondary"]}},{"type":"Feature","geometry":{"type":"Point","coordinates":[-122.1896252,47.6172719]},"properties":{"kind":"motorway_connector","category":"motorway_connector","osmId":"161930315","connectedRoadTypes":["primary"]}},{"type":"Feature","geometry":{"type":"Point","coordinates":[-122.1864434,47.6172426]},"properties":{"kind":"motorway_connector","category":"motorway_connector","osmId":"6334476","connectedRoadTypes":["primary"]}},{"type":"Feature","geometry":{"type":"Point","coordinates":[-122.1864443,47.6173639]},"properties":{"kind":"motorway_connector","category":"motorway_connector","osmId":"132147575","connectedRoadTypes":["primary"]}},{"type":"Feature","geometry":{"type":"Point","coordinates":[-122.21856,47.470634]},"properties":{"kind":"motorway_connector","category":"motorway_connector","osmId":"55482702","connectedRoadTypes":["primary_link","secondary"]}},{"type":"Feature","geometry":{"type":"Point","coordinates":[-122.1917036,47.7562627]},"properties":{"kind":"motorway_connector","category":"motorway_connector","osmId":"428096460","connectedRoadTypes":["tertiary"]}},{"type":"Feature","geometry":{"type":"Point","coordinates":[-122.1854331,47.6024954]},"properties":{"kind":"motorway_connector","category":"motorway_connector","osmId":"161828190","connectedRoadTypes":["secondary","tertiary"]}},{"type":"Feature","geometry":{"type":"Point","coordinates":[-122.3181035,47.7848858]},"properties":{"kind":"motorway_connector","category":"motorway_connector","osmId":"59761351","connectedRoadTypes":["tertiary"]}},{"type":"Feature","geometry":{"type":"Point","coordinates":[-121.0263531,47.1832298]},"properties":{"kind":"motorway_connector","category":"motorway_connector","osmId":"60823925","connectedRoadTypes":["service"]}},{"type":"Feature","geometry":{"type":"Point","coordinates":[-121.030169,47.1829071]},"properties":{"kind":"motorway_connector","category":"motorway_connector","osmId":"60823886","connectedRoadTypes":["service"]}},{"type":"Feature","geometry":{"type":"Point","coordinates":[-121.033662,47.182125]},"properties":{"kind":"motorway_connector","category":"motorway_connector","osmId":"60823897","connectedRoadTypes":["service"]}},{"type":"Feature","geometry":{"type":"Point","coordinates":[-121.0292409,47.1824172]},"properties":{"kind":"motorway_connector","category":"motorway_connector","osmId":"60823880","connectedRoadTypes":["service"]}},{"type":"Feature","geometry":{"type":"Point","coordinates":[-122.3235399,47.7329112]},"properties":{"kind":"motorway_connector","category":"motorway_connector","osmId":"62801267","connectedRoadTypes":["construction"]}},{"type":"Feature","geometry":{"type":"Point","coordinates":[-122.323701,47.7218833]},"properties":{"kind":"motorway_connector","category":"motorway_connector","osmId":"34743774","connectedRoadTypes":["construction"]}},{"type":"Feature","geometry":{"type":"Point","coordinates":[-122.3269616,47.6882671]},"properties":{"kind":"motorway_connector","category":"motorway_connector","osmId":"400340225","connectedRoadTypes":["secondary"]}},{"type":"Feature","geometry":{"type":"Point","coordinates":[-122.4403879,47.2587972]},"properties":{"kind":"motorway_connector","category":"motorway_connector","osmId":"31092427","connectedRoadTypes":["primary","trunk"]}},{"type":"Feature","geometry":{"type":"Point","coordinates":[-122.4376602,47.2555912]},"properties":{"kind":"motorway_connector","category":"motorway_connector","osmId":"12180443","connectedRoadTypes":["primary","secondary","tertiary"]}},{"type":"Feature","geometry":{"type":"Point","coordinates":[-122.4368362,47.2504479]},"properties":{"kind":"motorway_connector","category":"motorway_connector","osmId":"12235883","connectedRoadTypes":["unclassified"]}},{"type":"Feature","geometry":{"type":"Point","coordinates":[-122.436536,47.2507524]},"properties":{"kind":"motorway_connector","category":"motorway_connector","osmId":"188844197","connectedRoadTypes":["secondary","unclassified"]}},{"type":"Feature","geometry":{"type":"Point","coordinates":[-122.4376901,47.2492758]},"properties":{"kind":"motorway_connector","category":"motorway_connector","osmId":"181990584","connectedRoadTypes":["primary","tertiary","unclassified"]}},{"type":"Feature","geometry":{"type":"Point","coordinates":[-122.3245859,47.7305278]},"properties":{"kind":"motorway_connector","category":"motorway_connector","osmId":"622519797","connectedRoadTypes":["construction"]}},{"type":"Feature","geometry":{"type":"Point","coordinates":[-121.9399658,47.5263007]},"properties":{"kind":"motorway_connector","category":"motorway_connector","osmId":"175307346","connectedRoadTypes":["secondary","tertiary"]}},{"type":"Feature","geometry":{"type":"Point","coordinates":[-122.3233321,47.6443748]},"properties":{"kind":"motorway_connector","category":"motorway_connector","osmId":"4637353","connectedRoadTypes":["secondary","unclassified"]}},{"type":"Feature","geometry":{"type":"Point","coordinates":[-122.290078,47.4630171]},"properties":{"kind":"motorway_connector","category":"motorway_connector","osmId":"52735007","connectedRoadTypes":["primary"]}},{"type":"Feature","geometry":{"type":"Point","coordinates":[-121.4153076,47.4275374]},"properties":{"kind":"motorway_connector","category":"motorway_connector","osmId":"162620231","connectedRoadTypes":["secondary","tertiary"]}},{"type":"Feature","geometry":{"type":"Point","coordinates":[-122.3276181,47.6053487]},"properties":{"kind":"motorway_connector","category":"motorway_connector","osmId":"124045518","connectedRoadTypes":["residential","tertiary"]}},{"type":"Feature","geometry":{"type":"Point","coordinates":[-121.7161119,47.4661981]},"properties":{"kind":"motorway_connector","category":"motorway_connector","osmId":"5164372","connectedRoadTypes":["secondary"]}},{"type":"Feature","geometry":{"type":"Point","coordinates":[-121.7162023,47.464006]},"properties":{"kind":"motorway_connector","category":"motorway_connector","osmId":"5164455","connectedRoadTypes":["secondary","tertiary"]}},{"type":"Feature","geometry":{"type":"Point","coordinates":[-122.4638961,47.2064792]},"properties":{"kind":"motorway_connector","category":"motorway_connector","osmId":"5025226","connectedRoadTypes":["secondary"]}},{"type":"Feature","geometry":{"type":"Point","coordinates":[-122.4639237,47.2056684]},"properties":{"kind":"motorway_connector","category":"motorway_connector","osmId":"5025209","connectedRoadTypes":["secondary"]}},{"type":"Feature","geometry":{"type":"Point","coordinates":[-122.1919007,47.4904459]},"properties":{"kind":"motorway_connector","category":"motorway_connector","osmId":"157713239","connectedRoadTypes":["secondary"]}},{"type":"Feature","geometry":{"type":"Point","coordinates":[-122.1931744,47.4901952]},"properties":{"kind":"motorway_connector","category":"motorway_connector","osmId":"246143449","connectedRoadTypes":["secondary"]}},{"type":"Feature","geometry":{"type":"Point","coordinates":[-122.0605354,47.5493102]},"properties":{"kind":"motorway_connector","category":"motorway_connector","osmId":"6331195","connectedRoadTypes":["secondary"]}},{"type":"Feature","geometry":{"type":"Point","coordinates":[-122.4315232,47.238432]},"properties":{"kind":"motorway_connector","category":"motorway_connector","osmId":"23582420","connectedRoadTypes":["secondary","tertiary"]}},{"type":"Feature","geometry":{"type":"Point","coordinates":[-122.3302381,47.4702599]},"properties":{"kind":"motorway_connector","category":"motorway_connector","osmId":"94767458","connectedRoadTypes":["trunk"]}},{"type":"Feature","geometry":{"type":"Point","coordinates":[-122.2137015,47.7957985]},"properties":{"kind":"motorway_connector","category":"motorway_connector","osmId":"291708013","connectedRoadTypes":["primary"]}},{"type":"Feature","geometry":{"type":"Point","coordinates":[-122.2133501,47.7963813]},"properties":{"kind":"motorway_connector","category":"motorway_connector","osmId":"4794167","connectedRoadTypes":["primary"]}},{"type":"Feature","geometry":{"type":"Point","coordinates":[-122.3306004,47.7086368]},"properties":{"kind":"motorway_connector","category":"motorway_connector","osmId":"130345931","connectedRoadTypes":["primary"]}},{"type":"Feature","geometry":{"type":"Point","coordinates":[-122.0997996,47.5674098]},"properties":{"kind":"motorway_connector","category":"motorway_connector","osmId":"142222341","connectedRoadTypes":["secondary"]}},{"type":"Feature","geometry":{"type":"Point","coordinates":[-122.3438462,47.571536]},"properties":{"kind":"motorway_connector","category":"motorway_connector","osmId":"49890626","connectedRoadTypes":["secondary"]}},{"type":"Feature","geometry":{"type":"Point","coordinates":[-122.2973663,47.4412124]},"properties":{"kind":"motorway_connector","category":"motorway_connector","osmId":"124272635","connectedRoadTypes":["trunk","trunk_link"]}},{"type":"Feature","geometry":{"type":"Point","coordinates":[-122.334214,47.5743919]},"properties":{"kind":"motorway_connector","category":"motorway_connector","osmId":"427901469","connectedRoadTypes":["primary","unclassified"]}},{"type":"Feature","geometry":{"type":"Point","coordinates":[-122.3227019,47.5904127]},"properties":{"kind":"motorway_connector","category":"motorway_connector","osmId":"174699607","connectedRoadTypes":["secondary"]}},{"type":"Feature","geometry":{"type":"Point","coordinates":[-122.1062627,47.673063]},"properties":{"kind":"motorway_connector","category":"motorway_connector","osmId":"428020506","connectedRoadTypes":["service"]}},{"type":"Feature","geometry":{"type":"Point","coordinates":[-122.4023669,47.2401024]},"properties":{"kind":"motorway_connector","category":"motorway_connector","osmId":"23591809","connectedRoadTypes":["primary"]}},{"type":"Feature","geometry":{"type":"Point","coordinates":[-122.1372006,47.5803136]},"properties":{"kind":"motorway_connector","category":"motorway_connector","osmId":"4763323","connectedRoadTypes":["secondary","tertiary"]}},{"type":"Feature","geometry":{"type":"Point","coordinates":[-122.1367993,47.5800457]},"properties":{"kind":"motorway_connector","category":"motorway_connector","osmId":"4763322","connectedRoadTypes":["secondary"]}},{"type":"Feature","geometry":{"type":"Point","coordinates":[-122.1638011,47.7588358]},"properties":{"kind":"motorway_connector","category":"motorway_connector","osmId":"428029637","connectedRoadTypes":["primary","secondary"]}},{"type":"Feature","geometry":{"type":"Point","coordinates":[-122.2902109,47.462532]},"properties":{"kind":"motorway_connector","category":"motorway_connector","osmId":"433205297","connectedRoadTypes":["primary"]}},{"type":"Feature","geometry":{"type":"Point","coordinates":[-122.3095248,47.2896882]},"properties":{"kind":"motorway_connector","category":"motorway_connector","osmId":"532639828","connectedRoadTypes":["trunk"]}},{"type":"Feature","geometry":{"type":"Point","coordinates":[-122.308836,47.59232]},"properties":{"kind":"motorway_connector","category":"motorway_connector","osmId":"14379277","connectedRoadTypes":["primary"]}},{"type":"Feature","geometry":{"type":"Point","coordinates":[-122.3092473,47.5928512]},"properties":{"kind":"motorway_connector","category":"motorway_connector","osmId":"4725279","connectedRoadTypes":["primary"]}},{"type":"Feature","geometry":{"type":"Point","coordinates":[-122.3077104,47.5908244]},"properties":{"kind":"motorway_connector","category":"motorway_connector","osmId":"1230946284","connectedRoadTypes":["primary"]}},{"type":"Feature","geometry":{"type":"Point","coordinates":[-121.8475591,47.514321]},"properties":{"kind":"motorway_connector","category":"motorway_connector","osmId":"41821597","connectedRoadTypes":["secondary"]}},{"type":"Feature","geometry":{"type":"Point","coordinates":[-122.2497228,47.1975477]},"properties":{"kind":"motorway_connector","category":"motorway_connector","osmId":"23657926","connectedRoadTypes":["secondary"]}},{"type":"Feature","geometry":{"type":"Point","coordinates":[-122.248127,47.1990034]},"properties":{"kind":"motorway_connector","category":"motorway_connector","osmId":"12173797","connectedRoadTypes":["secondary","tertiary"]}},{"type":"Feature","geometry":{"type":"Point","coordinates":[-122.248632,47.1985518]},"properties":{"kind":"motorway_connector","category":"motorway_connector","osmId":"127788969","connectedRoadTypes":["secondary"]}},{"type":"Feature","geometry":{"type":"Point","coordinates":[-122.4342026,47.1588709]},"properties":{"kind":"motorway_connector","category":"motorway_connector","osmId":"12169336","connectedRoadTypes":["primary"]}},{"type":"Feature","geometry":{"type":"Point","coordinates":[-122.3313069,47.7086479]},"properties":{"kind":"motorway_connector","category":"motorway_connector","osmId":"10497741","connectedRoadTypes":["primary","tertiary"]}},{"type":"Feature","geometry":{"type":"Point","coordinates":[-122.3286689,47.7086281]},"properties":{"kind":"motorway_connector","category":"motorway_connector","osmId":"10497753","connectedRoadTypes":["primary","secondary","tertiary"]}},{"type":"Feature","geometry":{"type":"Point","coordinates":[-122.2655174,47.4591337]},"properties":{"kind":"motorway_connector","category":"motorway_connector","osmId":"11041006","connectedRoadTypes":["secondary"]}},{"type":"Feature","geometry":{"type":"Point","coordinates":[-122.2655229,47.4587545]},"properties":{"kind":"motorway_connector","category":"motorway_connector","osmId":"11041005","connectedRoadTypes":["secondary"]}},{"type":"Feature","geometry":{"type":"Point","coordinates":[-122.5022378,47.2428871]},"properties":{"kind":"motorway_connector","category":"motorway_connector","osmId":"12176114","connectedRoadTypes":["primary"]}},{"type":"Feature","geometry":{"type":"Point","coordinates":[-122.5050415,47.246351]},"properties":{"kind":"motorway_connector","category":"motorway_connector","osmId":"1061115261","connectedRoadTypes":["secondary","tertiary"]}},{"type":"Feature","geometry":{"type":"Point","coordinates":[-122.5050386,47.2461852]},"properties":{"kind":"motorway_connector","category":"motorway_connector","osmId":"623957645","connectedRoadTypes":["secondary"]}},{"type":"Feature","geometry":{"type":"Point","coordinates":[-122.5050384,47.2458382]},"properties":{"kind":"motorway_connector","category":"motorway_connector","osmId":"139810362","connectedRoadTypes":["secondary"]}},{"type":"Feature","geometry":{"type":"Point","coordinates":[-122.5049973,47.240996]},"properties":{"kind":"motorway_connector","category":"motorway_connector","osmId":"249848116","connectedRoadTypes":["primary"]}},{"type":"Feature","geometry":{"type":"Point","coordinates":[-122.4828056,47.2342947]},"properties":{"kind":"motorway_connector","category":"motorway_connector","osmId":"1026642783","connectedRoadTypes":["primary"]}},{"type":"Feature","geometry":{"type":"Point","coordinates":[-122.4829295,47.2339932]},"properties":{"kind":"motorway_connector","category":"motorway_connector","osmId":"139810369","connectedRoadTypes":["primary"]}},{"type":"Feature","geometry":{"type":"Point","coordinates":[-122.4819196,47.2354802]},"properties":{"kind":"motorway_connector","category":"motorway_connector","osmId":"1042541441","connectedRoadTypes":["primary"]}},{"type":"Feature","geometry":{"type":"Point","coordinates":[-122.4821933,47.2355193]},"properties":{"kind":"motorway_connector","category":"motorway_connector","osmId":"139810341","connectedRoadTypes":["primary"]}},{"type":"Feature","geometry":{"type":"Point","coordinates":[-122.3196328,47.5474774]},"properties":{"kind":"motorway_connector","category":"motorway_connector","osmId":"156201455","connectedRoadTypes":["tertiary"]}},{"type":"Feature","geometry":{"type":"Point","coordinates":[-122.3201508,47.5474284]},"properties":{"kind":"motorway_connector","category":"motorway_connector","osmId":"332489457","connectedRoadTypes":["tertiary"]}},{"type":"Feature","geometry":{"type":"Point","coordinates":[-122.2950995,47.4965882]},"properties":{"kind":"motorway_connector","category":"motorway_connector","osmId":"51692224","connectedRoadTypes":["primary"]}},{"type":"Feature","geometry":{"type":"Point","coordinates":[-122.292567,47.4924379]},"properties":{"kind":"motorway_connector","category":"motorway_connector","osmId":"6328992","connectedRoadTypes":["primary"]}},{"type":"Feature","geometry":{"type":"Point","coordinates":[-122.2306859,47.5836743]},"properties":{"kind":"motorway_connector","category":"motorway_connector","osmId":"428247082","connectedRoadTypes":["secondary"]}},{"type":"Feature","geometry":{"type":"Point","coordinates":[-122.2305413,47.5836328]},"properties":{"kind":"motorway_connector","category":"motorway_connector","osmId":"160634180","connectedRoadTypes":["secondary"]}},{"type":"Feature","geometry":{"type":"Point","coordinates":[-122.2941254,47.8131527]},"properties":{"kind":"motorway_connector","category":"motorway_connector","osmId":"158086437","connectedRoadTypes":["tertiary"]}},{"type":"Feature","geometry":{"type":"Point","coordinates":[-122.2922831,47.8147244]},"properties":{"kind":"motorway_connector","category":"motorway_connector","osmId":"61242631","connectedRoadTypes":["primary"]}},{"type":"Feature","geometry":{"type":"Point","coordinates":[-122.2841513,47.4954137]},"properties":{"kind":"motorway_connector","category":"motorway_connector","osmId":"158266807","connectedRoadTypes":["service"]}},{"type":"Feature","geometry":{"type":"Point","coordinates":[-122.3291056,47.5900471]},"properties":{"kind":"motorway_connector","category":"motorway_connector","osmId":"133397802","connectedRoadTypes":["primary_link"]}},{"type":"Feature","geometry":{"type":"Point","coordinates":[-122.3209334,47.6607883]},"properties":{"kind":"motorway_connector","category":"motorway_connector","osmId":"158781643","connectedRoadTypes":["secondary_link"]}},{"type":"Feature","geometry":{"type":"Point","coordinates":[-122.3209288,47.661314]},"properties":{"kind":"motorway_connector","category":"motorway_connector","osmId":"158781621","connectedRoadTypes":["secondary","secondary_link"]}},{"type":"Feature","geometry":{"type":"Point","coordinates":[-122.1510884,47.5794099]},"properties":{"kind":"motorway_connector","category":"motorway_connector","osmId":"255170036","connectedRoadTypes":["tertiary"]}},{"type":"Feature","geometry":{"type":"Point","coordinates":[-122.0970707,47.5623496]},"properties":{"kind":"motorway_connector","category":"motorway_connector","osmId":"158978682","connectedRoadTypes":["tertiary"]}},{"type":"Feature","geometry":{"type":"Point","coordinates":[-122.2623636,47.4645807]},"properties":{"kind":"motorway_connector","category":"motorway_connector","osmId":"428030411","connectedRoadTypes":["secondary"]}},{"type":"Feature","geometry":{"type":"Point","coordinates":[-122.2635552,47.4647547]},"properties":{"kind":"motorway_connector","category":"motorway_connector","osmId":"4757247","connectedRoadTypes":["secondary"]}},{"type":"Feature","geometry":{"type":"Point","coordinates":[-122.1875931,47.7411889]},"properties":{"kind":"motorway_connector","category":"motorway_connector","osmId":"679646110","connectedRoadTypes":["service"]}},{"type":"Feature","geometry":{"type":"Point","coordinates":[-122.262625,47.4568122]},"properties":{"kind":"motorway_connector","category":"motorway_connector","osmId":"138388757","connectedRoadTypes":["secondary_link"]}},{"type":"Feature","geometry":{"type":"Point","coordinates":[-122.262595,47.4587176]},"properties":{"kind":"motorway_connector","category":"motorway_connector","osmId":"246153013","connectedRoadTypes":["secondary","secondary_link"]}},{"type":"Feature","geometry":{"type":"Point","coordinates":[-122.20729,47.5785006]},"properties":{"kind":"motorway_connector","category":"motorway_connector","osmId":"157773894","connectedRoadTypes":["residential"]}},{"type":"Feature","geometry":{"type":"Point","coordinates":[-122.2707797,47.4974714]},"properties":{"kind":"motorway_connector","category":"motorway_connector","osmId":"157038252","connectedRoadTypes":["secondary"]}},{"type":"Feature","geometry":{"type":"Point","coordinates":[-122.2779902,47.5042769]},"properties":{"kind":"motorway_connector","category":"motorway_connector","osmId":"157036605","connectedRoadTypes":["secondary"]}},{"type":"Feature","geometry":{"type":"Point","coordinates":[-122.2994723,47.3151726]},"properties":{"kind":"motorway_connector","category":"motorway_connector","osmId":"377696966","connectedRoadTypes":["primary"]}},{"type":"Feature","geometry":{"type":"Point","coordinates":[-122.319268,47.5957535]},"properties":{"kind":"motorway_connector","category":"motorway_connector","osmId":"332949670","connectedRoadTypes":["primary"]}},{"type":"Feature","geometry":{"type":"Point","coordinates":[-122.318766,47.5957658]},"properties":{"kind":"motorway_connector","category":"motorway_connector","osmId":"8044214","connectedRoadTypes":["primary"]}},{"type":"Feature","geometry":{"type":"Point","coordinates":[-122.318572,47.5958836]},"properties":{"kind":"motorway_connector","category":"motorway_connector","osmId":"8044214","connectedRoadTypes":["primary"]}},{"type":"Feature","geometry":{"type":"Point","coordinates":[-122.319877,47.5958772]},"properties":{"kind":"motorway_connector","category":"motorway_connector","osmId":"332949670","connectedRoadTypes":["primary"]}},{"type":"Feature","geometry":{"type":"Point","coordinates":[-122.3194877,47.7775854]},"properties":{"kind":"motorway_connector","category":"motorway_connector","osmId":"169469851","connectedRoadTypes":["primary"]}},{"type":"Feature","geometry":{"type":"Point","coordinates":[-122.3196427,47.7776847]},"properties":{"kind":"motorway_connector","category":"motorway_connector","osmId":"169469851","connectedRoadTypes":["primary"]}},{"type":"Feature","geometry":{"type":"Point","coordinates":[-122.3206611,47.7776987]},"properties":{"kind":"motorway_connector","category":"motorway_connector","osmId":"6138638","connectedRoadTypes":["primary"]}},{"type":"Feature","geometry":{"type":"Point","coordinates":[-122.329131,47.6197309]},"properties":{"kind":"motorway_connector","category":"motorway_connector","osmId":"58560464","connectedRoadTypes":["footway","primary","secondary","unclassified"]}},{"type":"Feature","geometry":{"type":"Point","coordinates":[-121.6362381,47.4300605]},"properties":{"kind":"motorway_connector","category":"motorway_connector","osmId":"6331809","connectedRoadTypes":["tertiary"]}},{"type":"Feature","geometry":{"type":"Point","coordinates":[-121.6359373,47.4301755]},"properties":{"kind":"motorway_connector","category":"motorway_connector","osmId":"459263841","connectedRoadTypes":["tertiary"]}},{"type":"Feature","geometry":{"type":"Point","coordinates":[-121.6681549,47.443677]},"properties":{"kind":"motorway_connector","category":"motorway_connector","osmId":"6328267","connectedRoadTypes":["residential","tertiary"]}},{"type":"Feature","geometry":{"type":"Point","coordinates":[-121.6683207,47.4425998]},"properties":{"kind":"motorway_connector","category":"motorway_connector","osmId":"43176250","connectedRoadTypes":["tertiary"]}},{"type":"Feature","geometry":{"type":"Point","coordinates":[-122.4110359,47.2396037]},"properties":{"kind":"motorway_connector","category":"motorway_connector","osmId":"1171500866","connectedRoadTypes":["primary","tertiary"]}},{"type":"Feature","geometry":{"type":"Point","coordinates":[-122.3184433,47.6815644]},"properties":{"kind":"motorway_connector","category":"motorway_connector","osmId":"4864510","connectedRoadTypes":["residential","tertiary"]}},{"type":"Feature","geometry":{"type":"Point","coordinates":[-122.3857989,47.2394837]},"properties":{"kind":"motorway_connector","category":"motorway_connector","osmId":"12177268","connectedRoadTypes":["secondary"]}},{"type":"Feature","geometry":{"type":"Point","coordinates":[-122.2955126,47.3151087]},"properties":{"kind":"motorway_connector","category":"motorway_connector","osmId":"315418450","connectedRoadTypes":["primary","secondary"]}},{"type":"Feature","geometry":{"type":"Point","coordinates":[-122.2966697,47.3151182]},"properties":{"kind":"motorway_connector","category":"motorway_connector","osmId":"5154493","connectedRoadTypes":["primary"]}},{"type":"Feature","geometry":{"type":"Point","coordinates":[-122.3235399,47.7351571]},"properties":{"kind":"motorway_connector","category":"motorway_connector","osmId":"399830465","connectedRoadTypes":["primary","tertiary"]}},{"type":"Feature","geometry":{"type":"Point","coordinates":[-122.3236508,47.7352534]},"properties":{"kind":"motorway_connector","category":"motorway_connector","osmId":"399830465","connectedRoadTypes":["tertiary"]}},{"type":"Feature","geometry":{"type":"Point","coordinates":[-122.464345,47.189501]},"properties":{"kind":"motorway_connector","category":"motorway_connector","osmId":"531490369","connectedRoadTypes":["primary"]}},{"type":"Feature","geometry":{"type":"Point","coordinates":[-122.4642773,47.189101]},"properties":{"kind":"motorway_connector","category":"motorway_connector","osmId":"23646929","connectedRoadTypes":["primary"]}},{"type":"Feature","geometry":{"type":"Point","coordinates":[-122.4642552,47.1889701]},"properties":{"kind":"motorway_connector","category":"motorway_connector","osmId":"23646928","connectedRoadTypes":["primary","secondary"]}},{"type":"Feature","geometry":{"type":"Point","coordinates":[-122.4812592,47.1634694]},"properties":{"kind":"motorway_connector","category":"motorway_connector","osmId":"1059892809","connectedRoadTypes":["trunk"]}},{"type":"Feature","geometry":{"type":"Point","coordinates":[-122.481399,47.163627]},"properties":{"kind":"motorway_connector","category":"motorway_connector","osmId":"623127598","connectedRoadTypes":["trunk"]}},{"type":"Feature","geometry":{"type":"Point","coordinates":[-122.482111,47.1638107]},"properties":{"kind":"motorway_connector","category":"motorway_connector","osmId":"623127594","connectedRoadTypes":["trunk"]}},{"type":"Feature","geometry":{"type":"Point","coordinates":[-122.3343555,47.6245695]},"properties":{"kind":"motorway_connector","category":"motorway_connector","osmId":"22768205","connectedRoadTypes":["primary","tertiary"]}},{"type":"Feature","geometry":{"type":"Point","coordinates":[-122.1694332,47.5819531]},"properties":{"kind":"motorway_connector","category":"motorway_connector","osmId":"4744404","connectedRoadTypes":["residential","tertiary"]}},{"type":"Feature","geometry":{"type":"Point","coordinates":[-122.097681,47.5625424]},"properties":{"kind":"motorway_connector","category":"motorway_connector","osmId":"158978677","connectedRoadTypes":["tertiary"]}},{"type":"Feature","geometry":{"type":"Point","coordinates":[-121.5838397,47.4161621]},"properties":{"kind":"motorway_connector","category":"motorway_connector","osmId":"178601497","connectedRoadTypes":["unclassified"]}},{"type":"Feature","geometry":{"type":"Point","coordinates":[-121.4098315,47.4182294]},"properties":{"kind":"motorway_connector","category":"motorway_connector","osmId":"162620229","connectedRoadTypes":["residential","secondary"]}},{"type":"Feature","geometry":{"type":"Point","coordinates":[-122.3423609,47.623215]},"properties":{"kind":"motorway_connector","category":"motorway_connector","osmId":"548267482","connectedRoadTypes":["secondary","service","tertiary"]}},{"type":"Feature","geometry":{"type":"Point","coordinates":[-122.0455747,47.3945185]},"properties":{"kind":"motorway_connector","category":"motorway_connector","osmId":"180408029","connectedRoadTypes":["secondary"]}},{"type":"Feature","geometry":{"type":"Point","coordinates":[-122.0501267,47.3939235]},"properties":{"kind":"motorway_connector","category":"motorway_connector","osmId":"204762555","connectedRoadTypes":["secondary"]}},{"type":"Feature","geometry":{"type":"Point","coordinates":[-122.2719611,47.4786684]},"properties":{"kind":"motorway_connector","category":"motorway_connector","osmId":"306259859","connectedRoadTypes":["service"]}},{"type":"Feature","geometry":{"type":"Point","coordinates":[-122.1856242,47.6680209]},"properties":{"kind":"motorway_connector","category":"motorway_connector","osmId":"6337615","connectedRoadTypes":["secondary","unclassified"]}},{"type":"Feature","geometry":{"type":"Point","coordinates":[-122.0467377,47.3943581]},"properties":{"kind":"motorway_connector","category":"motorway_connector","osmId":"315687950","connectedRoadTypes":["secondary"]}},{"type":"Feature","geometry":{"type":"Point","coordinates":[-122.3068452,47.5897146]},"properties":{"kind":"motorway_connector","category":"motorway_connector","osmId":"428005333","connectedRoadTypes":["primary"]}},{"type":"Feature","geometry":{"type":"Point","coordinates":[-122.2948847,47.4995399]},"properties":{"kind":"motorway_connector","category":"motorway_connector","osmId":"23550884","connectedRoadTypes":["primary"]}},{"type":"Feature","geometry":{"type":"Point","coordinates":[-122.2934067,47.2035882]},"properties":{"kind":"motorway_connector","category":"motorway_connector","osmId":"229465316","connectedRoadTypes":["tertiary_link"]}},{"type":"Feature","geometry":{"type":"Point","coordinates":[-122.1428727,47.5842525]},"properties":{"kind":"motorway_connector","category":"motorway_connector","osmId":"172733939","connectedRoadTypes":["primary"]}},{"type":"Feature","geometry":{"type":"Point","coordinates":[-122.2256688,47.3033169]},"properties":{"kind":"motorway_connector","category":"motorway_connector","osmId":"430216699","connectedRoadTypes":["secondary"]}},{"type":"Feature","geometry":{"type":"Point","coordinates":[-122.332635,47.6091536]},"properties":{"kind":"motorway_connector","category":"motorway_connector","osmId":"157032158","connectedRoadTypes":["secondary","tertiary"]}},{"type":"Feature","geometry":{"type":"Point","coordinates":[-122.3313561,47.6077412]},"properties":{"kind":"motorway_connector","category":"motorway_connector","osmId":"531678155","connectedRoadTypes":["secondary","tertiary"]}},{"type":"Feature","geometry":{"type":"Point","coordinates":[-122.326999,47.602978]},"properties":{"kind":"motorway_connector","category":"motorway_connector","osmId":"49394449","connectedRoadTypes":["secondary"]}},{"type":"Feature","geometry":{"type":"Point","coordinates":[-122.1979578,47.5024874]},"properties":{"kind":"motorway_connector","category":"motorway_connector","osmId":"181984982","connectedRoadTypes":["secondary"]}},{"type":"Feature","geometry":{"type":"Point","coordinates":[-122.197337,47.5026299]},"properties":{"kind":"motorway_connector","category":"motorway_connector","osmId":"417468216","connectedRoadTypes":["primary","secondary"]}},{"type":"Feature","geometry":{"type":"Point","coordinates":[-122.19499,47.5021607]},"properties":{"kind":"motorway_connector","category":"motorway_connector","osmId":"26332653","connectedRoadTypes":["primary"]}},{"type":"Feature","geometry":{"type":"Point","coordinates":[-122.1955665,47.5024464]},"properties":{"kind":"motorway_connector","category":"motorway_connector","osmId":"417468248","connectedRoadTypes":["primary"]}},{"type":"Feature","geometry":{"type":"Point","coordinates":[-122.0598422,47.5501322]},"properties":{"kind":"motorway_connector","category":"motorway_connector","osmId":"428243142","connectedRoadTypes":["secondary"]}},{"type":"Feature","geometry":{"type":"Point","coordinates":[-122.0591331,47.5510413]},"properties":{"kind":"motorway_connector","category":"motorway_connector","osmId":"32505379","connectedRoadTypes":["secondary"]}},{"type":"Feature","geometry":{"type":"Point","coordinates":[-121.4807613,47.3951247]},"properties":{"kind":"motorway_connector","category":"motorway_connector","osmId":"175945194","connectedRoadTypes":["unclassified"]}},{"type":"Feature","geometry":{"type":"Point","coordinates":[-122.199072,47.5184418]},"properties":{"kind":"motorway_connector","category":"motorway_connector","osmId":"246086202","connectedRoadTypes":["tertiary"]}},{"type":"Feature","geometry":{"type":"Point","coordinates":[-122.3040068,47.1577756]},"properties":{"kind":"motorway_connector","category":"motorway_connector","osmId":"1027651683","connectedRoadTypes":["secondary","service"]}},{"type":"Feature","geometry":{"type":"Point","coordinates":[-122.3571754,47.1573902]},"properties":{"kind":"motorway_connector","category":"motorway_connector","osmId":"315681840","connectedRoadTypes":["primary"]}},{"type":"Feature","geometry":{"type":"Point","coordinates":[-122.0990814,47.5642654]},"properties":{"kind":"motorway_connector","category":"motorway_connector","osmId":"158978681","connectedRoadTypes":["secondary"]}},{"type":"Feature","geometry":{"type":"Point","coordinates":[-122.0992257,47.5667567]},"properties":{"kind":"motorway_connector","category":"motorway_connector","osmId":"985125458","connectedRoadTypes":["secondary"]}},{"type":"Feature","geometry":{"type":"Point","coordinates":[-122.1801526,47.5688583]},"properties":{"kind":"motorway_connector","category":"motorway_connector","osmId":"233399730","connectedRoadTypes":["tertiary"]}},{"type":"Feature","geometry":{"type":"Point","coordinates":[-122.1800571,47.5685292]},"properties":{"kind":"motorway_connector","category":"motorway_connector","osmId":"428076491","connectedRoadTypes":["primary","tertiary"]}},{"type":"Feature","geometry":{"type":"Point","coordinates":[-122.0357574,47.5416839]},"properties":{"kind":"motorway_connector","category":"motorway_connector","osmId":"428085756","connectedRoadTypes":["secondary"]}},{"type":"Feature","geometry":{"type":"Point","coordinates":[-122.0357372,47.5420476]},"properties":{"kind":"motorway_connector","category":"motorway_connector","osmId":"247792575","connectedRoadTypes":["secondary"]}},{"type":"Feature","geometry":{"type":"Point","coordinates":[-122.3164434,47.5200357]},"properties":{"kind":"motorway_connector","category":"motorway_connector","osmId":"6333701","connectedRoadTypes":["secondary"]}},{"type":"Feature","geometry":{"type":"Point","coordinates":[-122.151087,47.5794923]},"properties":{"kind":"motorway_connector","category":"motorway_connector","osmId":"256405184","connectedRoadTypes":["tertiary"]}},{"type":"Feature","geometry":{"type":"Point","coordinates":[-122.3278808,47.6166538]},"properties":{"kind":"motorway_connector","category":"motorway_connector","osmId":"4755208","connectedRoadTypes":["secondary","tertiary"]}},{"type":"Feature","geometry":{"type":"Point","coordinates":[-122.3228646,47.6645936]},"properties":{"kind":"motorway_connector","category":"motorway_connector","osmId":"177678683","connectedRoadTypes":["secondary"]}},{"type":"Feature","geometry":{"type":"Point","coordinates":[-122.3228629,47.6620179]},"properties":{"kind":"motorway_connector","category":"motorway_connector","osmId":"4869198","connectedRoadTypes":["secondary"]}},{"type":"Feature","geometry":{"type":"Point","coordinates":[-122.1780326,47.703977]},"properties":{"kind":"motorway_connector","category":"motorway_connector","osmId":"368715179","connectedRoadTypes":["tertiary"]}},{"type":"Feature","geometry":{"type":"Point","coordinates":[-122.2279054,47.6350614]},"properties":{"kind":"motorway_connector","category":"motorway_connector","osmId":"268823335","connectedRoadTypes":["secondary"]}},{"type":"Feature","geometry":{"type":"Point","coordinates":[-122.3150126,47.5193973]},"properties":{"kind":"motorway_connector","category":"motorway_connector","osmId":"6335163","connectedRoadTypes":["tertiary"]}},{"type":"Feature","geometry":{"type":"Point","coordinates":[-122.3154929,47.5209101]},"properties":{"kind":"motorway_connector","category":"motorway_connector","osmId":"641652171","connectedRoadTypes":["secondary","tertiary"]}},{"type":"Feature","geometry":{"type":"Point","coordinates":[-122.3018544,47.4651286]},"properties":{"kind":"motorway_connector","category":"motorway_connector","osmId":"364979063","connectedRoadTypes":["tertiary"]}},{"type":"Feature","geometry":{"type":"Point","coordinates":[-122.5887456,47.1047124]},"properties":{"kind":"motorway_connector","category":"motorway_connector","osmId":"23690506","connectedRoadTypes":["secondary"]}},{"type":"Feature","geometry":{"type":"Point","coordinates":[-122.5881147,47.1036982]},"properties":{"kind":"motorway_connector","category":"motorway_connector","osmId":"12178776","connectedRoadTypes":["secondary"]}},{"type":"Feature","geometry":{"type":"Point","coordinates":[-122.5874059,47.1025238]},"properties":{"kind":"motorway_connector","category":"motorway_connector","osmId":"12177883","connectedRoadTypes":["secondary"]}},{"type":"Feature","geometry":{"type":"Point","coordinates":[-122.5569183,47.1179168]},"properties":{"kind":"motorway_connector","category":"motorway_connector","osmId":"1108560593","connectedRoadTypes":["secondary"]}},{"type":"Feature","geometry":{"type":"Point","coordinates":[-122.5564519,47.1172102]},"properties":{"kind":"motorway_connector","category":"motorway_connector","osmId":"901090493","connectedRoadTypes":["secondary"]}},{"type":"Feature","geometry":{"type":"Point","coordinates":[-122.3343663,47.6247792]},"properties":{"kind":"motorway_connector","category":"motorway_connector","osmId":"393047829","connectedRoadTypes":["primary","secondary"]}},{"type":"Feature","geometry":{"type":"Point","coordinates":[-122.3290847,47.6068988]},"properties":{"kind":"motorway_connector","category":"motorway_connector","osmId":"171121272","connectedRoadTypes":["tertiary"]}},{"type":"Feature","geometry":{"type":"Point","coordinates":[-122.3298566,47.6043909]},"properties":{"kind":"motorway_connector","category":"motorway_connector","osmId":"62412699","connectedRoadTypes":["secondary","tertiary"]}},{"type":"Feature","geometry":{"type":"Point","coordinates":[-122.307981,47.5469804]},"properties":{"kind":"motorway_connector","category":"motorway_connector","osmId":"8044762","connectedRoadTypes":["tertiary"]}},{"type":"Feature","geometry":{"type":"Point","coordinates":[-122.306456,47.5457526]},"properties":{"kind":"motorway_connector","category":"motorway_connector","osmId":"428263955","connectedRoadTypes":["tertiary"]}},{"type":"Feature","geometry":{"type":"Point","coordinates":[-122.292814,47.3923166]},"properties":{"kind":"motorway_connector","category":"motorway_connector","osmId":"234663067","connectedRoadTypes":["primary"]}},{"type":"Feature","geometry":{"type":"Point","coordinates":[-122.214856,47.7938783]},"properties":{"kind":"motorway_connector","category":"motorway_connector","osmId":"243466202","connectedRoadTypes":["primary"]}},{"type":"Feature","geometry":{"type":"Point","coordinates":[-122.2938884,47.2052544]},"properties":{"kind":"motorway_connector","category":"motorway_connector","osmId":"982825691","connectedRoadTypes":["primary"]}},{"type":"Feature","geometry":{"type":"Point","coordinates":[-121.972767,47.4338082]},"properties":{"kind":"motorway_connector","category":"motorway_connector","osmId":"425456481","connectedRoadTypes":["secondary"]}},{"type":"Feature","geometry":{"type":"Point","coordinates":[-121.9727804,47.4339187]},"properties":{"kind":"motorway_connector","category":"motorway_connector","osmId":"23746884","connectedRoadTypes":["secondary"]}},{"type":"Feature","geometry":{"type":"Point","coordinates":[-122.2883458,47.3909971]},"properties":{"kind":"motorway_connector","category":"motorway_connector","osmId":"621646822","connectedRoadTypes":["trunk"]}},{"type":"Feature","geometry":{"type":"Point","coordinates":[-122.2874602,47.4223327]},"properties":{"kind":"motorway_connector","category":"motorway_connector","osmId":"234663078","connectedRoadTypes":["secondary"]}},{"type":"Feature","geometry":{"type":"Point","coordinates":[-122.2872013,47.4226443]},"properties":{"kind":"motorway_connector","category":"motorway_connector","osmId":"5154875","connectedRoadTypes":["secondary"]}},{"type":"Feature","geometry":{"type":"Point","coordinates":[-122.2874708,47.3907432]},"properties":{"kind":"motorway_connector","category":"motorway_connector","osmId":"1445972516","connectedRoadTypes":["trunk"]}},{"type":"Feature","geometry":{"type":"Point","coordinates":[-122.2922765,47.3921689]},"properties":{"kind":"motorway_connector","category":"motorway_connector","osmId":"265002596","connectedRoadTypes":["primary","trunk"]}},{"type":"Feature","geometry":{"type":"Point","coordinates":[-122.3185713,47.777576]},"properties":{"kind":"motorway_connector","category":"motorway_connector","osmId":"159530688","connectedRoadTypes":["primary"]}},{"type":"Feature","geometry":{"type":"Point","coordinates":[-122.3146265,47.7776368]},"properties":{"kind":"motorway_connector","category":"motorway_connector","osmId":"159530674","connectedRoadTypes":["primary"]}},{"type":"Feature","geometry":{"type":"Point","coordinates":[-122.3156884,47.7776984]},"properties":{"kind":"motorway_connector","category":"motorway_connector","osmId":"289485608","connectedRoadTypes":["primary"]}},{"type":"Feature","geometry":{"type":"Point","coordinates":[-122.3170088,47.7776833]},"properties":{"kind":"motorway_connector","category":"motorway_connector","osmId":"172601745","connectedRoadTypes":["primary"]}},{"type":"Feature","geometry":{"type":"Point","coordinates":[-122.321135,47.7776021]},"properties":{"kind":"motorway_connector","category":"motorway_connector","osmId":"159530658","connectedRoadTypes":["primary"]}},{"type":"Feature","geometry":{"type":"Point","coordinates":[-122.2760547,47.8208976]},"properties":{"kind":"motorway_connector","category":"motorway_connector","osmId":"37402556","connectedRoadTypes":["primary"]}},{"type":"Feature","geometry":{"type":"Point","coordinates":[-122.2812769,47.8209418]},"properties":{"kind":"motorway_connector","category":"motorway_connector","osmId":"1097407510","connectedRoadTypes":["primary"]}},{"type":"Feature","geometry":{"type":"Point","coordinates":[-122.3148135,47.5714856]},"properties":{"kind":"motorway_connector","category":"motorway_connector","osmId":"83669348","connectedRoadTypes":["residential"]}},{"type":"Feature","geometry":{"type":"Point","coordinates":[-122.2813142,47.189913]},"properties":{"kind":"motorway_connector","category":"motorway_connector","osmId":"12171315","connectedRoadTypes":["secondary"]}},{"type":"Feature","geometry":{"type":"Point","coordinates":[-122.2995474,47.3150564]},"properties":{"kind":"motorway_connector","category":"motorway_connector","osmId":"621671552","connectedRoadTypes":["primary"]}},{"type":"Feature","geometry":{"type":"Point","coordinates":[-122.2843403,47.1904195]},"properties":{"kind":"motorway_connector","category":"motorway_connector","osmId":"531916318","connectedRoadTypes":["secondary"]}},{"type":"Feature","geometry":{"type":"Point","coordinates":[-122.284429,47.1904263]},"properties":{"kind":"motorway_connector","category":"motorway_connector","osmId":"12171422","connectedRoadTypes":["secondary"]}},{"type":"Feature","geometry":{"type":"Point","coordinates":[-122.2812059,47.1898944]},"properties":{"kind":"motorway_connector","category":"motorway_connector","osmId":"531904501","connectedRoadTypes":["secondary","tertiary"]}},{"type":"Feature","geometry":{"type":"Point","coordinates":[-122.5130416,47.2554108]},"properties":{"kind":"motorway_connector","category":"motorway_connector","osmId":"1046192011","connectedRoadTypes":["primary"]}},{"type":"Feature","geometry":{"type":"Point","coordinates":[-122.515918,47.2583006]},"properties":{"kind":"motorway_connector","category":"motorway_connector","osmId":"1075020255","connectedRoadTypes":["primary"]}},{"type":"Feature","geometry":{"type":"Point","coordinates":[-122.0205861,47.5337986]},"properties":{"kind":"motorway_connector","category":"motorway_connector","osmId":"986175019","connectedRoadTypes":["secondary"]}},{"type":"Feature","geometry":{"type":"Point","coordinates":[-122.1946751,47.5019406]},"properties":{"kind":"motorway_connector","category":"motorway_connector","osmId":"203177875","connectedRoadTypes":["primary"]}},{"type":"Feature","geometry":{"type":"Point","coordinates":[-121.8830537,47.5115682]},"properties":{"kind":"motorway_connector","category":"motorway_connector","osmId":"1315834742","connectedRoadTypes":["secondary","trunk"]}},{"type":"Feature","geometry":{"type":"Point","coordinates":[-122.3041427,47.6439509]},"properties":{"kind":"motorway_connector","category":"motorway_connector","osmId":"531617255","connectedRoadTypes":["primary","secondary"]}},{"type":"Feature","geometry":{"type":"Point","coordinates":[-122.304104,47.6438963]},"properties":{"kind":"motorway_connector","category":"motorway_connector","osmId":"607798222","connectedRoadTypes":["primary","secondary"]}},{"type":"Feature","geometry":{"type":"Point","coordinates":[-122.3312834,47.7075875]},"properties":{"kind":"motorway_connector","category":"motorway_connector","osmId":"130345929","connectedRoadTypes":["tertiary"]}},{"type":"Feature","geometry":{"type":"Point","coordinates":[-122.331267,47.7068492]},"properties":{"kind":"motorway_connector","category":"motorway_connector","osmId":"399554370","connectedRoadTypes":["residential","tertiary"]}},{"type":"Feature","geometry":{"type":"Point","coordinates":[-122.3722631,47.5723629]},"properties":{"kind":"motorway_connector","category":"motorway_connector","osmId":"461663072","connectedRoadTypes":["primary"]}},{"type":"Feature","geometry":{"type":"Point","coordinates":[-122.3305737,47.5445595]},"properties":{"kind":"motorway_connector","category":"motorway_connector","osmId":"332485179","connectedRoadTypes":["primary","service"]}},{"type":"Feature","geometry":{"type":"Point","coordinates":[-122.3322836,47.5341696]},"properties":{"kind":"motorway_connector","category":"motorway_connector","osmId":"347250346","connectedRoadTypes":["tertiary_link","trunk"]}},{"type":"Feature","geometry":{"type":"Point","coordinates":[-122.3348567,47.5232183]},"properties":{"kind":"motorway_connector","category":"motorway_connector","osmId":"6316547","connectedRoadTypes":["secondary"]}},{"type":"Feature","geometry":{"type":"Point","coordinates":[-122.3348418,47.5245407]},"properties":{"kind":"motorway_connector","category":"motorway_connector","osmId":"6320004","connectedRoadTypes":["secondary"]}},{"type":"Feature","geometry":{"type":"Point","coordinates":[-122.3171435,47.5182815]},"properties":{"kind":"motorway_connector","category":"motorway_connector","osmId":"6333688","connectedRoadTypes":["secondary"]}},{"type":"Feature","geometry":{"type":"Point","coordinates":[-122.3163158,47.5177255]},"properties":{"kind":"motorway_connector","category":"motorway_connector","osmId":"316458627","connectedRoadTypes":["secondary"]}},{"type":"Feature","geometry":{"type":"Point","coordinates":[-122.3252563,47.7231366]},"properties":{"kind":"motorway_connector","category":"motorway_connector","osmId":"4798481","connectedRoadTypes":["secondary"]}},{"type":"Feature","geometry":{"type":"Point","coordinates":[-122.3286011,47.7068338]},"properties":{"kind":"motorway_connector","category":"motorway_connector","osmId":"10497752","connectedRoadTypes":["secondary","service"]}},{"type":"Feature","geometry":{"type":"Point","coordinates":[-122.3285976,47.7064739]},"properties":{"kind":"motorway_connector","category":"motorway_connector","osmId":"166428941","connectedRoadTypes":["secondary"]}},{"type":"Feature","geometry":{"type":"Point","coordinates":[-122.3212326,47.5958343]},"properties":{"kind":"motorway_connector","category":"motorway_connector","osmId":"245265271","connectedRoadTypes":["primary","service"]}},{"type":"Feature","geometry":{"type":"Point","coordinates":[-122.3216368,47.5958351]},"properties":{"kind":"motorway_connector","category":"motorway_connector","osmId":"4748990","connectedRoadTypes":["primary"]}},{"type":"Feature","geometry":{"type":"Point","coordinates":[-122.2730279,47.4325258]},"properties":{"kind":"motorway_connector","category":"motorway_connector","osmId":"332985345","connectedRoadTypes":["primary"]}},{"type":"Feature","geometry":{"type":"Point","coordinates":[-122.2727269,47.4321688]},"properties":{"kind":"motorway_connector","category":"motorway_connector","osmId":"364406699","connectedRoadTypes":["primary"]}},{"type":"Feature","geometry":{"type":"Point","coordinates":[-122.2701897,47.4310698]},"properties":{"kind":"motorway_connector","category":"motorway_connector","osmId":"234678347","connectedRoadTypes":["primary"]}},{"type":"Feature","geometry":{"type":"Point","coordinates":[-122.2744735,47.4342306]},"properties":{"kind":"motorway_connector","category":"motorway_connector","osmId":"361815982","connectedRoadTypes":["primary"]}},{"type":"Feature","geometry":{"type":"Point","coordinates":[-122.2971157,47.4447641]},"properties":{"kind":"motorway_connector","category":"motorway_connector","osmId":"806908555","connectedRoadTypes":["service","trunk_link"]}},{"type":"Feature","geometry":{"type":"Point","coordinates":[-122.3259556,47.7342666]},"properties":{"kind":"motorway_connector","category":"motorway_connector","osmId":"428094933","connectedRoadTypes":["primary"]}},{"type":"Feature","geometry":{"type":"Point","coordinates":[-122.3299652,47.5902939]},"properties":{"kind":"motorway_connector","category":"motorway_connector","osmId":"427907033","connectedRoadTypes":["primary"]}},{"type":"Feature","geometry":{"type":"Point","coordinates":[-122.3160006,47.7994989]},"properties":{"kind":"motorway_connector","category":"motorway_connector","osmId":"367681825","connectedRoadTypes":["secondary"]}},{"type":"Feature","geometry":{"type":"Point","coordinates":[-122.3162465,47.7995728]},"properties":{"kind":"motorway_connector","category":"motorway_connector","osmId":"27032858","connectedRoadTypes":["secondary"]}},{"type":"Feature","geometry":{"type":"Point","coordinates":[-122.230202,47.5862475]},"properties":{"kind":"motorway_connector","category":"motorway_connector","osmId":"344287121","connectedRoadTypes":["secondary"]}},{"type":"Feature","geometry":{"type":"Point","coordinates":[-122.2300916,47.5864775]},"properties":{"kind":"motorway_connector","category":"motorway_connector","osmId":"160684858","connectedRoadTypes":["secondary"]}},{"type":"Feature","geometry":{"type":"Point","coordinates":[-122.2479991,47.5901095]},"properties":{"kind":"motorway_connector","category":"motorway_connector","osmId":"23615659","connectedRoadTypes":["tertiary"]}},{"type":"Feature","geometry":{"type":"Point","coordinates":[-122.24802,47.58999]},"properties":{"kind":"motorway_connector","category":"motorway_connector","osmId":"344300167","connectedRoadTypes":["tertiary"]}},{"type":"Feature","geometry":{"type":"Point","coordinates":[-122.3362819,47.5337585]},"properties":{"kind":"motorway_connector","category":"motorway_connector","osmId":"29315808","connectedRoadTypes":["primary","tertiary"]}},{"type":"Feature","geometry":{"type":"Point","coordinates":[-122.3360494,47.5335301]},"properties":{"kind":"motorway_connector","category":"motorway_connector","osmId":"365159181","connectedRoadTypes":["tertiary"]}},{"type":"Feature","geometry":{"type":"Point","coordinates":[-122.3327111,47.5346321]},"properties":{"kind":"motorway_connector","category":"motorway_connector","osmId":"347402568","connectedRoadTypes":["trunk"]}},{"type":"Feature","geometry":{"type":"Point","coordinates":[-122.4346371,47.2357772]},"properties":{"kind":"motorway_connector","category":"motorway_connector","osmId":"172661450","connectedRoadTypes":["primary"]}},{"type":"Feature","geometry":{"type":"Point","coordinates":[-122.4336452,47.2433018]},"properties":{"kind":"motorway_connector","category":"motorway_connector","osmId":"23349373","connectedRoadTypes":["trunk"]}},{"type":"Feature","geometry":{"type":"Point","coordinates":[-122.4342814,47.2433616]},"properties":{"kind":"motorway_connector","category":"motorway_connector","osmId":"613092604","connectedRoadTypes":["trunk"]}},{"type":"Feature","geometry":{"type":"Point","coordinates":[-122.4346479,47.243319]},"properties":{"kind":"motorway_connector","category":"motorway_connector","osmId":"23349353","connectedRoadTypes":["trunk"]}},{"type":"Feature","geometry":{"type":"Point","coordinates":[-122.3203231,47.4378456]},"properties":{"kind":"motorway_connector","category":"motorway_connector","osmId":"1428328211","connectedRoadTypes":["primary"]}},{"type":"Feature","geometry":{"type":"Point","coordinates":[-122.322956,47.4392771]},"properties":{"kind":"motorway_connector","category":"motorway_connector","osmId":"6345767","connectedRoadTypes":["primary"]}},{"type":"Feature","geometry":{"type":"Point","coordinates":[-122.2952951,47.4976081]},"properties":{"kind":"motorway_connector","category":"motorway_connector","osmId":"6327068","connectedRoadTypes":["primary","tertiary"]}},{"type":"Feature","geometry":{"type":"Point","coordinates":[-122.2952302,47.4972049]},"properties":{"kind":"motorway_connector","category":"motorway_connector","osmId":"154083877","connectedRoadTypes":["primary"]}},{"type":"Feature","geometry":{"type":"Point","coordinates":[-122.2951101,47.4989499]},"properties":{"kind":"motorway_connector","category":"motorway_connector","osmId":"6332128","connectedRoadTypes":["primary"]}},{"type":"Feature","geometry":{"type":"Point","coordinates":[-122.2158132,47.4408723]},"properties":{"kind":"motorway_connector","category":"motorway_connector","osmId":"360411791","connectedRoadTypes":["secondary_link"]}},{"type":"Feature","geometry":{"type":"Point","coordinates":[-122.3150719,47.7848551]},"properties":{"kind":"motorway_connector","category":"motorway_connector","osmId":"35043965","connectedRoadTypes":["secondary","service"]}},{"type":"Feature","geometry":{"type":"Point","coordinates":[-122.2280178,47.397594]},"properties":{"kind":"motorway_connector","category":"motorway_connector","osmId":"359639384","connectedRoadTypes":["secondary"]}},{"type":"Feature","geometry":{"type":"Point","coordinates":[-122.2465083,47.3779603]},"properties":{"kind":"motorway_connector","category":"motorway_connector","osmId":"359656881","connectedRoadTypes":["trunk"]}},{"type":"Feature","geometry":{"type":"Point","coordinates":[-122.2430386,47.3780031]},"properties":{"kind":"motorway_connector","category":"motorway_connector","osmId":"360397482","connectedRoadTypes":["primary","trunk"]}},{"type":"Feature","geometry":{"type":"Point","coordinates":[-122.2458621,47.3780792]},"properties":{"kind":"motorway_connector","category":"motorway_connector","osmId":"360397489","connectedRoadTypes":["trunk"]}},{"type":"Feature","geometry":{"type":"Point","coordinates":[-122.2225643,47.412075]},"properties":{"kind":"motorway_connector","category":"motorway_connector","osmId":"357014153","connectedRoadTypes":["primary"]}},{"type":"Feature","geometry":{"type":"Point","coordinates":[-122.3044568,47.6448602]},"properties":{"kind":"motorway_connector","category":"motorway_connector","osmId":"1179848485","connectedRoadTypes":["primary"]}},{"type":"Feature","geometry":{"type":"Point","coordinates":[-122.2756214,47.5003422]},"properties":{"kind":"motorway_connector","category":"motorway_connector","osmId":"6331481","connectedRoadTypes":["secondary"]}},{"type":"Feature","geometry":{"type":"Point","coordinates":[-122.2434242,47.3536897]},"properties":{"kind":"motorway_connector","category":"motorway_connector","osmId":"23812549","connectedRoadTypes":["secondary"]}},{"type":"Feature","geometry":{"type":"Point","coordinates":[-122.243814,47.3223446]},"properties":{"kind":"motorway_connector","category":"motorway_connector","osmId":"23811809","connectedRoadTypes":["secondary"]}},{"type":"Feature","geometry":{"type":"Point","coordinates":[-122.2567241,47.3025215]},"properties":{"kind":"motorway_connector","category":"motorway_connector","osmId":"23742063","connectedRoadTypes":["secondary"]}},{"type":"Feature","geometry":{"type":"Point","coordinates":[-122.2561574,47.303551]},"properties":{"kind":"motorway_connector","category":"motorway_connector","osmId":"23741789","connectedRoadTypes":["secondary"]}},{"type":"Feature","geometry":{"type":"Point","coordinates":[-122.2537758,47.2958179]},"properties":{"kind":"motorway_connector","category":"motorway_connector","osmId":"89372835","connectedRoadTypes":["secondary"]}},{"type":"Feature","geometry":{"type":"Point","coordinates":[-122.2557286,47.2957658]},"properties":{"kind":"motorway_connector","category":"motorway_connector","osmId":"23739671","connectedRoadTypes":["secondary"]}},{"type":"Feature","geometry":{"type":"Point","coordinates":[-122.258509,47.2956093]},"properties":{"kind":"motorway_connector","category":"motorway_connector","osmId":"531893767","connectedRoadTypes":["secondary"]}},{"type":"Feature","geometry":{"type":"Point","coordinates":[-122.2564058,47.2957551]},"properties":{"kind":"motorway_connector","category":"motorway_connector","osmId":"362646308","connectedRoadTypes":["secondary"]}},{"type":"Feature","geometry":{"type":"Point","coordinates":[-122.2585363,47.2957289]},"properties":{"kind":"motorway_connector","category":"motorway_connector","osmId":"362646306","connectedRoadTypes":["secondary"]}},{"type":"Feature","geometry":{"type":"Point","coordinates":[-122.2550974,47.295621]},"properties":{"kind":"motorway_connector","category":"motorway_connector","osmId":"89372840","connectedRoadTypes":["secondary"]}},{"type":"Feature","geometry":{"type":"Point","coordinates":[-122.2458655,47.3779687]},"properties":{"kind":"motorway_connector","category":"motorway_connector","osmId":"359659435","connectedRoadTypes":["trunk"]}},{"type":"Feature","geometry":{"type":"Point","coordinates":[-122.2013783,47.641989]},"properties":{"kind":"motorway_connector","category":"motorway_connector","osmId":"939520410","connectedRoadTypes":["primary"]}},{"type":"Feature","geometry":{"type":"Point","coordinates":[-122.201667,47.6429585]},"properties":{"kind":"motorway_connector","category":"motorway_connector","osmId":"310187446","connectedRoadTypes":["primary"]}},{"type":"Feature","geometry":{"type":"Point","coordinates":[-122.1963309,47.6410826]},"properties":{"kind":"motorway_connector","category":"motorway_connector","osmId":"6317870","connectedRoadTypes":["cycleway","secondary"]}},{"type":"Feature","geometry":{"type":"Point","coordinates":[-122.143107,47.6358504]},"properties":{"kind":"motorway_connector","category":"motorway_connector","osmId":"6337101","connectedRoadTypes":["primary"]}},{"type":"Feature","geometry":{"type":"Point","coordinates":[-122.1199566,47.3581697]},"properties":{"kind":"motorway_connector","category":"motorway_connector","osmId":"424214502","connectedRoadTypes":["primary"]}},{"type":"Feature","geometry":{"type":"Point","coordinates":[-122.2885586,47.3909215]},"properties":{"kind":"motorway_connector","category":"motorway_connector","osmId":"263741654","connectedRoadTypes":["trunk"]}},{"type":"Feature","geometry":{"type":"Point","coordinates":[-122.2882885,47.3908438]},"properties":{"kind":"motorway_connector","category":"motorway_connector","osmId":"377696949","connectedRoadTypes":["trunk"]}},{"type":"Feature","geometry":{"type":"Point","coordinates":[-122.1300051,47.579325]},"properties":{"kind":"motorway_connector","category":"motorway_connector","osmId":"41731869","connectedRoadTypes":["secondary"]}},{"type":"Feature","geometry":{"type":"Point","coordinates":[-122.1377483,47.5805545]},"properties":{"kind":"motorway_connector","category":"motorway_connector","osmId":"4763325","connectedRoadTypes":["secondary"]}},{"type":"Feature","geometry":{"type":"Point","coordinates":[-122.181162,47.7097218]},"properties":{"kind":"motorway_connector","category":"motorway_connector","osmId":"6332446","connectedRoadTypes":["secondary"]}},{"type":"Feature","geometry":{"type":"Point","coordinates":[-122.1803914,47.7094637]},"properties":{"kind":"motorway_connector","category":"motorway_connector","osmId":"428010253","connectedRoadTypes":["secondary"]}},{"type":"Feature","geometry":{"type":"Point","coordinates":[-122.1788398,47.7090749]},"properties":{"kind":"motorway_connector","category":"motorway_connector","osmId":"110755599","connectedRoadTypes":["secondary"]}},{"type":"Feature","geometry":{"type":"Point","coordinates":[-122.1853482,47.7111198]},"properties":{"kind":"motorway_connector","category":"motorway_connector","osmId":"428083141","connectedRoadTypes":["secondary"]}},{"type":"Feature","geometry":{"type":"Point","coordinates":[-122.1804183,47.7105646]},"properties":{"kind":"motorway_connector","category":"motorway_connector","osmId":"42463313","connectedRoadTypes":["secondary"]}},{"type":"Feature","geometry":{"type":"Point","coordinates":[-122.0623927,47.547146]},"properties":{"kind":"motorway_connector","category":"motorway_connector","osmId":"251392786","connectedRoadTypes":["secondary"]}},{"type":"Feature","geometry":{"type":"Point","coordinates":[-122.0619837,47.5476208]},"properties":{"kind":"motorway_connector","category":"motorway_connector","osmId":"428287963","connectedRoadTypes":["secondary"]}},{"type":"Feature","geometry":{"type":"Point","coordinates":[-122.0357619,47.5423691]},"properties":{"kind":"motorway_connector","category":"motorway_connector","osmId":"247792574","connectedRoadTypes":["secondary"]}},{"type":"Feature","geometry":{"type":"Point","coordinates":[-122.0362693,47.5396893]},"properties":{"kind":"motorway_connector","category":"motorway_connector","osmId":"428245601","connectedRoadTypes":["secondary"]}},{"type":"Feature","geometry":{"type":"Point","coordinates":[-122.0363612,47.5393603]},"properties":{"kind":"motorway_connector","category":"motorway_connector","osmId":"1026060517","connectedRoadTypes":["secondary"]}},{"type":"Feature","geometry":{"type":"Point","coordinates":[-122.270596,47.4312253]},"properties":{"kind":"motorway_connector","category":"motorway_connector","osmId":"427157971","connectedRoadTypes":["primary"]}},{"type":"Feature","geometry":{"type":"Point","coordinates":[-122.206821,47.57695]},"properties":{"kind":"motorway_connector","category":"motorway_connector","osmId":"119881898","connectedRoadTypes":["tertiary"]}},{"type":"Feature","geometry":{"type":"Point","coordinates":[-122.1401407,47.5767813]},"properties":{"kind":"motorway_connector","category":"motorway_connector","osmId":"4763294","connectedRoadTypes":["secondary","secondary_link"]}},{"type":"Feature","geometry":{"type":"Point","coordinates":[-122.1386678,47.5772157]},"properties":{"kind":"motorway_connector","category":"motorway_connector","osmId":"431333200","connectedRoadTypes":["tertiary"]}},{"type":"Feature","geometry":{"type":"Point","coordinates":[-122.1378583,47.577237]},"properties":{"kind":"motorway_connector","category":"motorway_connector","osmId":"4763300","connectedRoadTypes":["tertiary"]}},{"type":"Feature","geometry":{"type":"Point","coordinates":[-122.296324,47.4596601]},"properties":{"kind":"motorway_connector","category":"motorway_connector","osmId":"104034229","connectedRoadTypes":["secondary"]}},{"type":"Feature","geometry":{"type":"Point","coordinates":[-122.3015531,47.4523351]},"properties":{"kind":"motorway_connector","category":"motorway_connector","osmId":"23802708","connectedRoadTypes":["tertiary"]}},{"type":"Feature","geometry":{"type":"Point","coordinates":[-122.3015526,47.4518822]},"properties":{"kind":"motorway_connector","category":"motorway_connector","osmId":"6317703","connectedRoadTypes":["tertiary"]}},{"type":"Feature","geometry":{"type":"Point","coordinates":[-122.3000779,47.4506661]},"properties":{"kind":"motorway_connector","category":"motorway_connector","osmId":"1083470447","connectedRoadTypes":["tertiary"]}},{"type":"Feature","geometry":{"type":"Point","coordinates":[-122.2996232,47.4506529]},"properties":{"kind":"motorway_connector","category":"motorway_connector","osmId":"428094932","connectedRoadTypes":["tertiary"]}},{"type":"Feature","geometry":{"type":"Point","coordinates":[-122.3011173,47.4651381]},"properties":{"kind":"motorway_connector","category":"motorway_connector","osmId":"531892408","connectedRoadTypes":["primary","tertiary"]}},{"type":"Feature","geometry":{"type":"Point","coordinates":[-122.2699757,47.4624585]},"properties":{"kind":"motorway_connector","category":"motorway_connector","osmId":"246086198","connectedRoadTypes":["secondary"]}},{"type":"Feature","geometry":{"type":"Point","coordinates":[-122.262584,47.4589765]},"properties":{"kind":"motorway_connector","category":"motorway_connector","osmId":"428266138","connectedRoadTypes":["secondary","service"]}},{"type":"Feature","geometry":{"type":"Point","coordinates":[-122.3182201,47.4708136]},"properties":{"kind":"motorway_connector","category":"motorway_connector","osmId":"428094152","connectedRoadTypes":["secondary"]}},{"type":"Feature","geometry":{"type":"Point","coordinates":[-122.2946419,47.357823]},"properties":{"kind":"motorway_connector","category":"motorway_connector","osmId":"377693230","connectedRoadTypes":["secondary"]}},{"type":"Feature","geometry":{"type":"Point","coordinates":[-122.2939488,47.3578187]},"properties":{"kind":"motorway_connector","category":"motorway_connector","osmId":"234663076","connectedRoadTypes":["secondary"]}},{"type":"Feature","geometry":{"type":"Point","coordinates":[-122.2949468,47.315098]},"properties":{"kind":"motorway_connector","category":"motorway_connector","osmId":"377696962","connectedRoadTypes":["secondary"]}},{"type":"Feature","geometry":{"type":"Point","coordinates":[-122.2451366,47.4623026]},"properties":{"kind":"motorway_connector","category":"motorway_connector","osmId":"230238799","connectedRoadTypes":["primary"]}},{"type":"Feature","geometry":{"type":"Point","coordinates":[-122.2079062,47.4700797]},"properties":{"kind":"motorway_connector","category":"motorway_connector","osmId":"140420727","connectedRoadTypes":["primary"]}},{"type":"Feature","geometry":{"type":"Point","coordinates":[-122.2079246,47.469623]},"properties":{"kind":"motorway_connector","category":"motorway_connector","osmId":"428078695","connectedRoadTypes":["primary","residential"]}},{"type":"Feature","geometry":{"type":"Point","coordinates":[-122.2079756,47.4679846]},"properties":{"kind":"motorway_connector","category":"motorway_connector","osmId":"140420638","connectedRoadTypes":["primary"]}},{"type":"Feature","geometry":{"type":"Point","coordinates":[-122.2079671,47.4684225]},"properties":{"kind":"motorway_connector","category":"motorway_connector","osmId":"885435624","connectedRoadTypes":["primary"]}},{"type":"Feature","geometry":{"type":"Point","coordinates":[-122.191561,47.490695]},"properties":{"kind":"motorway_connector","category":"motorway_connector","osmId":"157713239","connectedRoadTypes":["secondary"]}},{"type":"Feature","geometry":{"type":"Point","coordinates":[-122.1833682,47.6033624]},"properties":{"kind":"motorway_connector","category":"motorway_connector","osmId":"428246540","connectedRoadTypes":["secondary"]}},{"type":"Feature","geometry":{"type":"Point","coordinates":[-122.1881785,47.613286]},"properties":{"kind":"motorway_connector","category":"motorway_connector","osmId":"181984983","connectedRoadTypes":["secondary"]}},{"type":"Feature","geometry":{"type":"Point","coordinates":[-122.1891521,47.6136766]},"properties":{"kind":"motorway_connector","category":"motorway_connector","osmId":"30614990","connectedRoadTypes":["secondary"]}},{"type":"Feature","geometry":{"type":"Point","coordinates":[-122.185624,47.667902]},"properties":{"kind":"motorway_connector","category":"motorway_connector","osmId":"531658977","connectedRoadTypes":["secondary","tertiary"]}},{"type":"Feature","geometry":{"type":"Point","coordinates":[-122.1856227,47.6675304]},"properties":{"kind":"motorway_connector","category":"motorway_connector","osmId":"162035531","connectedRoadTypes":["tertiary"]}},{"type":"Feature","geometry":{"type":"Point","coordinates":[-122.1548012,47.7688656]},"properties":{"kind":"motorway_connector","category":"motorway_connector","osmId":"27029301","connectedRoadTypes":["secondary"]}},{"type":"Feature","geometry":{"type":"Point","coordinates":[-122.1555053,47.768868]},"properties":{"kind":"motorway_connector","category":"motorway_connector","osmId":"38453839","connectedRoadTypes":["secondary"]}},{"type":"Feature","geometry":{"type":"Point","coordinates":[-122.1573823,47.76887]},"properties":{"kind":"motorway_connector","category":"motorway_connector","osmId":"38453811","connectedRoadTypes":["secondary"]}},{"type":"Feature","geometry":{"type":"Point","coordinates":[-122.1565402,47.7688691]},"properties":{"kind":"motorway_connector","category":"motorway_connector","osmId":"27029303","connectedRoadTypes":["secondary"]}},{"type":"Feature","geometry":{"type":"Point","coordinates":[-122.2139693,47.7953864]},"properties":{"kind":"motorway_connector","category":"motorway_connector","osmId":"6141603","connectedRoadTypes":["primary"]}},{"type":"Feature","geometry":{"type":"Point","coordinates":[-122.2151593,47.7933604]},"properties":{"kind":"motorway_connector","category":"motorway_connector","osmId":"253841917","connectedRoadTypes":["primary"]}},{"type":"Feature","geometry":{"type":"Point","coordinates":[-122.2971305,47.4439202]},"properties":{"kind":"motorway_connector","category":"motorway_connector","osmId":"369418218","connectedRoadTypes":["service"]}},{"type":"Feature","geometry":{"type":"Point","coordinates":[-122.295866,47.4405206]},"properties":{"kind":"motorway_connector","category":"motorway_connector","osmId":"31928795","connectedRoadTypes":["primary","service"]}},{"type":"Feature","geometry":{"type":"Point","coordinates":[-122.2960601,47.4405268]},"properties":{"kind":"motorway_connector","category":"motorway_connector","osmId":"31928795","connectedRoadTypes":["primary"]}},{"type":"Feature","geometry":{"type":"Point","coordinates":[-122.2280166,47.3974243]},"properties":{"kind":"motorway_connector","category":"motorway_connector","osmId":"359639360","connectedRoadTypes":["secondary"]}},{"type":"Feature","geometry":{"type":"Point","coordinates":[-122.3447915,47.6232045]},"properties":{"kind":"motorway_connector","category":"motorway_connector","osmId":"243738302","connectedRoadTypes":["secondary"]}},{"type":"Feature","geometry":{"type":"Point","coordinates":[-122.2174256,47.6401772]},"properties":{"kind":"motorway_connector","category":"motorway_connector","osmId":"290469002","connectedRoadTypes":["secondary","service"]}},{"type":"Feature","geometry":{"type":"Point","coordinates":[-122.1750786,47.6295863]},"properties":{"kind":"motorway_connector","category":"motorway_connector","osmId":"6316544","connectedRoadTypes":["secondary","tertiary"]}},{"type":"Feature","geometry":{"type":"Point","coordinates":[-122.36667,47.5714154]},"properties":{"kind":"motorway_connector","category":"motorway_connector","osmId":"49891694","connectedRoadTypes":["primary"]}},{"type":"Feature","geometry":{"type":"Point","coordinates":[-122.3630195,47.5715219]},"properties":{"kind":"motorway_connector","category":"motorway_connector","osmId":"49891358","connectedRoadTypes":["primary"]}},{"type":"Feature","geometry":{"type":"Point","coordinates":[-122.2333342,47.3051547]},"properties":{"kind":"motorway_connector","category":"motorway_connector","osmId":"373534871","connectedRoadTypes":["secondary"]}},{"type":"Feature","geometry":{"type":"Point","coordinates":[-122.2333055,47.3050028]},"properties":{"kind":"motorway_connector","category":"motorway_connector","osmId":"373534874","connectedRoadTypes":["secondary"]}},{"type":"Feature","geometry":{"type":"Point","coordinates":[-122.2256165,47.3024417]},"properties":{"kind":"motorway_connector","category":"motorway_connector","osmId":"246039158","connectedRoadTypes":["secondary"]}},{"type":"Feature","geometry":{"type":"Point","coordinates":[-122.2255182,47.3019645]},"properties":{"kind":"motorway_connector","category":"motorway_connector","osmId":"56675271","connectedRoadTypes":["secondary","tertiary"]}},{"type":"Feature","geometry":{"type":"Point","coordinates":[-122.1880149,47.7419287]},"properties":{"kind":"motorway_connector","category":"motorway_connector","osmId":"1094500412","connectedRoadTypes":["footway"]}},{"type":"Feature","geometry":{"type":"Point","coordinates":[-122.1429759,47.6358483]},"properties":{"kind":"motorway_connector","category":"motorway_connector","osmId":"1275948649","connectedRoadTypes":["primary"]}},{"type":"Feature","geometry":{"type":"Point","coordinates":[-122.228035,47.399399]},"properties":{"kind":"motorway_connector","category":"motorway_connector","osmId":"6326169","connectedRoadTypes":["secondary"]}},{"type":"Feature","geometry":{"type":"Point","coordinates":[-122.0989874,47.5646974]},"properties":{"kind":"motorway_connector","category":"motorway_connector","osmId":"87656660","connectedRoadTypes":["secondary"]}},{"type":"Feature","geometry":{"type":"Point","coordinates":[-122.1295023,47.5790606]},"properties":{"kind":"motorway_connector","category":"motorway_connector","osmId":"531640032","connectedRoadTypes":["secondary","tertiary"]}},{"type":"Feature","geometry":{"type":"Point","coordinates":[-122.3570672,47.239708]},"properties":{"kind":"motorway_connector","category":"motorway_connector","osmId":"1122571909","connectedRoadTypes":["primary","secondary"]}},{"type":"Feature","geometry":{"type":"Point","coordinates":[-122.3569966,47.2413932]},"properties":{"kind":"motorway_connector","category":"motorway_connector","osmId":"1049908760","connectedRoadTypes":["primary"]}},{"type":"Feature","geometry":{"type":"Point","coordinates":[-122.357081,47.2394987]},"properties":{"kind":"motorway_connector","category":"motorway_connector","osmId":"23349834","connectedRoadTypes":["secondary"]}},{"type":"Feature","geometry":{"type":"Point","coordinates":[-122.3569892,47.2425371]},"properties":{"kind":"motorway_connector","category":"motorway_connector","osmId":"377696946","connectedRoadTypes":["primary"]}},{"type":"Feature","geometry":{"type":"Point","coordinates":[-122.3569924,47.2421521]},"properties":{"kind":"motorway_connector","category":"motorway_connector","osmId":"23349788","connectedRoadTypes":["primary"]}},{"type":"Feature","geometry":{"type":"Point","coordinates":[-122.3856507,47.2418737]},"properties":{"kind":"motorway_connector","category":"motorway_connector","osmId":"1026603458","connectedRoadTypes":["secondary"]}},{"type":"Feature","geometry":{"type":"Point","coordinates":[-122.2922845,47.293128]},"properties":{"kind":"motorway_connector","category":"motorway_connector","osmId":"5168721","connectedRoadTypes":["tertiary"]}},{"type":"Feature","geometry":{"type":"Point","coordinates":[-122.2922817,47.2923055]},"properties":{"kind":"motorway_connector","category":"motorway_connector","osmId":"377696967","connectedRoadTypes":["tertiary"]}},{"type":"Feature","geometry":{"type":"Point","coordinates":[-122.2922933,47.2949294]},"properties":{"kind":"motorway_connector","category":"motorway_connector","osmId":"315695131","connectedRoadTypes":["tertiary"]}},{"type":"Feature","geometry":{"type":"Point","coordinates":[-122.2922865,47.2954466]},"properties":{"kind":"motorway_connector","category":"motorway_connector","osmId":"182411377","connectedRoadTypes":["tertiary"]}},{"type":"Feature","geometry":{"type":"Point","coordinates":[-122.1795851,47.7040069]},"properties":{"kind":"motorway_connector","category":"motorway_connector","osmId":"160177545","connectedRoadTypes":["tertiary"]}},{"type":"Feature","geometry":{"type":"Point","coordinates":[-122.298609,47.161614]},"properties":{"kind":"motorway_connector","category":"motorway_connector","osmId":"1013758390","connectedRoadTypes":["primary"]}},{"type":"Feature","geometry":{"type":"Point","coordinates":[-122.295006,47.16088]},"properties":{"kind":"motorway_connector","category":"motorway_connector","osmId":"23689746","connectedRoadTypes":["primary"]}},{"type":"Feature","geometry":{"type":"Point","coordinates":[-122.295974,47.1610719]},"properties":{"kind":"motorway_connector","category":"motorway_connector","osmId":"23689747","connectedRoadTypes":["primary"]}},{"type":"Feature","geometry":{"type":"Point","coordinates":[-121.7583689,47.4756565]},"properties":{"kind":"motorway_connector","category":"motorway_connector","osmId":"5165413","connectedRoadTypes":["secondary","service"]}},{"type":"Feature","geometry":{"type":"Point","coordinates":[-121.7583904,47.4742579]},"properties":{"kind":"motorway_connector","category":"motorway_connector","osmId":"5165182","connectedRoadTypes":["secondary"]}},{"type":"Feature","geometry":{"type":"Point","coordinates":[-121.4157071,47.4264002]},"properties":{"kind":"motorway_connector","category":"motorway_connector","osmId":"1126593012","connectedRoadTypes":["secondary"]}},{"type":"Feature","geometry":{"type":"Point","coordinates":[-121.4158518,47.4258573]},"properties":{"kind":"motorway_connector","category":"motorway_connector","osmId":"260881689","connectedRoadTypes":["secondary"]}},{"type":"Feature","geometry":{"type":"Point","coordinates":[-122.1271311,47.6651843]},"properties":{"kind":"motorway_connector","category":"motorway_connector","osmId":"160287006","connectedRoadTypes":["secondary"]}},{"type":"Feature","geometry":{"type":"Point","coordinates":[-122.1269215,47.6661731]},"properties":{"kind":"motorway_connector","category":"motorway_connector","osmId":"173870266","connectedRoadTypes":["secondary"]}},{"type":"Feature","geometry":{"type":"Point","coordinates":[-122.3761792,47.5646161]},"properties":{"kind":"motorway_connector","category":"motorway_connector","osmId":"31659209","connectedRoadTypes":["secondary"]}},{"type":"Feature","geometry":{"type":"Point","coordinates":[-122.2635014,47.4649646]},"properties":{"kind":"motorway_connector","category":"motorway_connector","osmId":"451954738","connectedRoadTypes":["footway"]}},{"type":"Feature","geometry":{"type":"Point","coordinates":[-122.1905271,47.7684615]},"properties":{"kind":"motorway_connector","category":"motorway_connector","osmId":"6375869","connectedRoadTypes":["secondary"]}},{"type":"Feature","geometry":{"type":"Point","coordinates":[-121.8879635,47.5086625]},"properties":{"kind":"motorway_connector","category":"motorway_connector","osmId":"1315834741","connectedRoadTypes":["construction"]}},{"type":"Feature","geometry":{"type":"Point","coordinates":[-122.190899,47.6174125]},"properties":{"kind":"motorway_connector","category":"motorway_connector","osmId":"885517650","connectedRoadTypes":["primary","secondary"]}},{"type":"Feature","geometry":{"type":"Point","coordinates":[-122.2557318,47.2956231]},"properties":{"kind":"motorway_connector","category":"motorway_connector","osmId":"362646314","connectedRoadTypes":["secondary"]}},{"type":"Feature","geometry":{"type":"Point","coordinates":[-122.1975213,47.4841476]},"properties":{"kind":"motorway_connector","category":"motorway_connector","osmId":"157655306","connectedRoadTypes":["secondary"]}},{"type":"Feature","geometry":{"type":"Point","coordinates":[-122.3315992,47.6109691]},"properties":{"kind":"motorway_connector","category":"motorway_connector","osmId":"96260963","connectedRoadTypes":["tertiary"]}},{"type":"Feature","geometry":{"type":"Point","coordinates":[-122.3259656,47.5714075]},"properties":{"kind":"motorway_connector","category":"motorway_connector","osmId":"4856836","connectedRoadTypes":["primary","secondary","tertiary"]}},{"type":"Feature","geometry":{"type":"Point","coordinates":[-122.3290668,47.569653]},"properties":{"kind":"motorway_connector","category":"motorway_connector","osmId":"427899052","connectedRoadTypes":["primary"]}},{"type":"Feature","geometry":{"type":"Point","coordinates":[-122.297656,47.3578611]},"properties":{"kind":"motorway_connector","category":"motorway_connector","osmId":"314664964","connectedRoadTypes":["secondary"]}},{"type":"Feature","geometry":{"type":"Point","coordinates":[-122.1909581,47.6154753]},"properties":{"kind":"motorway_connector","category":"motorway_connector","osmId":"30615043","connectedRoadTypes":["secondary","tertiary"]}},{"type":"Feature","geometry":{"type":"Point","coordinates":[-122.306131,47.5888226]},"properties":{"kind":"motorway_connector","category":"motorway_connector","osmId":"1169132681","connectedRoadTypes":["primary"]}},{"type":"Feature","geometry":{"type":"Point","coordinates":[-122.3113199,47.2799704]},"properties":{"kind":"motorway_connector","category":"motorway_connector","osmId":"182413190","connectedRoadTypes":["primary"]}},{"type":"Feature","geometry":{"type":"Point","coordinates":[-122.1589894,47.3304996]},"properties":{"kind":"motorway_connector","category":"motorway_connector","osmId":"425456479","connectedRoadTypes":["secondary"]}},{"type":"Feature","geometry":{"type":"Point","coordinates":[-122.1525308,47.3297513]},"properties":{"kind":"motorway_connector","category":"motorway_connector","osmId":"425456477","connectedRoadTypes":["secondary"]}},{"type":"Feature","geometry":{"type":"Point","coordinates":[-122.1596923,47.33059]},"properties":{"kind":"motorway_connector","category":"motorway_connector","osmId":"531843479","connectedRoadTypes":["secondary"]}},{"type":"Feature","geometry":{"type":"Point","coordinates":[-122.3311648,47.5449123]},"properties":{"kind":"motorway_connector","category":"motorway_connector","osmId":"169909222","connectedRoadTypes":["primary","secondary","unclassified"]}},{"type":"Feature","geometry":{"type":"Point","coordinates":[-122.1829381,47.3006666]},"properties":{"kind":"motorway_connector","category":"motorway_connector","osmId":"6332468","connectedRoadTypes":["secondary"]}},{"type":"Feature","geometry":{"type":"Point","coordinates":[-122.1789849,47.3004772]},"properties":{"kind":"motorway_connector","category":"motorway_connector","osmId":"428267326","connectedRoadTypes":["secondary"]}},{"type":"Feature","geometry":{"type":"Point","coordinates":[-122.1791536,47.3004481]},"properties":{"kind":"motorway_connector","category":"motorway_connector","osmId":"6333589","connectedRoadTypes":["secondary"]}},{"type":"Feature","geometry":{"type":"Point","coordinates":[-122.1042461,47.6688562]},"properties":{"kind":"motorway_connector","category":"motorway_connector","osmId":"53097731","connectedRoadTypes":["primary"]}},{"type":"Feature","geometry":{"type":"Point","coordinates":[-122.1064029,47.6695251]},"properties":{"kind":"motorway_connector","category":"motorway_connector","osmId":"1167390046","connectedRoadTypes":["primary"]}},{"type":"Feature","geometry":{"type":"Point","coordinates":[-122.106471,47.6694254]},"properties":{"kind":"motorway_connector","category":"motorway_connector","osmId":"1014430455","connectedRoadTypes":["primary"]}},{"type":"Feature","geometry":{"type":"Point","coordinates":[-122.3000898,47.3151789]},"properties":{"kind":"motorway_connector","category":"motorway_connector","osmId":"248206300","connectedRoadTypes":["primary"]}},{"type":"Feature","geometry":{"type":"Point","coordinates":[-122.3240197,47.5264719]},"properties":{"kind":"motorway_connector","category":"motorway_connector","osmId":"158465370","connectedRoadTypes":["secondary"]}},{"type":"Feature","geometry":{"type":"Point","coordinates":[-122.1199552,47.3580474]},"properties":{"kind":"motorway_connector","category":"motorway_connector","osmId":"365208829","connectedRoadTypes":["primary"]}},{"type":"Feature","geometry":{"type":"Point","coordinates":[-122.1220521,47.3580234]},"properties":{"kind":"motorway_connector","category":"motorway_connector","osmId":"424214501","connectedRoadTypes":["primary"]}},{"type":"Feature","geometry":{"type":"Point","coordinates":[-122.1220298,47.3581521]},"properties":{"kind":"motorway_connector","category":"motorway_connector","osmId":"365208826","connectedRoadTypes":["primary"]}},{"type":"Feature","geometry":{"type":"Point","coordinates":[-122.2896441,47.4638554]},"properties":{"kind":"motorway_connector","category":"motorway_connector","osmId":"315557684","connectedRoadTypes":["primary"]}},{"type":"Feature","geometry":{"type":"Point","coordinates":[-122.2755987,47.4866327]},"properties":{"kind":"motorway_connector","category":"motorway_connector","osmId":"6324677","connectedRoadTypes":["secondary"]}},{"type":"Feature","geometry":{"type":"Point","coordinates":[-122.275855,47.4866675]},"properties":{"kind":"motorway_connector","category":"motorway_connector","osmId":"6324677","connectedRoadTypes":["secondary"]}},{"type":"Feature","geometry":{"type":"Point","coordinates":[-121.9774999,47.4371485]},"properties":{"kind":"motorway_connector","category":"motorway_connector","osmId":"23746877","connectedRoadTypes":["secondary"]}},{"type":"Feature","geometry":{"type":"Point","coordinates":[-122.2697388,47.483201]},"properties":{"kind":"motorway_connector","category":"motorway_connector","osmId":"531832152","connectedRoadTypes":["secondary"]}},{"type":"Feature","geometry":{"type":"Point","coordinates":[-122.2741392,47.4857124]},"properties":{"kind":"motorway_connector","category":"motorway_connector","osmId":"6327813","connectedRoadTypes":["secondary"]}},{"type":"Feature","geometry":{"type":"Point","coordinates":[-122.2713325,47.4841289]},"properties":{"kind":"motorway_connector","category":"motorway_connector","osmId":"428062945","connectedRoadTypes":["secondary"]}},{"type":"Feature","geometry":{"type":"Point","coordinates":[-122.327227,47.488517]},"properties":{"kind":"motorway_connector","category":"motorway_connector","osmId":"174582796","connectedRoadTypes":["secondary"]}},{"type":"Feature","geometry":{"type":"Point","coordinates":[-122.2873525,47.4177642]},"properties":{"kind":"motorway_connector","category":"motorway_connector","osmId":"5154819","connectedRoadTypes":["secondary"]}},{"type":"Feature","geometry":{"type":"Point","coordinates":[-122.1390493,47.6545822]},"properties":{"kind":"motorway_connector","category":"motorway_connector","osmId":"95340464","connectedRoadTypes":["secondary"]}},{"type":"Feature","geometry":{"type":"Point","coordinates":[-122.1429603,47.6324338]},"properties":{"kind":"motorway_connector","category":"motorway_connector","osmId":"6338423","connectedRoadTypes":["primary"]}},{"type":"Feature","geometry":{"type":"Point","coordinates":[-122.2762718,47.5010456]},"properties":{"kind":"motorway_connector","category":"motorway_connector","osmId":"1238702827","connectedRoadTypes":["secondary"]}},{"type":"Feature","geometry":{"type":"Point","coordinates":[-122.1740737,47.6294827]},"properties":{"kind":"motorway_connector","category":"motorway_connector","osmId":"370809241","connectedRoadTypes":["secondary"]}},{"type":"Feature","geometry":{"type":"Point","coordinates":[-122.1892129,47.6173935]},"properties":{"kind":"motorway_connector","category":"motorway_connector","osmId":"623055163","connectedRoadTypes":["primary"]}},{"type":"Feature","geometry":{"type":"Point","coordinates":[-122.1877504,47.6172501]},"properties":{"kind":"motorway_connector","category":"motorway_connector","osmId":"6334468","connectedRoadTypes":["primary"]}},{"type":"Feature","geometry":{"type":"Point","coordinates":[-122.1430241,47.6366603]},"properties":{"kind":"motorway_connector","category":"motorway_connector","osmId":"428076516","connectedRoadTypes":["primary","tertiary"]}},{"type":"Feature","geometry":{"type":"Point","coordinates":[-122.1955554,47.4834873]},"properties":{"kind":"motorway_connector","category":"motorway_connector","osmId":"158889523","connectedRoadTypes":["primary"]}},{"type":"Feature","geometry":{"type":"Point","coordinates":[-122.1962299,47.4837922]},"properties":{"kind":"motorway_connector","category":"motorway_connector","osmId":"158889523","connectedRoadTypes":["primary"]}},{"type":"Feature","geometry":{"type":"Point","coordinates":[-122.1957586,47.483411]},"properties":{"kind":"motorway_connector","category":"motorway_connector","osmId":"246086194","connectedRoadTypes":["primary"]}},{"type":"Feature","geometry":{"type":"Point","coordinates":[-122.1957904,47.4836706]},"properties":{"kind":"motorway_connector","category":"motorway_connector","osmId":"157634846","connectedRoadTypes":["primary"]}},{"type":"Feature","geometry":{"type":"Point","coordinates":[-122.1342057,47.6460246]},"properties":{"kind":"motorway_connector","category":"motorway_connector","osmId":"428076517","connectedRoadTypes":["secondary"]}},{"type":"Feature","geometry":{"type":"Point","coordinates":[-122.188821,47.6685724]},"properties":{"kind":"motorway_connector","category":"motorway_connector","osmId":"6336540","connectedRoadTypes":["secondary"]}},{"type":"Feature","geometry":{"type":"Point","coordinates":[-122.1836021,47.6791029]},"properties":{"kind":"motorway_connector","category":"motorway_connector","osmId":"1512364110","connectedRoadTypes":["primary","primary_link"]}},{"type":"Feature","geometry":{"type":"Point","coordinates":[-122.1827759,47.6791823]},"properties":{"kind":"motorway_connector","category":"motorway_connector","osmId":"1512364111","connectedRoadTypes":["primary"]}},{"type":"Feature","geometry":{"type":"Point","coordinates":[-122.3135655,47.7994797]},"properties":{"kind":"motorway_connector","category":"motorway_connector","osmId":"35133703","connectedRoadTypes":["secondary"]}},{"type":"Feature","geometry":{"type":"Point","coordinates":[-122.1860599,47.7112035]},"properties":{"kind":"motorway_connector","category":"motorway_connector","osmId":"1023814074","connectedRoadTypes":["secondary"]}},{"type":"Feature","geometry":{"type":"Point","coordinates":[-122.1796662,47.7103625]},"properties":{"kind":"motorway_connector","category":"motorway_connector","osmId":"42463311","connectedRoadTypes":["secondary","tertiary"]}},{"type":"Feature","geometry":{"type":"Point","coordinates":[-122.0226796,47.5321996]},"properties":{"kind":"motorway_connector","category":"motorway_connector","osmId":"26341583","connectedRoadTypes":["secondary"]}},{"type":"Feature","geometry":{"type":"Point","coordinates":[-122.3195986,47.4694975]},"properties":{"kind":"motorway_connector","category":"motorway_connector","osmId":"661937625","connectedRoadTypes":["secondary"]}},{"type":"Feature","geometry":{"type":"Point","coordinates":[-122.3195742,47.4695196]},"properties":{"kind":"motorway_connector","category":"motorway_connector","osmId":"1071577313","connectedRoadTypes":["secondary"]}},{"type":"Feature","geometry":{"type":"Point","coordinates":[-122.3285627,47.7041203]},"properties":{"kind":"motorway_connector","category":"motorway_connector","osmId":"4798488","connectedRoadTypes":["secondary"]}},{"type":"Feature","geometry":{"type":"Point","coordinates":[-122.3235544,47.7223171]},"properties":{"kind":"motorway_connector","category":"motorway_connector","osmId":"332747995","connectedRoadTypes":["secondary"]}},{"type":"Feature","geometry":{"type":"Point","coordinates":[-122.1426628,47.5844966]},"properties":{"kind":"motorway_connector","category":"motorway_connector","osmId":"29197678","connectedRoadTypes":["primary"]}},{"type":"Feature","geometry":{"type":"Point","coordinates":[-122.1689361,47.5810507]},"properties":{"kind":"motorway_connector","category":"motorway_connector","osmId":"421921178","connectedRoadTypes":["secondary"]}},{"type":"Feature","geometry":{"type":"Point","coordinates":[-122.036223,47.5392788]},"properties":{"kind":"motorway_connector","category":"motorway_connector","osmId":"247792573","connectedRoadTypes":["secondary"]}},{"type":"Feature","geometry":{"type":"Point","coordinates":[-122.0361928,47.5396622]},"properties":{"kind":"motorway_connector","category":"motorway_connector","osmId":"26341484","connectedRoadTypes":["secondary"]}},{"type":"Feature","geometry":{"type":"Point","coordinates":[-122.1793914,47.5674131]},"properties":{"kind":"motorway_connector","category":"motorway_connector","osmId":"6330651","connectedRoadTypes":["primary"]}},{"type":"Feature","geometry":{"type":"Point","coordinates":[-122.1827932,47.3006471]},"properties":{"kind":"motorway_connector","category":"motorway_connector","osmId":"428019009","connectedRoadTypes":["secondary"]}},{"type":"Feature","geometry":{"type":"Point","coordinates":[-122.1962632,47.6391467]},"properties":{"kind":"motorway_connector","category":"motorway_connector","osmId":"4744429","connectedRoadTypes":["secondary"]}},{"type":"Feature","geometry":{"type":"Point","coordinates":[-122.2506573,47.2355987]},"properties":{"kind":"motorway_connector","category":"motorway_connector","osmId":"428940547","connectedRoadTypes":["tertiary"]}},{"type":"Feature","geometry":{"type":"Point","coordinates":[-122.2561423,47.250188]},"properties":{"kind":"motorway_connector","category":"motorway_connector","osmId":"627327938","connectedRoadTypes":["secondary"]}},{"type":"Feature","geometry":{"type":"Point","coordinates":[-122.1291365,47.5788118]},"properties":{"kind":"motorway_connector","category":"motorway_connector","osmId":"4763303","connectedRoadTypes":["tertiary"]}},{"type":"Feature","geometry":{"type":"Point","coordinates":[-122.3259669,47.5710148]},"properties":{"kind":"motorway_connector","category":"motorway_connector","osmId":"62326341","connectedRoadTypes":["service","tertiary"]}},{"type":"Feature","geometry":{"type":"Point","coordinates":[-122.1954102,47.5342598]},"properties":{"kind":"motorway_connector","category":"motorway_connector","osmId":"1169661090","connectedRoadTypes":["secondary"]}},{"type":"Feature","geometry":{"type":"Point","coordinates":[-122.2977135,47.4410865]},"properties":{"kind":"motorway_connector","category":"motorway_connector","osmId":"369422790","connectedRoadTypes":["secondary"]}},{"type":"Feature","geometry":{"type":"Point","coordinates":[-122.3571586,47.1588335]},"properties":{"kind":"motorway_connector","category":"motorway_connector","osmId":"1066854418","connectedRoadTypes":["primary","secondary"]}},{"type":"Feature","geometry":{"type":"Point","coordinates":[-122.5257516,47.1372829]},"properties":{"kind":"motorway_connector","category":"motorway_connector","osmId":"1066638637","connectedRoadTypes":["secondary"]}},{"type":"Feature","geometry":{"type":"Point","coordinates":[-122.2430403,47.3781015]},"properties":{"kind":"motorway_connector","category":"motorway_connector","osmId":"23812836","connectedRoadTypes":["primary","trunk"]}},{"type":"Feature","geometry":{"type":"Point","coordinates":[-122.2923359,47.3920319]},"properties":{"kind":"motorway_connector","category":"motorway_connector","osmId":"265002721","connectedRoadTypes":["primary","trunk"]}},{"type":"Feature","geometry":{"type":"Point","coordinates":[-122.3343114,47.5714577]},"properties":{"kind":"motorway_connector","category":"motorway_connector","osmId":"49893105","connectedRoadTypes":["primary"]}},{"type":"Feature","geometry":{"type":"Point","coordinates":[-122.2325966,47.3031668]},"properties":{"kind":"motorway_connector","category":"motorway_connector","osmId":"428025256","connectedRoadTypes":["secondary"]}},{"type":"Feature","geometry":{"type":"Point","coordinates":[-122.2380727,47.6372732]},"properties":{"kind":"motorway_connector","category":"motorway_connector","osmId":"459077546","connectedRoadTypes":["service"]}},{"type":"Feature","geometry":{"type":"Point","coordinates":[-122.236178,47.6368253]},"properties":{"kind":"motorway_connector","category":"motorway_connector","osmId":"459077548","connectedRoadTypes":["service"]}},{"type":"Feature","geometry":{"type":"Point","coordinates":[-122.2361406,47.6369101]},"properties":{"kind":"motorway_connector","category":"motorway_connector","osmId":"459077550","connectedRoadTypes":["service"]}},{"type":"Feature","geometry":{"type":"Point","coordinates":[-122.2381213,47.6371905]},"properties":{"kind":"motorway_connector","category":"motorway_connector","osmId":"566433362","connectedRoadTypes":["service"]}},{"type":"Feature","geometry":{"type":"Point","coordinates":[-122.2192451,47.6399376]},"properties":{"kind":"motorway_connector","category":"motorway_connector","osmId":"459080147","connectedRoadTypes":["service"]}},{"type":"Feature","geometry":{"type":"Point","coordinates":[-122.21912,47.6398947]},"properties":{"kind":"motorway_connector","category":"motorway_connector","osmId":"459080148","connectedRoadTypes":["service"]}},{"type":"Feature","geometry":{"type":"Point","coordinates":[-122.1963425,47.6401596]},"properties":{"kind":"motorway_connector","category":"motorway_connector","osmId":"459087311","connectedRoadTypes":["secondary"]}},{"type":"Feature","geometry":{"type":"Point","coordinates":[-122.1963428,47.6402649]},"properties":{"kind":"motorway_connector","category":"motorway_connector","osmId":"428317030","connectedRoadTypes":["secondary"]}},{"type":"Feature","geometry":{"type":"Point","coordinates":[-122.2275355,47.6361792]},"properties":{"kind":"motorway_connector","category":"motorway_connector","osmId":"259827064","connectedRoadTypes":["secondary"]}},{"type":"Feature","geometry":{"type":"Point","coordinates":[-122.2784567,47.5075292]},"properties":{"kind":"motorway_connector","category":"motorway_connector","osmId":"23551894","connectedRoadTypes":["secondary"]}},{"type":"Feature","geometry":{"type":"Point","coordinates":[-122.587266,47.1025649]},"properties":{"kind":"motorway_connector","category":"motorway_connector","osmId":"35019945","connectedRoadTypes":["secondary"]}},{"type":"Feature","geometry":{"type":"Point","coordinates":[-122.5880051,47.1037275]},"properties":{"kind":"motorway_connector","category":"motorway_connector","osmId":"12178907","connectedRoadTypes":["secondary"]}},{"type":"Feature","geometry":{"type":"Point","coordinates":[-122.5886263,47.1047272]},"properties":{"kind":"motorway_connector","category":"motorway_connector","osmId":"12177775","connectedRoadTypes":["secondary"]}},{"type":"Feature","geometry":{"type":"Point","coordinates":[-122.5893064,47.1058282]},"properties":{"kind":"motorway_connector","category":"motorway_connector","osmId":"23690505","connectedRoadTypes":["secondary"]}},{"type":"Feature","geometry":{"type":"Point","coordinates":[-122.1432562,47.6351822]},"properties":{"kind":"motorway_connector","category":"motorway_connector","osmId":"6337101","connectedRoadTypes":["footway"]}},{"type":"Feature","geometry":{"type":"Point","coordinates":[-122.2965313,47.4612145]},"properties":{"kind":"motorway_connector","category":"motorway_connector","osmId":"315557683","connectedRoadTypes":["service"]}},{"type":"Feature","geometry":{"type":"Point","coordinates":[-122.290487,47.4651324]},"properties":{"kind":"motorway_connector","category":"motorway_connector","osmId":"52734723","connectedRoadTypes":["primary"]}},{"type":"Feature","geometry":{"type":"Point","coordinates":[-122.2909923,47.465163]},"properties":{"kind":"motorway_connector","category":"motorway_connector","osmId":"738642778","connectedRoadTypes":["primary"]}},{"type":"Feature","geometry":{"type":"Point","coordinates":[-122.1853682,47.6793436]},"properties":{"kind":"motorway_connector","category":"motorway_connector","osmId":"6328896","connectedRoadTypes":["primary","primary_link"]}},{"type":"Feature","geometry":{"type":"Point","coordinates":[-122.1856932,47.6792687]},"properties":{"kind":"motorway_connector","category":"motorway_connector","osmId":"1514032956","connectedRoadTypes":["primary"]}},{"type":"Feature","geometry":{"type":"Point","coordinates":[-121.5263652,47.3957253]},"properties":{"kind":"motorway_connector","category":"motorway_connector","osmId":"6321904","connectedRoadTypes":["unclassified"]}},{"type":"Feature","geometry":{"type":"Point","coordinates":[-121.5264601,47.3945777]},"properties":{"kind":"motorway_connector","category":"motorway_connector","osmId":"31233754","connectedRoadTypes":["unclassified"]}},{"type":"Feature","geometry":{"type":"Point","coordinates":[-122.1877552,47.6173788]},"properties":{"kind":"motorway_connector","category":"motorway_connector","osmId":"160183269","connectedRoadTypes":["primary"]}},{"type":"Feature","geometry":{"type":"Point","coordinates":[-122.3153615,47.7776274]},"properties":{"kind":"motorway_connector","category":"motorway_connector","osmId":"289485608","connectedRoadTypes":["primary_link"]}},{"type":"Feature","geometry":{"type":"Point","coordinates":[-122.319322,47.6428568]},"properties":{"kind":"motorway_connector","category":"motorway_connector","osmId":"1038935618","connectedRoadTypes":["construction"]}},{"type":"Feature","geometry":{"type":"Point","coordinates":[-121.8488257,47.5136462]},"properties":{"kind":"motorway_connector","category":"motorway_connector","osmId":"41821605","connectedRoadTypes":["secondary"]}},{"type":"Feature","geometry":{"type":"Point","coordinates":[-122.3149625,47.7775407]},"properties":{"kind":"motorway_connector","category":"motorway_connector","osmId":"159530677","connectedRoadTypes":["primary"]}},{"type":"Feature","geometry":{"type":"Point","coordinates":[-122.1059523,47.6712082]},"properties":{"kind":"motorway_connector","category":"motorway_connector","osmId":"53096839","connectedRoadTypes":["secondary","tertiary"]}},{"type":"Feature","geometry":{"type":"Point","coordinates":[-122.2293817,47.1935741]},"properties":{"kind":"motorway_connector","category":"motorway_connector","osmId":"426955623","connectedRoadTypes":["secondary"]}},{"type":"Feature","geometry":{"type":"Point","coordinates":[-122.1852882,47.7148315]},"properties":{"kind":"motorway_connector","category":"motorway_connector","osmId":"309991713","connectedRoadTypes":["tertiary"]}},{"type":"Feature","geometry":{"type":"Point","coordinates":[-122.3761966,47.5654053]},"properties":{"kind":"motorway_connector","category":"motorway_connector","osmId":"31659870","connectedRoadTypes":["service","tertiary"]}},{"type":"Feature","geometry":{"type":"Point","coordinates":[-122.2011534,47.641293]},"properties":{"kind":"motorway_connector","category":"motorway_connector","osmId":"531786469","connectedRoadTypes":["primary"]}},{"type":"Feature","geometry":{"type":"Point","coordinates":[-122.3043739,47.1606645]},"properties":{"kind":"motorway_connector","category":"motorway_connector","osmId":"12171496","connectedRoadTypes":["service"]}},{"type":"Feature","geometry":{"type":"Point","coordinates":[-122.1886738,47.5837483]},"properties":{"kind":"motorway_connector","category":"motorway_connector","osmId":"428244249","connectedRoadTypes":["primary","primary_link","unclassified"]}},{"type":"Feature","geometry":{"type":"Point","coordinates":[-122.29666,47.459795]},"properties":{"kind":"motorway_connector","category":"motorway_connector","osmId":"104034229","connectedRoadTypes":["footway"]}},{"type":"Feature","geometry":{"type":"Point","coordinates":[-122.463199,47.1792236]},"properties":{"kind":"motorway_connector","category":"motorway_connector","osmId":"1059617522","connectedRoadTypes":["secondary"]}},{"type":"Feature","geometry":{"type":"Point","coordinates":[-122.3297033,47.6175142]},"properties":{"kind":"motorway_connector","category":"motorway_connector","osmId":"4755219","connectedRoadTypes":["primary","tertiary"]}},{"type":"Feature","geometry":{"type":"Point","coordinates":[-122.5044353,47.1481761]},"properties":{"kind":"motorway_connector","category":"motorway_connector","osmId":"1042639939","connectedRoadTypes":["primary"]}},{"type":"Feature","geometry":{"type":"Point","coordinates":[-122.1083664,47.669985]},"properties":{"kind":"motorway_connector","category":"motorway_connector","osmId":"1092480523","connectedRoadTypes":["primary","secondary"]}},{"type":"Feature","geometry":{"type":"Point","coordinates":[-122.2975102,47.4506483]},"properties":{"kind":"motorway_connector","category":"motorway_connector","osmId":"583844175","connectedRoadTypes":["tertiary"]}},{"type":"Feature","geometry":{"type":"Point","coordinates":[-122.2978405,47.4506447]},"properties":{"kind":"motorway_connector","category":"motorway_connector","osmId":"583844177","connectedRoadTypes":["tertiary"]}},{"type":"Feature","geometry":{"type":"Point","coordinates":[-122.4638871,47.2073591]},"properties":{"kind":"motorway_connector","category":"motorway_connector","osmId":"1042547733","connectedRoadTypes":["secondary"]}},{"type":"Feature","geometry":{"type":"Point","coordinates":[-122.4346246,47.2432047]},"properties":{"kind":"motorway_connector","category":"motorway_connector","osmId":"23215172","connectedRoadTypes":["trunk"]}},{"type":"Feature","geometry":{"type":"Point","coordinates":[-122.4342521,47.2432422]},"properties":{"kind":"motorway_connector","category":"motorway_connector","osmId":"613092618","connectedRoadTypes":["trunk"]}},{"type":"Feature","geometry":{"type":"Point","coordinates":[-122.4353889,47.2432404]},"properties":{"kind":"motorway_connector","category":"motorway_connector","osmId":"165337369","connectedRoadTypes":["trunk"]}},{"type":"Feature","geometry":{"type":"Point","coordinates":[-122.433698,47.2434246]},"properties":{"kind":"motorway_connector","category":"motorway_connector","osmId":"23215237","connectedRoadTypes":["trunk"]}},{"type":"Feature","geometry":{"type":"Point","coordinates":[-122.4350453,47.2432764]},"properties":{"kind":"motorway_connector","category":"motorway_connector","osmId":"613092615","connectedRoadTypes":["trunk"]}},{"type":"Feature","geometry":{"type":"Point","coordinates":[-122.4349925,47.2431604]},"properties":{"kind":"motorway_connector","category":"motorway_connector","osmId":"613092592","connectedRoadTypes":["trunk"]}},{"type":"Feature","geometry":{"type":"Point","coordinates":[-122.3838101,47.2431583]},"properties":{"kind":"motorway_connector","category":"motorway_connector","osmId":"1051446058","connectedRoadTypes":["secondary","tertiary"]}},{"type":"Feature","geometry":{"type":"Point","coordinates":[-122.3092271,47.2896846]},"properties":{"kind":"motorway_connector","category":"motorway_connector","osmId":"377696948","connectedRoadTypes":["trunk"]}},{"type":"Feature","geometry":{"type":"Point","coordinates":[-122.407042,47.238992]},"properties":{"kind":"motorway_connector","category":"motorway_connector","osmId":"112650086","connectedRoadTypes":["primary","residential"]}},{"type":"Feature","geometry":{"type":"Point","coordinates":[-122.331409,47.6128138]},"properties":{"kind":"motorway_connector","category":"motorway_connector","osmId":"124940792","connectedRoadTypes":["tertiary"]}},{"type":"Feature","geometry":{"type":"Point","coordinates":[-122.3620007,47.5715302]},"properties":{"kind":"motorway_connector","category":"motorway_connector","osmId":"531644805","connectedRoadTypes":["primary"]}},{"type":"Feature","geometry":{"type":"Point","coordinates":[-122.2693274,47.4829637]},"properties":{"kind":"motorway_connector","category":"motorway_connector","osmId":"531832153","connectedRoadTypes":["secondary"]}},{"type":"Feature","geometry":{"type":"Point","coordinates":[-122.2973062,47.318008]},"properties":{"kind":"motorway_connector","category":"motorway_connector","osmId":"305338142","connectedRoadTypes":["tertiary"]}},{"type":"Feature","geometry":{"type":"Point","coordinates":[-122.2324643,47.3031769]},"properties":{"kind":"motorway_connector","category":"motorway_connector","osmId":"464664281","connectedRoadTypes":["secondary"]}},{"type":"Feature","geometry":{"type":"Point","coordinates":[-122.2992257,47.3130087]},"properties":{"kind":"motorway_connector","category":"motorway_connector","osmId":"5154511","connectedRoadTypes":["service"]}},{"type":"Feature","geometry":{"type":"Point","coordinates":[-122.2974004,47.3177684]},"properties":{"kind":"motorway_connector","category":"motorway_connector","osmId":"177678657","connectedRoadTypes":["tertiary"]}},{"type":"Feature","geometry":{"type":"Point","coordinates":[-122.2349163,47.5882858]},"properties":{"kind":"motorway_connector","category":"motorway_connector","osmId":"1093885655","connectedRoadTypes":["tertiary"]}},{"type":"Feature","geometry":{"type":"Point","coordinates":[-122.4011015,47.2394995]},"properties":{"kind":"motorway_connector","category":"motorway_connector","osmId":"1049904703","connectedRoadTypes":["primary"]}},{"type":"Feature","geometry":{"type":"Point","coordinates":[-122.1821787,47.758938]},"properties":{"kind":"motorway_connector","category":"motorway_connector","osmId":"1474595692","connectedRoadTypes":["trunk"]}},{"type":"Feature","geometry":{"type":"Point","coordinates":[-122.217365,47.6410791]},"properties":{"kind":"motorway_connector","category":"motorway_connector","osmId":"290469000","connectedRoadTypes":["secondary"]}},{"type":"Feature","geometry":{"type":"Point","coordinates":[-122.227705,47.6359411]},"properties":{"kind":"motorway_connector","category":"motorway_connector","osmId":"268823336","connectedRoadTypes":["secondary"]}},{"type":"Feature","geometry":{"type":"Point","coordinates":[-122.3239371,47.7315822]},"properties":{"kind":"motorway_connector","category":"motorway_connector","osmId":"6318736","connectedRoadTypes":["service"]}},{"type":"Feature","geometry":{"type":"Point","coordinates":[-122.3302147,47.7559704]},"properties":{"kind":"motorway_connector","category":"motorway_connector","osmId":"6331399","connectedRoadTypes":["secondary"]}},{"type":"Feature","geometry":{"type":"Point","coordinates":[-121.7957344,47.4887716]},"properties":{"kind":"motorway_connector","category":"motorway_connector","osmId":"6345753","connectedRoadTypes":["primary"]}},{"type":"Feature","geometry":{"type":"Point","coordinates":[-121.9379168,47.5267301]},"properties":{"kind":"motorway_connector","category":"motorway_connector","osmId":"6329412","connectedRoadTypes":["secondary"]}},{"type":"Feature","geometry":{"type":"Point","coordinates":[-121.9401846,47.5262593]},"properties":{"kind":"motorway_connector","category":"motorway_connector","osmId":"747871037","connectedRoadTypes":["tertiary"]}},{"type":"Feature","geometry":{"type":"Point","coordinates":[-122.2074581,47.5776644]},"properties":{"kind":"motorway_connector","category":"motorway_connector","osmId":"428246451","connectedRoadTypes":["tertiary"]}},{"type":"Feature","geometry":{"type":"Point","coordinates":[-122.5911447,47.3202026]},"properties":{"kind":"motorway_connector","category":"motorway_connector","osmId":"139810381","connectedRoadTypes":["secondary"]}},{"type":"Feature","geometry":{"type":"Point","coordinates":[-122.5050007,47.2405735]},"properties":{"kind":"motorway_connector","category":"motorway_connector","osmId":"531492417","connectedRoadTypes":["primary","secondary"]}},{"type":"Feature","geometry":{"type":"Point","coordinates":[-122.5050031,47.2402536]},"properties":{"kind":"motorway_connector","category":"motorway_connector","osmId":"249848117","connectedRoadTypes":["secondary"]}},{"type":"Feature","geometry":{"type":"Point","coordinates":[-122.5044712,47.1463262]},"properties":{"kind":"motorway_connector","category":"motorway_connector","osmId":"531527581","connectedRoadTypes":["primary","secondary"]}},{"type":"Feature","geometry":{"type":"Point","coordinates":[-122.4407308,47.2584197]},"properties":{"kind":"motorway_connector","category":"motorway_connector","osmId":"12244690","connectedRoadTypes":["secondary"]}},{"type":"Feature","geometry":{"type":"Point","coordinates":[-122.4406699,47.2583182]},"properties":{"kind":"motorway_connector","category":"motorway_connector","osmId":"31092556","connectedRoadTypes":["secondary"]}},{"type":"Feature","geometry":{"type":"Point","coordinates":[-122.4825383,47.163803]},"properties":{"kind":"motorway_connector","category":"motorway_connector","osmId":"23647502","connectedRoadTypes":["trunk"]}},{"type":"Feature","geometry":{"type":"Point","coordinates":[-122.2502928,47.2355939]},"properties":{"kind":"motorway_connector","category":"motorway_connector","osmId":"428940550","connectedRoadTypes":["tertiary"]}},{"type":"Feature","geometry":{"type":"Point","coordinates":[-122.3324064,47.4723315]},"properties":{"kind":"motorway_connector","category":"motorway_connector","osmId":"428062738","connectedRoadTypes":["tertiary"]}},{"type":"Feature","geometry":{"type":"Point","coordinates":[-122.2081832,47.1985289]},"properties":{"kind":"motorway_connector","category":"motorway_connector","osmId":"12172467","connectedRoadTypes":["tertiary"]}},{"type":"Feature","geometry":{"type":"Point","coordinates":[-122.3289367,47.7559391]},"properties":{"kind":"motorway_connector","category":"motorway_connector","osmId":"428089064","connectedRoadTypes":["secondary"]}},{"type":"Feature","geometry":{"type":"Point","coordinates":[-122.335729,47.5964653]},"properties":{"kind":"motorway_connector","category":"motorway_connector","osmId":"635717085","connectedRoadTypes":["primary","trunk"]}},{"type":"Feature","geometry":{"type":"Point","coordinates":[-122.3354952,47.596463]},"properties":{"kind":"motorway_connector","category":"motorway_connector","osmId":"663675735","connectedRoadTypes":["primary","trunk"]}},{"type":"Feature","geometry":{"type":"Point","coordinates":[-122.3207459,47.6425239]},"properties":{"kind":"motorway_connector","category":"motorway_connector","osmId":"635847559","connectedRoadTypes":["construction"]}},{"type":"Feature","geometry":{"type":"Point","coordinates":[-122.5158126,47.2537653]},"properties":{"kind":"motorway_connector","category":"motorway_connector","osmId":"1042635143","connectedRoadTypes":["primary","tertiary"]}},{"type":"Feature","geometry":{"type":"Point","coordinates":[-122.4230361,47.2231278]},"properties":{"kind":"motorway_connector","category":"motorway_connector","osmId":"23591413","connectedRoadTypes":["primary","secondary"]}},{"type":"Feature","geometry":{"type":"Point","coordinates":[-122.4249995,47.2230987]},"properties":{"kind":"motorway_connector","category":"motorway_connector","osmId":"354387607","connectedRoadTypes":["primary"]}},{"type":"Feature","geometry":{"type":"Point","coordinates":[-122.4624239,47.2065788]},"properties":{"kind":"motorway_connector","category":"motorway_connector","osmId":"4994185","connectedRoadTypes":["secondary"]}},{"type":"Feature","geometry":{"type":"Point","coordinates":[-122.462667,47.2066434]},"properties":{"kind":"motorway_connector","category":"motorway_connector","osmId":"23646787","connectedRoadTypes":["secondary"]}},{"type":"Feature","geometry":{"type":"Point","coordinates":[-122.4613968,47.2230887]},"properties":{"kind":"motorway_connector","category":"motorway_connector","osmId":"177689318","connectedRoadTypes":["primary"]}},{"type":"Feature","geometry":{"type":"Point","coordinates":[-122.4627012,47.2230283]},"properties":{"kind":"motorway_connector","category":"motorway_connector","osmId":"23458652","connectedRoadTypes":["primary"]}},{"type":"Feature","geometry":{"type":"Point","coordinates":[-122.0156087,47.4152793]},"properties":{"kind":"motorway_connector","category":"motorway_connector","osmId":"315687949","connectedRoadTypes":["tertiary"]}},{"type":"Feature","geometry":{"type":"Point","coordinates":[-122.0156928,47.4155834]},"properties":{"kind":"motorway_connector","category":"motorway_connector","osmId":"62233699","connectedRoadTypes":["tertiary"]}},{"type":"Feature","geometry":{"type":"Point","coordinates":[-122.0157574,47.4171778]},"properties":{"kind":"motorway_connector","category":"motorway_connector","osmId":"62233673","connectedRoadTypes":["tertiary"]}},{"type":"Feature","geometry":{"type":"Point","coordinates":[-122.0157473,47.4172624]},"properties":{"kind":"motorway_connector","category":"motorway_connector","osmId":"62233686","connectedRoadTypes":["tertiary"]}},{"type":"Feature","geometry":{"type":"Point","coordinates":[-122.435578,47.2430926]},"properties":{"kind":"motorway_connector","category":"motorway_connector","osmId":"613092595","connectedRoadTypes":["trunk"]}},{"type":"Feature","geometry":{"type":"Point","coordinates":[-122.2104436,47.7931537]},"properties":{"kind":"motorway_connector","category":"motorway_connector","osmId":"6141601","connectedRoadTypes":["construction"]}},{"type":"Feature","geometry":{"type":"Point","coordinates":[-122.2112431,47.79374]},"properties":{"kind":"motorway_connector","category":"motorway_connector","osmId":"6130618","connectedRoadTypes":["construction"]}},{"type":"Feature","geometry":{"type":"Point","coordinates":[-122.4366349,47.2511723]},"properties":{"kind":"motorway_connector","category":"motorway_connector","osmId":"1094328326","connectedRoadTypes":["secondary","secondary_link"]}},{"type":"Feature","geometry":{"type":"Point","coordinates":[-122.4606283,47.1915588]},"properties":{"kind":"motorway_connector","category":"motorway_connector","osmId":"23646952","connectedRoadTypes":["primary"]}},{"type":"Feature","geometry":{"type":"Point","coordinates":[-122.4612305,47.1912829]},"properties":{"kind":"motorway_connector","category":"motorway_connector","osmId":"1042537231","connectedRoadTypes":["primary"]}},{"type":"Feature","geometry":{"type":"Point","coordinates":[-122.4600965,47.2231799]},"properties":{"kind":"motorway_connector","category":"motorway_connector","osmId":"364221911","connectedRoadTypes":["primary"]}},{"type":"Feature","geometry":{"type":"Point","coordinates":[-122.577382,47.3046431]},"properties":{"kind":"motorway_connector","category":"motorway_connector","osmId":"531446019","connectedRoadTypes":["secondary"]}},{"type":"Feature","geometry":{"type":"Point","coordinates":[-122.5776632,47.3044376]},"properties":{"kind":"motorway_connector","category":"motorway_connector","osmId":"562701996","connectedRoadTypes":["secondary"]}},{"type":"Feature","geometry":{"type":"Point","coordinates":[-122.575643,47.3059915]},"properties":{"kind":"motorway_connector","category":"motorway_connector","osmId":"315835755","connectedRoadTypes":["secondary","tertiary"]}},{"type":"Feature","geometry":{"type":"Point","coordinates":[-122.4011025,47.2393617]},"properties":{"kind":"motorway_connector","category":"motorway_connector","osmId":"690506086","connectedRoadTypes":["primary_link","residential"]}},{"type":"Feature","geometry":{"type":"Point","coordinates":[-122.320326,47.547352]},"properties":{"kind":"motorway_connector","category":"motorway_connector","osmId":"690859301","connectedRoadTypes":["residential","secondary","tertiary"]}},{"type":"Feature","geometry":{"type":"Point","coordinates":[-122.5159274,47.2586946]},"properties":{"kind":"motorway_connector","category":"motorway_connector","osmId":"419991310","connectedRoadTypes":["primary"]}},{"type":"Feature","geometry":{"type":"Point","coordinates":[-122.4588211,47.2065317]},"properties":{"kind":"motorway_connector","category":"motorway_connector","osmId":"12177753","connectedRoadTypes":["secondary"]}},{"type":"Feature","geometry":{"type":"Point","coordinates":[-122.4609658,47.2065497]},"properties":{"kind":"motorway_connector","category":"motorway_connector","osmId":"13970945","connectedRoadTypes":["secondary"]}},{"type":"Feature","geometry":{"type":"Point","coordinates":[-122.296772,47.4414362]},"properties":{"kind":"motorway_connector","category":"motorway_connector","osmId":"1054982146","connectedRoadTypes":["service"]}},{"type":"Feature","geometry":{"type":"Point","coordinates":[-122.248557,47.465588]},"properties":{"kind":"motorway_connector","category":"motorway_connector","osmId":"427155392","connectedRoadTypes":["primary"]}},{"type":"Feature","geometry":{"type":"Point","coordinates":[-122.3193496,47.469724]},"properties":{"kind":"motorway_connector","category":"motorway_connector","osmId":"661937626","connectedRoadTypes":["secondary"]}},{"type":"Feature","geometry":{"type":"Point","coordinates":[-122.1844955,47.6029163]},"properties":{"kind":"motorway_connector","category":"motorway_connector","osmId":"428246544","connectedRoadTypes":["secondary"]}},{"type":"Feature","geometry":{"type":"Point","coordinates":[-122.296825,47.4979779]},"properties":{"kind":"motorway_connector","category":"motorway_connector","osmId":"6333265","connectedRoadTypes":["tertiary"]}},{"type":"Feature","geometry":{"type":"Point","coordinates":[-122.2140152,47.7938655]},"properties":{"kind":"motorway_connector","category":"motorway_connector","osmId":"243466202","connectedRoadTypes":["footway"]}},{"type":"Feature","geometry":{"type":"Point","coordinates":[-122.5427887,47.1248414]},"properties":{"kind":"motorway_connector","category":"motorway_connector","osmId":"903579353","connectedRoadTypes":["tertiary"]}},{"type":"Feature","geometry":{"type":"Point","coordinates":[-122.3134524,47.2890534]},"properties":{"kind":"motorway_connector","category":"motorway_connector","osmId":"306049229","connectedRoadTypes":["primary"]}},{"type":"Feature","geometry":{"type":"Point","coordinates":[-122.2936356,47.1789061]},"properties":{"kind":"motorway_connector","category":"motorway_connector","osmId":"249307112","connectedRoadTypes":["primary"]}},{"type":"Feature","geometry":{"type":"Point","coordinates":[-122.3016016,47.4186457]},"properties":{"kind":"motorway_connector","category":"motorway_connector","osmId":"907548621","connectedRoadTypes":["tertiary"]}},{"type":"Feature","geometry":{"type":"Point","coordinates":[-122.1863637,47.6791368]},"properties":{"kind":"motorway_connector","category":"motorway_connector","osmId":"1036245385","connectedRoadTypes":["primary"]}},{"type":"Feature","geometry":{"type":"Point","coordinates":[-122.1853656,47.679113]},"properties":{"kind":"motorway_connector","category":"motorway_connector","osmId":"1512364109","connectedRoadTypes":["primary","primary_link"]}},{"type":"Feature","geometry":{"type":"Point","coordinates":[-122.1690802,47.5810696]},"properties":{"kind":"motorway_connector","category":"motorway_connector","osmId":"421921178","connectedRoadTypes":["cycleway"]}},{"type":"Feature","geometry":{"type":"Point","coordinates":[-122.3262009,47.7342194]},"properties":{"kind":"motorway_connector","category":"motorway_connector","osmId":"1455205534","connectedRoadTypes":["primary"]}},{"type":"Feature","geometry":{"type":"Point","coordinates":[-122.5559391,47.1174822]},"properties":{"kind":"motorway_connector","category":"motorway_connector","osmId":"901090494","connectedRoadTypes":["secondary"]}},{"type":"Feature","geometry":{"type":"Point","coordinates":[-122.3832997,47.2431561]},"properties":{"kind":"motorway_connector","category":"motorway_connector","osmId":"903306407","connectedRoadTypes":["secondary","secondary_link"]}},{"type":"Feature","geometry":{"type":"Point","coordinates":[-122.5423457,47.1274414]},"properties":{"kind":"motorway_connector","category":"motorway_connector","osmId":"12174506","connectedRoadTypes":["tertiary"]}},{"type":"Feature","geometry":{"type":"Point","coordinates":[-122.2252718,47.3017282]},"properties":{"kind":"motorway_connector","category":"motorway_connector","osmId":"673026343","connectedRoadTypes":["secondary"]}},{"type":"Feature","geometry":{"type":"Point","coordinates":[-122.1888036,47.5837129]},"properties":{"kind":"motorway_connector","category":"motorway_connector","osmId":"4744351","connectedRoadTypes":["primary","tertiary"]}},{"type":"Feature","geometry":{"type":"Point","coordinates":[-122.29252,47.8153826]},"properties":{"kind":"motorway_connector","category":"motorway_connector","osmId":"158086467","connectedRoadTypes":["footway"]}},{"type":"Feature","geometry":{"type":"Point","coordinates":[-122.3200806,47.6795872]},"properties":{"kind":"motorway_connector","category":"motorway_connector","osmId":"4864519","connectedRoadTypes":["footway"]}},{"type":"Feature","geometry":{"type":"Point","coordinates":[-122.31814,47.7776959]},"properties":{"kind":"motorway_connector","category":"motorway_connector","osmId":"172601746","connectedRoadTypes":["primary"]}},{"type":"Feature","geometry":{"type":"Point","coordinates":[-122.3183802,47.7776979]},"properties":{"kind":"motorway_connector","category":"motorway_connector","osmId":"159530688","connectedRoadTypes":["primary"]}},{"type":"Feature","geometry":{"type":"Point","coordinates":[-122.1829891,47.6793193]},"properties":{"kind":"motorway_connector","category":"motorway_connector","osmId":"1512364117","connectedRoadTypes":["primary"]}},{"type":"Feature","geometry":{"type":"Point","coordinates":[-122.183617,47.6793174]},"properties":{"kind":"motorway_connector","category":"motorway_connector","osmId":"1512364115","connectedRoadTypes":["primary","primary_link"]}},{"type":"Feature","geometry":{"type":"Point","coordinates":[-122.190715,47.4909996]},"properties":{"kind":"motorway_connector","category":"motorway_connector","osmId":"6336856","connectedRoadTypes":["secondary"]}},{"type":"Feature","geometry":{"type":"Point","coordinates":[-122.332303,47.4703596]},"properties":{"kind":"motorway_connector","category":"motorway_connector","osmId":"428062734","connectedRoadTypes":["trunk"]}},{"type":"Feature","geometry":{"type":"Point","coordinates":[-122.335414,47.5924962]},"properties":{"kind":"motorway_connector","category":"motorway_connector","osmId":"635713741","connectedRoadTypes":["secondary"]}},{"type":"Feature","geometry":{"type":"Point","coordinates":[-122.1061342,47.6693261]},"properties":{"kind":"motorway_connector","category":"motorway_connector","osmId":"1146847883","connectedRoadTypes":["primary"]}},{"type":"Feature","geometry":{"type":"Point","coordinates":[-122.5430774,47.1256186]},"properties":{"kind":"motorway_connector","category":"motorway_connector","osmId":"903579353","connectedRoadTypes":["footway"]}},{"type":"Feature","geometry":{"type":"Point","coordinates":[-122.2830008,47.8209239]},"properties":{"kind":"motorway_connector","category":"motorway_connector","osmId":"4729911","connectedRoadTypes":["primary","secondary"]}},{"type":"Feature","geometry":{"type":"Point","coordinates":[-122.0364811,47.5395173]},"properties":{"kind":"motorway_connector","category":"motorway_connector","osmId":"247792572","connectedRoadTypes":["footway"]}},{"type":"Feature","geometry":{"type":"Point","coordinates":[-122.2995674,47.4493298]},"properties":{"kind":"motorway_connector","category":"motorway_connector","osmId":"367628748","connectedRoadTypes":["service","unclassified"]}},{"type":"Feature","geometry":{"type":"Point","coordinates":[-122.1647624,47.7571654]},"properties":{"kind":"motorway_connector","category":"motorway_connector","osmId":"4729866","connectedRoadTypes":["primary"]}},{"type":"Feature","geometry":{"type":"Point","coordinates":[-122.4364925,47.2505566]},"properties":{"kind":"motorway_connector","category":"motorway_connector","osmId":"23214132","connectedRoadTypes":["secondary"]}},{"type":"Feature","geometry":{"type":"Point","coordinates":[-122.3224727,47.5916189]},"properties":{"kind":"motorway_connector","category":"motorway_connector","osmId":"4749000","connectedRoadTypes":["secondary"]}},{"type":"Feature","geometry":{"type":"Point","coordinates":[-122.4825631,47.2342244]},"properties":{"kind":"motorway_connector","category":"motorway_connector","osmId":"1055411370","connectedRoadTypes":["primary"]}},{"type":"Feature","geometry":{"type":"Point","coordinates":[-122.3174435,47.7775734]},"properties":{"kind":"motorway_connector","category":"motorway_connector","osmId":"159530675","connectedRoadTypes":["primary"]}},{"type":"Feature","geometry":{"type":"Point","coordinates":[-122.3217881,47.681093]},"properties":{"kind":"motorway_connector","category":"motorway_connector","osmId":"7972981","connectedRoadTypes":["residential"]}},{"type":"Feature","geometry":{"type":"Point","coordinates":[-122.3290533,47.5942281]},"properties":{"kind":"motorway_connector","category":"motorway_connector","osmId":"158143939","connectedRoadTypes":["primary"]}},{"type":"Feature","geometry":{"type":"Point","coordinates":[-122.258355,47.2505807]},"properties":{"kind":"motorway_connector","category":"motorway_connector","osmId":"981125552","connectedRoadTypes":["secondary"]}},{"type":"Feature","geometry":{"type":"Point","coordinates":[-122.4645657,47.2228909]},"properties":{"kind":"motorway_connector","category":"motorway_connector","osmId":"865403523","connectedRoadTypes":["primary"]}},{"type":"Feature","geometry":{"type":"Point","coordinates":[-122.465476,47.2228093]},"properties":{"kind":"motorway_connector","category":"motorway_connector","osmId":"23458673","connectedRoadTypes":["primary"]}},{"type":"Feature","geometry":{"type":"Point","coordinates":[-122.1957426,47.5339997]},"properties":{"kind":"motorway_connector","category":"motorway_connector","osmId":"1169661091","connectedRoadTypes":["secondary"]}},{"type":"Feature","geometry":{"type":"Point","coordinates":[-122.0996612,47.5669803]},"properties":{"kind":"motorway_connector","category":"motorway_connector","osmId":"249322142","connectedRoadTypes":["secondary"]}},{"type":"Feature","geometry":{"type":"Point","coordinates":[-121.2878297,47.2976838]},"properties":{"kind":"motorway_connector","category":"motorway_connector","osmId":"5925317","connectedRoadTypes":["unclassified"]}},{"type":"Feature","geometry":{"type":"Point","coordinates":[-122.0933385,47.3733041]},"properties":{"kind":"motorway_connector","category":"motorway_connector","osmId":"26742399","connectedRoadTypes":["secondary"]}},{"type":"Feature","geometry":{"type":"Point","coordinates":[-122.0936664,47.3733172]},"properties":{"kind":"motorway_connector","category":"motorway_connector","osmId":"428056442","connectedRoadTypes":["secondary"]}},{"type":"Feature","geometry":{"type":"Point","coordinates":[-122.0232424,47.5309494]},"properties":{"kind":"motorway_connector","category":"motorway_connector","osmId":"622750563","connectedRoadTypes":["secondary"]}},{"type":"Feature","geometry":{"type":"Point","coordinates":[-122.3198243,47.6816657]},"properties":{"kind":"motorway_connector","category":"motorway_connector","osmId":"4864520","connectedRoadTypes":["path"]}},{"type":"Feature","geometry":{"type":"Point","coordinates":[-122.3046686,47.6444772]},"properties":{"kind":"motorway_connector","category":"motorway_connector","osmId":"1191845168","connectedRoadTypes":["footway"]}},{"type":"Feature","geometry":{"type":"Point","coordinates":[-122.5014853,47.2343919]},"properties":{"kind":"motorway_connector","category":"motorway_connector","osmId":"95028678","connectedRoadTypes":["primary","residential","secondary"]}},{"type":"Feature","geometry":{"type":"Point","coordinates":[-122.3307257,47.4597414]},"properties":{"kind":"motorway_connector","category":"motorway_connector","osmId":"428062736","connectedRoadTypes":["secondary"]}},{"type":"Feature","geometry":{"type":"Point","coordinates":[-122.3311088,47.4597436]},"properties":{"kind":"motorway_connector","category":"motorway_connector","osmId":"31127103","connectedRoadTypes":["secondary"]}},{"type":"Feature","geometry":{"type":"Point","coordinates":[-122.3307518,47.4595503]},"properties":{"kind":"motorway_connector","category":"motorway_connector","osmId":"1177169418","connectedRoadTypes":["secondary"]}},{"type":"Feature","geometry":{"type":"Point","coordinates":[-122.3044953,47.6445254]},"properties":{"kind":"motorway_connector","category":"motorway_connector","osmId":"1191845168","connectedRoadTypes":["primary"]}},{"type":"Feature","geometry":{"type":"Point","coordinates":[-122.1847668,47.710927]},"properties":{"kind":"motorway_connector","category":"motorway_connector","osmId":"160176831","connectedRoadTypes":["secondary"]}},{"type":"Feature","geometry":{"type":"Point","coordinates":[-122.4674557,47.1611958]},"properties":{"kind":"motorway_connector","category":"motorway_connector","osmId":"1104714710","connectedRoadTypes":["primary","secondary"]}},{"type":"Feature","geometry":{"type":"Point","coordinates":[-122.4674852,47.1610828]},"properties":{"kind":"motorway_connector","category":"motorway_connector","osmId":"41831942","connectedRoadTypes":["primary"]}},{"type":"Feature","geometry":{"type":"Point","coordinates":[-122.1883704,47.7185703]},"properties":{"kind":"motorway_connector","category":"motorway_connector","osmId":"1468996561","connectedRoadTypes":["residential","secondary"]}},{"type":"Feature","geometry":{"type":"Point","coordinates":[-122.1865757,47.7185603]},"properties":{"kind":"motorway_connector","category":"motorway_connector","osmId":"1137985921","connectedRoadTypes":["residential","secondary"]}},{"type":"Feature","geometry":{"type":"Point","coordinates":[-122.280702,47.5078049]},"properties":{"kind":"motorway_connector","category":"motorway_connector","osmId":"433205291","connectedRoadTypes":["trunk"]}},{"type":"Feature","geometry":{"type":"Point","coordinates":[-122.1984993,47.5319581]},"properties":{"kind":"motorway_connector","category":"motorway_connector","osmId":"1028893411","connectedRoadTypes":["tertiary"]}},{"type":"Feature","geometry":{"type":"Point","coordinates":[-122.1411732,47.63322]},"properties":{"kind":"motorway_connector","category":"motorway_connector","osmId":"1231566350","connectedRoadTypes":["tertiary"]}},{"type":"Feature","geometry":{"type":"Point","coordinates":[-122.1431229,47.6333505]},"properties":{"kind":"motorway_connector","category":"motorway_connector","osmId":"1106862311","connectedRoadTypes":["primary"]}},{"type":"Feature","geometry":{"type":"Point","coordinates":[-122.3043226,47.6445882]},"properties":{"kind":"motorway_connector","category":"motorway_connector","osmId":"1249280746","connectedRoadTypes":["primary"]}},{"type":"Feature","geometry":{"type":"Point","coordinates":[-122.1893584,47.5560078]},"properties":{"kind":"motorway_connector","category":"motorway_connector","osmId":"1263961002","connectedRoadTypes":["secondary"]}},{"type":"Feature","geometry":{"type":"Point","coordinates":[-122.107313,47.6710594]},"properties":{"kind":"motorway_connector","category":"motorway_connector","osmId":"428020513","connectedRoadTypes":["secondary"]}},{"type":"Feature","geometry":{"type":"Point","coordinates":[-122.2824578,47.507706]},"properties":{"kind":"motorway_connector","category":"motorway_connector","osmId":"361815853","connectedRoadTypes":["trunk"]}},{"type":"Feature","geometry":{"type":"Point","coordinates":[-122.2844835,47.5076763]},"properties":{"kind":"motorway_connector","category":"motorway_connector","osmId":"155097788","connectedRoadTypes":["trunk"]}},{"type":"Feature","geometry":{"type":"Point","coordinates":[-122.2479382,47.3099553]},"properties":{"kind":"motorway_connector","category":"motorway_connector","osmId":"23740830","connectedRoadTypes":["service"]}},{"type":"Feature","geometry":{"type":"Point","coordinates":[-122.2582287,47.2728499]},"properties":{"kind":"motorway_connector","category":"motorway_connector","osmId":"53544597","connectedRoadTypes":["secondary"]}},{"type":"Feature","geometry":{"type":"Point","coordinates":[-122.2598523,47.2731723]},"properties":{"kind":"motorway_connector","category":"motorway_connector","osmId":"882717389","connectedRoadTypes":["secondary"]}},{"type":"Feature","geometry":{"type":"Point","coordinates":[-122.3020551,47.6446912]},"properties":{"kind":"motorway_connector","category":"motorway_connector","osmId":"540575274","connectedRoadTypes":["tertiary"]}},{"type":"Feature","geometry":{"type":"Point","coordinates":[-122.0903437,47.3718262]},"properties":{"kind":"motorway_connector","category":"motorway_connector","osmId":"1327350449","connectedRoadTypes":["unclassified"]}},{"type":"Feature","geometry":{"type":"Point","coordinates":[-122.0911578,47.3722538]},"properties":{"kind":"motorway_connector","category":"motorway_connector","osmId":"1327350454","connectedRoadTypes":["secondary"]}},{"type":"Feature","geometry":{"type":"Point","coordinates":[-122.0908417,47.372431]},"properties":{"kind":"motorway_connector","category":"motorway_connector","osmId":"1327350453","connectedRoadTypes":["secondary"]}},{"type":"Feature","geometry":{"type":"Point","coordinates":[-122.4593242,47.2065382]},"properties":{"kind":"motorway_connector","category":"motorway_connector","osmId":"5014385","connectedRoadTypes":["secondary"]}},{"type":"Feature","geometry":{"type":"Point","coordinates":[-122.515805,47.254019]},"properties":{"kind":"motorway_connector","category":"motorway_connector","osmId":"35915198","connectedRoadTypes":["primary"]}},{"type":"Feature","geometry":{"type":"Point","coordinates":[-122.2974988,47.4170669]},"properties":{"kind":"motorway_connector","category":"motorway_connector","osmId":"907548620","connectedRoadTypes":["construction"]}},{"type":"Feature","geometry":{"type":"Point","coordinates":[-122.466551,47.181072]},"properties":{"kind":"motorway_connector","category":"motorway_connector","osmId":"12170632","connectedRoadTypes":["secondary"]}},{"type":"Feature","geometry":{"type":"Point","coordinates":[-122.3150906,47.5213671]},"properties":{"kind":"motorway_connector","category":"motorway_connector","osmId":"531652999","connectedRoadTypes":["secondary"]}},{"type":"Feature","geometry":{"type":"Point","coordinates":[-122.3214763,47.6424079]},"properties":{"kind":"motorway_connector","category":"motorway_connector","osmId":"1463631927","connectedRoadTypes":["construction"]}},{"type":"Feature","geometry":{"type":"Point","coordinates":[-121.883467,47.5094003]},"properties":{"kind":"motorway_connector","category":"motorway_connector","osmId":"428247893","connectedRoadTypes":["trunk"]}},{"type":"Feature","geometry":{"type":"Point","coordinates":[-121.8836851,47.5081604]},"properties":{"kind":"motorway_connector","category":"motorway_connector","osmId":"23746819","connectedRoadTypes":["trunk"]}},{"type":"Feature","geometry":{"type":"Point","coordinates":[-121.8841348,47.5069691]},"properties":{"kind":"motorway_connector","category":"motorway_connector","osmId":"1315834739","connectedRoadTypes":["trunk"]}},{"type":"Feature","geometry":{"type":"Point","coordinates":[-121.8839563,47.5063832]},"properties":{"kind":"motorway_connector","category":"motorway_connector","osmId":"23746818","connectedRoadTypes":["trunk"]}},{"type":"Feature","geometry":{"type":"Point","coordinates":[-121.8839279,47.5079549]},"properties":{"kind":"motorway_connector","category":"motorway_connector","osmId":"5022054","connectedRoadTypes":["trunk"]}},{"type":"Feature","geometry":{"type":"Point","coordinates":[-121.8836491,47.5092109]},"properties":{"kind":"motorway_connector","category":"motorway_connector","osmId":"1417446905","connectedRoadTypes":["secondary","trunk"]}},{"type":"Feature","geometry":{"type":"Point","coordinates":[-121.8831494,47.5105765]},"properties":{"kind":"motorway_connector","category":"motorway_connector","osmId":"1417446906","connectedRoadTypes":["trunk"]}},{"type":"Feature","geometry":{"type":"Point","coordinates":[-122.2964388,47.4159294]},"properties":{"kind":"motorway_connector","category":"motorway_connector","osmId":"1424468888","connectedRoadTypes":["construction"]}},{"type":"Feature","geometry":{"type":"Point","coordinates":[-122.327296,47.4594679]},"properties":{"kind":"motorway_connector","category":"motorway_connector","osmId":"163269759","connectedRoadTypes":["secondary"]}},{"type":"Feature","geometry":{"type":"Point","coordinates":[-122.3270604,47.4594888]},"properties":{"kind":"motorway_connector","category":"motorway_connector","osmId":"531812506","connectedRoadTypes":["secondary"]}},{"type":"Feature","geometry":{"type":"Point","coordinates":[-122.1959827,47.53228]},"properties":{"kind":"motorway_connector","category":"motorway_connector","osmId":"1196417920","connectedRoadTypes":["tertiary"]}},{"type":"Feature","geometry":{"type":"Point","coordinates":[-122.3238606,47.5027911]},"properties":{"kind":"motorway_connector","category":"motorway_connector","osmId":"479379225","connectedRoadTypes":["tertiary"]}},{"type":"Feature","geometry":{"type":"Point","coordinates":[-122.542833,47.1257012]},"properties":{"kind":"motorway_connector","category":"motorway_connector","osmId":"1060421193","connectedRoadTypes":["tertiary"]}},{"type":"Feature","geometry":{"type":"Point","coordinates":[-122.436458,47.2510978]},"properties":{"kind":"motorway_connector","category":"motorway_connector","osmId":"62152897","connectedRoadTypes":["footway"]}},{"type":"Feature","geometry":{"type":"Point","coordinates":[-122.1430163,47.6336998]},"properties":{"kind":"motorway_connector","category":"motorway_connector","osmId":"6336269","connectedRoadTypes":["primary"]}},{"type":"Feature","geometry":{"type":"Point","coordinates":[-122.4668179,47.222643]},"properties":{"kind":"motorway_connector","category":"motorway_connector","osmId":"1074771317","connectedRoadTypes":["primary"]}},{"type":"Feature","geometry":{"type":"Point","coordinates":[-122.290464,47.3938181]},"properties":{"kind":"motorway_connector","category":"motorway_connector","osmId":"262579590","connectedRoadTypes":["secondary"]}},{"type":"Feature","geometry":{"type":"Point","coordinates":[-122.4641815,47.1885342]},"properties":{"kind":"motorway_connector","category":"motorway_connector","osmId":"32590013","connectedRoadTypes":["secondary"]}},{"type":"Feature","geometry":{"type":"Point","coordinates":[-122.25405,47.2324312]},"properties":{"kind":"motorway_connector","category":"motorway_connector","osmId":"428940546","connectedRoadTypes":["tertiary"]}},{"type":"Feature","geometry":{"type":"Point","coordinates":[-122.2540736,47.2323255]},"properties":{"kind":"motorway_connector","category":"motorway_connector","osmId":"428940545","connectedRoadTypes":["tertiary"]}},{"type":"Feature","geometry":{"type":"Point","coordinates":[-122.3235288,47.7338968]},"properties":{"kind":"motorway_connector","category":"motorway_connector","osmId":"62801267","connectedRoadTypes":["primary"]}},{"type":"Feature","geometry":{"type":"Point","coordinates":[-122.3268627,47.734096]},"properties":{"kind":"motorway_connector","category":"motorway_connector","osmId":"1510395777","connectedRoadTypes":["primary"]}},{"type":"Feature","geometry":{"type":"Point","coordinates":[-122.3259505,47.7339979]},"properties":{"kind":"motorway_connector","category":"motorway_connector","osmId":"1049519872","connectedRoadTypes":["primary"]}},{"type":"Feature","geometry":{"type":"Point","coordinates":[-122.1908529,47.6172672]},"properties":{"kind":"motorway_connector","category":"motorway_connector","osmId":"169303084","connectedRoadTypes":["cycleway"]}},{"type":"Feature","geometry":{"type":"Point","coordinates":[-122.3056223,47.6433044]},"properties":{"kind":"motorway_connector","category":"motorway_connector","osmId":"40416106","connectedRoadTypes":["construction"]}},{"type":"Feature","geometry":{"type":"Point","coordinates":[-121.3058824,47.3056389]},"properties":{"kind":"motorway_connector","category":"motorway_connector","osmId":"32836230","connectedRoadTypes":["tertiary"]}},{"type":"Feature","geometry":{"type":"Point","coordinates":[-121.9375613,47.5268054]},"properties":{"kind":"motorway_connector","category":"motorway_connector","osmId":"970016411","connectedRoadTypes":["secondary"]}}]}