source_id,sale_date,sale_price,lat,lng,source_file
"3002-Nw-66th-St,-Seattle,-WA-98117",2025-09-29,890000,47.676812,-122.395913,/Users/marie/Documents/kiro/neural-network-house-prices/neural-networks-house-prices/java-app/house-price-app/data/rentcast/rentcast_previous.csv
"743-N-71st-St,-Seattle,-WA-98103",2025-09-29,721000,47.680088,-122.347941,/Users/marie/Documents/kiro/neural-network-house-prices/neural-networks-house-prices/java-app/house-price-app/data/rentcast/rentcast_previous.csv
"1006-5th-St,-Kirkland,-WA-98033",2025-09-29,2335000,47.68328,-122.199026,/Users/marie/Documents/kiro/neural-network-house-prices/neural-networks-house-prices/java-app/house-price-app/data/rentcast/rentcast_previous.csv
"530-Broadway-E,-Apt-414,-Seattle,-WA-98102",2025-09-29,375000,47.623898,-122.320376,/Users/marie/Documents/kiro/neural-network-house-prices/neural-networks-house-prices/java-app/house-price-app/data/rentcast/rentcast_previous.csv
"11310-Ne-60th-St,-Kirkland,-WA-98033",2025-09-29,2165000,47.66131,-122.189278,/Users/marie/Documents/kiro/neural-network-house-prices/neural-networks-house-prices/java-app/house-price-app/data/rentcast/rentcast_previous.csv
"7708-44th-Ave-NE,-Seattle,-WA-98115",2025-09-29,1140000,47.685202,-122.280732,/Users/marie/Documents/kiro/neural-network-house-prices/neural-networks-house-prices/java-app/house-price-app/data/rentcast/rentcast_previous.csv
"12315-Ne-97th-St,-Apt-G,-Kirkland,-WA-98033",2025-09-29,515000,47.687692,-122.17729,/Users/marie/Documents/kiro/neural-network-house-prices/neural-networks-house-prices/java-app/house-price-app/data/rentcast/rentcast_previous.csv
"6358-Delridge-Way-SW,-Seattle,-WA-98106",2025-09-29,799950,47.544935,-122.361311,/Users/marie/Documents/kiro/neural-network-house-prices/neural-networks-house-prices/java-app/house-price-app/data/rentcast/rentcast_previous.csv
"4160-Sw-Orchard-St,-Seattle,-WA-98136",2025-09-30,800000,47.53917,-122.385883,/Users/marie/Documents/kiro/neural-network-house-prices/neural-networks-house-prices/java-app/house-price-app/data/rentcast/rentcast_previous.csv
"3253-Sw-Raymond-St,-Seattle,-WA-98126",2025-09-30,650000,47.547747,-122.374968,/Users/marie/Documents/kiro/neural-network-house-prices/neural-networks-house-prices/java-app/house-price-app/data/rentcast/rentcast_previous.csv
"5101-Ne-55th-St,-Apt-104,-Seattle,-WA-98105",2025-09-30,550000,47.668236,-122.27298,/Users/marie/Documents/kiro/neural-network-house-prices/neural-networks-house-prices/java-app/house-price-app/data/rentcast/rentcast_previous.csv
"5023-36th-Ave-NE,-Seattle,-WA-98105",2025-09-30,825000,47.665555,-122.289378,/Users/marie/Documents/kiro/neural-network-house-prices/neural-networks-house-prices/java-app/house-price-app/data/rentcast/rentcast_previous.csv
"1414-1st-Ave-W,-Apt-104,-Seattle,-WA-98119",2025-09-30,925000,47.631795,-122.35788,/Users/marie/Documents/kiro/neural-network-house-prices/neural-networks-house-prices/java-app/house-price-app/data/rentcast/rentcast_previous.csv
"1943-34th-Ave-W,-Seattle,-WA-98199",2025-09-30,1390500,47.637109,-122.400441,/Users/marie/Documents/kiro/neural-network-house-prices/neural-networks-house-prices/java-app/house-price-app/data/rentcast/rentcast_previous.csv
"3010-W-Smith-St,-Seattle,-WA-98199",2025-09-30,830000,47.641263,-122.396108,/Users/marie/Documents/kiro/neural-network-house-prices/neural-networks-house-prices/java-app/house-price-app/data/rentcast/rentcast_previous.csv
"2617-32nd-Ave-W,-Seattle,-WA-98199",2025-09-30,1268500,47.643763,-122.398647,/Users/marie/Documents/kiro/neural-network-house-prices/neural-networks-house-prices/java-app/house-price-app/data/rentcast/rentcast_previous.csv
"7725-Ne-142nd-Pl,-Kirkland,-WA-98034",2025-09-30,1325000,47.729937,-122.236994,/Users/marie/Documents/kiro/neural-network-house-prices/neural-networks-house-prices/java-app/house-price-app/data/rentcast/rentcast_previous.csv
"5412-Kensington-Pl-N,-Seattle,-WA-98103",2025-09-30,805000,47.668332,-122.329527,/Users/marie/Documents/kiro/neural-network-house-prices/neural-networks-house-prices/java-app/house-price-app/data/rentcast/rentcast_previous.csv
"8849-35th-Ave-SW,-Seattle,-WA-98126",2025-09-30,2225000,47.523084,-122.377121,/Users/marie/Documents/kiro/neural-network-house-prices/neural-networks-house-prices/java-app/house-price-app/data/rentcast/rentcast_previous.csv
"7717-2nd-Ave-NE,-Seattle,-WA-98115",2025-09-30,860000,47.685561,-122.327349,/Users/marie/Documents/kiro/neural-network-house-prices/neural-networks-house-prices/java-app/house-price-app/data/rentcast/rentcast_previous.csv
"618-N-49th-St,-Seattle,-WA-98103",2025-09-30,939000,47.664492,-122.350671,/Users/marie/Documents/kiro/neural-network-house-prices/neural-networks-house-prices/java-app/house-price-app/data/rentcast/rentcast_previous.csv
"6208-Fremont-Ave-N,-Seattle,-WA-98103",2025-09-30,1040000,47.674166,-122.349654,/Users/marie/Documents/kiro/neural-network-house-prices/neural-networks-house-prices/java-app/house-price-app/data/rentcast/rentcast_previous.csv
"6515-Ne-60th-St,-Seattle,-WA-98115",2025-09-30,1500000,47.671811,-122.257418,/Users/marie/Documents/kiro/neural-network-house-prices/neural-networks-house-prices/java-app/house-price-app/data/rentcast/rentcast_previous.csv
"7521-30th-Ave-NE,-Seattle,-WA-98115",2025-09-30,1861900,47.68371,-122.296292,/Users/marie/Documents/kiro/neural-network-house-prices/neural-networks-house-prices/java-app/house-price-app/data/rentcast/rentcast_previous.csv
"4563-34th-Ave-W,-Seattle,-WA-98199",2025-09-30,675000,47.662897,-122.401899,/Users/marie/Documents/kiro/neural-network-house-prices/neural-networks-house-prices/java-app/house-price-app/data/rentcast/rentcast_previous.csv
"2545-36th-Ave-W,-Seattle,-WA-98199",2025-09-30,1000000,47.642933,-122.40403,/Users/marie/Documents/kiro/neural-network-house-prices/neural-networks-house-prices/java-app/house-price-app/data/rentcast/rentcast_previous.csv
"7945-Delridge-Way-SW,-Seattle,-WA-98106",2025-09-30,482500,47.530501,-122.360808,/Users/marie/Documents/kiro/neural-network-house-prices/neural-networks-house-prices/java-app/house-price-app/data/rentcast/rentcast_previous.csv
"7949-Delridge-Way-SW,-Seattle,-WA-98106",2025-09-30,482500,47.530367,-122.36081,/Users/marie/Documents/kiro/neural-network-house-prices/neural-networks-house-prices/java-app/house-price-app/data/rentcast/rentcast_previous.csv
"533-N-73rd-St,-Seattle,-WA-98103",2025-09-30,886600,47.681584,-122.351183,/Users/marie/Documents/kiro/neural-network-house-prices/neural-networks-house-prices/java-app/house-price-app/data/rentcast/rentcast_previous.csv
"756-N-72nd-St,-Apt-102,-Seattle,-WA-98103",2025-09-30,417000,47.681304,-122.347456,/Users/marie/Documents/kiro/neural-network-house-prices/neural-networks-house-prices/java-app/house-price-app/data/rentcast/rentcast_previous.csv
"10016-Ne-124th-Pl,-Kirkland,-WA-98034",2025-10-01,500000,47.71178,-122.206927,/Users/marie/Documents/kiro/neural-network-house-prices/neural-networks-house-prices/java-app/house-price-app/data/rentcast/rentcast_previous.csv
"3924-Sw-Dawson-St,-Seattle,-WA-98136",2025-10-01,600000,47.555829,-122.382059,/Users/marie/Documents/kiro/neural-network-house-prices/neural-networks-house-prices/java-app/house-price-app/data/rentcast/rentcast_previous.csv
"5159-Ne-55th-St,-Seattle,-WA-98105",2025-10-01,2500000,47.668238,-122.270783,/Users/marie/Documents/kiro/neural-network-house-prices/neural-networks-house-prices/java-app/house-price-app/data/rentcast/rentcast_previous.csv
"9641-Ne-121st-Ln,-Kirkland,-WA-98034",2025-10-01,600000,47.709234,-122.211729,/Users/marie/Documents/kiro/neural-network-house-prices/neural-networks-house-prices/java-app/house-price-app/data/rentcast/rentcast_previous.csv
"12510-109th-Ct-NE,-Apt-E101,-Kirkland,-WA-98034",2025-10-01,485000,47.712101,-122.19668,/Users/marie/Documents/kiro/neural-network-house-prices/neural-networks-house-prices/java-app/house-price-app/data/rentcast/rentcast_previous.csv
"9042-Wallingford-Ave-N,-Seattle,-WA-98103",2025-10-01,654950,47.695385,-122.336094,/Users/marie/Documents/kiro/neural-network-house-prices/neural-networks-house-prices/java-app/house-price-app/data/rentcast/rentcast_previous.csv
"1026-N-48th-St,-Seattle,-WA-98103",2025-10-01,1250000,47.663789,-122.344834,/Users/marie/Documents/kiro/neural-network-house-prices/neural-networks-house-prices/java-app/house-price-app/data/rentcast/rentcast_previous.csv
"7704-45th-Ave-SW,-Seattle,-WA-98136",2025-10-01,1150000,47.53386,-122.389986,/Users/marie/Documents/kiro/neural-network-house-prices/neural-networks-house-prices/java-app/house-price-app/data/rentcast/rentcast_previous.csv
"13702-15th-Ave-NE,-Seattle,-WA-98125",2025-10-02,900000,47.728656,-122.312377,/Users/marie/Documents/kiro/neural-network-house-prices/neural-networks-house-prices/java-app/house-price-app/data/rentcast/rentcast_previous.csv
"3218-31st-Ave-W,-Seattle,-WA-98199",2025-10-02,885000,47.649336,-122.396597,/Users/marie/Documents/kiro/neural-network-house-prices/neural-networks-house-prices/java-app/house-price-app/data/rentcast/rentcast_previous.csv
"2325-43rd-Ave-E,-Apt-102,-Seattle,-WA-98112",2025-10-02,1320000,47.639942,-122.277481,/Users/marie/Documents/kiro/neural-network-house-prices/neural-networks-house-prices/java-app/house-price-app/data/rentcast/rentcast_previous.csv
"3626-Wallingford-Ave-N,-Seattle,-WA-98103",2025-10-02,3268000,47.651284,-122.335949,/Users/marie/Documents/kiro/neural-network-house-prices/neural-networks-house-prices/java-app/house-price-app/data/rentcast/rentcast_previous.csv
"1760-Nw-56th-St,-Apt-210,-Seattle,-WA-98107",2025-10-02,465000,47.669678,-122.381655,/Users/marie/Documents/kiro/neural-network-house-prices/neural-networks-house-prices/java-app/house-price-app/data/rentcast/rentcast_previous.csv
"9304-32nd-Ave-SW,-Seattle,-WA-98126",2025-10-03,645000,47.519662,-122.374106,/Users/marie/Documents/kiro/neural-network-house-prices/neural-networks-house-prices/java-app/house-price-app/data/rentcast/rentcast_previous.csv
"7054-38th-Ave-NE,-Seattle,-WA-98115",2025-10-03,1210000,47.680962,-122.286858,/Users/marie/Documents/kiro/neural-network-house-prices/neural-networks-house-prices/java-app/house-price-app/data/rentcast/rentcast_previous.csv
"13209-7th-Ave-NW,-Seattle,-WA-98177",2025-10-03,1562500,47.725432,-122.365392,/Users/marie/Documents/kiro/neural-network-house-prices/neural-networks-house-prices/java-app/house-price-app/data/rentcast/rentcast_previous.csv
"12715-Dayton-Ave-N,-Seattle,-WA-98133",2025-10-03,755000,47.721899,-122.353168,/Users/marie/Documents/kiro/neural-network-house-prices/neural-networks-house-prices/java-app/house-price-app/data/rentcast/rentcast_previous.csv
"12221-100th-Ave-NE,-Apt-103,-Kirkland,-WA-98034",2025-10-03,300000,47.710264,-122.207852,/Users/marie/Documents/kiro/neural-network-house-prices/neural-networks-house-prices/java-app/house-price-app/data/rentcast/rentcast_previous.csv
"2405-N-75th-St,-Seattle,-WA-98103",2025-10-03,1149000,47.68308,-122.329067,/Users/marie/Documents/kiro/neural-network-house-prices/neural-networks-house-prices/java-app/house-price-app/data/rentcast/rentcast_previous.csv
"9211-9th-Ave-NW,-Seattle,-WA-98117",2025-10-03,700000,47.696432,-122.368859,/Users/marie/Documents/kiro/neural-network-house-prices/neural-networks-house-prices/java-app/house-price-app/data/rentcast/rentcast_previous.csv
"1603-Ne-70th-St,-Seattle,-WA-98115",2025-10-03,1320000,47.679189,-122.310709,/Users/marie/Documents/kiro/neural-network-house-prices/neural-networks-house-prices/java-app/house-price-app/data/rentcast/rentcast_previous.csv
"505-18th-Ave,-Kirkland,-WA-98033",2025-10-03,6000000,47.689071,-122.199775,/Users/marie/Documents/kiro/neural-network-house-prices/neural-networks-house-prices/java-app/house-price-app/data/rentcast/rentcast_previous.csv
"8048-Crest-Dr-NE,-Seattle,-WA-98115",2025-10-03,3400000,47.687569,-122.273862,/Users/marie/Documents/kiro/neural-network-house-prices/neural-networks-house-prices/java-app/house-price-app/data/rentcast/rentcast_previous.csv
"9779-Ne-South-Beach-Dr,-Bainbridge-Island,-WA-98110",2025-10-03,3875000,47.574512,-122.520508,/Users/marie/Documents/kiro/neural-network-house-prices/neural-networks-house-prices/java-app/house-price-app/data/rentcast/rentcast_previous.csv
"4207A-Sw-Thistle-St,-Seattle,-WA-98136",2025-10-03,820000,47.528344,-122.386442,/Users/marie/Documents/kiro/neural-network-house-prices/neural-networks-house-prices/java-app/house-price-app/data/rentcast/rentcast_previous.csv
"588-Bell-St,-Unit-3702,-Seattle,-WA-98121",2025-10-03,1049000,47.616653,-122.343014,/Users/marie/Documents/kiro/neural-network-house-prices/neural-networks-house-prices/java-app/house-price-app/data/rentcast/rentcast_previous.csv
"401-W-Galer-St,-Seattle,-WA-98119",2025-10-03,1200000,47.632189,-122.361978,/Users/marie/Documents/kiro/neural-network-house-prices/neural-networks-house-prices/java-app/house-price-app/data/rentcast/rentcast_previous.csv
"2858-32nd-Ave-W,-Apt-302,-Seattle,-WA-98199",2025-10-06,490000,47.646202,-122.398148,/Users/marie/Documents/kiro/neural-network-house-prices/neural-networks-house-prices/java-app/house-price-app/data/rentcast/rentcast_previous.csv
"2311-45th-Ave-SW,-Seattle,-WA-98116",2025-10-06,1366000,47.582557,-122.389612,/Users/marie/Documents/kiro/neural-network-house-prices/neural-networks-house-prices/java-app/house-price-app/data/rentcast/rentcast_previous.csv
"2534-57th-Ave-SW,-Seattle,-WA-98116",2025-10-06,1585000,47.580209,-122.40488,/Users/marie/Documents/kiro/neural-network-house-prices/neural-networks-house-prices/java-app/house-price-app/data/rentcast/rentcast_previous.csv
"123-Ne-77th-St,-Seattle,-WA-98115",2025-10-06,1265000,47.684865,-122.32723,/Users/marie/Documents/kiro/neural-network-house-prices/neural-networks-house-prices/java-app/house-price-app/data/rentcast/rentcast_previous.csv
"8005-Sand-Point-Way-NE,-Unit-A52,-Seattle,-WA-98115",2025-10-06,785000,47.689355,-122.268556,/Users/marie/Documents/kiro/neural-network-house-prices/neural-networks-house-prices/java-app/house-price-app/data/rentcast/rentcast_previous.csv
"3029-Ne-133rd-St,-Seattle,-WA-98125",2025-10-06,825000,47.724489,-122.295088,/Users/marie/Documents/kiro/neural-network-house-prices/neural-networks-house-prices/java-app/house-price-app/data/rentcast/rentcast_previous.csv
"3812-E-Crockett-St,-Seattle,-WA-98112",2025-10-06,3695000,47.637594,-122.283339,/Users/marie/Documents/kiro/neural-network-house-prices/neural-networks-house-prices/java-app/house-price-app/data/rentcast/rentcast_previous.csv
"7060-Lincoln-Park-Way-SW,-Seattle,-WA-98136",2025-10-06,6297600,47.53995,-122.394504,/Users/marie/Documents/kiro/neural-network-house-prices/neural-networks-house-prices/java-app/house-price-app/data/rentcast/rentcast_previous.csv
"1740-Ne-90th-St,-Seattle,-WA-98115",2025-10-06,580000,47.694132,-122.307701,/Users/marie/Documents/kiro/neural-network-house-prices/neural-networks-house-prices/java-app/house-price-app/data/rentcast/rentcast_previous.csv
"1919-E-Eaton-Pl,-Seattle,-WA-98112",2025-10-06,945000,47.63707,-122.307489,/Users/marie/Documents/kiro/neural-network-house-prices/neural-networks-house-prices/java-app/house-price-app/data/rentcast/rentcast_previous.csv
"5932-Fauntleroy-Way-SW,-Apt-4,-Seattle,-WA-98136",2025-10-06,585000,47.549328,-122.382641,/Users/marie/Documents/kiro/neural-network-house-prices/neural-networks-house-prices/java-app/house-price-app/data/rentcast/rentcast_previous.csv
"7344-35th-Ave-SW,-Seattle,-WA-98126",2025-10-06,565000,47.536038,-122.376183,/Users/marie/Documents/kiro/neural-network-house-prices/neural-networks-house-prices/java-app/house-price-app/data/rentcast/rentcast_previous.csv
"3106-Ne-60th-St,-Seattle,-WA-98115",2025-10-07,1325000,47.672345,-122.293877,/Users/marie/Documents/kiro/neural-network-house-prices/neural-networks-house-prices/java-app/house-price-app/data/rentcast/rentcast_previous.csv
"6749-10th-Ave-NW,-Seattle,-WA-98117",2025-10-07,885000,47.679233,-122.370149,/Users/marie/Documents/kiro/neural-network-house-prices/neural-networks-house-prices/java-app/house-price-app/data/rentcast/rentcast_previous.csv
"420-8th-Ave,-Kirkland,-WA-98033",2025-10-07,1525000,47.681567,-122.200625,/Users/marie/Documents/kiro/neural-network-house-prices/neural-networks-house-prices/java-app/house-price-app/data/rentcast/rentcast_previous.csv
"5639-3rd-Ave-NW,-Seattle,-WA-98107",2025-10-07,600000,47.670629,-122.36113,/Users/marie/Documents/kiro/neural-network-house-prices/neural-networks-house-prices/java-app/house-price-app/data/rentcast/rentcast_previous.csv
"8418-31st-Ave-SW,-Seattle,-WA-98126",2025-10-07,535000,47.527625,-122.372217,/Users/marie/Documents/kiro/neural-network-house-prices/neural-networks-house-prices/java-app/house-price-app/data/rentcast/rentcast_previous.csv
"3003-Ne-88th-St,-Seattle,-WA-98115",2025-10-07,1100000,47.692161,-122.295781,/Users/marie/Documents/kiro/neural-network-house-prices/neural-networks-house-prices/java-app/house-price-app/data/rentcast/rentcast_previous.csv
"11550-22nd-Ave-NE,-Seattle,-WA-98125",2025-10-07,550000,47.7136,-122.305284,/Users/marie/Documents/kiro/neural-network-house-prices/neural-networks-house-prices/java-app/house-price-app/data/rentcast/rentcast_previous.csv
"3805-Fremont-Ln-N,-Seattle,-WA-98103",2025-10-08,865000,47.653018,-122.349449,/Users/marie/Documents/kiro/neural-network-house-prices/neural-networks-house-prices/java-app/house-price-app/data/rentcast/rentcast_previous.csv
"6021-45th-Ave-SW,-Seattle,-WA-98136",2025-10-08,743001,47.547883,-122.390232,/Users/marie/Documents/kiro/neural-network-house-prices/neural-networks-house-prices/java-app/house-price-app/data/rentcast/rentcast_previous.csv
"311-Nw-42nd-St,-Seattle,-WA-98107",2025-10-08,1275000,47.657535,-122.361457,/Users/marie/Documents/kiro/neural-network-house-prices/neural-networks-house-prices/java-app/house-price-app/data/rentcast/rentcast_previous.csv
"6743-11th-Ave-NW,-Seattle,-WA-98117",2025-10-08,1205000,47.679027,-122.371215,/Users/marie/Documents/kiro/neural-network-house-prices/neural-networks-house-prices/java-app/house-price-app/data/rentcast/rentcast_previous.csv
"6712-14th-Ave-NW,-Seattle,-WA-98117",2025-10-08,1010000,47.678237,-122.373757,/Users/marie/Documents/kiro/neural-network-house-prices/neural-networks-house-prices/java-app/house-price-app/data/rentcast/rentcast_previous.csv
"522-19th-Ave,-Kirkland,-WA-98033",2025-10-08,2200000,47.691632,-122.199012,/Users/marie/Documents/kiro/neural-network-house-prices/neural-networks-house-prices/java-app/house-price-app/data/rentcast/rentcast_previous.csv
"1536-Ne-95th-St,-Seattle,-WA-98115",2025-10-08,825000,47.697868,-122.310435,/Users/marie/Documents/kiro/neural-network-house-prices/neural-networks-house-prices/java-app/house-price-app/data/rentcast/rentcast_previous.csv
"7332-17th-Ave-NE,-Seattle,-WA-98115",2025-10-08,922500,47.682225,-122.309587,/Users/marie/Documents/kiro/neural-network-house-prices/neural-networks-house-prices/java-app/house-price-app/data/rentcast/rentcast_previous.csv
"8733-21st-Ave-NW,-Seattle,-WA-98117",2025-10-08,1950000,47.6935,-122.38323,/Users/marie/Documents/kiro/neural-network-house-prices/neural-networks-house-prices/java-app/house-price-app/data/rentcast/rentcast_previous.csv
"2167-Dexter-Ave-N,-Apt-401,-Seattle,-WA-98109",2025-10-08,605000,47.639454,-122.344241,/Users/marie/Documents/kiro/neural-network-house-prices/neural-networks-house-prices/java-app/house-price-app/data/rentcast/rentcast_previous.csv
"8005-Sand-Point-Way-NE,-Unit-A22,-Seattle,-WA-98115",2025-10-08,689000,47.689355,-122.268556,/Users/marie/Documents/kiro/neural-network-house-prices/neural-networks-house-prices/java-app/house-price-app/data/rentcast/rentcast_previous.csv
"7560-30th-Ave-NE,-Seattle,-WA-98115",2025-10-08,2515000,47.684711,-122.295563,/Users/marie/Documents/kiro/neural-network-house-prices/neural-networks-house-prices/java-app/house-price-app/data/rentcast/rentcast_previous.csv
"1506-3rd-St,-Kirkland,-WA-98033",2025-10-08,1260000,47.687496,-122.204157,/Users/marie/Documents/kiro/neural-network-house-prices/neural-networks-house-prices/java-app/house-price-app/data/rentcast/rentcast_previous.csv
"1504-3rd-St,-Kirkland,-WA-98033",2025-10-08,1260000,47.687468,-122.204146,/Users/marie/Documents/kiro/neural-network-house-prices/neural-networks-house-prices/java-app/house-price-app/data/rentcast/rentcast_previous.csv
"8008-38th-Ave-NE,-Seattle,-WA-98115",2025-10-09,950000,47.687009,-122.287078,/Users/marie/Documents/kiro/neural-network-house-prices/neural-networks-house-prices/java-app/house-price-app/data/rentcast/rentcast_previous.csv
"12009-100th-Ave-NE,-Apt-1,-Kirkland,-WA-98034",2025-10-09,540350,47.707916,-122.208307,/Users/marie/Documents/kiro/neural-network-house-prices/neural-networks-house-prices/java-app/house-price-app/data/rentcast/rentcast_previous.csv
"5210-35th-Ave-NE,-Seattle,-WA-98105",2025-10-09,1495000,47.66701,-122.289849,/Users/marie/Documents/kiro/neural-network-house-prices/neural-networks-house-prices/java-app/house-price-app/data/rentcast/rentcast_previous.csv
"5108-Meridian-Ave-N,-Seattle,-WA-98103",2025-10-09,1329750,47.666063,-122.333493,/Users/marie/Documents/kiro/neural-network-house-prices/neural-networks-house-prices/java-app/house-price-app/data/rentcast/rentcast_previous.csv
"9338-Forest-Ct-SW,-Seattle,-WA-98136",2025-10-09,830000,47.518688,-122.385246,/Users/marie/Documents/kiro/neural-network-house-prices/neural-networks-house-prices/java-app/house-price-app/data/rentcast/rentcast_previous.csv
"132-Ne-130th-St,-Seattle,-WA-98125",2025-10-09,740000,47.723329,-122.327458,/Users/marie/Documents/kiro/neural-network-house-prices/neural-networks-house-prices/java-app/house-price-app/data/rentcast/rentcast_previous.csv
"4113-Sw-Ida-St,-Seattle,-WA-98136",2025-10-09,500000,47.534146,-122.385276,/Users/marie/Documents/kiro/neural-network-house-prices/neural-networks-house-prices/java-app/house-price-app/data/rentcast/rentcast_previous.csv
"3016-37th-Ave-W,-Seattle,-WA-98199",2025-10-09,2395000,47.647312,-122.404357,/Users/marie/Documents/kiro/neural-network-house-prices/neural-networks-house-prices/java-app/house-price-app/data/rentcast/rentcast_previous.csv
"2737-59th-Ave-SW,-Seattle,-WA-98116",2025-10-09,1200000,47.578832,-122.408429,/Users/marie/Documents/kiro/neural-network-house-prices/neural-networks-house-prices/java-app/house-price-app/data/rentcast/rentcast_previous.csv
"4343-W-Mclaren-St,-Seattle,-WA-98199",2025-10-09,4100000,47.651433,-122.414611,/Users/marie/Documents/kiro/neural-network-house-prices/neural-networks-house-prices/java-app/house-price-app/data/rentcast/rentcast_previous.csv
"3455-35th-Ave-W,-Seattle,-WA-98199",2025-10-09,1901000,47.652044,-122.402635,/Users/marie/Documents/kiro/neural-network-house-prices/neural-networks-house-prices/java-app/house-price-app/data/rentcast/rentcast_previous.csv
"1400-Nw-60th-St,-Apt-401,-Seattle,-WA-98107",2025-10-09,410000,47.67239,-122.374153,/Users/marie/Documents/kiro/neural-network-house-prices/neural-networks-house-prices/java-app/house-price-app/data/rentcast/rentcast_previous.csv
"2800-W-Elmore-Pl,-Seattle,-WA-98199",2025-10-09,1100000,47.657264,-122.392971,/Users/marie/Documents/kiro/neural-network-house-prices/neural-networks-house-prices/java-app/house-price-app/data/rentcast/rentcast_previous.csv
"8139-14th-Ave-SW,-Seattle,-WA-98106",2025-10-10,750000,47.528961,-122.353004,/Users/marie/Documents/kiro/neural-network-house-prices/neural-networks-house-prices/java-app/house-price-app/data/rentcast/rentcast_previous.csv
"7318-39th-Ave-SW,-Seattle,-WA-98136",2025-10-10,800000,47.536208,-122.381619,/Users/marie/Documents/kiro/neural-network-house-prices/neural-networks-house-prices/java-app/house-price-app/data/rentcast/rentcast_previous.csv
"3039-Nw-71st-St,-Seattle,-WA-98117",2025-10-10,2000000,47.679994,-122.397432,/Users/marie/Documents/kiro/neural-network-house-prices/neural-networks-house-prices/java-app/house-price-app/data/rentcast/rentcast_previous.csv
"3430-39th-Ave-W,-Seattle,-WA-98199",2025-10-10,850000,47.651363,-122.406477,/Users/marie/Documents/kiro/neural-network-house-prices/neural-networks-house-prices/java-app/house-price-app/data/rentcast/rentcast_previous.csv
"4437-46th-Ave-SW,-Seattle,-WA-98116",2025-10-10,975000,47.563639,-122.391234,/Users/marie/Documents/kiro/neural-network-house-prices/neural-networks-house-prices/java-app/house-price-app/data/rentcast/rentcast_previous.csv
"1742-N-122nd-St,-Seattle,-WA-98133",2025-10-10,900000,47.717358,-122.335408,/Users/marie/Documents/kiro/neural-network-house-prices/neural-networks-house-prices/java-app/house-price-app/data/rentcast/rentcast_previous.csv
"322-Nw-47th-St,-Unit-C,-Seattle,-WA-98107",2025-10-10,825000,47.663097,-122.361824,/Users/marie/Documents/kiro/neural-network-house-prices/neural-networks-house-prices/java-app/house-price-app/data/rentcast/rentcast_previous.csv
"3101-W-Jameson-St,-Seattle,-WA-98199",2025-10-10,535000,47.65988,-122.397873,/Users/marie/Documents/kiro/neural-network-house-prices/neural-networks-house-prices/java-app/house-price-app/data/rentcast/rentcast_previous.csv
"7011-Fremont-Ave-N,-Seattle,-WA-98103",2025-10-10,915000,47.679989,-122.350157,/Users/marie/Documents/kiro/neural-network-house-prices/neural-networks-house-prices/java-app/house-price-app/data/rentcast/rentcast_previous.csv
"6717-110th-Ave-NE,-Apt-A4,-Kirkland,-WA-98033",2025-10-10,690000,47.666243,-122.194171,/Users/marie/Documents/kiro/neural-network-house-prices/neural-networks-house-prices/java-app/house-price-app/data/rentcast/rentcast_previous.csv
"8056-28th-Ave-NW,-Seattle,-WA-98117",2025-10-10,1357000,47.68846,-122.39271,/Users/marie/Documents/kiro/neural-network-house-prices/neural-networks-house-prices/java-app/house-price-app/data/rentcast/rentcast_previous.csv
"11326-3rd-Ave-NE,-Apt-204,-Seattle,-WA-98125",2025-10-10,295000,47.711261,-122.325654,/Users/marie/Documents/kiro/neural-network-house-prices/neural-networks-house-prices/java-app/house-price-app/data/rentcast/rentcast_previous.csv
"11136-108th-Ave-NE,-Kirkland,-WA-98033",2025-10-10,1150500,47.700115,-122.197438,/Users/marie/Documents/kiro/neural-network-house-prices/neural-networks-house-prices/java-app/house-price-app/data/rentcast/rentcast_previous.csv
"1552-N-128th-St,-Seattle,-WA-98133",2025-10-10,805000,47.722496,-122.337219,/Users/marie/Documents/kiro/neural-network-house-prices/neural-networks-house-prices/java-app/house-price-app/data/rentcast/rentcast_previous.csv
"3236-W-Government-Way,-Seattle,-WA-98199",2025-10-14,912000,47.660118,-122.399662,/Users/marie/Documents/kiro/neural-network-house-prices/neural-networks-house-prices/java-app/house-price-app/data/rentcast/rentcast_previous.csv
"11849-Ne-105th-Ln,-Kirkland,-WA-98033",2025-10-14,1160000,47.693328,-122.182214,/Users/marie/Documents/kiro/neural-network-house-prices/neural-networks-house-prices/java-app/house-price-app/data/rentcast/rentcast_previous.csv
"4110-Sw-Rose-St,-Seattle,-WA-98136",2025-10-14,1325000,47.529421,-122.385239,/Users/marie/Documents/kiro/neural-network-house-prices/neural-networks-house-prices/java-app/house-price-app/data/rentcast/rentcast_previous.csv
"1207-N-Allen-Pl,-Seattle,-WA-98103",2025-10-14,899950,47.66046,-122.343458,/Users/marie/Documents/kiro/neural-network-house-prices/neural-networks-house-prices/java-app/house-price-app/data/rentcast/rentcast_previous.csv
"7713-36th-Ave-NE,-Seattle,-WA-98115",2025-10-14,960000,47.685284,-122.28983,/Users/marie/Documents/kiro/neural-network-house-prices/neural-networks-house-prices/java-app/house-price-app/data/rentcast/rentcast_previous.csv
"11618-Ne-111th-St,-Kirkland,-WA-98033",2025-10-14,2905000,47.699691,-122.185849,/Users/marie/Documents/kiro/neural-network-house-prices/neural-networks-house-prices/java-app/house-price-app/data/rentcast/rentcast_previous.csv
"4055-42nd-Ave-SW,-Seattle,-WA-98116",2025-10-14,900000,47.56677,-122.385856,/Users/marie/Documents/kiro/neural-network-house-prices/neural-networks-house-prices/java-app/house-price-app/data/rentcast/rentcast_previous.csv
"11644-100th-Ave-NE,-Apt-308,-Kirkland,-WA-98034",2025-10-14,537000,47.705061,-122.207932,/Users/marie/Documents/kiro/neural-network-house-prices/neural-networks-house-prices/java-app/house-price-app/data/rentcast/rentcast_previous.csv
"813-Ne-90th-St,-Seattle,-WA-98115",2025-10-14,800000,47.693763,-122.319689,/Users/marie/Documents/kiro/neural-network-house-prices/neural-networks-house-prices/java-app/house-price-app/data/rentcast/rentcast_previous.csv
"2119-Bonair-Dr-SW,-Seattle,-WA-98116",2025-10-14,1825000,47.585039,-122.39814,/Users/marie/Documents/kiro/neural-network-house-prices/neural-networks-house-prices/java-app/house-price-app/data/rentcast/rentcast_previous.csv
"7749-17th-Ave-SW,-Seattle,-WA-98106",2025-10-14,660000,47.532234,-122.356784,/Users/marie/Documents/kiro/neural-network-house-prices/neural-networks-house-prices/java-app/house-price-app/data/rentcast/rentcast_previous.csv
"8533-Burke-Ave-N,-Seattle,-WA-98103",2025-10-14,1360000,47.691487,-122.335508,/Users/marie/Documents/kiro/neural-network-house-prices/neural-networks-house-prices/java-app/house-price-app/data/rentcast/rentcast_previous.csv
"2252-Viewmont-Way-W,-Seattle,-WA-98199",2025-10-14,2365000,47.637749,-122.403399,/Users/marie/Documents/kiro/neural-network-house-prices/neural-networks-house-prices/java-app/house-price-app/data/rentcast/rentcast_previous.csv
"12705-2nd-Ave-NW,-Seattle,-WA-98177",2025-10-14,1235000,47.721602,-122.360007,/Users/marie/Documents/kiro/neural-network-house-prices/neural-networks-house-prices/java-app/house-price-app/data/rentcast/rentcast_previous.csv
"9544-3rd-Ave-NW,-Seattle,-WA-98117",2025-10-14,1320000,47.699098,-122.360346,/Users/marie/Documents/kiro/neural-network-house-prices/neural-networks-house-prices/java-app/house-price-app/data/rentcast/rentcast_previous.csv
"11722-Ne-112th-St,-Kirkland,-WA-98033",2025-10-14,1775000,47.70138,-122.183895,/Users/marie/Documents/kiro/neural-network-house-prices/neural-networks-house-prices/java-app/house-price-app/data/rentcast/rentcast_previous.csv
"8536-Interlake-Ave-N,-Seattle,-WA-98103",2025-10-14,637500,47.69163,-122.339908,/Users/marie/Documents/kiro/neural-network-house-prices/neural-networks-house-prices/java-app/house-price-app/data/rentcast/rentcast_previous.csv
"972-N-Allen-Pl,-Seattle,-WA-98103",2025-10-15,749888,47.660716,-122.345838,/Users/marie/Documents/kiro/neural-network-house-prices/neural-networks-house-prices/java-app/house-price-app/data/rentcast/rentcast_previous.csv
"8424-25th-Ave-Sw-Unit-C,-Seattle,-WA-98106",2025-10-15,425000,47.527501,-122.364145,/Users/marie/Documents/kiro/neural-network-house-prices/neural-networks-house-prices/java-app/house-price-app/data/rentcast/rentcast_previous.csv
"106-Nw-60th-St,-Seattle,-WA-98107",2025-10-15,900000,47.672563,-122.357866,/Users/marie/Documents/kiro/neural-network-house-prices/neural-networks-house-prices/java-app/house-price-app/data/rentcast/rentcast_previous.csv
"14528-35th-Ave-NE,-Lake-Forest-Park,-WA-98155",2025-10-15,725000,47.733938,-122.291058,/Users/marie/Documents/kiro/neural-network-house-prices/neural-networks-house-prices/java-app/house-price-app/data/rentcast/rentcast_previous.csv
"11206-Ne-68th-St,-Apt-224,-Kirkland,-WA-98033",2025-10-15,270000,47.666814,-122.190646,/Users/marie/Documents/kiro/neural-network-house-prices/neural-networks-house-prices/java-app/house-price-app/data/rentcast/rentcast_previous.csv
"8318-Ne-122nd-Pl,-Kirkland,-WA-98034",2025-10-15,995000,47.710867,-122.230253,/Users/marie/Documents/kiro/neural-network-house-prices/neural-networks-house-prices/java-app/house-price-app/data/rentcast/rentcast_previous.csv
"2767-59th-Ave-SW,-Seattle,-WA-98116",2025-10-15,1667500,47.578038,-122.408449,/Users/marie/Documents/kiro/neural-network-house-prices/neural-networks-house-prices/java-app/house-price-app/data/rentcast/rentcast_previous.csv
"5017-Sw-Stevens-St,-Seattle,-WA-98116",2025-10-15,1150000,47.577354,-122.396295,/Users/marie/Documents/kiro/neural-network-house-prices/neural-networks-house-prices/java-app/house-price-app/data/rentcast/rentcast_previous.csv
"3615-43rd-Ave-W,-Seattle,-WA-98199",2025-10-15,1600000,47.653291,-122.413729,/Users/marie/Documents/kiro/neural-network-house-prices/neural-networks-house-prices/java-app/house-price-app/data/rentcast/rentcast_previous.csv
"10008-14th-Ave-NW,-Seattle,-WA-98177",2025-10-15,2430000,47.701866,-122.373694,/Users/marie/Documents/kiro/neural-network-house-prices/neural-networks-house-prices/java-app/house-price-app/data/rentcast/rentcast_previous.csv
"2518-36th-Ave-W,-Seattle,-WA-98199",2025-10-15,1000000,47.642207,-122.403613,/Users/marie/Documents/kiro/neural-network-house-prices/neural-networks-house-prices/java-app/house-price-app/data/rentcast/rentcast_previous.csv
"5117-1st-Ave-NE,-Seattle,-WA-98105",2025-10-15,600000,47.666239,-122.328754,/Users/marie/Documents/kiro/neural-network-house-prices/neural-networks-house-prices/java-app/house-price-app/data/rentcast/rentcast_previous.csv
"11503-Bartlett-Ave-NE,-Seattle,-WA-98125",2025-10-16,875000,47.712263,-122.283447,/Users/marie/Documents/kiro/neural-network-house-prices/neural-networks-house-prices/java-app/house-price-app/data/rentcast/rentcast_previous.csv
"314-Ne-82nd-St,-Seattle,-WA-98115",2025-10-16,997000,47.688464,-122.324883,/Users/marie/Documents/kiro/neural-network-house-prices/neural-networks-house-prices/java-app/house-price-app/data/rentcast/rentcast_previous.csv
"7015-26th-Ave-NE,-Seattle,-WA-98115",2025-10-16,1185000,47.679911,-122.299909,/Users/marie/Documents/kiro/neural-network-house-prices/neural-networks-house-prices/java-app/house-price-app/data/rentcast/rentcast_previous.csv
"117-N-40th-St,-Seattle,-WA-98103",2025-10-16,1635000,47.655363,-122.356344,/Users/marie/Documents/kiro/neural-network-house-prices/neural-networks-house-prices/java-app/house-price-app/data/rentcast/rentcast_previous.csv
"405-13th-Ave,-Kirkland,-WA-98033",2025-10-16,1320000,47.685442,-122.199961,/Users/marie/Documents/kiro/neural-network-house-prices/neural-networks-house-prices/java-app/house-price-app/data/rentcast/rentcast_previous.csv
"8150-13th-Ave-SW,-Seattle,-WA-98106",2025-10-16,517000,47.528682,-122.351449,/Users/marie/Documents/kiro/neural-network-house-prices/neural-networks-house-prices/java-app/house-price-app/data/rentcast/rentcast_previous.csv
"469-Lynn-St,-Seattle,-WA-98109",2025-10-16,2000000,47.638961,-122.347379,/Users/marie/Documents/kiro/neural-network-house-prices/neural-networks-house-prices/java-app/house-price-app/data/rentcast/rentcast_previous.csv
"588-Bell-St,-Unit-2404,-Seattle,-WA-98121",2025-10-16,620000,47.616653,-122.343014,/Users/marie/Documents/kiro/neural-network-house-prices/neural-networks-house-prices/java-app/house-price-app/data/rentcast/rentcast_previous.csv
"11206-Ne-68th-St,-Apt-223,-Kirkland,-WA-98033",2025-10-16,273000,47.666814,-122.190646,/Users/marie/Documents/kiro/neural-network-house-prices/neural-networks-house-prices/java-app/house-price-app/data/rentcast/rentcast_previous.csv
"2526-35th-Ave-W,-Seattle,-WA-98199",2025-10-16,3150000,47.642065,-122.40198,/Users/marie/Documents/kiro/neural-network-house-prices/neural-networks-house-prices/java-app/house-price-app/data/rentcast/rentcast_previous.csv
"1615-N-41st-St,-Seattle,-WA-98103",2025-10-16,1245000,47.656637,-122.337933,/Users/marie/Documents/kiro/neural-network-house-prices/neural-networks-house-prices/java-app/house-price-app/data/rentcast/rentcast_previous.csv
"7346-22nd-Ave-NW,-Seattle,-WA-98117",2025-10-16,879950,47.6827,-122.383977,/Users/marie/Documents/kiro/neural-network-house-prices/neural-networks-house-prices/java-app/house-price-app/data/rentcast/rentcast_previous.csv
"13753-Ashworth-Ave-N,-Seattle,-WA-98133",2025-10-16,570000,47.730155,-122.340032,/Users/marie/Documents/kiro/neural-network-house-prices/neural-networks-house-prices/java-app/house-price-app/data/rentcast/rentcast_previous.csv
"2349B-Ne-127th-St,-Seattle,-WA-98125",2025-10-16,749950,47.720842,-122.302552,/Users/marie/Documents/kiro/neural-network-house-prices/neural-networks-house-prices/java-app/house-price-app/data/rentcast/rentcast_previous.csv
"8717-Ne-137th-Pl,-Kirkland,-WA-98034",2025-10-17,997000,47.723444,-122.224549,/Users/marie/Documents/kiro/neural-network-house-prices/neural-networks-house-prices/java-app/house-price-app/data/rentcast/rentcast_previous.csv
"116-12th-Ave,-Kirkland,-WA-98033",2025-10-17,3500000,47.684877,-122.207731,/Users/marie/Documents/kiro/neural-network-house-prices/neural-networks-house-prices/java-app/house-price-app/data/rentcast/rentcast_previous.csv
"9889-Ne-South-Beach-Dr,-Bainbridge-Island,-WA-98110",2025-10-17,4298000,47.573955,-122.519883,/Users/marie/Documents/kiro/neural-network-house-prices/neural-networks-house-prices/java-app/house-price-app/data/rentcast/rentcast_previous.csv
"3609-Sw-Holden-St,-Seattle,-WA-98126",2025-10-17,825000,47.533169,-122.378476,/Users/marie/Documents/kiro/neural-network-house-prices/neural-networks-house-prices/java-app/house-price-app/data/rentcast/rentcast_previous.csv
"4224-Sw-Donovan-St,-Seattle,-WA-98136",2025-10-17,1820000,47.525643,-122.385672,/Users/marie/Documents/kiro/neural-network-house-prices/neural-networks-house-prices/java-app/house-price-app/data/rentcast/rentcast_previous.csv
"9715-6th-Ave-NW,-Seattle,-WA-98117",2025-10-17,1616000,47.700171,-122.363854,/Users/marie/Documents/kiro/neural-network-house-prices/neural-networks-house-prices/java-app/house-price-app/data/rentcast/rentcast_previous.csv
"1514-Ne-95th-St,-Seattle,-WA-98115",2025-10-17,985000,47.69786,-122.311355,/Users/marie/Documents/kiro/neural-network-house-prices/neural-networks-house-prices/java-app/house-price-app/data/rentcast/rentcast_previous.csv
"8325-26th-Ave-NW,-Seattle,-WA-98117",2025-10-17,825000,47.689796,-122.390087,/Users/marie/Documents/kiro/neural-network-house-prices/neural-networks-house-prices/java-app/house-price-app/data/rentcast/rentcast_previous.csv
"8534-30th-Ave-NW,-Seattle,-WA-98117",2025-10-17,2050000,47.691568,-122.39531,/Users/marie/Documents/kiro/neural-network-house-prices/neural-networks-house-prices/java-app/house-price-app/data/rentcast/rentcast_previous.csv
"8751-29th-Ave-NW,-Seattle,-WA-98117",2025-10-17,1345000,47.693331,-122.39457,/Users/marie/Documents/kiro/neural-network-house-prices/neural-networks-house-prices/java-app/house-price-app/data/rentcast/rentcast_previous.csv
"5701-Seaview-Ave-NW,-Apt-202,-Seattle,-WA-98107",2025-10-17,625000,47.670629,-122.405482,/Users/marie/Documents/kiro/neural-network-house-prices/neural-networks-house-prices/java-app/house-price-app/data/rentcast/rentcast_previous.csv
"11609-Ne-111th-St,-Kirkland,-WA-98033",2025-10-17,1941618,47.699305,-122.186052,/Users/marie/Documents/kiro/neural-network-house-prices/neural-networks-house-prices/java-app/house-price-app/data/rentcast/rentcast_previous.csv
"13222-Ne-70th-St,-Kirkland,-WA-98033",2025-10-17,4200000,47.668297,-122.162956,/Users/marie/Documents/kiro/neural-network-house-prices/neural-networks-house-prices/java-app/house-price-app/data/rentcast/rentcast_previous.csv
"2620-4th-Ave-N,-Apt-603,-Seattle,-WA-98109",2025-10-17,533105,47.643945,-122.349542,/Users/marie/Documents/kiro/neural-network-house-prices/neural-networks-house-prices/java-app/house-price-app/data/rentcast/rentcast_previous.csv
"2211-Nw-85th-St,-Seattle,-WA-98117",2025-10-17,1050000,47.690397,-122.385007,/Users/marie/Documents/kiro/neural-network-house-prices/neural-networks-house-prices/java-app/house-price-app/data/rentcast/rentcast_previous.csv
"14330-24th-Pl-NE,-Seattle,-WA-98125",2025-10-17,860000,47.73314,-122.302357,/Users/marie/Documents/kiro/neural-network-house-prices/neural-networks-house-prices/java-app/house-price-app/data/rentcast/rentcast_previous.csv
"3932-14th-Ave-S,-Seattle,-WA-98108",2025-10-20,540000,47.567997,-122.314489,/Users/marie/Documents/kiro/neural-network-house-prices/neural-networks-house-prices/java-app/house-price-app/data/rentcast/rentcast_previous.csv
"4009-Sw-Trenton-St,-Seattle,-WA-98136",2025-10-20,1350000,47.524196,-122.383534,/Users/marie/Documents/kiro/neural-network-house-prices/neural-networks-house-prices/java-app/house-price-app/data/rentcast/rentcast_previous.csv
"7520-31st-Ave-NE,-Seattle,-WA-98115",2025-10-20,755000,47.683674,-122.29447,/Users/marie/Documents/kiro/neural-network-house-prices/neural-networks-house-prices/java-app/house-price-app/data/rentcast/rentcast_previous.csv
"8628-22nd-Ave-SW,-Seattle,-WA-98106",2025-10-20,975000,47.525696,-122.3614,/Users/marie/Documents/kiro/neural-network-house-prices/neural-networks-house-prices/java-app/house-price-app/data/rentcast/rentcast_previous.csv
"3309-Nw-70th-St,-Seattle,-WA-98117",2025-10-20,1750000,47.679197,-122.400179,/Users/marie/Documents/kiro/neural-network-house-prices/neural-networks-house-prices/java-app/house-price-app/data/rentcast/rentcast_previous.csv
"8720-Phinney-Ave-N,-Apt-14,-Seattle,-WA-98103",2025-10-20,450000,47.693091,-122.354141,/Users/marie/Documents/kiro/neural-network-house-prices/neural-networks-house-prices/java-app/house-price-app/data/rentcast/rentcast_previous.csv
"1910-E-Galer-St,-Seattle,-WA-98112",2025-10-20,1665000,47.632488,-122.306592,/Users/marie/Documents/kiro/neural-network-house-prices/neural-networks-house-prices/java-app/house-price-app/data/rentcast/rentcast_previous.csv
"3012-Sw-Holly-St,-Seattle,-WA-98126",2025-10-20,825000,47.543017,-122.371452,/Users/marie/Documents/kiro/neural-network-house-prices/neural-networks-house-prices/java-app/house-price-app/data/rentcast/rentcast_previous.csv
"1548-Ne-140th-St,-Seattle,-WA-98125",2025-10-20,559500,47.73091,-122.311038,/Users/marie/Documents/kiro/neural-network-house-prices/neural-networks-house-prices/java-app/house-price-app/data/rentcast/rentcast_previous.csv
"4508-W-Ruffner-St,-Seattle,-WA-98199",2025-10-21,2596000,47.65305,-122.415247,/Users/marie/Documents/kiro/neural-network-house-prices/neural-networks-house-prices/java-app/house-price-app/data/rentcast/rentcast_previous.csv
"14314-27th-Ave-NE,-Seattle,-WA-98125",2025-10-21,635000,47.73247,-122.298808,/Users/marie/Documents/kiro/neural-network-house-prices/neural-networks-house-prices/java-app/house-price-app/data/rentcast/rentcast_previous.csv
"588-Bell-St,-Unit-1502,-Seattle,-WA-98121",2025-10-21,900000,47.616653,-122.343014,/Users/marie/Documents/kiro/neural-network-house-prices/neural-networks-house-prices/java-app/house-price-app/data/rentcast/rentcast_previous.csv
"4223-W-Semple-St,-Seattle,-WA-98199",2025-10-21,3875000,47.670903,-122.411454,/Users/marie/Documents/kiro/neural-network-house-prices/neural-networks-house-prices/java-app/house-price-app/data/rentcast/rentcast_previous.csv
"5906-112th-Pl-NE,-Kirkland,-WA-98033",2025-10-21,1540336,47.660439,-122.189756,/Users/marie/Documents/kiro/neural-network-house-prices/neural-networks-house-prices/java-app/house-price-app/data/rentcast/rentcast_previous.csv
"1112-Broadway-E,-Apt-101,-Seattle,-WA-98102",2025-10-21,550000,47.629098,-122.320952,/Users/marie/Documents/kiro/neural-network-house-prices/neural-networks-house-prices/java-app/house-price-app/data/rentcast/rentcast_previous.csv
"8325-21st-Ave-NW,-Seattle,-WA-98117",2025-10-21,1160000,47.689502,-122.383561,/Users/marie/Documents/kiro/neural-network-house-prices/neural-networks-house-prices/java-app/house-price-app/data/rentcast/rentcast_previous.csv
"12709-Ne-80th-Ln,-Kirkland,-WA-98033",2025-10-21,1300000,47.675856,-122.170775,/Users/marie/Documents/kiro/neural-network-house-prices/neural-networks-house-prices/java-app/house-price-app/data/rentcast/rentcast_previous.csv
"8309-California-Ave-SW,-Seattle,-WA-98136",2025-10-21,1200000,47.528989,-122.387778,/Users/marie/Documents/kiro/neural-network-house-prices/neural-networks-house-prices/java-app/house-price-app/data/rentcast/rentcast_previous.csv
"5746-37th-Ave-NE,-Seattle,-WA-98105",2025-10-21,1280000,47.671689,-122.287661,/Users/marie/Documents/kiro/neural-network-house-prices/neural-networks-house-prices/java-app/house-price-app/data/rentcast/rentcast_previous.csv
"7016-34th-Ave-NE,-Seattle,-WA-98115",2025-10-21,1150000,47.679945,-122.291141,/Users/marie/Documents/kiro/neural-network-house-prices/neural-networks-house-prices/java-app/house-price-app/data/rentcast/rentcast_previous.csv
"13046-15th-Ave-NE,-Seattle,-WA-98125",2025-10-21,500000,47.724477,-122.312224,/Users/marie/Documents/kiro/neural-network-house-prices/neural-networks-house-prices/java-app/house-price-app/data/rentcast/rentcast_previous.csv
"13305-Ne-74th-St,-Redmond,-WA-98052",2025-10-21,1155000,47.670936,-122.162461,/Users/marie/Documents/kiro/neural-network-house-prices/neural-networks-house-prices/java-app/house-price-app/data/rentcast/rentcast_previous.csv
"6968-24th-Ave-SW,-Seattle,-WA-98106",2025-10-22,950000,47.539663,-122.362506,/Users/marie/Documents/kiro/neural-network-house-prices/neural-networks-house-prices/java-app/house-price-app/data/rentcast/rentcast_previous.csv
"4939-Sw-Bruce-St,-Seattle,-WA-98136",2025-10-22,661500,47.555069,-122.396773,/Users/marie/Documents/kiro/neural-network-house-prices/neural-networks-house-prices/java-app/house-price-app/data/rentcast/rentcast_previous.csv
"8314-28th-Ave-NE,-Seattle,-WA-98115",2025-10-22,2150000,47.689916,-122.296995,/Users/marie/Documents/kiro/neural-network-house-prices/neural-networks-house-prices/java-app/house-price-app/data/rentcast/rentcast_previous.csv
"1508-Galer-Pl-N,-Seattle,-WA-98109",2025-10-22,1089000,47.632636,-122.356177,/Users/marie/Documents/kiro/neural-network-house-prices/neural-networks-house-prices/java-app/house-price-app/data/rentcast/rentcast_previous.csv
"1011-5th-Ave-N,-Apt-405,-Seattle,-WA-98109",2025-10-22,450000,47.628602,-122.347753,/Users/marie/Documents/kiro/neural-network-house-prices/neural-networks-house-prices/java-app/house-price-app/data/rentcast/rentcast_previous.csv
"2138-N-130th-St,-Seattle,-WA-98133",2025-10-22,625000,47.723439,-122.332489,/Users/marie/Documents/kiro/neural-network-house-prices/neural-networks-house-prices/java-app/house-price-app/data/rentcast/rentcast_previous.csv
"2490-Sw-Webster-St,-Seattle,-WA-98106",2025-10-22,715000,47.535694,-122.36508,/Users/marie/Documents/kiro/neural-network-house-prices/neural-networks-house-prices/java-app/house-price-app/data/rentcast/rentcast_previous.csv
"3702-Sw-Cloverdale-St,-Seattle,-WA-98126",2025-10-22,1200000,47.526318,-122.379665,/Users/marie/Documents/kiro/neural-network-house-prices/neural-networks-house-prices/java-app/house-price-app/data/rentcast/rentcast_previous.csv
"11300-1st-Ave-NE,-Apt-306,-Seattle,-WA-98125",2025-10-23,377000,47.711315,-122.327736,/Users/marie/Documents/kiro/neural-network-house-prices/neural-networks-house-prices/java-app/house-price-app/data/rentcast/rentcast_previous.csv
"7435-Ne-129th-St,-Kirkland,-WA-98034",2025-10-23,2750000,47.715654,-122.241052,/Users/marie/Documents/kiro/neural-network-house-prices/neural-networks-house-prices/java-app/house-price-app/data/rentcast/rentcast_previous.csv
"5946-39th-Ave-SW,-Seattle,-WA-98136",2025-10-23,900000,47.548839,-122.38146,/Users/marie/Documents/kiro/neural-network-house-prices/neural-networks-house-prices/java-app/house-price-app/data/rentcast/rentcast_previous.csv
"5225-Sw-Jacobsen-Rd,-Seattle,-WA-98116",2025-10-23,1750000,47.558841,-122.399915,/Users/marie/Documents/kiro/neural-network-house-prices/neural-networks-house-prices/java-app/house-price-app/data/rentcast/rentcast_previous.csv
"2613-Nw-86th-St,-Seattle,-WA-98117",2025-10-23,1050000,47.691109,-122.390882,/Users/marie/Documents/kiro/neural-network-house-prices/neural-networks-house-prices/java-app/house-price-app/data/rentcast/rentcast_previous.csv
"13726-23rd-Ave-NE,-Seattle,-WA-98125",2025-10-23,630000,47.729199,-122.304354,/Users/marie/Documents/kiro/neural-network-house-prices/neural-networks-house-prices/java-app/house-price-app/data/rentcast/rentcast_previous.csv
"4059-Latona-Ave-NE,-Seattle,-WA-98105",2025-10-23,986000,47.657233,-122.326076,/Users/marie/Documents/kiro/neural-network-house-prices/neural-networks-house-prices/java-app/house-price-app/data/rentcast/rentcast_previous.csv
"6321-Seaview-Ave-NW,-Unit-21,-Seattle,-WA-98107",2025-10-23,998000,47.674607,-122.408375,/Users/marie/Documents/kiro/neural-network-house-prices/neural-networks-house-prices/java-app/house-price-app/data/rentcast/rentcast_previous.csv
"6847-18th-Ave-NE,-Seattle,-WA-98115",2025-10-23,1421525,47.679043,-122.309107,/Users/marie/Documents/kiro/neural-network-house-prices/neural-networks-house-prices/java-app/house-price-app/data/rentcast/rentcast_previous.csv
"1242-16th-Ave-E,-Seattle,-WA-98112",2025-10-23,1599988,47.631888,-122.310829,/Users/marie/Documents/kiro/neural-network-house-prices/neural-networks-house-prices/java-app/house-price-app/data/rentcast/rentcast_previous.csv
"8637-21st-Ave-NW,-Seattle,-WA-98117",2025-10-23,1150000,47.69217,-122.383213,/Users/marie/Documents/kiro/neural-network-house-prices/neural-networks-house-prices/java-app/house-price-app/data/rentcast/rentcast_previous.csv
"3430-40th-Ave-W,-Seattle,-WA-98199",2025-10-23,1265000,47.651445,-122.40756,/Users/marie/Documents/kiro/neural-network-house-prices/neural-networks-house-prices/java-app/house-price-app/data/rentcast/rentcast_previous.csv
"12835-Ne-80th-St,-Kirkland,-WA-98033",2025-10-23,3250000,47.675084,-122.167783,/Users/marie/Documents/kiro/neural-network-house-prices/neural-networks-house-prices/java-app/house-price-app/data/rentcast/rentcast_previous.csv
"8258-133rd-Ave-NE,-Redmond,-WA-98052",2025-10-23,4000000,47.677032,-122.162131,/Users/marie/Documents/kiro/neural-network-house-prices/neural-networks-house-prices/java-app/house-price-app/data/rentcast/rentcast_previous.csv
"1522-E-Interlaken-Blvd,-Seattle,-WA-98112",2025-10-23,2050000,47.639112,-122.311546,/Users/marie/Documents/kiro/neural-network-house-prices/neural-networks-house-prices/java-app/house-price-app/data/rentcast/rentcast_previous.csv
"1723-Nw-63rd-St,-Seattle,-WA-98107",2025-10-23,1325000,47.674328,-122.379926,/Users/marie/Documents/kiro/neural-network-house-prices/neural-networks-house-prices/java-app/house-price-app/data/rentcast/rentcast_previous.csv
"3823-Sw-Holden-St,-Seattle,-WA-98126",2025-10-24,760000,47.533352,-122.381695,/Users/marie/Documents/kiro/neural-network-house-prices/neural-networks-house-prices/java-app/house-price-app/data/rentcast/rentcast_previous.csv
"6855-43rd-Ave-NE,-Seattle,-WA-98115",2025-10-24,1088000,47.679194,-122.282561,/Users/marie/Documents/kiro/neural-network-house-prices/neural-networks-house-prices/java-app/house-price-app/data/rentcast/rentcast_previous.csv
"5549-39th-Ave-NE,-Seattle,-WA-98105",2025-10-24,1050000,47.669955,-122.286106,/Users/marie/Documents/kiro/neural-network-house-prices/neural-networks-house-prices/java-app/house-price-app/data/rentcast/rentcast_previous.csv
"9165-45th-Ave-SW,-Apt-2,-Seattle,-WA-98136",2025-10-24,615000,47.521709,-122.390583,/Users/marie/Documents/kiro/neural-network-house-prices/neural-networks-house-prices/java-app/house-price-app/data/rentcast/rentcast_previous.csv
"1834-N-54th-St,-Seattle,-WA-98103",2025-10-24,1500000,47.668166,-122.334828,/Users/marie/Documents/kiro/neural-network-house-prices/neural-networks-house-prices/java-app/house-price-app/data/rentcast/rentcast_previous.csv
"3225-27th-Ave-W,-Seattle,-WA-98199",2025-10-24,1000000,47.649487,-122.391868,/Users/marie/Documents/kiro/neural-network-house-prices/neural-networks-house-prices/java-app/house-price-app/data/rentcast/rentcast_previous.csv
"1018-Ne-112th-St,-Seattle,-WA-98125",2025-10-24,3425000,47.710004,-122.316963,/Users/marie/Documents/kiro/neural-network-house-prices/neural-networks-house-prices/java-app/house-price-app/data/rentcast/rentcast_previous.csv
"7516-28th-Ave-NE,-Seattle,-WA-98115",2025-10-24,1250000,47.683537,-122.296834,/Users/marie/Documents/kiro/neural-network-house-prices/neural-networks-house-prices/java-app/house-price-app/data/rentcast/rentcast_previous.csv
"3734-Sw-Tillman-St,-Seattle,-WA-98126",2025-10-24,700000,47.52712,-122.380822,/Users/marie/Documents/kiro/neural-network-house-prices/neural-networks-house-prices/java-app/house-price-app/data/rentcast/rentcast_previous.csv
"8626-Ne-121st-Pl,-Kirkland,-WA-98034",2025-10-24,1935000,47.70974,-122.225988,/Users/marie/Documents/kiro/neural-network-house-prices/neural-networks-house-prices/java-app/house-price-app/data/rentcast/rentcast_previous.csv
"275-W-Roy-St,-Apt-414,-Seattle,-WA-98119",2025-10-24,530000,47.62554,-122.360133,/Users/marie/Documents/kiro/neural-network-house-prices/neural-networks-house-prices/java-app/house-price-app/data/rentcast/rentcast_previous.csv
"8222-35th-Ave-SW,-Seattle,-WA-98126",2025-10-24,790000,47.52907,-122.37621,/Users/marie/Documents/kiro/neural-network-house-prices/neural-networks-house-prices/java-app/house-price-app/data/rentcast/rentcast_previous.csv
"7332-23rd-Ave-NW,-Seattle,-WA-98117",2025-10-24,1210000,47.682297,-122.385044,/Users/marie/Documents/kiro/neural-network-house-prices/neural-networks-house-prices/java-app/house-price-app/data/rentcast/rentcast_previous.csv
"7007-26th-Ave-NW,-Seattle,-WA-98117",2025-10-24,1120000,47.679789,-122.39008,/Users/marie/Documents/kiro/neural-network-house-prices/neural-networks-house-prices/java-app/house-price-app/data/rentcast/rentcast_previous.csv
"8543-Ashworth-Ave-N,-Seattle,-WA-98103",2025-10-27,971000,47.691768,-122.339483,/Users/marie/Documents/kiro/neural-network-house-prices/neural-networks-house-prices/java-app/house-price-app/data/rentcast/rentcast_previous.csv
"2823-Sw-Roxbury-St,-Seattle,-WA-98126",2025-10-27,5826929,47.516748,-122.369627,/Users/marie/Documents/kiro/neural-network-house-prices/neural-networks-house-prices/java-app/house-price-app/data/rentcast/rentcast_previous.csv
"9408-26th-Ave-SW,-Seattle,-WA-98106",2025-10-27,625000,47.518833,-122.365534,/Users/marie/Documents/kiro/neural-network-house-prices/neural-networks-house-prices/java-app/house-price-app/data/rentcast/rentcast_previous.csv
"3441-Nw-59th-St,-Seattle,-WA-98107",2025-10-27,1600000,47.671034,-122.402954,/Users/marie/Documents/kiro/neural-network-house-prices/neural-networks-house-prices/java-app/house-price-app/data/rentcast/rentcast_previous.csv
"320-S-120th-St,-Seattle,-WA-98168",2025-10-27,553000,47.496028,-122.328979,/Users/marie/Documents/kiro/neural-network-house-prices/neural-networks-house-prices/java-app/house-price-app/data/rentcast/rentcast_latest1.json
"12048-10th-Ave-S,-Seattle,-WA-98168",2025-10-27,810000,47.494402,-122.319887,/Users/marie/Documents/kiro/neural-network-house-prices/neural-networks-house-prices/java-app/house-price-app/data/rentcast/rentcast_latest1.json
"665-Blaine-Ct-NE,-Renton,-WA-98056",2025-10-27,855000,47.493637,-122.190028,/Users/marie/Documents/kiro/neural-network-house-prices/neural-networks-house-prices/java-app/house-price-app/data/rentcast/rentcast_latest1.json
"2614-E-Spring-St,-Seattle,-WA-98122",2025-10-27,799950,47.611759,-122.298057,/Users/marie/Documents/kiro/neural-network-house-prices/neural-networks-house-prices/java-app/house-price-app/data/rentcast/rentcast_latest1.json
"2425-N-75th-St,-Seattle,-WA-98103",2025-10-28,940000,47.682904,-122.328533,/Users/marie/Documents/kiro/neural-network-house-prices/neural-networks-house-prices/java-app/house-price-app/data/rentcast/rentcast_previous.csv
"7512-132nd-Ave-NE,-Kirkland,-WA-98033",2025-10-28,1430000,47.67203,-122.163445,/Users/marie/Documents/kiro/neural-network-house-prices/neural-networks-house-prices/java-app/house-price-app/data/rentcast/rentcast_previous.csv
"7335-21st-Ave-NE,-Seattle,-WA-98115",2025-10-28,800000,47.682337,-122.305729,/Users/marie/Documents/kiro/neural-network-house-prices/neural-networks-house-prices/java-app/house-price-app/data/rentcast/rentcast_previous.csv
"4545-Sand-Point-Way-NE,-Apt-806,-Seattle,-WA-98105",2025-10-28,540000,47.662267,-122.286862,/Users/marie/Documents/kiro/neural-network-house-prices/neural-networks-house-prices/java-app/house-price-app/data/rentcast/rentcast_previous.csv
"1762-Nw-57th-St,-Apt-201,-Seattle,-WA-98107",2025-10-28,550000,47.670244,-122.381684,/Users/marie/Documents/kiro/neural-network-house-prices/neural-networks-house-prices/java-app/house-price-app/data/rentcast/rentcast_previous.csv
"1714-N-100th-St,-Seattle,-WA-98133",2025-10-28,780600,47.701605,-122.336722,/Users/marie/Documents/kiro/neural-network-house-prices/neural-networks-house-prices/java-app/house-price-app/data/rentcast/rentcast_previous.csv
"12703-9th-Ave-NW,-Seattle,-WA-98177",2025-10-28,3300000,47.721663,-122.368078,/Users/marie/Documents/kiro/neural-network-house-prices/neural-networks-house-prices/java-app/house-price-app/data/rentcast/rentcast_previous.csv
"8841-36th-Ave-SW,-Seattle,-WA-98126",2025-10-28,274000,47.523446,-122.378414,/Users/marie/Documents/kiro/neural-network-house-prices/neural-networks-house-prices/java-app/house-price-app/data/rentcast/rentcast_previous.csv
"4417-Thackeray-Pl-NE,-Seattle,-WA-98105",2025-10-28,1305000,47.66076,-122.326513,/Users/marie/Documents/kiro/neural-network-house-prices/neural-networks-house-prices/java-app/house-price-app/data/rentcast/rentcast_previous.csv
"12102-10th-Ave-SW,-Seattle,-WA-98146",2025-10-28,620000,47.4947,-122.347289,/Users/marie/Documents/kiro/neural-network-house-prices/neural-networks-house-prices/java-app/house-price-app/data/rentcast/rentcast_latest1.json
"13310-Bitter-Pl-N,-Seattle,-WA-98133",2025-10-28,1700000,47.725899,-122.353125,/Users/marie/Documents/kiro/neural-network-house-prices/neural-networks-house-prices/java-app/house-price-app/data/rentcast/rentcast_latest1.json
"1743-S-Angeline-St,-Seattle,-WA-98108",2025-10-28,1050000,47.560237,-122.308695,/Users/marie/Documents/kiro/neural-network-house-prices/neural-networks-house-prices/java-app/house-price-app/data/rentcast/rentcast_latest1.json
"13128-Se-95th-Way,-Newcastle,-WA-98056",2025-10-28,815000,47.518734,-122.164928,/Users/marie/Documents/kiro/neural-network-house-prices/neural-networks-house-prices/java-app/house-price-app/data/rentcast/rentcast_latest1.json
"2632-14th-Ave-W,-Seattle,-WA-98119",2025-10-28,600000,47.643933,-122.374706,/Users/marie/Documents/kiro/neural-network-house-prices/neural-networks-house-prices/java-app/house-price-app/data/rentcast/rentcast_latest1.json
"15659-Se-9th-St,-Bellevue,-WA-98008",2025-10-28,2850000,47.602038,-122.128148,/Users/marie/Documents/kiro/neural-network-house-prices/neural-networks-house-prices/java-app/house-price-app/data/rentcast/rentcast_latest1.json
"9012-25th-Ave-SW,-Unit-201D,-Seattle,-WA-98106",2025-10-28,325000,47.5222,-122.36436,/Users/marie/Documents/kiro/neural-network-house-prices/neural-networks-house-prices/java-app/house-price-app/data/rentcast/rentcast_previous.csv
"3411-20th-Ave-S,-Seattle,-WA-98144",2025-10-29,765000,47.572804,-122.305947,/Users/marie/Documents/kiro/neural-network-house-prices/neural-networks-house-prices/java-app/house-price-app/data/rentcast/rentcast_latest1.json
"7200-34th-Ave-NW,-Seattle,-WA-98117",2025-10-29,2115000,47.68107,-122.400776,/Users/marie/Documents/kiro/neural-network-house-prices/neural-networks-house-prices/java-app/house-price-app/data/rentcast/rentcast_previous.csv
"4252-Williams-Ave-W,-Seattle,-WA-98199",2025-10-29,700000,47.659159,-122.392006,/Users/marie/Documents/kiro/neural-network-house-prices/neural-networks-house-prices/java-app/house-price-app/data/rentcast/rentcast_previous.csv
"1518-Warren-Ave-N,-Seattle,-WA-98109",2025-10-29,1200000,47.6329,-122.354168,/Users/marie/Documents/kiro/neural-network-house-prices/neural-networks-house-prices/java-app/house-price-app/data/rentcast/rentcast_previous.csv
"2452-Sw-Webster-St,-Seattle,-WA-98106",2025-10-29,615000,47.53643,-122.364856,/Users/marie/Documents/kiro/neural-network-house-prices/neural-networks-house-prices/java-app/house-price-app/data/rentcast/rentcast_previous.csv
"5114-S-Morgan-St,-Seattle,-WA-98118",2025-10-29,682605,47.544481,-122.269189,/Users/marie/Documents/kiro/neural-network-house-prices/neural-networks-house-prices/java-app/house-price-app/data/rentcast/rentcast_latest1.json
"7551-Bagley-Ave-N,-Seattle,-WA-98103",2025-10-29,1500000,47.685113,-122.331657,/Users/marie/Documents/kiro/neural-network-house-prices/neural-networks-house-prices/java-app/house-price-app/data/rentcast/rentcast_previous.csv
"1122-140th-Ave-SE,-Bellevue,-WA-98005",2025-10-29,1870000,47.600357,-122.152399,/Users/marie/Documents/kiro/neural-network-house-prices/neural-networks-house-prices/java-app/house-price-app/data/rentcast/rentcast_latest1.json
"9400-12th-Ave-SW,-Seattle,-WA-98106",2025-10-29,535000,47.519012,-122.350213,/Users/marie/Documents/kiro/neural-network-house-prices/neural-networks-house-prices/java-app/house-price-app/data/rentcast/rentcast_latest1.json
"2565-4th-Ave-W,-Seattle,-WA-98119",2025-10-29,1300000,47.642512,-122.362543,/Users/marie/Documents/kiro/neural-network-house-prices/neural-networks-house-prices/java-app/house-price-app/data/rentcast/rentcast_latest1.json
"4337-Sw-Trenton-St,-Seattle,-WA-98136",2025-10-29,1200000,47.524619,-122.389101,/Users/marie/Documents/kiro/neural-network-house-prices/neural-networks-house-prices/java-app/house-price-app/data/rentcast/rentcast_previous.csv
"445-26th-Ave-E,-Seattle,-WA-98112",2025-10-29,1289900,47.623933,-122.299113,/Users/marie/Documents/kiro/neural-network-house-prices/neural-networks-house-prices/java-app/house-price-app/data/rentcast/rentcast_latest1.json
"7545-Bagley-Ave-N,-Seattle,-WA-98103",2025-10-29,1225000,47.684789,-122.331977,/Users/marie/Documents/kiro/neural-network-house-prices/neural-networks-house-prices/java-app/house-price-app/data/rentcast/rentcast_previous.csv
"1400-Sw-Thistle-St,-Seattle,-WA-98106",2025-10-29,875000,47.528479,-122.353168,/Users/marie/Documents/kiro/neural-network-house-prices/neural-networks-house-prices/java-app/house-price-app/data/rentcast/rentcast_previous.csv
"1620-N-52nd-St,-Seattle,-WA-98103",2025-10-29,750000,47.666707,-122.337511,/Users/marie/Documents/kiro/neural-network-house-prices/neural-networks-house-prices/java-app/house-price-app/data/rentcast/rentcast_previous.csv
"1611-Taylor-Ave-N,-Seattle,-WA-98109",2025-10-29,634000,47.633548,-122.346254,/Users/marie/Documents/kiro/neural-network-house-prices/neural-networks-house-prices/java-app/house-price-app/data/rentcast/rentcast_previous.csv
"1852-40th-Ave-E,-Seattle,-WA-98112",2025-10-30,2200000,47.63621,-122.281707,/Users/marie/Documents/kiro/neural-network-house-prices/neural-networks-house-prices/java-app/house-price-app/data/rentcast/rentcast_previous.csv
"2029-42nd-Ave-E,-Seattle,-WA-98112",2025-10-30,3400000,47.637851,-122.278805,/Users/marie/Documents/kiro/neural-network-house-prices/neural-networks-house-prices/java-app/house-price-app/data/rentcast/rentcast_previous.csv
"5450-Leary-Ave-NW,-Apt-456,-Seattle,-WA-98107",2025-10-30,730000,47.667841,-122.383247,/Users/marie/Documents/kiro/neural-network-house-prices/neural-networks-house-prices/java-app/house-price-app/data/rentcast/rentcast_previous.csv
"735-N-83rd-St,-Seattle,-WA-98103",2025-10-30,1025000,47.688914,-122.348406,/Users/marie/Documents/kiro/neural-network-house-prices/neural-networks-house-prices/java-app/house-price-app/data/rentcast/rentcast_previous.csv
"4510-48th-Ave-NE,-Seattle,-WA-98105",2025-10-30,2225000,47.661731,-122.275754,/Users/marie/Documents/kiro/neural-network-house-prices/neural-networks-house-prices/java-app/house-price-app/data/rentcast/rentcast_previous.csv
"2738-Nw-90th-St,-Seattle,-WA-98117",2025-10-30,1300000,47.694437,-122.392001,/Users/marie/Documents/kiro/neural-network-house-prices/neural-networks-house-prices/java-app/house-price-app/data/rentcast/rentcast_previous.csv
"1039-Ne-113th-St,-Seattle,-WA-98125",2025-10-30,465000,47.710348,-122.315748,/Users/marie/Documents/kiro/neural-network-house-prices/neural-networks-house-prices/java-app/house-price-app/data/rentcast/rentcast_previous.csv
"4030-Meridian-Ave-N,-Seattle,-WA-98103",2025-10-30,3040000,47.656555,-122.333529,/Users/marie/Documents/kiro/neural-network-house-prices/neural-networks-house-prices/java-app/house-price-app/data/rentcast/rentcast_previous.csv
"1145-High-School-Rd-NE,-Bainbridge-Island,-WA-98110",2025-10-30,1975000,47.63506,-122.506828,/Users/marie/Documents/kiro/neural-network-house-prices/neural-networks-house-prices/java-app/house-price-app/data/rentcast/rentcast_previous.csv
"3230-Sw-Avalon-Way,-Seattle,-WA-98126",2025-10-30,7917800,47.564406,-122.373577,/Users/marie/Documents/kiro/neural-network-house-prices/neural-networks-house-prices/java-app/house-price-app/data/rentcast/rentcast_previous.csv
"2134-Bonair-Dr-SW,-Seattle,-WA-98116",2025-10-30,1850000,47.584601,-122.398386,/Users/marie/Documents/kiro/neural-network-house-prices/neural-networks-house-prices/java-app/house-price-app/data/rentcast/rentcast_previous.csv
"2202-5th-Ave-N,-Seattle,-WA-98109",2025-10-30,2836392,47.638397,-122.346726,/Users/marie/Documents/kiro/neural-network-house-prices/neural-networks-house-prices/java-app/house-price-app/data/rentcast/rentcast_previous.csv
"1819-2nd-Ave-N,-Seattle,-WA-98109",2025-10-30,2100000,47.635453,-122.353488,/Users/marie/Documents/kiro/neural-network-house-prices/neural-networks-house-prices/java-app/house-price-app/data/rentcast/rentcast_previous.csv
"6701-S-Bangor-St,-Seattle,-WA-98178",2025-10-30,739900,47.506215,-122.249906,/Users/marie/Documents/kiro/neural-network-house-prices/neural-networks-house-prices/java-app/house-price-app/data/rentcast/rentcast_latest1.json
"551-Grandey-Way-NE,-Renton,-WA-98056",2025-10-30,513000,47.491263,-122.189928,/Users/marie/Documents/kiro/neural-network-house-prices/neural-networks-house-prices/java-app/house-price-app/data/rentcast/rentcast_latest1.json
"11256-Evanston-Ave-N,-Seattle,-WA-98133",2025-10-30,1275000,47.712185,-122.351172,/Users/marie/Documents/kiro/neural-network-house-prices/neural-networks-house-prices/java-app/house-price-app/data/rentcast/rentcast_latest1.json
"11750-Ne-36th-Pl,-Bellevue,-WA-98005",2025-10-30,1830000,47.643042,-122.183294,/Users/marie/Documents/kiro/neural-network-house-prices/neural-networks-house-prices/java-app/house-price-app/data/rentcast/rentcast_latest1.json
"10322-15th-Ave-NW,-Seattle,-WA-98177",2025-10-30,2098000,47.704201,-122.376081,/Users/marie/Documents/kiro/neural-network-house-prices/neural-networks-house-prices/java-app/house-price-app/data/rentcast/rentcast_latest1.json
"4631-Highland-Dr,-Bellevue,-WA-98006",2025-10-30,1590000,47.562264,-122.144556,/Users/marie/Documents/kiro/neural-network-house-prices/neural-networks-house-prices/java-app/house-price-app/data/rentcast/rentcast_latest1.json
"326-22nd-Ave-E,-Seattle,-WA-98112",2025-10-30,2350000,47.622197,-122.303251,/Users/marie/Documents/kiro/neural-network-house-prices/neural-networks-house-prices/java-app/house-price-app/data/rentcast/rentcast_latest1.json
"1111-31st-Ave,-Seattle,-WA-98122",2025-10-30,1240000,47.612012,-122.292934,/Users/marie/Documents/kiro/neural-network-house-prices/neural-networks-house-prices/java-app/house-price-app/data/rentcast/rentcast_latest1.json
"8603-Renton-Ave-S,-Seattle,-WA-98118",2025-10-30,355000,47.525939,-122.277314,/Users/marie/Documents/kiro/neural-network-house-prices/neural-networks-house-prices/java-app/house-price-app/data/rentcast/rentcast_latest1.json
"3545-S-116th-St,-Tukwila,-WA-98168",2025-10-30,865000,47.499369,-122.286255,/Users/marie/Documents/kiro/neural-network-house-prices/neural-networks-house-prices/java-app/house-price-app/data/rentcast/rentcast_latest1.json
"4537-49th-Ave-SW,-Seattle,-WA-98116",2025-10-30,1075000,47.561879,-122.39525,/Users/marie/Documents/kiro/neural-network-house-prices/neural-networks-house-prices/java-app/house-price-app/data/rentcast/rentcast_latest1.json
"4532-146th-Ave-SE,-Bellevue,-WA-98006",2025-10-30,1010000,47.56446,-122.145483,/Users/marie/Documents/kiro/neural-network-house-prices/neural-networks-house-prices/java-app/house-price-app/data/rentcast/rentcast_latest1.json
"12856-72nd-Ave-S,-Seattle,-WA-98178",2025-10-30,725000,47.486613,-122.243357,/Users/marie/Documents/kiro/neural-network-house-prices/neural-networks-house-prices/java-app/house-price-app/data/rentcast/rentcast_latest1.json
"13445-81st-Ave-S,-Seattle,-WA-98178",2025-10-30,520500,47.481396,-122.232129,/Users/marie/Documents/kiro/neural-network-house-prices/neural-networks-house-prices/java-app/house-price-app/data/rentcast/rentcast_latest1.json
"1912-26th-Ave-E,-Seattle,-WA-98112",2025-10-30,1800000,47.636234,-122.2992,/Users/marie/Documents/kiro/neural-network-house-prices/neural-networks-house-prices/java-app/house-price-app/data/rentcast/rentcast_latest1.json
"8877-42nd-Ave-SW,-Seattle,-WA-98136",2025-10-30,1500000,47.523297,-122.38703,/Users/marie/Documents/kiro/neural-network-house-prices/neural-networks-house-prices/java-app/house-price-app/data/rentcast/rentcast_previous.csv
"3100-23rd-Ave-S,-Seattle,-WA-98144",2025-10-30,1075000,47.575737,-122.303032,/Users/marie/Documents/kiro/neural-network-house-prices/neural-networks-house-prices/java-app/house-price-app/data/rentcast/rentcast_latest1.json
"6023-Ne-61st-St,-Seattle,-WA-98115",2025-10-31,1850000,47.672602,-122.262434,/Users/marie/Documents/kiro/neural-network-house-prices/neural-networks-house-prices/java-app/house-price-app/data/rentcast/rentcast_previous.csv
"5143-48th-Ave-NE,-Seattle,-WA-98105",2025-10-31,1138650,47.66724,-122.276412,/Users/marie/Documents/kiro/neural-network-house-prices/neural-networks-house-prices/java-app/house-price-app/data/rentcast/rentcast_previous.csv
"6545-47th-Ave-NE,-Seattle,-WA-98115",2025-10-31,1390500,47.677138,-122.278256,/Users/marie/Documents/kiro/neural-network-house-prices/neural-networks-house-prices/java-app/house-price-app/data/rentcast/rentcast_previous.csv
"11714-36th-Ave-NE,-Seattle,-WA-98125",2025-10-31,1150000,47.714337,-122.288444,/Users/marie/Documents/kiro/neural-network-house-prices/neural-networks-house-prices/java-app/house-price-app/data/rentcast/rentcast_previous.csv
"7728-131st-Ave-NE,-Kirkland,-WA-98033",2025-10-31,1520000,47.673438,-122.164982,/Users/marie/Documents/kiro/neural-network-house-prices/neural-networks-house-prices/java-app/house-price-app/data/rentcast/rentcast_previous.csv
"6552-116th-Pl-NE,-Kirkland,-WA-98033",2025-10-31,1300000,47.664864,-122.184474,/Users/marie/Documents/kiro/neural-network-house-prices/neural-networks-house-prices/java-app/house-price-app/data/rentcast/rentcast_previous.csv
"12862-Ne-10th-Pl,-Bellevue,-WA-98005",2025-10-31,2360000,47.619798,-122.167187,/Users/marie/Documents/kiro/neural-network-house-prices/neural-networks-house-prices/java-app/house-price-app/data/rentcast/rentcast_latest1.json
"2007-N-153rd-Pl,-Shoreline,-WA-98133",2025-10-31,831000,47.73975,-122.335698,/Users/marie/Documents/kiro/neural-network-house-prices/neural-networks-house-prices/java-app/house-price-app/data/rentcast/rentcast_previous.csv
"6320-42nd-Ave-S,-Seattle,-WA-98118",2025-10-31,820000,47.545337,-122.280607,/Users/marie/Documents/kiro/neural-network-house-prices/neural-networks-house-prices/java-app/house-price-app/data/rentcast/rentcast_latest1.json
"206-Nw-62nd-St,-Seattle,-WA-98107",2025-10-31,899000,47.674514,-122.359852,/Users/marie/Documents/kiro/neural-network-house-prices/neural-networks-house-prices/java-app/house-price-app/data/rentcast/rentcast_previous.csv
"730-Nw-73rd-St,-Seattle,-WA-98117",2025-10-31,1040000,47.682003,-122.365779,/Users/marie/Documents/kiro/neural-network-house-prices/neural-networks-house-prices/java-app/house-price-app/data/rentcast/rentcast_latest1.json
"5956-38th-Ave-SW,-Seattle,-WA-98126",2025-10-31,1825000,47.548546,-122.380036,/Users/marie/Documents/kiro/neural-network-house-prices/neural-networks-house-prices/java-app/house-price-app/data/rentcast/rentcast_previous.csv
"2514-57th-Ave-SW,-Apt-301,-Seattle,-WA-98116",2025-10-31,615000,47.580825,-122.405013,/Users/marie/Documents/kiro/neural-network-house-prices/neural-networks-house-prices/java-app/house-price-app/data/rentcast/rentcast_previous.csv
"1710-Ne-104th-St,-Seattle,-WA-98125",2025-10-31,765000,47.704234,-122.30918,/Users/marie/Documents/kiro/neural-network-house-prices/neural-networks-house-prices/java-app/house-price-app/data/rentcast/rentcast_latest1.json
"2705-47th-Ave-SW,-Seattle,-WA-98116",2025-10-31,1525000,47.579146,-122.392296,/Users/marie/Documents/kiro/neural-network-house-prices/neural-networks-house-prices/java-app/house-price-app/data/rentcast/rentcast_previous.csv
"2327-N-117th-St,-Seattle,-WA-98133",2025-10-31,1175000,47.713808,-122.330151,/Users/marie/Documents/kiro/neural-network-house-prices/neural-networks-house-prices/java-app/house-price-app/data/rentcast/rentcast_latest1.json
"10203-20th-Ave-NE,-Seattle,-WA-98125",2025-10-31,1183000,47.70226,-122.307249,/Users/marie/Documents/kiro/neural-network-house-prices/neural-networks-house-prices/java-app/house-price-app/data/rentcast/rentcast_latest1.json
"2329-Ne-103rd-St,-Seattle,-WA-98125",2025-10-31,925000,47.702818,-122.302963,/Users/marie/Documents/kiro/neural-network-house-prices/neural-networks-house-prices/java-app/house-price-app/data/rentcast/rentcast_latest1.json
"727-28th-Ave-S,-Seattle,-WA-98144",2025-10-31,605000,47.595885,-122.29671,/Users/marie/Documents/kiro/neural-network-house-prices/neural-networks-house-prices/java-app/house-price-app/data/rentcast/rentcast_latest1.json
"737-20th-Ave-E,-Seattle,-WA-98112",2025-10-31,1250000,47.626367,-122.306276,/Users/marie/Documents/kiro/neural-network-house-prices/neural-networks-house-prices/java-app/house-price-app/data/rentcast/rentcast_latest1.json
"9713-Dayton-Ave-N,-Seattle,-WA-98103",2025-10-31,875000,47.700102,-122.353091,/Users/marie/Documents/kiro/neural-network-house-prices/neural-networks-house-prices/java-app/house-price-app/data/rentcast/rentcast_previous.csv
"8363-29th-Ave-NW,-Seattle,-WA-98117",2025-10-31,775000,47.690449,-122.394676,/Users/marie/Documents/kiro/neural-network-house-prices/neural-networks-house-prices/java-app/house-price-app/data/rentcast/rentcast_previous.csv
"8837-129th-Pl-SE,-Newcastle,-WA-98056",2025-10-31,1495000,47.524598,-122.168434,/Users/marie/Documents/kiro/neural-network-house-prices/neural-networks-house-prices/java-app/house-price-app/data/rentcast/rentcast_latest1.json
"3701-Sw-Southern-St,-Seattle,-WA-98126",2025-10-31,950000,47.529607,-122.379533,/Users/marie/Documents/kiro/neural-network-house-prices/neural-networks-house-prices/java-app/house-price-app/data/rentcast/rentcast_previous.csv
"1804-S-107th-St,-Seattle,-WA-98168",2025-10-31,580000,47.507234,-122.309562,/Users/marie/Documents/kiro/neural-network-house-prices/neural-networks-house-prices/java-app/house-price-app/data/rentcast/rentcast_latest1.json
"3818-36th-Ave-W,-Seattle,-WA-98199",2025-10-31,775000,47.654566,-122.403294,/Users/marie/Documents/kiro/neural-network-house-prices/neural-networks-house-prices/java-app/house-price-app/data/rentcast/rentcast_previous.csv
"3701-Woodlawn-Ave-N,-Seattle,-WA-98103",2025-10-31,1450000,47.652158,-122.339055,/Users/marie/Documents/kiro/neural-network-house-prices/neural-networks-house-prices/java-app/house-price-app/data/rentcast/rentcast_previous.csv
"3705-Woodlawn-Ave-N,-Seattle,-WA-98103",2025-10-31,1450000,47.652331,-122.339055,/Users/marie/Documents/kiro/neural-network-house-prices/neural-networks-house-prices/java-app/house-price-app/data/rentcast/rentcast_previous.csv
"5157-Ne-Latimer-Pl,-Seattle,-WA-98105",2025-11-03,1950000,47.657561,-122.270793,/Users/marie/Documents/kiro/neural-network-house-prices/neural-networks-house-prices/java-app/house-price-app/data/rentcast/rentcast_latest1.json
"627-Sw-141st-St,-Burien,-WA-98166",2025-11-03,545000,47.47661,-122.343108,/Users/marie/Documents/kiro/neural-network-house-prices/neural-networks-house-prices/java-app/house-price-app/data/rentcast/rentcast_latest1.json
"6538-117th-Ave-SE,-Bellevue,-WA-98006",2025-11-03,1190000,47.543929,-122.184408,/Users/marie/Documents/kiro/neural-network-house-prices/neural-networks-house-prices/java-app/house-price-app/data/rentcast/rentcast_latest1.json
"9222-Roosevelt-Way-NE,-Apt-302,-Seattle,-WA-98115",2025-11-03,425000,47.696532,-122.317153,/Users/marie/Documents/kiro/neural-network-house-prices/neural-networks-house-prices/java-app/house-price-app/data/rentcast/rentcast_previous.csv
"3301-Monterey-Ct-NE,-Renton,-WA-98056",2025-11-03,1310000,47.521232,-122.192164,/Users/marie/Documents/kiro/neural-network-house-prices/neural-networks-house-prices/java-app/house-price-app/data/rentcast/rentcast_latest1.json
"2709-S-Ferdinand-St,-Seattle,-WA-98108",2025-11-03,1800000,47.558009,-122.297677,/Users/marie/Documents/kiro/neural-network-house-prices/neural-networks-house-prices/java-app/house-price-app/data/rentcast/rentcast_latest1.json
"1708-2nd-Ave-N,-Seattle,-WA-98109",2025-11-03,2275000,47.634327,-122.352922,/Users/marie/Documents/kiro/neural-network-house-prices/neural-networks-house-prices/java-app/house-price-app/data/rentcast/rentcast_previous.csv
"2625-77th-Ave-NE,-Medina,-WA-98039",2025-11-03,3850000,47.634632,-122.236884,/Users/marie/Documents/kiro/neural-network-house-prices/neural-networks-house-prices/java-app/house-price-app/data/rentcast/rentcast_latest1.json
"4646-S-Kenyon-St,-Seattle,-WA-98118",2025-11-03,735000,47.53187,-122.273283,/Users/marie/Documents/kiro/neural-network-house-prices/neural-networks-house-prices/java-app/house-price-app/data/rentcast/rentcast_latest1.json
"8356-12th-Ave-NW,-Seattle,-WA-98117",2025-11-03,660000,47.690309,-122.371135,/Users/marie/Documents/kiro/neural-network-house-prices/neural-networks-house-prices/java-app/house-price-app/data/rentcast/rentcast_previous.csv
"9244-Dayton-Ave-N,-Seattle,-WA-98103",2025-11-03,950000,47.697342,-122.352276,/Users/marie/Documents/kiro/neural-network-house-prices/neural-networks-house-prices/java-app/house-price-app/data/rentcast/rentcast_previous.csv
"5916-18th-Ave-S,-Seattle,-WA-98108",2025-11-03,875000,47.549382,-122.309622,/Users/marie/Documents/kiro/neural-network-house-prices/neural-networks-house-prices/java-app/house-price-app/data/rentcast/rentcast_latest1.json
"15327-Ne-1st-St,-Bellevue,-WA-98007",2025-11-03,1152000,47.610065,-122.134076,/Users/marie/Documents/kiro/neural-network-house-prices/neural-networks-house-prices/java-app/house-price-app/data/rentcast/rentcast_latest1.json
"1115-N-35th-St,-Renton,-WA-98056",2025-11-03,1320000,47.522568,-122.203406,/Users/marie/Documents/kiro/neural-network-house-prices/neural-networks-house-prices/java-app/house-price-app/data/rentcast/rentcast_latest1.json
"6115-S-Cooper-St,-Seattle,-WA-98178",2025-11-03,575000,47.511506,-122.256356,/Users/marie/Documents/kiro/neural-network-house-prices/neural-networks-house-prices/java-app/house-price-app/data/rentcast/rentcast_latest1.json
"2510-4th-Ave-W,-Seattle,-WA-98119",2025-11-03,1060000,47.641799,-122.361912,/Users/marie/Documents/kiro/neural-network-house-prices/neural-networks-house-prices/java-app/house-price-app/data/rentcast/rentcast_latest1.json
"314-17th-Ave,-Kirkland,-WA-98033",2025-11-03,1500000,47.688834,-122.203235,/Users/marie/Documents/kiro/neural-network-house-prices/neural-networks-house-prices/java-app/house-price-app/data/rentcast/rentcast_previous.csv
"7503-32nd-Ave-NE,-Seattle,-WA-98115",2025-11-03,1615000,47.68321,-122.293815,/Users/marie/Documents/kiro/neural-network-house-prices/neural-networks-house-prices/java-app/house-price-app/data/rentcast/rentcast_previous.csv
"1812-7th-St-W,-Kirkland,-WA-98033",2025-11-03,2800000,47.691331,-122.211249,/Users/marie/Documents/kiro/neural-network-house-prices/neural-networks-house-prices/java-app/house-price-app/data/rentcast/rentcast_latest1.json
"5452-25th-Ave-SW,-Seattle,-WA-98106",2025-11-03,560000,47.552172,-122.364019,/Users/marie/Documents/kiro/neural-network-house-prices/neural-networks-house-prices/java-app/house-price-app/data/rentcast/rentcast_latest1.json
"3451-38th-Ave-SW,-Seattle,-WA-98126",2025-11-03,630000,47.571639,-122.380662,/Users/marie/Documents/kiro/neural-network-house-prices/neural-networks-house-prices/java-app/house-price-app/data/rentcast/rentcast_latest1.json
"2652-Nw-95th-St,-Seattle,-WA-98117",2025-11-03,735000,47.698094,-122.391893,/Users/marie/Documents/kiro/neural-network-house-prices/neural-networks-house-prices/java-app/house-price-app/data/rentcast/rentcast_latest1.json
"4712-Ne-100th-St,-Seattle,-WA-98125",2025-11-03,760000,47.701389,-122.276957,/Users/marie/Documents/kiro/neural-network-house-prices/neural-networks-house-prices/java-app/house-price-app/data/rentcast/rentcast_latest1.json
"4701-46th-Ave-NE,-Seattle,-WA-98105",2025-11-03,1175000,47.663236,-122.278662,/Users/marie/Documents/kiro/neural-network-house-prices/neural-networks-house-prices/java-app/house-price-app/data/rentcast/rentcast_latest1.json
"11219-4th-Pl-S,-Seattle,-WA-98168",2025-11-03,770000,47.502439,-122.328657,/Users/marie/Documents/kiro/neural-network-house-prices/neural-networks-house-prices/java-app/house-price-app/data/rentcast/rentcast_latest1.json
"12056-3rd-Ave-NW,-Seattle,-WA-98177",2025-11-03,915000,47.717636,-122.360543,/Users/marie/Documents/kiro/neural-network-house-prices/neural-networks-house-prices/java-app/house-price-app/data/rentcast/rentcast_latest1.json
"2816-11th-Ave-W,-Seattle,-WA-98119",2025-11-03,1300000,47.64546,-122.371349,/Users/marie/Documents/kiro/neural-network-house-prices/neural-networks-house-prices/java-app/house-price-app/data/rentcast/rentcast_latest1.json
"8031-31st-Ave-NW,-Seattle,-WA-98117",2025-11-03,50000,47.687668,-122.39731,/Users/marie/Documents/kiro/neural-network-house-prices/neural-networks-house-prices/java-app/house-price-app/data/rentcast/rentcast_previous.csv
"3515-Meadow-Ave-N,-Renton,-WA-98056",2025-11-03,790000,47.523456,-122.198845,/Users/marie/Documents/kiro/neural-network-house-prices/neural-networks-house-prices/java-app/house-price-app/data/rentcast/rentcast_latest1.json
"7300-Woodlawn-Ave-NE,-Apt-401,-Seattle,-WA-98115",2025-11-03,572000,47.681367,-122.325141,/Users/marie/Documents/kiro/neural-network-house-prices/neural-networks-house-prices/java-app/house-price-app/data/rentcast/rentcast_previous.csv
"506-N-45th-St,-Apt-301,-Seattle,-WA-98103",2025-11-03,398000,47.661534,-122.352325,/Users/marie/Documents/kiro/neural-network-house-prices/neural-networks-house-prices/java-app/house-price-app/data/rentcast/rentcast_previous.csv
"1101-Nw-62nd-St,-Seattle,-WA-98107",2025-11-03,1120000,47.673638,-122.371609,/Users/marie/Documents/kiro/neural-network-house-prices/neural-networks-house-prices/java-app/house-price-app/data/rentcast/rentcast_previous.csv
"1760-Nw-56th-St,-Apt-608,-Seattle,-WA-98107",2025-11-03,495000,47.669678,-122.381655,/Users/marie/Documents/kiro/neural-network-house-prices/neural-networks-house-prices/java-app/house-price-app/data/rentcast/rentcast_previous.csv
"12443-86th-Pl-NE,-Kirkland,-WA-98034",2025-11-03,1010000,47.713196,-122.226708,/Users/marie/Documents/kiro/neural-network-house-prices/neural-networks-house-prices/java-app/house-price-app/data/rentcast/rentcast_previous.csv
"6733-9th-Ave-NW,-Seattle,-WA-98117",2025-11-03,1615000,47.67876,-122.369057,/Users/marie/Documents/kiro/neural-network-house-prices/neural-networks-house-prices/java-app/house-price-app/data/rentcast/rentcast_previous.csv
"4309-34th-Ave-W,-Apt-102,-Seattle,-WA-98199",2025-11-03,325000,47.65964,-122.40086,/Users/marie/Documents/kiro/neural-network-house-prices/neural-networks-house-prices/java-app/house-price-app/data/rentcast/rentcast_previous.csv
"5701-Seaview-Ave-NW,-Apt-301,-Seattle,-WA-98107",2025-11-03,1000000,47.670629,-122.405482,/Users/marie/Documents/kiro/neural-network-house-prices/neural-networks-house-prices/java-app/house-price-app/data/rentcast/rentcast_previous.csv
"3027-Nw-69th-St,-Seattle,-WA-98117",2025-11-03,1330000,47.678526,-122.396882,/Users/marie/Documents/kiro/neural-network-house-prices/neural-networks-house-prices/java-app/house-price-app/data/rentcast/rentcast_previous.csv
"1813-12th-Ave-W,-Seattle,-WA-98119",2025-11-03,1310000,47.635186,-122.373194,/Users/marie/Documents/kiro/neural-network-house-prices/neural-networks-house-prices/java-app/house-price-app/data/rentcast/rentcast_previous.csv
"3636-Greenwood-Ave-N,-Seattle,-WA-98103",2025-11-04,1420000,47.653585,-122.35521,/Users/marie/Documents/kiro/neural-network-house-prices/neural-networks-house-prices/java-app/house-price-app/data/rentcast/rentcast_previous.csv
"4524-Corliss-Ave-N,-Seattle,-WA-98103",2025-11-04,1229000,47.662164,-122.330979,/Users/marie/Documents/kiro/neural-network-house-prices/neural-networks-house-prices/java-app/house-price-app/data/rentcast/rentcast_previous.csv
"8814-Earl-Ave-NW,-Seattle,-WA-98117",2025-11-04,1310000,47.693224,-122.39157,/Users/marie/Documents/kiro/neural-network-house-prices/neural-networks-house-prices/java-app/house-price-app/data/rentcast/rentcast_previous.csv
"1717-Edmonds-Ave-NE,-Renton,-WA-98056",2025-11-04,555000,47.507759,-122.186028,/Users/marie/Documents/kiro/neural-network-house-prices/neural-networks-house-prices/java-app/house-price-app/data/rentcast/rentcast_latest1.json
"627-155th-Ave-SE,-Bellevue,-WA-98007",2025-11-04,2750000,47.603831,-122.134177,/Users/marie/Documents/kiro/neural-network-house-prices/neural-networks-house-prices/java-app/house-price-app/data/rentcast/rentcast_latest1.json
"2555-Queen-Anne-Ave-N,-Seattle,-WA-98109",2025-11-04,1250000,47.643,-122.357207,/Users/marie/Documents/kiro/neural-network-house-prices/neural-networks-house-prices/java-app/house-price-app/data/rentcast/rentcast_latest1.json
"2817-19th-Ave-S,-Seattle,-WA-98144",2025-11-04,1400000,47.578155,-122.30841,/Users/marie/Documents/kiro/neural-network-house-prices/neural-networks-house-prices/java-app/house-price-app/data/rentcast/rentcast_latest1.json
"14702-Se-80th-Ct,-Newcastle,-WA-98059",2025-11-04,1730000,47.530366,-122.145012,/Users/marie/Documents/kiro/neural-network-house-prices/neural-networks-house-prices/java-app/house-price-app/data/rentcast/rentcast_latest1.json
"6816-128th-Ave-NE,-Kirkland,-WA-98033",2025-11-04,1365000,47.666889,-122.169018,/Users/marie/Documents/kiro/neural-network-house-prices/neural-networks-house-prices/java-app/house-price-app/data/rentcast/rentcast_previous.csv
"535-13th-Ave-E,-Seattle,-WA-98102",2025-11-04,12988200,47.624016,-122.316012,/Users/marie/Documents/kiro/neural-network-house-prices/neural-networks-house-prices/java-app/house-price-app/data/rentcast/rentcast_previous.csv
"2341D-16th-Ave-S,-Seattle,-WA-98144",2025-11-04,599950,47.581764,-122.312363,/Users/marie/Documents/kiro/neural-network-house-prices/neural-networks-house-prices/java-app/house-price-app/data/rentcast/rentcast_latest1.json
"1717-Ne-Edmonds-Ave,-Renton,-WA-98056",2025-11-04,555000,47.507766,-122.186033,/Users/marie/Documents/kiro/neural-network-house-prices/neural-networks-house-prices/java-app/house-price-app/data/rentcast/rentcast_latest1.json
"3031-34th-Ave-W,-Seattle,-WA-98199",2025-11-05,1250000,47.647827,-122.40136,/Users/marie/Documents/kiro/neural-network-house-prices/neural-networks-house-prices/java-app/house-price-app/data/rentcast/rentcast_previous.csv
"3631-Meridian-Ave-N,-Seattle,-WA-98103",2025-11-05,900000,47.651399,-122.334219,/Users/marie/Documents/kiro/neural-network-house-prices/neural-networks-house-prices/java-app/house-price-app/data/rentcast/rentcast_previous.csv
"2705-Franklin-Ave-E,-Seattle,-WA-98102",2025-11-05,973500,47.644708,-122.324876,/Users/marie/Documents/kiro/neural-network-house-prices/neural-networks-house-prices/java-app/house-price-app/data/rentcast/rentcast_previous.csv
"2801-Ne-130th-St,-Apt-C101,-Seattle,-WA-98125",2025-11-05,488500,47.722666,-122.297057,/Users/marie/Documents/kiro/neural-network-house-prices/neural-networks-house-prices/java-app/house-price-app/data/rentcast/rentcast_previous.csv
"7337-20th-Ave-NE,-Seattle,-WA-98115",2025-11-05,1290000,47.682365,-122.307033,/Users/marie/Documents/kiro/neural-network-house-prices/neural-networks-house-prices/java-app/house-price-app/data/rentcast/rentcast_previous.csv
"903-32nd-Ave,-Seattle,-WA-98122",2025-11-05,1775000,47.610514,-122.291829,/Users/marie/Documents/kiro/neural-network-house-prices/neural-networks-house-prices/java-app/house-price-app/data/rentcast/rentcast_latest1.json
"2716-E-Jefferson-St,-Seattle,-WA-98122",2025-11-05,900000,47.606301,-122.297108,/Users/marie/Documents/kiro/neural-network-house-prices/neural-networks-house-prices/java-app/house-price-app/data/rentcast/rentcast_latest1.json
"1913-Ne-32nd-St,-Renton,-WA-98056",2025-11-05,1265000,47.520803,-122.192585,/Users/marie/Documents/kiro/neural-network-house-prices/neural-networks-house-prices/java-app/house-price-app/data/rentcast/rentcast_latest1.json
"4878-Beach-Dr-SW,-Seattle,-WA-98116",2025-11-05,1800000,47.557683,-122.400872,/Users/marie/Documents/kiro/neural-network-house-prices/neural-networks-house-prices/java-app/house-price-app/data/rentcast/rentcast_previous.csv
"11007-2nd-Ave-NW,-Seattle,-WA-98177",2025-11-05,726000,47.709105,-122.359883,/Users/marie/Documents/kiro/neural-network-house-prices/neural-networks-house-prices/java-app/house-price-app/data/rentcast/rentcast_latest1.json
"11726-10th-Ave-S,-Seattle,-WA-98168",2025-11-05,800000,47.49786,-122.319876,/Users/marie/Documents/kiro/neural-network-house-prices/neural-networks-house-prices/java-app/house-price-app/data/rentcast/rentcast_latest1.json
"6822-31st-Ave-NE,-Seattle,-WA-98115",2025-11-05,2510000,47.678193,-122.293776,/Users/marie/Documents/kiro/neural-network-house-prices/neural-networks-house-prices/java-app/house-price-app/data/rentcast/rentcast_latest1.json
"1204-N-33rd-Pl,-Renton,-WA-98056",2025-11-05,1100000,47.521588,-122.202599,/Users/marie/Documents/kiro/neural-network-house-prices/neural-networks-house-prices/java-app/house-price-app/data/rentcast/rentcast_latest1.json
"11616-Seola-Beach-Dr-SW,-Burien,-WA-98146",2025-11-06,750000,47.498954,-122.374027,/Users/marie/Documents/kiro/neural-network-house-prices/neural-networks-house-prices/java-app/house-price-app/data/rentcast/rentcast_latest1.json
"13436-Se-85th-St,-Newcastle,-WA-98059",2025-11-06,1300000,47.527201,-122.162756,/Users/marie/Documents/kiro/neural-network-house-prices/neural-networks-house-prices/java-app/house-price-app/data/rentcast/rentcast_latest1.json
"1306-N-32nd-St,-Renton,-WA-98056",2025-11-06,875000,47.520412,-122.200886,/Users/marie/Documents/kiro/neural-network-house-prices/neural-networks-house-prices/java-app/house-price-app/data/rentcast/rentcast_latest1.json
"444-26th-Ave-E,-Seattle,-WA-98112",2025-11-06,1325000,47.623963,-122.298429,/Users/marie/Documents/kiro/neural-network-house-prices/neural-networks-house-prices/java-app/house-price-app/data/rentcast/rentcast_latest1.json
"4103-24th-Pl-S,-Seattle,-WA-98108",2025-11-06,1550000,47.565962,-122.301699,/Users/marie/Documents/kiro/neural-network-house-prices/neural-networks-house-prices/java-app/house-price-app/data/rentcast/rentcast_latest1.json
"3661-Phinney-Ave-N,-Apt-101,-Seattle,-WA-98103",2025-11-06,488000,47.653997,-122.354656,/Users/marie/Documents/kiro/neural-network-house-prices/neural-networks-house-prices/java-app/house-price-app/data/rentcast/rentcast_previous.csv
"3854-Cascadia-Ave-S,-Seattle,-WA-98118",2025-11-06,2680000,47.568186,-122.282573,/Users/marie/Documents/kiro/neural-network-house-prices/neural-networks-house-prices/java-app/house-price-app/data/rentcast/rentcast_latest1.json
"2020-Ne-102nd-St,-Seattle,-WA-98125",2025-11-06,1010000,47.702383,-122.30601,/Users/marie/Documents/kiro/neural-network-house-prices/neural-networks-house-prices/java-app/house-price-app/data/rentcast/rentcast_latest1.json
"3028-26th-Ave-W,-Seattle,-WA-98199",2025-11-06,650000,47.647721,-122.38993,/Users/marie/Documents/kiro/neural-network-house-prices/neural-networks-house-prices/java-app/house-price-app/data/rentcast/rentcast_previous.csv
"4308-Sw-Portland-St,-Seattle,-WA-98136",2025-11-06,836000,47.533125,-122.387908,/Users/marie/Documents/kiro/neural-network-house-prices/neural-networks-house-prices/java-app/house-price-app/data/rentcast/rentcast_previous.csv
"105-Nw-39th-St,-Unit-C,-Seattle,-WA-98107",2025-11-06,865000,47.653996,-122.358002,/Users/marie/Documents/kiro/neural-network-house-prices/neural-networks-house-prices/java-app/house-price-app/data/rentcast/rentcast_previous.csv
"2515-30th-Ave-W,-Seattle,-WA-98199",2025-11-06,3030000,47.641637,-122.396028,/Users/marie/Documents/kiro/neural-network-house-prices/neural-networks-house-prices/java-app/house-price-app/data/rentcast/rentcast_previous.csv
"2109-N-54th-St,-Seattle,-WA-98103",2025-11-06,1200000,47.667711,-122.333027,/Users/marie/Documents/kiro/neural-network-house-prices/neural-networks-house-prices/java-app/house-price-app/data/rentcast/rentcast_previous.csv
"8026-39th-Ave-NE,-Seattle,-WA-98115",2025-11-06,1225000,47.687495,-122.286027,/Users/marie/Documents/kiro/neural-network-house-prices/neural-networks-house-prices/java-app/house-price-app/data/rentcast/rentcast_previous.csv
"7734-57th-Ave-NE,-Seattle,-WA-98115",2025-11-06,1720000,47.685495,-122.266894,/Users/marie/Documents/kiro/neural-network-house-prices/neural-networks-house-prices/java-app/house-price-app/data/rentcast/rentcast_previous.csv
"3830-165th-Pl-SE,-Bellevue,-WA-98008",2025-11-07,1300000,47.575998,-122.118649,/Users/marie/Documents/kiro/neural-network-house-prices/neural-networks-house-prices/java-app/house-price-app/data/rentcast/rentcast_latest1.json
"9637-Ne-121st-Ln,-Kirkland,-WA-98034",2025-11-07,545000,47.709232,-122.211876,/Users/marie/Documents/kiro/neural-network-house-prices/neural-networks-house-prices/java-app/house-price-app/data/rentcast/rentcast_previous.csv
"1522-Ne-97th-St,-Unit-Lower,-Seattle,-WA-98115",2025-11-07,685000,47.69968,-122.311002,/Users/marie/Documents/kiro/neural-network-house-prices/neural-networks-house-prices/java-app/house-price-app/data/rentcast/rentcast_previous.csv
"3231-63rd-Ave-SW,-Seattle,-WA-98116",2025-11-07,1221000,47.574994,-122.413748,/Users/marie/Documents/kiro/neural-network-house-prices/neural-networks-house-prices/java-app/house-price-app/data/rentcast/rentcast_latest1.json
"3916-Sw-100th-St,-Seattle,-WA-98146",2025-11-07,825000,47.514001,-122.382708,/Users/marie/Documents/kiro/neural-network-house-prices/neural-networks-house-prices/java-app/house-price-app/data/rentcast/rentcast_latest1.json
"603-24th-Ave-E,-Seattle,-WA-98112",2025-11-07,1590000,47.624538,-122.301487,/Users/marie/Documents/kiro/neural-network-house-prices/neural-networks-house-prices/java-app/house-price-app/data/rentcast/rentcast_latest1.json
"10009-45th-Ave-NE,-Seattle,-WA-98125",2025-11-07,855000,47.701516,-122.280449,/Users/marie/Documents/kiro/neural-network-house-prices/neural-networks-house-prices/java-app/house-price-app/data/rentcast/rentcast_previous.csv
"4272-S-160th-St,-Tukwila,-WA-98188",2025-11-07,725000,47.460958,-122.278357,/Users/marie/Documents/kiro/neural-network-house-prices/neural-networks-house-prices/java-app/house-price-app/data/rentcast/rentcast_latest1.json
"4115-50th-Ave-S,-Seattle,-WA-98118",2025-11-07,875000,47.566004,-122.271091,/Users/marie/Documents/kiro/neural-network-house-prices/neural-networks-house-prices/java-app/house-price-app/data/rentcast/rentcast_latest1.json
"1278-Ferncliff-Ave-NE,-Bainbridge-Island,-WA-98110",2025-11-07,1750000,47.635367,-122.509831,/Users/marie/Documents/kiro/neural-network-house-prices/neural-networks-house-prices/java-app/house-price-app/data/rentcast/rentcast_previous.csv
"615-Nw-48th-St,-Seattle,-WA-98107",2025-11-07,850000,47.66344,-122.364788,/Users/marie/Documents/kiro/neural-network-house-prices/neural-networks-house-prices/java-app/house-price-app/data/rentcast/rentcast_latest1.json
"111-Nw-125th-St,-Seattle,-WA-98177",2025-11-07,1100000,47.719467,-122.358628,/Users/marie/Documents/kiro/neural-network-house-prices/neural-networks-house-prices/java-app/house-price-app/data/rentcast/rentcast_latest1.json
"12935-Ne-86th-St,-Kirkland,-WA-98033",2025-11-07,1375000,47.680108,-122.167234,/Users/marie/Documents/kiro/neural-network-house-prices/neural-networks-house-prices/java-app/house-price-app/data/rentcast/rentcast_latest1.json
"5006-Harold-Pl-NE,-Seattle,-WA-98105",2025-11-07,2120000,47.6652,-122.270807,/Users/marie/Documents/kiro/neural-network-house-prices/neural-networks-house-prices/java-app/house-price-app/data/rentcast/rentcast_latest1.json
"3117-Mount-Rainier-Dr-S,-Seattle,-WA-98144",2025-11-07,1425000,47.575582,-122.285458,/Users/marie/Documents/kiro/neural-network-house-prices/neural-networks-house-prices/java-app/house-price-app/data/rentcast/rentcast_latest1.json
"9008-Sand-Point-Way-NE,-Seattle,-WA-98115",2025-11-10,960000,47.693765,-122.273184,/Users/marie/Documents/kiro/neural-network-house-prices/neural-networks-house-prices/java-app/house-price-app/data/rentcast/rentcast_previous.csv
"2225-25th-Ave-S,-Seattle,-WA-98144",2025-11-10,499000,47.583124,-122.300531,/Users/marie/Documents/kiro/neural-network-house-prices/neural-networks-house-prices/java-app/house-price-app/data/rentcast/rentcast_latest1.json
"5137-Sw-Admiral-Way,-Seattle,-WA-98116",2025-11-10,730000,47.579014,-122.398976,/Users/marie/Documents/kiro/neural-network-house-prices/neural-networks-house-prices/java-app/house-price-app/data/rentcast/rentcast_previous.csv
"1315-Nw-103rd-St,-Seattle,-WA-98177",2025-11-10,1250000,47.703107,-122.373575,/Users/marie/Documents/kiro/neural-network-house-prices/neural-networks-house-prices/java-app/house-price-app/data/rentcast/rentcast_latest1.json
"10648-Woodhaven-Ln,-Bellevue,-WA-98004",2025-11-10,5750000,47.587392,-122.198682,/Users/marie/Documents/kiro/neural-network-house-prices/neural-networks-house-prices/java-app/house-price-app/data/rentcast/rentcast_latest1.json
"826-Sw-96th-Pl,-Seattle,-WA-98106",2025-11-10,560000,47.517074,-122.3463,/Users/marie/Documents/kiro/neural-network-house-prices/neural-networks-house-prices/java-app/house-price-app/data/rentcast/rentcast_latest1.json
"2404-127th-Ave-SE,-Bellevue,-WA-98005",2025-11-10,1430000,47.589028,-122.170858,/Users/marie/Documents/kiro/neural-network-house-prices/neural-networks-house-prices/java-app/house-price-app/data/rentcast/rentcast_latest1.json
"2408-13th-Ave-S,-Seattle,-WA-98144",2025-11-10,635000,47.581702,-122.315799,/Users/marie/Documents/kiro/neural-network-house-prices/neural-networks-house-prices/java-app/house-price-app/data/rentcast/rentcast_latest1.json
"325-18th-Ave,-Kirkland,-WA-98033",2025-11-10,3075000,47.689158,-122.203154,/Users/marie/Documents/kiro/neural-network-house-prices/neural-networks-house-prices/java-app/house-price-app/data/rentcast/rentcast_previous.csv
"4833-S-Austin-St,-Seattle,-WA-98118",2025-11-10,500000,47.53443,-122.271149,/Users/marie/Documents/kiro/neural-network-house-prices/neural-networks-house-prices/java-app/house-price-app/data/rentcast/rentcast_latest1.json
"10309-Mary-Ave-NW,-Seattle,-WA-98177",2025-11-10,1075000,47.703661,-122.375756,/Users/marie/Documents/kiro/neural-network-house-prices/neural-networks-house-prices/java-app/house-price-app/data/rentcast/rentcast_latest1.json
"9714-Palatine-Ave-N,-Seattle,-WA-98103",2025-11-10,875000,47.700131,-122.356357,/Users/marie/Documents/kiro/neural-network-house-prices/neural-networks-house-prices/java-app/house-price-app/data/rentcast/rentcast_previous.csv
"137-13th-Ave,-Kirkland,-WA-98033",2025-11-10,2040000,47.685296,-122.206893,/Users/marie/Documents/kiro/neural-network-house-prices/neural-networks-house-prices/java-app/house-price-app/data/rentcast/rentcast_previous.csv
"10021-19th-Ave-SW,-Seattle,-WA-98146",2025-11-10,285000,47.513037,-122.358775,/Users/marie/Documents/kiro/neural-network-house-prices/neural-networks-house-prices/java-app/house-price-app/data/rentcast/rentcast_latest1.json
"13548-Ashworth-Ave-N,-Seattle,-WA-98133",2025-11-10,600000,47.728242,-122.339234,/Users/marie/Documents/kiro/neural-network-house-prices/neural-networks-house-prices/java-app/house-price-app/data/rentcast/rentcast_latest1.json
"7934-20th-Ave-SW,-Seattle,-WA-98106",2025-11-12,480000,47.530861,-122.358777,/Users/marie/Documents/kiro/neural-network-house-prices/neural-networks-house-prices/java-app/house-price-app/data/rentcast/rentcast_previous.csv
"3314-W-Armour-St,-Seattle,-WA-98199",2025-11-12,1025000,47.645176,-122.400316,/Users/marie/Documents/kiro/neural-network-house-prices/neural-networks-house-prices/java-app/house-price-app/data/rentcast/rentcast_previous.csv
"2358-Nw-73rd-St,-Seattle,-WA-98117",2025-11-12,710000,47.681494,-122.386911,/Users/marie/Documents/kiro/neural-network-house-prices/neural-networks-house-prices/java-app/house-price-app/data/rentcast/rentcast_previous.csv
"3032-Nw-65th-St,-Seattle,-WA-98117",2025-11-12,1515000,47.676031,-122.397211,/Users/marie/Documents/kiro/neural-network-house-prices/neural-networks-house-prices/java-app/house-price-app/data/rentcast/rentcast_previous.csv
"3627-Arapahoe-Pl-W,-Seattle,-WA-98199",2025-11-12,1508000,47.653102,-122.409233,/Users/marie/Documents/kiro/neural-network-house-prices/neural-networks-house-prices/java-app/house-price-app/data/rentcast/rentcast_previous.csv
"3615-41st-Ave-W,-Seattle,-WA-98199",2025-11-12,1150000,47.652787,-122.410279,/Users/marie/Documents/kiro/neural-network-house-prices/neural-networks-house-prices/java-app/house-price-app/data/rentcast/rentcast_previous.csv
"13526-Sherman-Rd-NW,-Seattle,-WA-98177",2025-11-12,1600000,47.727608,-122.361249,/Users/marie/Documents/kiro/neural-network-house-prices/neural-networks-house-prices/java-app/house-price-app/data/rentcast/rentcast_previous.csv
"12207-Se-12th-St,-Bellevue,-WA-98005",2025-11-12,1500000,47.599908,-122.177255,/Users/marie/Documents/kiro/neural-network-house-prices/neural-networks-house-prices/java-app/house-price-app/data/rentcast/rentcast_latest1.json
"7327-35th-Ave-NE,-Seattle,-WA-98115",2025-11-12,690000,47.682006,-122.290632,/Users/marie/Documents/kiro/neural-network-house-prices/neural-networks-house-prices/java-app/house-price-app/data/rentcast/rentcast_previous.csv
"9723-Ne-15th-St,-Clyde-Hill,-WA-98004",2025-11-12,6850000,47.623643,-122.210138,/Users/marie/Documents/kiro/neural-network-house-prices/neural-networks-house-prices/java-app/house-price-app/data/rentcast/rentcast_latest1.json
"6024-48th-Ave-SW,-Seattle,-WA-98136",2025-11-12,1398950,47.547782,-122.393541,/Users/marie/Documents/kiro/neural-network-house-prices/neural-networks-house-prices/java-app/house-price-app/data/rentcast/rentcast_latest1.json
"8811-12th-Ave-NE,-Seattle,-WA-98115",2025-11-12,850000,47.692703,-122.315211,/Users/marie/Documents/kiro/neural-network-house-prices/neural-networks-house-prices/java-app/house-price-app/data/rentcast/rentcast_previous.csv
"10217-12th-Ave-NE,-Seattle,-WA-98125",2025-11-12,700000,47.702704,-122.31535,/Users/marie/Documents/kiro/neural-network-house-prices/neural-networks-house-prices/java-app/house-price-app/data/rentcast/rentcast_latest1.json
"215-9th-St,-Apt-D102,-Kirkland,-WA-98033",2025-11-12,525000,47.677249,-122.191911,/Users/marie/Documents/kiro/neural-network-house-prices/neural-networks-house-prices/java-app/house-price-app/data/rentcast/rentcast_previous.csv
"744-Hanami-Ln-NE,-Bainbridge-Island,-WA-98110",2025-11-12,965000,47.626576,-122.511929,/Users/marie/Documents/kiro/neural-network-house-prices/neural-networks-house-prices/java-app/house-price-app/data/rentcast/rentcast_latest1.json
"917-Broadway-E,-Seattle,-WA-98102",2025-11-12,1361000,47.627405,-122.321612,/Users/marie/Documents/kiro/neural-network-house-prices/neural-networks-house-prices/java-app/house-price-app/data/rentcast/rentcast_previous.csv
"7737-17th-Ave-NE,-Seattle,-WA-98115",2025-11-12,924000,47.685962,-122.310308,/Users/marie/Documents/kiro/neural-network-house-prices/neural-networks-house-prices/java-app/house-price-app/data/rentcast/rentcast_previous.csv
"12522-80th-Pl-NE,-Kirkland,-WA-98034",2025-11-12,1210000,47.712738,-122.233774,/Users/marie/Documents/kiro/neural-network-house-prices/neural-networks-house-prices/java-app/house-price-app/data/rentcast/rentcast_latest1.json
"440-Sw-143rd-St,-Burien,-WA-98166",2025-11-12,779950,47.4754,-122.340957,/Users/marie/Documents/kiro/neural-network-house-prices/neural-networks-house-prices/java-app/house-price-app/data/rentcast/rentcast_latest1.json
"13958-51st-Ave-S,-Tukwila,-WA-98168",2025-11-12,580000,47.477192,-122.269815,/Users/marie/Documents/kiro/neural-network-house-prices/neural-networks-house-prices/java-app/house-price-app/data/rentcast/rentcast_latest1.json
"10237-31st-Ave-SW,-Seattle,-WA-98146",2025-11-12,590000,47.510844,-122.371935,/Users/marie/Documents/kiro/neural-network-house-prices/neural-networks-house-prices/java-app/house-price-app/data/rentcast/rentcast_latest1.json
"400-Boylston-Ave-E,-Apt-210,-Seattle,-WA-98102",2025-11-12,317500,47.622195,-122.322994,/Users/marie/Documents/kiro/neural-network-house-prices/neural-networks-house-prices/java-app/house-price-app/data/rentcast/rentcast_previous.csv
"5514-S-Avon-St,-Seattle,-WA-98178",2025-11-13,675000,47.501688,-122.264458,/Users/marie/Documents/kiro/neural-network-house-prices/neural-networks-house-prices/java-app/house-price-app/data/rentcast/rentcast_latest1.json
"403-W-Dravus-St,-Seattle,-WA-98119",2025-11-13,1060000,47.64794,-122.362452,/Users/marie/Documents/kiro/neural-network-house-prices/neural-networks-house-prices/java-app/house-price-app/data/rentcast/rentcast_latest1.json
"14713-57th-Ave-S,-Tukwila,-WA-98168",2025-11-13,700000,47.470884,-122.262806,/Users/marie/Documents/kiro/neural-network-house-prices/neural-networks-house-prices/java-app/house-price-app/data/rentcast/rentcast_latest1.json
"2842-Nw-62nd-St,-Seattle,-WA-98107",2025-11-13,1270000,47.673935,-122.394829,/Users/marie/Documents/kiro/neural-network-house-prices/neural-networks-house-prices/java-app/house-price-app/data/rentcast/rentcast_previous.csv
"2815-S-Lane-St,-Seattle,-WA-98144",2025-11-13,1047500,47.596434,-122.295654,/Users/marie/Documents/kiro/neural-network-house-prices/neural-networks-house-prices/java-app/house-price-app/data/rentcast/rentcast_latest1.json
"6348-34th-Ave-Sw-Unit-C,-Seattle,-WA-98126",2025-11-13,500000,47.544917,-122.374588,/Users/marie/Documents/kiro/neural-network-house-prices/neural-networks-house-prices/java-app/house-price-app/data/rentcast/rentcast_previous.csv
"9902-Ne-124th-St,-Apt-1202,-Kirkland,-WA-98034",2025-11-13,494000,47.711266,-122.209413,/Users/marie/Documents/kiro/neural-network-house-prices/neural-networks-house-prices/java-app/house-price-app/data/rentcast/rentcast_previous.csv
"2513-11th-Ave-W,-Seattle,-WA-98119",2025-11-13,1475000,47.641154,-122.371844,/Users/marie/Documents/kiro/neural-network-house-prices/neural-networks-house-prices/java-app/house-price-app/data/rentcast/rentcast_previous.csv
"12510-Se-80th-Way,-Newcastle,-WA-98056",2025-11-13,1430000,47.532455,-122.173814,/Users/marie/Documents/kiro/neural-network-house-prices/neural-networks-house-prices/java-app/house-price-app/data/rentcast/rentcast_latest1.json
"5606-23rd-Ave-SW,-Seattle,-WA-98106",2025-11-13,980000,47.551736,-122.361264,/Users/marie/Documents/kiro/neural-network-house-prices/neural-networks-house-prices/java-app/house-price-app/data/rentcast/rentcast_latest1.json
"321-Boylston-Ave-E,-Apt-303,-Seattle,-WA-98102",2025-11-13,200000,47.621769,-122.323381,/Users/marie/Documents/kiro/neural-network-house-prices/neural-networks-house-prices/java-app/house-price-app/data/rentcast/rentcast_previous.csv
"4733-51st-Ave-S,-Seattle,-WA-98118",2025-11-13,908000,47.559593,-122.269697,/Users/marie/Documents/kiro/neural-network-house-prices/neural-networks-house-prices/java-app/house-price-app/data/rentcast/rentcast_latest1.json
"2408-Warren-Ave-N,-Seattle,-WA-98109",2025-11-13,1327000,47.640232,-122.354143,/Users/marie/Documents/kiro/neural-network-house-prices/neural-networks-house-prices/java-app/house-price-app/data/rentcast/rentcast_latest1.json
"8902-45th-Ave-NE,-Seattle,-WA-98115",2025-11-14,3050000,47.693097,-122.279628,/Users/marie/Documents/kiro/neural-network-house-prices/neural-networks-house-prices/java-app/house-price-app/data/rentcast/rentcast_latest1.json
"7542-25th-Ave-NW,-Seattle,-WA-98117",2025-11-14,1280000,47.6844,-122.388354,/Users/marie/Documents/kiro/neural-network-house-prices/neural-networks-house-prices/java-app/house-price-app/data/rentcast/rentcast_latest1.json
"653-Nw-86th-St,-Seattle,-WA-98117",2025-11-14,700000,47.691188,-122.365571,/Users/marie/Documents/kiro/neural-network-house-prices/neural-networks-house-prices/java-app/house-price-app/data/rentcast/rentcast_previous.csv
"3703-Sw-Tillman-St,-Seattle,-WA-98126",2025-11-14,695950,47.526704,-122.379552,/Users/marie/Documents/kiro/neural-network-house-prices/neural-networks-house-prices/java-app/house-price-app/data/rentcast/rentcast_previous.csv
"3014-Alki-Ave-SW,-Seattle,-WA-98116",2025-11-14,1770000,47.577246,-122.416406,/Users/marie/Documents/kiro/neural-network-house-prices/neural-networks-house-prices/java-app/house-price-app/data/rentcast/rentcast_latest1.json
"3216-142nd-Pl-NE,-Bellevue,-WA-98007",2025-11-14,1800000,47.639662,-122.149627,/Users/marie/Documents/kiro/neural-network-house-prices/neural-networks-house-prices/java-app/house-price-app/data/rentcast/rentcast_latest1.json
"6209-32nd-Ave-NE,-Seattle,-WA-98115",2025-11-14,2550000,47.674258,-122.293579,/Users/marie/Documents/kiro/neural-network-house-prices/neural-networks-house-prices/java-app/house-price-app/data/rentcast/rentcast_latest1.json
"659-Nw-54th-St,-Seattle,-WA-98107",2025-11-14,875000,47.667688,-122.365753,/Users/marie/Documents/kiro/neural-network-house-prices/neural-networks-house-prices/java-app/house-price-app/data/rentcast/rentcast_latest1.json
"5606-59th-Ave-NE,-Seattle,-WA-98105",2025-11-14,1295000,47.669503,-122.264221,/Users/marie/Documents/kiro/neural-network-house-prices/neural-networks-house-prices/java-app/house-price-app/data/rentcast/rentcast_previous.csv
"3047-124th-Ave-NE,-Bellevue,-WA-98005",2025-11-14,1575000,47.638041,-122.174652,/Users/marie/Documents/kiro/neural-network-house-prices/neural-networks-house-prices/java-app/house-price-app/data/rentcast/rentcast_latest1.json
"3920-50th-Ave-NE,-Seattle,-WA-98105",2025-11-14,2900000,47.657586,-122.273625,/Users/marie/Documents/kiro/neural-network-house-prices/neural-networks-house-prices/java-app/house-price-app/data/rentcast/rentcast_latest1.json
"8538-13th-Ave-NW,-Seattle,-WA-98117",2025-11-14,1210000,47.691687,-122.372378,/Users/marie/Documents/kiro/neural-network-house-prices/neural-networks-house-prices/java-app/house-price-app/data/rentcast/rentcast_latest1.json
"2301-W-Crockett-St,-Seattle,-WA-98199",2025-11-14,784000,47.637572,-122.386436,/Users/marie/Documents/kiro/neural-network-house-prices/neural-networks-house-prices/java-app/house-price-app/data/rentcast/rentcast_latest1.json
"1124-Ne-147th-St,-Shoreline,-WA-98155",2025-11-14,760000,47.735534,-122.315793,/Users/marie/Documents/kiro/neural-network-house-prices/neural-networks-house-prices/java-app/house-price-app/data/rentcast/rentcast_latest1.json
"4506-46th-Ave-SW,-Seattle,-WA-98116",2025-11-14,780000,47.562712,-122.390463,/Users/marie/Documents/kiro/neural-network-house-prices/neural-networks-house-prices/java-app/house-price-app/data/rentcast/rentcast_latest1.json
"11834-Se-78th-St,-Newcastle,-WA-98056",2025-11-14,1599990,47.53279,-122.182078,/Users/marie/Documents/kiro/neural-network-house-prices/neural-networks-house-prices/java-app/house-price-app/data/rentcast/rentcast_latest1.json
"751-8th-St-S,-Kirkland,-WA-98033",2025-11-14,1600000,47.66943,-122.193986,/Users/marie/Documents/kiro/neural-network-house-prices/neural-networks-house-prices/java-app/house-price-app/data/rentcast/rentcast_latest1.json
"2852-Nw-65th-St,-Seattle,-WA-98117",2025-11-14,460000,47.676101,-122.395289,/Users/marie/Documents/kiro/neural-network-house-prices/neural-networks-house-prices/java-app/house-price-app/data/rentcast/rentcast_latest1.json
"10743-14th-Ave-SW,-Seattle,-WA-98146",2025-11-14,625000,47.505801,-122.352914,/Users/marie/Documents/kiro/neural-network-house-prices/neural-networks-house-prices/java-app/house-price-app/data/rentcast/rentcast_latest1.json
"5429-25th-Ave-SW,-Seattle,-WA-98106",2025-11-14,625000,47.552829,-122.364627,/Users/marie/Documents/kiro/neural-network-house-prices/neural-networks-house-prices/java-app/house-price-app/data/rentcast/rentcast_latest1.json
"3653-Francis-Ave-N,-Seattle,-WA-98103",2025-11-17,995000,47.65357,-122.353736,/Users/marie/Documents/kiro/neural-network-house-prices/neural-networks-house-prices/java-app/house-price-app/data/rentcast/rentcast_latest1.json
"6057-29th-Ave-NE,-Seattle,-WA-98115",2025-11-17,1320000,47.673816,-122.296741,/Users/marie/Documents/kiro/neural-network-house-prices/neural-networks-house-prices/java-app/house-price-app/data/rentcast/rentcast_latest1.json
"2649-41st-Ave-SW,-Seattle,-WA-98116",2025-11-17,1539000,47.579654,-122.384306,/Users/marie/Documents/kiro/neural-network-house-prices/neural-networks-house-prices/java-app/house-price-app/data/rentcast/rentcast_previous.csv
"5209-S-Dawson-St,-Seattle,-WA-98118",2025-11-17,715000,47.554646,-122.267671,/Users/marie/Documents/kiro/neural-network-house-prices/neural-networks-house-prices/java-app/house-price-app/data/rentcast/rentcast_latest1.json
"1236-Ne-117th-St,-Seattle,-WA-98125",2025-11-17,1215000,47.714765,-122.313631,/Users/marie/Documents/kiro/neural-network-house-prices/neural-networks-house-prices/java-app/house-price-app/data/rentcast/rentcast_latest1.json
"10711-124th-Ave-NE,-Kirkland,-WA-98033",2025-11-17,1310000,47.695812,-122.176061,/Users/marie/Documents/kiro/neural-network-house-prices/neural-networks-house-prices/java-app/house-price-app/data/rentcast/rentcast_latest1.json
"8011-S-128th-St,-Seattle,-WA-98178",2025-11-17,750000,47.487728,-122.232114,/Users/marie/Documents/kiro/neural-network-house-prices/neural-networks-house-prices/java-app/house-price-app/data/rentcast/rentcast_latest1.json
"7502-16th-Ave-NW,-Seattle,-WA-98117",2025-11-17,925000,47.683392,-122.377531,/Users/marie/Documents/kiro/neural-network-house-prices/neural-networks-house-prices/java-app/house-price-app/data/rentcast/rentcast_latest1.json
"5030-155th-Pl-SE,-Bellevue,-WA-98006",2025-11-17,2057500,47.557416,-122.132329,/Users/marie/Documents/kiro/neural-network-house-prices/neural-networks-house-prices/java-app/house-price-app/data/rentcast/rentcast_latest1.json
"2246-Clise-Pl-W,-Seattle,-WA-98199",2025-11-17,1450000,47.638776,-122.398806,/Users/marie/Documents/kiro/neural-network-house-prices/neural-networks-house-prices/java-app/house-price-app/data/rentcast/rentcast_previous.csv
"2409-Ne-11th-Ct,-Renton,-WA-98056",2025-11-17,595000,47.501594,-122.185956,/Users/marie/Documents/kiro/neural-network-house-prices/neural-networks-house-prices/java-app/house-price-app/data/rentcast/rentcast_latest1.json
"13014-8th-Ave-NW,-Seattle,-WA-98177",2025-11-18,1135000,47.723786,-122.365977,/Users/marie/Documents/kiro/neural-network-house-prices/neural-networks-house-prices/java-app/house-price-app/data/rentcast/rentcast_latest1.json
"5722-Keystone-Pl-N,-Seattle,-WA-98103",2025-11-18,1560000,47.671227,-122.33423,/Users/marie/Documents/kiro/neural-network-house-prices/neural-networks-house-prices/java-app/house-price-app/data/rentcast/rentcast_latest1.json
"3333-Cascadia-Ave-S,-Seattle,-WA-98144",2025-11-18,2370000,47.572746,-122.283527,/Users/marie/Documents/kiro/neural-network-house-prices/neural-networks-house-prices/java-app/house-price-app/data/rentcast/rentcast_latest1.json
"822-23rd-Ave,-Seattle,-WA-98122",2025-11-18,770000,47.60971,-122.302508,/Users/marie/Documents/kiro/neural-network-house-prices/neural-networks-house-prices/java-app/house-price-app/data/rentcast/rentcast_latest1.json
"10722-3rd-Ave-NW,-Seattle,-WA-98177",2025-11-18,1120000,47.707639,-122.360431,/Users/marie/Documents/kiro/neural-network-house-prices/neural-networks-house-prices/java-app/house-price-app/data/rentcast/rentcast_latest1.json
"2910-W-Smith-St,-Seattle,-WA-98199",2025-11-18,1600000,47.641238,-122.394909,/Users/marie/Documents/kiro/neural-network-house-prices/neural-networks-house-prices/java-app/house-price-app/data/rentcast/rentcast_previous.csv
"3947-S-Warsaw-St,-Seattle,-WA-98118",2025-11-19,599000,47.542956,-122.281253,/Users/marie/Documents/kiro/neural-network-house-prices/neural-networks-house-prices/java-app/house-price-app/data/rentcast/rentcast_latest1.json
"318-Bellevue-Ave-E---A,-Seattle,-WA-98102",2025-11-19,985000,47.621456,-122.32618,/Users/marie/Documents/kiro/neural-network-house-prices/neural-networks-house-prices/java-app/house-price-app/data/rentcast/rentcast_previous.csv
"5302-S-Alaska-St,-Seattle,-WA-98118",2025-11-19,1400000,47.560778,-122.266681,/Users/marie/Documents/kiro/neural-network-house-prices/neural-networks-house-prices/java-app/house-price-app/data/rentcast/rentcast_latest1.json
"10332-Midvale-Ave-N,-Seattle,-WA-98133",2025-11-19,700000,47.704261,-122.342946,/Users/marie/Documents/kiro/neural-network-house-prices/neural-networks-house-prices/java-app/house-price-app/data/rentcast/rentcast_latest1.json
"6608-117th-Ave-SE,-Bellevue,-WA-98006",2025-11-19,1300000,47.543567,-122.184148,/Users/marie/Documents/kiro/neural-network-house-prices/neural-networks-house-prices/java-app/house-price-app/data/rentcast/rentcast_latest1.json
"131-S-106th-St,-Seattle,-WA-98168",2025-11-19,375000,47.508338,-122.332254,/Users/marie/Documents/kiro/neural-network-house-prices/neural-networks-house-prices/java-app/house-price-app/data/rentcast/rentcast_latest1.json
"6801-Greenwood-Ave-N,-Unit-301,-Seattle,-WA-98103",2025-11-19,1130000,47.678859,-122.355682,/Users/marie/Documents/kiro/neural-network-house-prices/neural-networks-house-prices/java-app/house-price-app/data/rentcast/rentcast_previous.csv
"1268-Parkside-Dr-E,-Seattle,-WA-98112",2025-11-20,3910000,47.631892,-122.290149,/Users/marie/Documents/kiro/neural-network-house-prices/neural-networks-house-prices/java-app/house-price-app/data/rentcast/rentcast_latest1.json
"10606-Durland-Ave-NE,-Seattle,-WA-98125",2025-11-20,1450000,47.705687,-122.276908,/Users/marie/Documents/kiro/neural-network-house-prices/neural-networks-house-prices/java-app/house-price-app/data/rentcast/rentcast_latest1.json
"742-N-100th-St,-Seattle,-WA-98133",2025-11-20,810000,47.701668,-122.348189,/Users/marie/Documents/kiro/neural-network-house-prices/neural-networks-house-prices/java-app/house-price-app/data/rentcast/rentcast_latest1.json
"127-N-83rd-St,-Seattle,-WA-98103",2025-11-20,769000,47.688914,-122.356777,/Users/marie/Documents/kiro/neural-network-house-prices/neural-networks-house-prices/java-app/house-price-app/data/rentcast/rentcast_latest1.json
"11835-Beacon-Ave-S,-Seattle,-WA-98178",2025-11-21,540000,47.496654,-122.261278,/Users/marie/Documents/kiro/neural-network-house-prices/neural-networks-house-prices/java-app/house-price-app/data/rentcast/rentcast_latest1.json
"21-W-Florentia-St,-Seattle,-WA-98119",2025-11-21,930000,47.646698,-122.357852,/Users/marie/Documents/kiro/neural-network-house-prices/neural-networks-house-prices/java-app/house-price-app/data/rentcast/rentcast_latest1.json
"5106-47th-Ave-SW,-Seattle,-WA-98136",2025-11-21,585000,47.556083,-122.392016,/Users/marie/Documents/kiro/neural-network-house-prices/neural-networks-house-prices/java-app/house-price-app/data/rentcast/rentcast_previous.csv
"5253-Brooklyn-Ave-NE,-Seattle,-WA-98105",2025-11-21,950000,47.667959,-122.31445,/Users/marie/Documents/kiro/neural-network-house-prices/neural-networks-house-prices/java-app/house-price-app/data/rentcast/rentcast_latest1.json
"520-2nd-Ave-S,-Kirkland,-WA-98033",2025-11-21,1775000,47.674164,-122.197574,/Users/marie/Documents/kiro/neural-network-house-prices/neural-networks-house-prices/java-app/house-price-app/data/rentcast/rentcast_latest1.json
"8511-19th-Ave-NW,-Seattle,-WA-98117",2025-11-21,775000,47.690957,-122.381394,/Users/marie/Documents/kiro/neural-network-house-prices/neural-networks-house-prices/java-app/house-price-app/data/rentcast/rentcast_latest1.json
"1806-Nw-85th-St,-Seattle,-WA-98117",2025-11-21,499700,47.690716,-122.380288,/Users/marie/Documents/kiro/neural-network-house-prices/neural-networks-house-prices/java-app/house-price-app/data/rentcast/rentcast_latest1.json
"10475-Se-23rd-St,-Bellevue,-WA-98004",2025-11-21,3600000,47.589554,-122.199708,/Users/marie/Documents/kiro/neural-network-house-prices/neural-networks-house-prices/java-app/house-price-app/data/rentcast/rentcast_latest1.json
"13022-15th-Ave-SW,-Burien,-WA-98146",2025-11-21,540000,47.485801,-122.353807,/Users/marie/Documents/kiro/neural-network-house-prices/neural-networks-house-prices/java-app/house-price-app/data/rentcast/rentcast_latest1.json
"706-N-92nd-St,-Seattle,-WA-98103",2025-11-21,680000,47.695967,-122.349647,/Users/marie/Documents/kiro/neural-network-house-prices/neural-networks-house-prices/java-app/house-price-app/data/rentcast/rentcast_latest1.json
"10939-84th-Pl-NE,-Kirkland,-WA-98034",2025-11-21,3400000,47.699224,-122.228203,/Users/marie/Documents/kiro/neural-network-house-prices/neural-networks-house-prices/java-app/house-price-app/data/rentcast/rentcast_latest1.json
"4400-Beach-Dr-SW,-Seattle,-WA-98116",2025-11-21,1850000,47.564833,-122.406348,/Users/marie/Documents/kiro/neural-network-house-prices/neural-networks-house-prices/java-app/house-price-app/data/rentcast/rentcast_latest1.json
"314-N-117th-St,-Seattle,-WA-98133",2025-11-21,798000,47.714402,-122.354687,/Users/marie/Documents/kiro/neural-network-house-prices/neural-networks-house-prices/java-app/house-price-app/data/rentcast/rentcast_latest1.json
"1525-Nw-90th-St,-Seattle,-WA-98117",2025-11-21,799000,47.694429,-122.37801,/Users/marie/Documents/kiro/neural-network-house-prices/neural-networks-house-prices/java-app/house-price-app/data/rentcast/rentcast_latest1.json
"6838-30th-Ave-NE,-Seattle,-WA-98115",2025-11-21,1425000,47.67877,-122.294844,/Users/marie/Documents/kiro/neural-network-house-prices/neural-networks-house-prices/java-app/house-price-app/data/rentcast/rentcast_latest1.json
"11603-8th-Ave-S,-Seattle,-WA-98168",2025-11-21,680000,47.499267,-122.323627,/Users/marie/Documents/kiro/neural-network-house-prices/neural-networks-house-prices/java-app/house-price-app/data/rentcast/rentcast_latest1.json
"10622-9th-Ave-NW,-Seattle,-WA-98177",2025-11-21,967000,47.706705,-122.367728,/Users/marie/Documents/kiro/neural-network-house-prices/neural-networks-house-prices/java-app/house-price-app/data/rentcast/rentcast_latest1.json
"942-25th-Ave,-Seattle,-WA-98122",2025-11-21,1400500,47.611268,-122.299853,/Users/marie/Documents/kiro/neural-network-house-prices/neural-networks-house-prices/java-app/house-price-app/data/rentcast/rentcast_latest1.json
"3639-34th-Ave-W,-Seattle,-WA-98199",2025-11-21,748500,47.653402,-122.401294,/Users/marie/Documents/kiro/neural-network-house-prices/neural-networks-house-prices/java-app/house-price-app/data/rentcast/rentcast_previous.csv
"612-S-Lucile-St,-Seattle,-WA-98108",2025-11-21,2650000,47.553598,-122.326205,/Users/marie/Documents/kiro/neural-network-house-prices/neural-networks-house-prices/java-app/house-price-app/data/rentcast/rentcast_previous.csv
"7716-32nd-Ave-SW,-Seattle,-WA-98126",2025-11-21,719950,47.533154,-122.373508,/Users/marie/Documents/kiro/neural-network-house-prices/neural-networks-house-prices/java-app/house-price-app/data/rentcast/rentcast_previous.csv
"2209-12th-Ave-W,-Seattle,-WA-98119",2025-11-21,1249000,47.638999,-122.372862,/Users/marie/Documents/kiro/neural-network-house-prices/neural-networks-house-prices/java-app/house-price-app/data/rentcast/rentcast_previous.csv
"7536-13th-Ave-NW,-Seattle,-WA-98117",2025-11-21,715000,47.684344,-122.372389,/Users/marie/Documents/kiro/neural-network-house-prices/neural-networks-house-prices/java-app/house-price-app/data/rentcast/rentcast_previous.csv
"118-17th-Pl,-Kirkland,-WA-98033",2025-11-21,1600000,47.688761,-122.207681,/Users/marie/Documents/kiro/neural-network-house-prices/neural-networks-house-prices/java-app/house-price-app/data/rentcast/rentcast_latest1.json
"600-N-85th-St,-Unit-204,-Seattle,-WA-98103",2025-11-21,335000,47.690887,-122.350889,/Users/marie/Documents/kiro/neural-network-house-prices/neural-networks-house-prices/java-app/house-price-app/data/rentcast/rentcast_previous.csv
"1823-Minor-Ave,-Seattle,-WA-98101",2025-11-21,570488,47.617059,-122.331503,/Users/marie/Documents/kiro/neural-network-house-prices/neural-networks-house-prices/java-app/house-price-app/data/rentcast/rentcast_previous.csv
"322B-N-84th-St,-Seattle,-WA-98103",2025-11-21,1300000,47.690214,-122.354244,/Users/marie/Documents/kiro/neural-network-house-prices/neural-networks-house-prices/java-app/house-price-app/data/rentcast/rentcast_previous.csv
"8513-19th-Ave-Nw-Unit-B,-Seattle,-WA-98117",2025-11-21,775000,47.690964,-122.381402,/Users/marie/Documents/kiro/neural-network-house-prices/neural-networks-house-prices/java-app/house-price-app/data/rentcast/rentcast_previous.csv
"1929-2nd-St,-Kirkland,-WA-98033",2025-11-21,1562000,47.692269,-122.207032,/Users/marie/Documents/kiro/neural-network-house-prices/neural-networks-house-prices/java-app/house-price-app/data/rentcast/rentcast_latest1.json
"1922-14th-Ave-W,-Seattle,-WA-98119",2025-11-24,1700000,47.636579,-122.374738,/Users/marie/Documents/kiro/neural-network-house-prices/neural-networks-house-prices/java-app/house-price-app/data/rentcast/rentcast_previous.csv
"7011-Dayton-Ave-N,-Seattle,-WA-98103",2025-11-24,875000,47.680008,-122.352879,/Users/marie/Documents/kiro/neural-network-house-prices/neural-networks-house-prices/java-app/house-price-app/data/rentcast/rentcast_previous.csv
"3025-Nw-Market-St,-Seattle,-WA-98107",2025-11-24,43722650,47.668043,-122.397056,/Users/marie/Documents/kiro/neural-network-house-prices/neural-networks-house-prices/java-app/house-price-app/data/rentcast/rentcast_previous.csv
"12038-33rd-Ave-NE,-Seattle,-WA-98125",2025-11-24,599000,47.716654,-122.292353,/Users/marie/Documents/kiro/neural-network-house-prices/neural-networks-house-prices/java-app/house-price-app/data/rentcast/rentcast_previous.csv
"1311-W-Newton-St,-Seattle,-WA-98119",2025-11-24,1700000,47.636609,-122.374573,/Users/marie/Documents/kiro/neural-network-house-prices/neural-networks-house-prices/java-app/house-price-app/data/rentcast/rentcast_previous.csv
"311-W-Smith-St,-Seattle,-WA-98119",2025-11-24,1245000,47.641255,-122.36148,/Users/marie/Documents/kiro/neural-network-house-prices/neural-networks-house-prices/java-app/house-price-app/data/rentcast/rentcast_latest1.json
"1924-14th-Ave-W,-Seattle,-WA-98119",2025-11-24,1700000,47.636622,-122.374742,/Users/marie/Documents/kiro/neural-network-house-prices/neural-networks-house-prices/java-app/house-price-app/data/rentcast/rentcast_previous.csv
"6040-49th-Ave-SW,-Seattle,-WA-98136",2025-11-24,1140000,47.547355,-122.394806,/Users/marie/Documents/kiro/neural-network-house-prices/neural-networks-house-prices/java-app/house-price-app/data/rentcast/rentcast_latest1.json
"15815-Se-43rd-Pl,-Bellevue,-WA-98006",2025-11-24,1575000,47.56746,-122.127815,/Users/marie/Documents/kiro/neural-network-house-prices/neural-networks-house-prices/java-app/house-price-app/data/rentcast/rentcast_latest1.json
"8010-Ne-115th-Way,-Kirkland,-WA-98034",2025-11-24,1290000,47.704203,-122.234508,/Users/marie/Documents/kiro/neural-network-house-prices/neural-networks-house-prices/java-app/house-price-app/data/rentcast/rentcast_latest1.json
"1201-N-88th-St,-Seattle,-WA-98103",2025-11-24,653500,47.692231,-122.342156,/Users/marie/Documents/kiro/neural-network-house-prices/neural-networks-house-prices/java-app/house-price-app/data/rentcast/rentcast_latest1.json
"2615-Ne-113th-St,-Seattle,-WA-98125",2025-11-24,585000,47.709902,-122.299762,/Users/marie/Documents/kiro/neural-network-house-prices/neural-networks-house-prices/java-app/house-price-app/data/rentcast/rentcast_latest1.json
"3611-13th-Ave-W,-Seattle,-WA-98119",2025-11-24,925000,47.652563,-122.37398,/Users/marie/Documents/kiro/neural-network-house-prices/neural-networks-house-prices/java-app/house-price-app/data/rentcast/rentcast_latest1.json
"1315-W-Newton-St,-Seattle,-WA-98119",2025-11-24,1700000,47.636605,-122.374668,/Users/marie/Documents/kiro/neural-network-house-prices/neural-networks-house-prices/java-app/house-price-app/data/rentcast/rentcast_previous.csv
"3654-W-Viewmont-Way-W,-Seattle,-WA-98199",2025-11-24,1725000,47.653769,-122.410733,/Users/marie/Documents/kiro/neural-network-house-prices/neural-networks-house-prices/java-app/house-price-app/data/rentcast/rentcast_previous.csv
"75-Vine-St,-Seattle,-WA-98121",2025-11-25,55700000,47.614225,-122.350505,/Users/marie/Documents/kiro/neural-network-house-prices/neural-networks-house-prices/java-app/house-price-app/data/rentcast/rentcast_previous.csv
"5058-38th-Ave-SW,-Seattle,-WA-98126",2025-11-25,950000,47.555765,-122.379881,/Users/marie/Documents/kiro/neural-network-house-prices/neural-networks-house-prices/java-app/house-price-app/data/rentcast/rentcast_previous.csv
"14035-2nd-Ave-Nw-Unit-B,-Seattle,-WA-98177",2025-11-25,770000,47.731501,-122.359989,/Users/marie/Documents/kiro/neural-network-house-prices/neural-networks-house-prices/java-app/house-price-app/data/rentcast/rentcast_previous.csv
"6504-39th-Ave-NE,-Seattle,-WA-98115",2025-11-25,1895000,47.675963,-122.285661,/Users/marie/Documents/kiro/neural-network-house-prices/neural-networks-house-prices/java-app/house-price-app/data/rentcast/rentcast_previous.csv
"210-34th-Ave-E,-Seattle,-WA-98112",2025-11-25,5022500,47.620557,-122.288709,/Users/marie/Documents/kiro/neural-network-house-prices/neural-networks-house-prices/java-app/house-price-app/data/rentcast/rentcast_latest1.json
"2610-E-Helen-St,-Seattle,-WA-98112",2025-11-25,1500000,47.628289,-122.297986,/Users/marie/Documents/kiro/neural-network-house-prices/neural-networks-house-prices/java-app/house-price-app/data/rentcast/rentcast_previous.csv
"4922-Sw-Hudson-St,-Seattle,-WA-98116",2025-11-25,1490000,47.557704,-122.395842,/Users/marie/Documents/kiro/neural-network-house-prices/neural-networks-house-prices/java-app/house-price-app/data/rentcast/rentcast_latest1.json
"4903-Erskine-Way-SW,-Seattle,-WA-98116",2025-11-25,850000,47.558788,-122.388087,/Users/marie/Documents/kiro/neural-network-house-prices/neural-networks-house-prices/java-app/house-price-app/data/rentcast/rentcast_latest1.json
"2217-25th-Ave-S,-Seattle,-WA-98144",2025-11-25,499000,47.583262,-122.300553,/Users/marie/Documents/kiro/neural-network-house-prices/neural-networks-house-prices/java-app/house-price-app/data/rentcast/rentcast_latest1.json
"2219-25th-Ave-S,-Seattle,-WA-98144",2025-11-25,499000,47.583228,-122.300552,/Users/marie/Documents/kiro/neural-network-house-prices/neural-networks-house-prices/java-app/house-price-app/data/rentcast/rentcast_latest1.json
"8812-Ne-117th-Pl,-Kirkland,-WA-98034",2025-11-25,2100000,47.704868,-122.223644,/Users/marie/Documents/kiro/neural-network-house-prices/neural-networks-house-prices/java-app/house-price-app/data/rentcast/rentcast_latest1.json
"1002-N-31st-St,-Renton,-WA-98056",2025-11-25,2350000,47.519372,-122.20564,/Users/marie/Documents/kiro/neural-network-house-prices/neural-networks-house-prices/java-app/house-price-app/data/rentcast/rentcast_latest1.json
"1638-Palm-Ave-SW,-Seattle,-WA-98116",2025-11-25,1950000,47.588233,-122.384329,/Users/marie/Documents/kiro/neural-network-house-prices/neural-networks-house-prices/java-app/house-price-app/data/rentcast/rentcast_latest1.json
"9827-20th-Ave-SW,-Seattle,-WA-98106",2025-11-25,504000,47.514698,-122.359542,/Users/marie/Documents/kiro/neural-network-house-prices/neural-networks-house-prices/java-app/house-price-app/data/rentcast/rentcast_latest1.json
"11731-Meridian-Ave-N,-Seattle,-WA-98133",2025-11-25,989000,47.715009,-122.334533,/Users/marie/Documents/kiro/neural-network-house-prices/neural-networks-house-prices/java-app/house-price-app/data/rentcast/rentcast_latest1.json
"7-Newell-St,-Seattle,-WA-98109",2025-11-25,1360000,47.643903,-122.356442,/Users/marie/Documents/kiro/neural-network-house-prices/neural-networks-house-prices/java-app/house-price-app/data/rentcast/rentcast_latest1.json
"11223-Dayton-Ave-N,-Seattle,-WA-98133",2025-11-25,865000,47.711258,-122.353228,/Users/marie/Documents/kiro/neural-network-house-prices/neural-networks-house-prices/java-app/house-price-app/data/rentcast/rentcast_latest1.json
"13039-Ne-88th-St,-Kirkland,-WA-98033",2025-11-25,3698000,47.681385,-122.16509,/Users/marie/Documents/kiro/neural-network-house-prices/neural-networks-house-prices/java-app/house-price-app/data/rentcast/rentcast_latest1.json
"10513-Whitman-Ave-N,-Seattle,-WA-98133",2025-11-25,740000,47.705569,-122.346426,/Users/marie/Documents/kiro/neural-network-house-prices/neural-networks-house-prices/java-app/house-price-app/data/rentcast/rentcast_latest1.json
"3006-44th-Ave-W,-Seattle,-WA-98199",2025-11-25,1935000,47.647054,-122.412792,/Users/marie/Documents/kiro/neural-network-house-prices/neural-networks-house-prices/java-app/house-price-app/data/rentcast/rentcast_previous.csv
"816-Sw-104th-St,-Seattle,-WA-98146",2025-11-25,310000,47.51044,-122.345727,/Users/marie/Documents/kiro/neural-network-house-prices/neural-networks-house-prices/java-app/house-price-app/data/rentcast/rentcast_latest1.json
"3602-Lakewood-Ave-S,-Seattle,-WA-98144",2025-11-26,2100000,47.571333,-122.281131,/Users/marie/Documents/kiro/neural-network-house-prices/neural-networks-house-prices/java-app/house-price-app/data/rentcast/rentcast_latest1.json
"9505-44th-Ave-NE,-Seattle,-WA-98115",2025-11-26,800000,47.697739,-122.281836,/Users/marie/Documents/kiro/neural-network-house-prices/neural-networks-house-prices/java-app/house-price-app/data/rentcast/rentcast_latest1.json
"3029-Nw-63rd-St,-Seattle,-WA-98107",2025-11-26,800000,47.674233,-122.396948,/Users/marie/Documents/kiro/neural-network-house-prices/neural-networks-house-prices/java-app/house-price-app/data/rentcast/rentcast_latest1.json
"13027-23rd-Ave-S,-Seatac,-WA-98168",2025-11-26,600000,47.485911,-122.304087,/Users/marie/Documents/kiro/neural-network-house-prices/neural-networks-house-prices/java-app/house-price-app/data/rentcast/rentcast_latest1.json
"5227-116th-Pl-SE,-Bellevue,-WA-98006",2025-11-26,1200000,47.555813,-122.18365,/Users/marie/Documents/kiro/neural-network-house-prices/neural-networks-house-prices/java-app/house-price-app/data/rentcast/rentcast_latest1.json
"11409-Se-May-Creek-Park-Dr,-Renton,-WA-98056",2025-11-26,1150000,47.523388,-122.18858,/Users/marie/Documents/kiro/neural-network-house-prices/neural-networks-house-prices/java-app/house-price-app/data/rentcast/rentcast_latest1.json
"13047-39th-Ave-Ne-Unit-A,-Seattle,-WA-98125",2025-11-26,775000,47.724358,-122.286814,/Users/marie/Documents/kiro/neural-network-house-prices/neural-networks-house-prices/java-app/house-price-app/data/rentcast/rentcast_previous.csv
"11834-8th-Ave-S,-Seattle,-WA-98168",2025-11-26,490000,47.496731,-122.32268,/Users/marie/Documents/kiro/neural-network-house-prices/neural-networks-house-prices/java-app/house-price-app/data/rentcast/rentcast_latest1.json
"1760-Nw-56th-St,-Apts-606-&-1760,-Seattle,-WA-98107",2025-11-26,479000,47.669675,-122.381523,/Users/marie/Documents/kiro/neural-network-house-prices/neural-networks-house-prices/java-app/house-price-app/data/rentcast/rentcast_previous.csv
"650-W-Cremona-St,-Seattle,-WA-98119",2025-11-26,865000,47.649967,-122.365857,/Users/marie/Documents/kiro/neural-network-house-prices/neural-networks-house-prices/java-app/house-price-app/data/rentcast/rentcast_previous.csv
"4156-55th-Ave-SW,-Seattle,-WA-98116",2025-11-26,1000000,47.565154,-122.402613,/Users/marie/Documents/kiro/neural-network-house-prices/neural-networks-house-prices/java-app/house-price-app/data/rentcast/rentcast_latest1.json
"1011-Ne-158th-St,-Shoreline,-WA-98155",2025-11-26,530000,47.743455,-122.317808,/Users/marie/Documents/kiro/neural-network-house-prices/neural-networks-house-prices/java-app/house-price-app/data/rentcast/rentcast_latest1.json
"3010-Fauntleroy-Ave-SW,-Seattle,-WA-98126",2025-11-26,1150000,47.577089,-122.373049,/Users/marie/Documents/kiro/neural-network-house-prices/neural-networks-house-prices/java-app/house-price-app/data/rentcast/rentcast_latest1.json
"3107-127th-Ave-NE,-Bellevue,-WA-98005",2025-11-26,1525000,47.637925,-122.171089,/Users/marie/Documents/kiro/neural-network-house-prices/neural-networks-house-prices/java-app/house-price-app/data/rentcast/rentcast_latest1.json
"4642-Eastern-Ave-N,-Seattle,-WA-98103",2025-11-26,1107230,47.663868,-122.328787,/Users/marie/Documents/kiro/neural-network-house-prices/neural-networks-house-prices/java-app/house-price-app/data/rentcast/rentcast_previous.csv
"2246-81st-Ave-SE,-Mercer-Island,-WA-98040",2025-11-26,2575000,47.589364,-122.230554,/Users/marie/Documents/kiro/neural-network-house-prices/neural-networks-house-prices/java-app/house-price-app/data/rentcast/rentcast_latest1.json
"10232-17th-Ave-SW,-Seattle,-WA-98146",2025-11-26,655000,47.510877,-122.355955,/Users/marie/Documents/kiro/neural-network-house-prices/neural-networks-house-prices/java-app/house-price-app/data/rentcast/rentcast_latest1.json
"1647-N-130th-St,-Seattle,-WA-98133",2025-11-26,900000,47.722703,-122.337123,/Users/marie/Documents/kiro/neural-network-house-prices/neural-networks-house-prices/java-app/house-price-app/data/rentcast/rentcast_latest1.json
"3901-13th-Ave-S,-Seattle,-WA-98108",2025-11-26,950000,47.568825,-122.316412,/Users/marie/Documents/kiro/neural-network-house-prices/neural-networks-house-prices/java-app/house-price-app/data/rentcast/rentcast_latest1.json
"8039-Lakemont-Dr-NE,-Seattle,-WA-98115",2025-11-26,1880000,47.687303,-122.273281,/Users/marie/Documents/kiro/neural-network-house-prices/neural-networks-house-prices/java-app/house-price-app/data/rentcast/rentcast_latest1.json
"1932-Nw-98th-St,-Seattle,-WA-98117",2025-11-26,1250000,47.700679,-122.382199,/Users/marie/Documents/kiro/neural-network-house-prices/neural-networks-house-prices/java-app/house-price-app/data/rentcast/rentcast_latest1.json
"3613-40th-Ave-W,-Seattle,-WA-98199",2025-12-01,795000,47.652704,-122.408149,/Users/marie/Documents/kiro/neural-network-house-prices/neural-networks-house-prices/java-app/house-price-app/data/rentcast/rentcast_previous.csv
"4840-46th-Ave-SW,-Seattle,-WA-98116",2025-12-01,1651000,47.558196,-122.390513,/Users/marie/Documents/kiro/neural-network-house-prices/neural-networks-house-prices/java-app/house-price-app/data/rentcast/rentcast_latest1.json
"5655-25th-Ave-SW,-Seattle,-WA-98106",2025-12-01,580000,47.550303,-122.364639,/Users/marie/Documents/kiro/neural-network-house-prices/neural-networks-house-prices/java-app/house-price-app/data/rentcast/rentcast_latest1.json
"814-23rd-Ave-S,-Seattle,-WA-98144",2025-12-01,799500,47.595068,-122.301894,/Users/marie/Documents/kiro/neural-network-house-prices/neural-networks-house-prices/java-app/house-price-app/data/rentcast/rentcast_latest1.json
"941-20th-Pl-W,-Kirkland,-WA-98033",2025-12-01,1360000,47.694868,-122.211983,/Users/marie/Documents/kiro/neural-network-house-prices/neural-networks-house-prices/java-app/house-price-app/data/rentcast/rentcast_latest1.json
"1740-13th-Ave-S,-Seattle,-WA-98144",2025-12-01,1050000,47.587342,-122.315666,/Users/marie/Documents/kiro/neural-network-house-prices/neural-networks-house-prices/java-app/house-price-app/data/rentcast/rentcast_latest1.json
"2306-S-128th-St,-Burien,-WA-98168",2025-12-01,550000,47.488959,-122.303175,/Users/marie/Documents/kiro/neural-network-house-prices/neural-networks-house-prices/java-app/house-price-app/data/rentcast/rentcast_latest1.json
"4302-Woodlawn-Ave-N,-Seattle,-WA-98103",2025-12-01,1090000,47.659307,-122.338246,/Users/marie/Documents/kiro/neural-network-house-prices/neural-networks-house-prices/java-app/house-price-app/data/rentcast/rentcast_latest1.json
"14026-Lenora-Pl-N,-Seattle,-WA-98133",2025-12-01,335000,47.73126,-122.343105,/Users/marie/Documents/kiro/neural-network-house-prices/neural-networks-house-prices/java-app/house-price-app/data/rentcast/rentcast_previous.csv
"349-Ne-58th-St,-Seattle,-WA-98105",2025-12-01,705000,47.670593,-122.32338,/Users/marie/Documents/kiro/neural-network-house-prices/neural-networks-house-prices/java-app/house-price-app/data/rentcast/rentcast_latest1.json
"10941-Ne-Seaborn-Rd,-Bainbridge-Island,-WA-98110",2025-12-02,345896,47.596847,-122.50424,/Users/marie/Documents/kiro/neural-network-house-prices/neural-networks-house-prices/java-app/house-price-app/data/rentcast/rentcast_previous.csv
"3420-32nd-Ave-W,-Seattle,-WA-98199",2025-12-02,1075000,47.651166,-122.397909,/Users/marie/Documents/kiro/neural-network-house-prices/neural-networks-house-prices/java-app/house-price-app/data/rentcast/rentcast_previous.csv
"167-16th-Ave,-Kirkland,-WA-98033",2025-12-02,4350000,47.687889,-122.207282,/Users/marie/Documents/kiro/neural-network-house-prices/neural-networks-house-prices/java-app/house-price-app/data/rentcast/rentcast_latest1.json
"7936-29th-Ave-SW,-Seattle,-WA-98126",2025-12-02,945000,47.530744,-122.369511,/Users/marie/Documents/kiro/neural-network-house-prices/neural-networks-house-prices/java-app/house-price-app/data/rentcast/rentcast_previous.csv
"2708-Ne-106th-Pl,-Seattle,-WA-98125",2025-12-02,999950,47.705968,-122.29841,/Users/marie/Documents/kiro/neural-network-house-prices/neural-networks-house-prices/java-app/house-price-app/data/rentcast/rentcast_latest1.json
"822-24th-Ave,-Seattle,-WA-98122",2025-12-02,1057350,47.609733,-122.301206,/Users/marie/Documents/kiro/neural-network-house-prices/neural-networks-house-prices/java-app/house-price-app/data/rentcast/rentcast_latest1.json
"1140-23rd-Ave-E,-Seattle,-WA-98112",2025-12-02,975000,47.629839,-122.302029,/Users/marie/Documents/kiro/neural-network-house-prices/neural-networks-house-prices/java-app/house-price-app/data/rentcast/rentcast_latest1.json
"5511-154th-Ave-SE,-Bellevue,-WA-98006",2025-12-03,2945000,47.552344,-122.134379,/Users/marie/Documents/kiro/neural-network-house-prices/neural-networks-house-prices/java-app/house-price-app/data/rentcast/rentcast_latest1.json
"12055-69th-Ave-S,-Seattle,-WA-98178",2025-12-03,358900,47.49321,-122.248137,/Users/marie/Documents/kiro/neural-network-house-prices/neural-networks-house-prices/java-app/house-price-app/data/rentcast/rentcast_latest1.json
"2006-28th-Ave-W,-Seattle,-WA-98199",2025-12-03,1215000,47.637258,-122.392761,/Users/marie/Documents/kiro/neural-network-house-prices/neural-networks-house-prices/java-app/house-price-app/data/rentcast/rentcast_latest1.json
"4054-48th-Ave-SW,-Seattle,-WA-98116",2025-12-03,1005000,47.566836,-122.393081,/Users/marie/Documents/kiro/neural-network-house-prices/neural-networks-house-prices/java-app/house-price-app/data/rentcast/rentcast_latest1.json
"13709-Greenwood-Ave-N,-Seattle,-WA-98133",2025-12-03,605000,47.729066,-122.355982,/Users/marie/Documents/kiro/neural-network-house-prices/neural-networks-house-prices/java-app/house-price-app/data/rentcast/rentcast_previous.csv
"206-25th-Ave-S,-Seattle,-WA-98144",2025-12-03,866000,47.600609,-122.299675,/Users/marie/Documents/kiro/neural-network-house-prices/neural-networks-house-prices/java-app/house-price-app/data/rentcast/rentcast_latest1.json
"2608-S-133rd-St,-Seatac,-WA-98168",2025-12-03,808000,47.484507,-122.299304,/Users/marie/Documents/kiro/neural-network-house-prices/neural-networks-house-prices/java-app/house-price-app/data/rentcast/rentcast_latest1.json
"12221-94th-Pl-NE,-Kirkland,-WA-98034",2025-12-03,1005000,47.710429,-122.215229,/Users/marie/Documents/kiro/neural-network-house-prices/neural-networks-house-prices/java-app/house-price-app/data/rentcast/rentcast_previous.csv
"1341-Nolta-Loop-NE,-Bainbridge-Island,-WA-98110",2025-12-04,460000,47.637227,-122.513263,/Users/marie/Documents/kiro/neural-network-house-prices/neural-networks-house-prices/java-app/house-price-app/data/rentcast/rentcast_previous.csv
"15827-42nd-Ave-S,-Tukwila,-WA-98188",2025-12-04,500000,47.460639,-122.281615,/Users/marie/Documents/kiro/neural-network-house-prices/neural-networks-house-prices/java-app/house-price-app/data/rentcast/rentcast_latest1.json
"6732-1st-Ave-NW,-Seattle,-WA-98117",2025-12-04,1315000,47.678749,-122.357099,/Users/marie/Documents/kiro/neural-network-house-prices/neural-networks-house-prices/java-app/house-price-app/data/rentcast/rentcast_previous.csv
"1044-89th-Ave-NE,-Bellevue,-WA-98004",2025-12-04,5600000,47.62064,-122.220857,/Users/marie/Documents/kiro/neural-network-house-prices/neural-networks-house-prices/java-app/house-price-app/data/rentcast/rentcast_latest1.json
"819-Ne-59th-St,-Seattle,-WA-98105",2025-12-05,850000,47.671261,-122.319209,/Users/marie/Documents/kiro/neural-network-house-prices/neural-networks-house-prices/java-app/house-price-app/data/rentcast/rentcast_latest1.json
"1301-100th-Ave-NE,-Bellevue,-WA-98004",2025-12-05,5000000,47.622067,-122.207429,/Users/marie/Documents/kiro/neural-network-house-prices/neural-networks-house-prices/java-app/house-price-app/data/rentcast/rentcast_latest1.json
"8711-Ne-11th-St,-Medina,-WA-98039",2025-12-05,3107610,47.620462,-122.223093,/Users/marie/Documents/kiro/neural-network-house-prices/neural-networks-house-prices/java-app/house-price-app/data/rentcast/rentcast_latest1.json
"3306-35th-Ave-SW,-Seattle,-WA-98126",2025-12-05,555000,47.573461,-122.375787,/Users/marie/Documents/kiro/neural-network-house-prices/neural-networks-house-prices/java-app/house-price-app/data/rentcast/rentcast_latest1.json
"2525-12th-Ave-W,-Seattle,-WA-98119",2025-12-05,760000,47.641492,-122.372881,/Users/marie/Documents/kiro/neural-network-house-prices/neural-networks-house-prices/java-app/house-price-app/data/rentcast/rentcast_latest1.json
"352-27th-Ave,-Seattle,-WA-98122",2025-12-05,850000,47.605504,-122.297674,/Users/marie/Documents/kiro/neural-network-house-prices/neural-networks-house-prices/java-app/house-price-app/data/rentcast/rentcast_latest1.json
"2037-Nw-61st-St,-Unit-A,-Seattle,-WA-98107",2025-12-05,1047000,47.672798,-122.383675,/Users/marie/Documents/kiro/neural-network-house-prices/neural-networks-house-prices/java-app/house-price-app/data/rentcast/rentcast_previous.csv
"8014-Ne-116th-Pl,-Kirkland,-WA-98034",2025-12-05,1665000,47.704739,-122.234334,/Users/marie/Documents/kiro/neural-network-house-prices/neural-networks-house-prices/java-app/house-price-app/data/rentcast/rentcast_latest1.json
"2303-Ne-95th-St,-Seattle,-WA-98115",2025-12-05,728000,47.697295,-122.304013,/Users/marie/Documents/kiro/neural-network-house-prices/neural-networks-house-prices/java-app/house-price-app/data/rentcast/rentcast_latest1.json
"6013-S-118th-Pl,-Seattle,-WA-98178",2025-12-05,589950,47.496839,-122.257444,/Users/marie/Documents/kiro/neural-network-house-prices/neural-networks-house-prices/java-app/house-price-app/data/rentcast/rentcast_latest1.json
"12023-80th-Ave-S,-Seattle,-WA-98178",2025-12-05,780000,47.494588,-122.233354,/Users/marie/Documents/kiro/neural-network-house-prices/neural-networks-house-prices/java-app/house-price-app/data/rentcast/rentcast_latest1.json
"10612-Forest-Ave-S,-Seattle,-WA-98178",2025-12-05,949000,47.507833,-122.239329,/Users/marie/Documents/kiro/neural-network-house-prices/neural-networks-house-prices/java-app/house-price-app/data/rentcast/rentcast_latest1.json
"2120-W-Ruffner-St,-Seattle,-WA-98199",2025-12-05,685000,47.652333,-122.384187,/Users/marie/Documents/kiro/neural-network-house-prices/neural-networks-house-prices/java-app/house-price-app/data/rentcast/rentcast_latest1.json
"125-29th-Ave-E,-Seattle,-WA-98112",2025-12-05,905000,47.619658,-122.295147,/Users/marie/Documents/kiro/neural-network-house-prices/neural-networks-house-prices/java-app/house-price-app/data/rentcast/rentcast_latest1.json
"8266-4th-Ave-NE,-Seattle,-WA-98115",2025-12-05,750000,47.690236,-122.324094,/Users/marie/Documents/kiro/neural-network-house-prices/neural-networks-house-prices/java-app/house-price-app/data/rentcast/rentcast_latest1.json
"4525-55th-Ave-NE,-Seattle,-WA-98105",2025-12-08,2625000,47.662045,-122.268977,/Users/marie/Documents/kiro/neural-network-house-prices/neural-networks-house-prices/java-app/house-price-app/data/rentcast/rentcast_latest1.json
"2727-Eastlake-Ave-E,-Seattle,-WA-98102",2025-12-08,14683000,47.645349,-122.326257,/Users/marie/Documents/kiro/neural-network-house-prices/neural-networks-house-prices/java-app/house-price-app/data/rentcast/rentcast_previous.csv
"11504-Sand-Point-Way-NE,-Seattle,-WA-98125",2025-12-08,954000,47.712646,-122.281559,/Users/marie/Documents/kiro/neural-network-house-prices/neural-networks-house-prices/java-app/house-price-app/data/rentcast/rentcast_previous.csv
"1823-N-52nd-St,-Seattle,-WA-98103",2025-12-08,892500,47.666271,-122.335345,/Users/marie/Documents/kiro/neural-network-house-prices/neural-networks-house-prices/java-app/house-price-app/data/rentcast/rentcast_previous.csv
"2643-106th-Ave-NE,-Bellevue,-WA-98004",2025-12-08,3998000,47.634533,-122.199973,/Users/marie/Documents/kiro/neural-network-house-prices/neural-networks-house-prices/java-app/house-price-app/data/rentcast/rentcast_latest1.json
"15511-10th-Ave-NE,-Shoreline,-WA-98155",2025-12-08,725000,47.741621,-122.318647,/Users/marie/Documents/kiro/neural-network-house-prices/neural-networks-house-prices/java-app/house-price-app/data/rentcast/rentcast_latest1.json
"11346-Bartlett-Ave-NE,-Seattle,-WA-98125",2025-12-08,850000,47.711731,-122.282583,/Users/marie/Documents/kiro/neural-network-house-prices/neural-networks-house-prices/java-app/house-price-app/data/rentcast/rentcast_previous.csv
"6543-Chapin-Pl-N,-Seattle,-WA-98103",2025-12-08,1820000,47.677233,-122.330275,/Users/marie/Documents/kiro/neural-network-house-prices/neural-networks-house-prices/java-app/house-price-app/data/rentcast/rentcast_latest1.json
"300-N-130th-St,-Unit-9302,-Seattle,-WA-98133",2025-12-08,305000,47.723936,-122.354591,/Users/marie/Documents/kiro/neural-network-house-prices/neural-networks-house-prices/java-app/house-price-app/data/rentcast/rentcast_previous.csv
"2443-5th-Ave-W,-Seattle,-WA-98119",2025-12-08,1400000,47.640827,-122.363873,/Users/marie/Documents/kiro/neural-network-house-prices/neural-networks-house-prices/java-app/house-price-app/data/rentcast/rentcast_latest1.json
"12554-Se-52nd-St,-Bellevue,-WA-98006",2025-12-09,3350000,47.555456,-122.171477,/Users/marie/Documents/kiro/neural-network-house-prices/neural-networks-house-prices/java-app/house-price-app/data/rentcast/rentcast_latest1.json
"2609-Evergreen-Point-Rd,-Medina,-WA-98039",2025-12-09,4925000,47.634001,-122.239662,/Users/marie/Documents/kiro/neural-network-house-prices/neural-networks-house-prices/java-app/house-price-app/data/rentcast/rentcast_latest1.json
"12507-Ne-107th-Pl,-Kirkland,-WA-98033",2025-12-09,1413000,47.696005,-122.173957,/Users/marie/Documents/kiro/neural-network-house-prices/neural-networks-house-prices/java-app/house-price-app/data/rentcast/rentcast_latest1.json
"4001-55th-Ave-NE,-Seattle,-WA-98105",2025-12-09,2175000,47.657545,-122.270282,/Users/marie/Documents/kiro/neural-network-house-prices/neural-networks-house-prices/java-app/house-price-app/data/rentcast/rentcast_latest1.json
"2720-W-Galer-St,-Seattle,-WA-98199",2025-12-09,4450000,47.632566,-122.392733,/Users/marie/Documents/kiro/neural-network-house-prices/neural-networks-house-prices/java-app/house-price-app/data/rentcast/rentcast_latest1.json
"1511-Magnolia-Way-W,-Seattle,-WA-98199",2025-12-09,1900000,47.632776,-122.390958,/Users/marie/Documents/kiro/neural-network-house-prices/neural-networks-house-prices/java-app/house-price-app/data/rentcast/rentcast_latest1.json
"12556-25th-Ave-NE,-Seattle,-WA-98125",2025-12-09,488000,47.720802,-122.30146,/Users/marie/Documents/kiro/neural-network-house-prices/neural-networks-house-prices/java-app/house-price-app/data/rentcast/rentcast_latest1.json
"5561-16th-Ave-S,-Seattle,-WA-98108",2025-12-09,650000,47.551595,-122.312648,/Users/marie/Documents/kiro/neural-network-house-prices/neural-networks-house-prices/java-app/house-price-app/data/rentcast/rentcast_latest1.json
"1052-E-Thomas-St,-Seattle,-WA-98102",2025-12-09,6245000,47.621321,-122.318609,/Users/marie/Documents/kiro/neural-network-house-prices/neural-networks-house-prices/java-app/house-price-app/data/rentcast/rentcast_previous.csv
"12642-74th-Ave-S,-Seattle,-WA-98178",2025-12-09,430000,47.489496,-122.241409,/Users/marie/Documents/kiro/neural-network-house-prices/neural-networks-house-prices/java-app/house-price-app/data/rentcast/rentcast_latest1.json
"201-165th-Ave-NE,-Bellevue,-WA-98008",2025-12-09,1370000,47.612163,-122.120578,/Users/marie/Documents/kiro/neural-network-house-prices/neural-networks-house-prices/java-app/house-price-app/data/rentcast/rentcast_latest1.json
"12331-Ne-101st-Ln,-Kirkland,-WA-98033",2025-12-10,875000,47.690998,-122.175988,/Users/marie/Documents/kiro/neural-network-house-prices/neural-networks-house-prices/java-app/house-price-app/data/rentcast/rentcast_latest1.json
"9015-Dibble-Ave-NW,-Seattle,-WA-98117",2025-12-10,1274000,47.694801,-122.367747,/Users/marie/Documents/kiro/neural-network-house-prices/neural-networks-house-prices/java-app/house-price-app/data/rentcast/rentcast_previous.csv
"3976-154th-Ave-SE,-Bellevue,-WA-98006",2025-12-10,3398000,47.573055,-122.134874,/Users/marie/Documents/kiro/neural-network-house-prices/neural-networks-house-prices/java-app/house-price-app/data/rentcast/rentcast_latest1.json
"445-36th-Ave,-Seattle,-WA-98122",2025-12-10,1525000,47.606701,-122.287288,/Users/marie/Documents/kiro/neural-network-house-prices/neural-networks-house-prices/java-app/house-price-app/data/rentcast/rentcast_latest1.json
"1321-N-82nd-St,-Seattle,-WA-98103",2025-12-10,1325000,47.688544,-122.340779,/Users/marie/Documents/kiro/neural-network-house-prices/neural-networks-house-prices/java-app/house-price-app/data/rentcast/rentcast_latest1.json
"7020-127th-Ave-NE,-Kirkland,-WA-98033",2025-12-10,2279950,47.668678,-122.170527,/Users/marie/Documents/kiro/neural-network-house-prices/neural-networks-house-prices/java-app/house-price-app/data/rentcast/rentcast_previous.csv
"115-Ne-64th-St,-Seattle,-WA-98115",2025-12-11,1300000,47.674963,-122.32744,/Users/marie/Documents/kiro/neural-network-house-prices/neural-networks-house-prices/java-app/house-price-app/data/rentcast/rentcast_latest1.json
"15108-Se-41st-Pl,-Bellevue,-WA-98006",2025-12-11,3450000,47.573256,-122.139676,/Users/marie/Documents/kiro/neural-network-house-prices/neural-networks-house-prices/java-app/house-price-app/data/rentcast/rentcast_latest1.json
"3119-108th-Ave-SE,-Bellevue,-WA-98004",2025-12-11,2850000,47.582498,-122.197045,/Users/marie/Documents/kiro/neural-network-house-prices/neural-networks-house-prices/java-app/house-price-app/data/rentcast/rentcast_latest1.json
"4161-41st-Ave-S,-Seattle,-WA-98118",2025-12-11,480000,47.564431,-122.28204,/Users/marie/Documents/kiro/neural-network-house-prices/neural-networks-house-prices/java-app/house-price-app/data/rentcast/rentcast_latest1.json
"4852-19th-Ave-S,-Seattle,-WA-98108",2025-12-11,760000,47.559045,-122.30766,/Users/marie/Documents/kiro/neural-network-house-prices/neural-networks-house-prices/java-app/house-price-app/data/rentcast/rentcast_latest1.json
"1940-Edgemont-Pl-W,-Seattle,-WA-98199",2025-12-11,1725000,47.637214,-122.402381,/Users/marie/Documents/kiro/neural-network-house-prices/neural-networks-house-prices/java-app/house-price-app/data/rentcast/rentcast_previous.csv
"2502-N-50th-St,-Unit-101,-Seattle,-WA-98103",2025-12-11,599000,47.665091,-122.328744,/Users/marie/Documents/kiro/neural-network-house-prices/neural-networks-house-prices/java-app/house-price-app/data/rentcast/rentcast_previous.csv
"3642-33rd-Ave-W,-Seattle,-WA-98199",2025-12-12,2225000,47.653513,-122.399132,/Users/marie/Documents/kiro/neural-network-house-prices/neural-networks-house-prices/java-app/house-price-app/data/rentcast/rentcast_previous.csv
"318B-N-84th-St,-Seattle,-WA-98103",2025-12-12,1349000,47.690067,-122.354447,/Users/marie/Documents/kiro/neural-network-house-prices/neural-networks-house-prices/java-app/house-price-app/data/rentcast/rentcast_previous.csv
"433-Ne-73rd-St,-Seattle,-WA-98115",2025-12-12,1187525,47.681267,-122.323654,/Users/marie/Documents/kiro/neural-network-house-prices/neural-networks-house-prices/java-app/house-price-app/data/rentcast/rentcast_previous.csv
"142-Sw-142nd-St,-Burien,-WA-98166",2025-12-12,835000,47.476551,-122.335657,/Users/marie/Documents/kiro/neural-network-house-prices/neural-networks-house-prices/java-app/house-price-app/data/rentcast/rentcast_latest1.json
"12207-14th-Ave-S,-Seattle,-WA-98168",2025-12-12,579000,47.493755,-122.316082,/Users/marie/Documents/kiro/neural-network-house-prices/neural-networks-house-prices/java-app/house-price-app/data/rentcast/rentcast_latest1.json
"7802-Ne-140th-Pl,-Kirkland,-WA-98034",2025-12-12,1050000,47.727329,-122.237149,/Users/marie/Documents/kiro/neural-network-house-prices/neural-networks-house-prices/java-app/house-price-app/data/rentcast/rentcast_latest1.json
"13713-Greenwood-Ave-N,-Seattle,-WA-98133",2025-12-12,595000,47.729141,-122.355982,/Users/marie/Documents/kiro/neural-network-house-prices/neural-networks-house-prices/java-app/house-price-app/data/rentcast/rentcast_previous.csv
"5015-123rd-Ave-SE,-Bellevue,-WA-98006",2025-12-12,1408000,47.55744,-122.175703,/Users/marie/Documents/kiro/neural-network-house-prices/neural-networks-house-prices/java-app/house-price-app/data/rentcast/rentcast_latest1.json
"315-Nw-86th-St,-Seattle,-WA-98117",2025-12-12,675000,47.691133,-122.36145,/Users/marie/Documents/kiro/neural-network-house-prices/neural-networks-house-prices/java-app/house-price-app/data/rentcast/rentcast_latest1.json
"3447-12th-Ave-W,-Seattle,-WA-98119",2025-12-12,1130000,47.651746,-122.372659,/Users/marie/Documents/kiro/neural-network-house-prices/neural-networks-house-prices/java-app/house-price-app/data/rentcast/rentcast_latest1.json
"4507-45th-Ave-SW,-Seattle,-WA-98116",2025-12-12,1185000,47.562673,-122.389816,/Users/marie/Documents/kiro/neural-network-house-prices/neural-networks-house-prices/java-app/house-price-app/data/rentcast/rentcast_latest1.json
"8991-Springwood-Ave-NE,-Bainbridge-Island,-WA-98110",2025-12-12,1100000,47.643734,-122.516108,/Users/marie/Documents/kiro/neural-network-house-prices/neural-networks-house-prices/java-app/house-price-app/data/rentcast/rentcast_latest1.json
"3406-38th-Ave-W,-Seattle,-WA-98199",2025-12-12,2800000,47.650731,-122.405429,/Users/marie/Documents/kiro/neural-network-house-prices/neural-networks-house-prices/java-app/house-price-app/data/rentcast/rentcast_previous.csv
"3222-W-Bertona-St,-Seattle,-WA-98199",2025-12-12,1879000,47.650667,-122.399277,/Users/marie/Documents/kiro/neural-network-house-prices/neural-networks-house-prices/java-app/house-price-app/data/rentcast/rentcast_previous.csv
"8810-Ne-138th-St,-Kirkland,-WA-98034",2025-12-12,875000,47.724712,-122.223026,/Users/marie/Documents/kiro/neural-network-house-prices/neural-networks-house-prices/java-app/house-price-app/data/rentcast/rentcast_latest1.json
"5030-Puget-Blvd-SW,-Seattle,-WA-98106",2025-12-15,1392000,47.556464,-122.360988,/Users/marie/Documents/kiro/neural-network-house-prices/neural-networks-house-prices/java-app/house-price-app/data/rentcast/rentcast_latest1.json
"3205-25th-Ave-W,-Seattle,-WA-98199",2025-12-15,1185000,47.648698,-122.388857,/Users/marie/Documents/kiro/neural-network-house-prices/neural-networks-house-prices/java-app/house-price-app/data/rentcast/rentcast_latest1.json
"6325-S-Eddy-Ct,-Seattle,-WA-98118",2025-12-15,409000,47.545302,-122.28941,/Users/marie/Documents/kiro/neural-network-house-prices/neural-networks-house-prices/java-app/house-price-app/data/rentcast/rentcast_latest1.json
"8726-Paisley-Dr-NE,-Seattle,-WA-98115",2025-12-15,2980000,47.692512,-122.275687,/Users/marie/Documents/kiro/neural-network-house-prices/neural-networks-house-prices/java-app/house-price-app/data/rentcast/rentcast_latest1.json
"3020-W-Viewmont-Way-W,-Seattle,-WA-98199",2025-12-15,3875000,47.647503,-122.409268,/Users/marie/Documents/kiro/neural-network-house-prices/neural-networks-house-prices/java-app/house-price-app/data/rentcast/rentcast_previous.csv
"2311-S-135th-Ln,-Seattle,-WA-98168",2025-12-15,830000,47.48236,-122.303079,/Users/marie/Documents/kiro/neural-network-house-prices/neural-networks-house-prices/java-app/house-price-app/data/rentcast/rentcast_latest1.json
"16408-Se-9th-St,-Bellevue,-WA-98008",2025-12-15,2750000,47.60266,-122.121155,/Users/marie/Documents/kiro/neural-network-house-prices/neural-networks-house-prices/java-app/house-price-app/data/rentcast/rentcast_latest1.json
"8213-37th-Ave-SW,-Seattle,-WA-98126",2025-12-15,880000,47.529386,-122.37961,/Users/marie/Documents/kiro/neural-network-house-prices/neural-networks-house-prices/java-app/house-price-app/data/rentcast/rentcast_previous.csv
"2126-9th-Ave-W,-Seattle,-WA-98119",2025-12-15,1957500,47.638562,-122.368581,/Users/marie/Documents/kiro/neural-network-house-prices/neural-networks-house-prices/java-app/house-price-app/data/rentcast/rentcast_previous.csv
"6801-Greenwood-Ave-N,-Unit-415,-Seattle,-WA-98103",2025-12-15,775000,47.678859,-122.355682,/Users/marie/Documents/kiro/neural-network-house-prices/neural-networks-house-prices/java-app/house-price-app/data/rentcast/rentcast_previous.csv
"14308-Midvale-Ave-N,-Seattle,-WA-98133",2025-12-15,490000,47.732589,-122.34379,/Users/marie/Documents/kiro/neural-network-house-prices/neural-networks-house-prices/java-app/house-price-app/data/rentcast/rentcast_previous.csv
"4714-Delridge-Way-SW,-Seattle,-WA-98106",2025-12-15,527500,47.560589,-122.362612,/Users/marie/Documents/kiro/neural-network-house-prices/neural-networks-house-prices/java-app/house-price-app/data/rentcast/rentcast_previous.csv
"3225-165th-Ave-SE,-Bellevue,-WA-98008",2025-12-15,1390000,47.580765,-122.11963,/Users/marie/Documents/kiro/neural-network-house-prices/neural-networks-house-prices/java-app/house-price-app/data/rentcast/rentcast_latest1.json
"828-23rd-Ave,-Seattle,-WA-98122",2025-12-16,755000,47.609875,-122.30246,/Users/marie/Documents/kiro/neural-network-house-prices/neural-networks-house-prices/java-app/house-price-app/data/rentcast/rentcast_latest1.json
"1611-E-Olive-Way,-Seattle,-WA-98102",2025-12-16,3950000,47.61907,-122.324883,/Users/marie/Documents/kiro/neural-network-house-prices/neural-networks-house-prices/java-app/house-price-app/data/rentcast/rentcast_previous.csv
"11640-59th-Ave-S,-Seattle,-WA-98178",2025-12-16,545000,47.49771,-122.259232,/Users/marie/Documents/kiro/neural-network-house-prices/neural-networks-house-prices/java-app/house-price-app/data/rentcast/rentcast_latest1.json
"2663-37th-Ave-SW,-Seattle,-WA-98126",2025-12-16,1450000,47.579702,-122.378438,/Users/marie/Documents/kiro/neural-network-house-prices/neural-networks-house-prices/java-app/house-price-app/data/rentcast/rentcast_latest1.json
"957-W-Mcgraw-St,---1,-Seattle,-WA-98119",2025-12-16,1200000,47.639422,-122.369824,/Users/marie/Documents/kiro/neural-network-house-prices/neural-networks-house-prices/java-app/house-price-app/data/rentcast/rentcast_previous.csv
"1732-S-Ferdinand-St,-Seattle,-WA-98108",2025-12-17,980000,47.55944,-122.309013,/Users/marie/Documents/kiro/neural-network-house-prices/neural-networks-house-prices/java-app/house-price-app/data/rentcast/rentcast_latest1.json
"711-S-Trenton-St,-Seattle,-WA-98108",2025-12-17,600000,47.524528,-122.324889,/Users/marie/Documents/kiro/neural-network-house-prices/neural-networks-house-prices/java-app/house-price-app/data/rentcast/rentcast_latest1.json
"12630-100th-Ln-NE,-Unit-G131,-Kirkland,-WA-98034",2025-12-17,445000,47.715544,-122.206802,/Users/marie/Documents/kiro/neural-network-house-prices/neural-networks-house-prices/java-app/house-price-app/data/rentcast/rentcast_previous.csv
"504-N-86th-St,-Seattle,-WA-98103",2025-12-17,825000,47.691866,-122.352282,/Users/marie/Documents/kiro/neural-network-house-prices/neural-networks-house-prices/java-app/house-price-app/data/rentcast/rentcast_previous.csv
"11231-Ne-67th-St,-Kirkland,-WA-98033",2025-12-17,2300000,47.665739,-122.189958,/Users/marie/Documents/kiro/neural-network-house-prices/neural-networks-house-prices/java-app/house-price-app/data/rentcast/rentcast_latest1.json
"12050-78th-Ave-S,-Seattle,-WA-98178",2025-12-18,217000,47.493999,-122.235335,/Users/marie/Documents/kiro/neural-network-house-prices/neural-networks-house-prices/java-app/house-price-app/data/rentcast/rentcast_latest1.json
"604-N-143rd-St,-Seattle,-WA-98133",2025-12-18,1025000,47.732562,-122.351287,/Users/marie/Documents/kiro/neural-network-house-prices/neural-networks-house-prices/java-app/house-price-app/data/rentcast/rentcast_previous.csv
"4036-35th-Ave-SW,-Seattle,-WA-98126",2025-12-18,625000,47.566862,-122.375884,/Users/marie/Documents/kiro/neural-network-house-prices/neural-networks-house-prices/java-app/house-price-app/data/rentcast/rentcast_latest1.json
"15810-10th-Ave-NE,-Shoreline,-WA-98155",2025-12-18,897000,47.744012,-122.318051,/Users/marie/Documents/kiro/neural-network-house-prices/neural-networks-house-prices/java-app/house-price-app/data/rentcast/rentcast_latest1.json
"3925-48th-Ave-S,-Seattle,-WA-98118",2025-12-18,1800000,47.568005,-122.273663,/Users/marie/Documents/kiro/neural-network-house-prices/neural-networks-house-prices/java-app/house-price-app/data/rentcast/rentcast_latest1.json
"7012-18th-Ave-NW,-Seattle,-WA-98117",2025-12-18,1261000,47.679936,-122.379656,/Users/marie/Documents/kiro/neural-network-house-prices/neural-networks-house-prices/java-app/house-price-app/data/rentcast/rentcast_latest1.json
"8745-Evanston-Ave-N,-Seattle,-WA-98103",2025-12-19,1170000,47.693729,-122.351687,/Users/marie/Documents/kiro/neural-network-house-prices/neural-networks-house-prices/java-app/house-price-app/data/rentcast/rentcast_previous.csv
"5505-Ne-65th-St,-Seattle,-WA-98115",2025-12-19,1598800,47.675548,-122.268594,/Users/marie/Documents/kiro/neural-network-house-prices/neural-networks-house-prices/java-app/house-price-app/data/rentcast/rentcast_previous.csv
"3010-32nd-Ave-W,-Seattle,-WA-98199",2025-12-19,1625000,47.647282,-122.397873,/Users/marie/Documents/kiro/neural-network-house-prices/neural-networks-house-prices/java-app/house-price-app/data/rentcast/rentcast_previous.csv
"2120-9th-Ave-W,-Seattle,-WA-98119",2025-12-19,2392500,47.638429,-122.368583,/Users/marie/Documents/kiro/neural-network-house-prices/neural-networks-house-prices/java-app/house-price-app/data/rentcast/rentcast_previous.csv
"1339-Nolta-Loop-NE,-Bainbridge-Island,-WA-98110",2025-12-19,489000,47.637261,-122.513263,/Users/marie/Documents/kiro/neural-network-house-prices/neural-networks-house-prices/java-app/house-price-app/data/rentcast/rentcast_previous.csv
"2405-E-Fir-St,-Seattle,-WA-98122",2025-12-19,1550000,47.602529,-122.300593,/Users/marie/Documents/kiro/neural-network-house-prices/neural-networks-house-prices/java-app/house-price-app/data/rentcast/rentcast_latest1.json
"2018-Nw-60th-St,-Seattle,-WA-98107",2025-12-19,949999,47.672526,-122.383101,/Users/marie/Documents/kiro/neural-network-house-prices/neural-networks-house-prices/java-app/house-price-app/data/rentcast/rentcast_latest1.json
"10664-63rd-Ave-S,-Seattle,-WA-98178",2025-12-19,536000,47.505117,-122.254701,/Users/marie/Documents/kiro/neural-network-house-prices/neural-networks-house-prices/java-app/house-price-app/data/rentcast/rentcast_latest1.json
"6706-Holly-Pl-SW,-Seattle,-WA-98136",2025-12-19,640000,47.542847,-122.390834,/Users/marie/Documents/kiro/neural-network-house-prices/neural-networks-house-prices/java-app/house-price-app/data/rentcast/rentcast_latest1.json
"8500-16th-Ave-NW,-Seattle,-WA-98117",2025-12-19,3999550,47.690863,-122.377587,/Users/marie/Documents/kiro/neural-network-house-prices/neural-networks-house-prices/java-app/house-price-app/data/rentcast/rentcast_previous.csv
"3540-S-Graham-St,-Seattle,-WA-98118",2025-12-19,749000,47.546298,-122.288099,/Users/marie/Documents/kiro/neural-network-house-prices/neural-networks-house-prices/java-app/house-price-app/data/rentcast/rentcast_latest1.json
"10852-4th-Ave-S,-Seattle,-WA-98168",2025-12-19,565000,47.505171,-122.328351,/Users/marie/Documents/kiro/neural-network-house-prices/neural-networks-house-prices/java-app/house-price-app/data/rentcast/rentcast_latest1.json
"5417-40th-Ave-SW,-Seattle,-WA-98136",2025-12-19,1049000,47.553284,-122.383314,/Users/marie/Documents/kiro/neural-network-house-prices/neural-networks-house-prices/java-app/house-price-app/data/rentcast/rentcast_previous.csv
"308-N-68th-St,-Unit-203,-Seattle,-WA-98103",2025-12-22,515000,47.678909,-122.354998,/Users/marie/Documents/kiro/neural-network-house-prices/neural-networks-house-prices/java-app/house-price-app/data/rentcast/rentcast_previous.csv
"15560-Westminster-Way-N,-Shoreline,-WA-98133",2025-12-22,112200000,47.742354,-122.346376,/Users/marie/Documents/kiro/neural-network-house-prices/neural-networks-house-prices/java-app/house-price-app/data/rentcast/rentcast_previous.csv
"13307-Ne-77th-St,-Redmond,-WA-98052",2025-12-22,1100000,47.672705,-122.16251,/Users/marie/Documents/kiro/neural-network-house-prices/neural-networks-house-prices/java-app/house-price-app/data/rentcast/rentcast_previous.csv
"2233-2nd-Ave-W,-Seattle,-WA-98119",2025-12-22,1500000,47.639422,-122.359866,/Users/marie/Documents/kiro/neural-network-house-prices/neural-networks-house-prices/java-app/house-price-app/data/rentcast/rentcast_latest2.json
"5537-35th-Ave-NE,-Seattle,-WA-98105",2025-12-22,635000,47.669641,-122.290557,/Users/marie/Documents/kiro/neural-network-house-prices/neural-networks-house-prices/java-app/house-price-app/data/rentcast/rentcast_latest2.json
"916-Ferndale-Cir-NE,-Renton,-WA-98056",2025-12-22,499000,47.49794,-122.183761,/Users/marie/Documents/kiro/neural-network-house-prices/neural-networks-house-prices/java-app/house-price-app/data/rentcast/rentcast_latest2.json
"142-160th-Ave-SE,-Bellevue,-WA-98008",2025-12-22,1150000,47.607799,-122.126356,/Users/marie/Documents/kiro/neural-network-house-prices/neural-networks-house-prices/java-app/house-price-app/data/rentcast/rentcast_latest2.json
"6809-120th-Ave-NE,-Kirkland,-WA-98033",2025-12-22,2975000,47.66698,-122.180439,/Users/marie/Documents/kiro/neural-network-house-prices/neural-networks-house-prices/java-app/house-price-app/data/rentcast/rentcast_latest2.json
"2714-Fairmount-Ave-SW,-Seattle,-WA-98116",2025-12-22,2295000,47.578778,-122.382099,/Users/marie/Documents/kiro/neural-network-house-prices/neural-networks-house-prices/java-app/house-price-app/data/rentcast/rentcast_latest2.json
"4512-S-Dawson-St,-Seattle,-WA-98118",2025-12-22,575000,47.555402,-122.275886,/Users/marie/Documents/kiro/neural-network-house-prices/neural-networks-house-prices/java-app/house-price-app/data/rentcast/rentcast_latest2.json
"6511-24th-Ave-S,-Seattle,-WA-98108",2025-12-22,650000,47.543969,-122.302545,/Users/marie/Documents/kiro/neural-network-house-prices/neural-networks-house-prices/java-app/house-price-app/data/rentcast/rentcast_latest2.json
"8383-31st-Ave-NW,-Seattle,-WA-98117",2025-12-22,915000,47.690454,-122.397009,/Users/marie/Documents/kiro/neural-network-house-prices/neural-networks-house-prices/java-app/house-price-app/data/rentcast/rentcast_latest2.json
"12046-89th-Pl-NE,-Kirkland,-WA-98034",2025-12-22,1500000,47.708969,-122.222043,/Users/marie/Documents/kiro/neural-network-house-prices/neural-networks-house-prices/java-app/house-price-app/data/rentcast/rentcast_latest2.json
"7929-Se-37th-St,-Mercer-Island,-WA-98040",2025-12-22,2400000,47.577429,-122.232757,/Users/marie/Documents/kiro/neural-network-house-prices/neural-networks-house-prices/java-app/house-price-app/data/rentcast/rentcast_latest2.json
"7045-16th-Ave-NE,-Seattle,-WA-98115",2025-12-22,999950,47.680755,-122.311341,/Users/marie/Documents/kiro/neural-network-house-prices/neural-networks-house-prices/java-app/house-price-app/data/rentcast/rentcast_latest2.json
"3620-Phinney-Ave-N,-Seattle,-WA-98103",2025-12-23,19000000,47.652824,-122.354137,/Users/marie/Documents/kiro/neural-network-house-prices/neural-networks-house-prices/java-app/house-price-app/data/rentcast/rentcast_previous.csv
"1755-Ne-89th-St,-Seattle,-WA-98115",2025-12-23,727000,47.692845,-122.307045,/Users/marie/Documents/kiro/neural-network-house-prices/neural-networks-house-prices/java-app/house-price-app/data/rentcast/rentcast_previous.csv
"2334-Elliott-Ave,-Seattle,-WA-98121",2025-12-23,47690500,47.612782,-122.348913,/Users/marie/Documents/kiro/neural-network-house-prices/neural-networks-house-prices/java-app/house-price-app/data/rentcast/rentcast_previous.csv
"4226-92nd-Ave-NE,-Yarrow-Point,-WA-98004",2025-12-23,3400000,47.648213,-122.217091,/Users/marie/Documents/kiro/neural-network-house-prices/neural-networks-house-prices/java-app/house-price-app/data/rentcast/rentcast_latest2.json
"322-Hyak-Pl-NE,-Bainbridge-Island,-WA-98110",2025-12-23,1235000,47.62694,-122.511905,/Users/marie/Documents/kiro/neural-network-house-prices/neural-networks-house-prices/java-app/house-price-app/data/rentcast/rentcast_latest2.json
"8557-132nd-Ave-NE,-Kirkland,-WA-98033",2025-12-23,1599000,47.681086,-122.164494,/Users/marie/Documents/kiro/neural-network-house-prices/neural-networks-house-prices/java-app/house-price-app/data/rentcast/rentcast_latest2.json
"13427-90th-Ave-NE,-Kirkland,-WA-98034",2025-12-23,1050000,47.721234,-122.221513,/Users/marie/Documents/kiro/neural-network-house-prices/neural-networks-house-prices/java-app/house-price-app/data/rentcast/rentcast_latest2.json
"1809-136th-Pl-SE,-Bellevue,-WA-98005",2025-12-23,1535000,47.593709,-122.157958,/Users/marie/Documents/kiro/neural-network-house-prices/neural-networks-house-prices/java-app/house-price-app/data/rentcast/rentcast_latest2.json
"11227-Fremont-Ave-N,-Seattle,-WA-98133",2025-12-23,625000,47.711364,-122.350561,/Users/marie/Documents/kiro/neural-network-house-prices/neural-networks-house-prices/java-app/house-price-app/data/rentcast/rentcast_latest2.json
"7702-10th-Ave-NW,-Seattle,-WA-98117",2025-12-23,1450000,47.685245,-122.369154,/Users/marie/Documents/kiro/neural-network-house-prices/neural-networks-house-prices/java-app/house-price-app/data/rentcast/rentcast_latest2.json
"10114-11th-Ave-S,-Seattle,-WA-98168",2025-12-23,660000,47.512466,-122.318585,/Users/marie/Documents/kiro/neural-network-house-prices/neural-networks-house-prices/java-app/house-price-app/data/rentcast/rentcast_latest2.json
"15802-6th-Ave-NE,-Shoreline,-WA-98155",2025-12-23,700000,47.743658,-122.322158,/Users/marie/Documents/kiro/neural-network-house-prices/neural-networks-house-prices/java-app/house-price-app/data/rentcast/rentcast_latest2.json
"10652-4th-Ave-SW,-Seattle,-WA-98146",2025-12-23,495000,47.507063,-122.338774,/Users/marie/Documents/kiro/neural-network-house-prices/neural-networks-house-prices/java-app/house-price-app/data/rentcast/rentcast_latest2.json
"10871-Manitou-Beach-Dr-NE,-Bainbridge-Island,-WA-98110",2025-12-23,1275000,47.661341,-122.505652,/Users/marie/Documents/kiro/neural-network-house-prices/neural-networks-house-prices/java-app/house-price-app/data/rentcast/rentcast_latest2.json
"2823-36th-Ave-W,-Seattle,-WA-98199",2025-12-23,1298000,47.645702,-122.403994,/Users/marie/Documents/kiro/neural-network-house-prices/neural-networks-house-prices/java-app/house-price-app/data/rentcast/rentcast_latest2.json
"5632-S-149th-St,-Tukwila,-WA-98168",2025-12-23,690000,47.47017,-122.263304,/Users/marie/Documents/kiro/neural-network-house-prices/neural-networks-house-prices/java-app/house-price-app/data/rentcast/rentcast_latest2.json
"326-Ne-55th-St,-Seattle,-WA-98105",2025-12-23,915000,47.668841,-122.324355,/Users/marie/Documents/kiro/neural-network-house-prices/neural-networks-house-prices/java-app/house-price-app/data/rentcast/rentcast_latest2.json
"9439-11th-Ave-SW,-Seattle,-WA-98106",2025-12-23,535000,47.518021,-122.349645,/Users/marie/Documents/kiro/neural-network-house-prices/neural-networks-house-prices/java-app/house-price-app/data/rentcast/rentcast_latest2.json
"12206-Fremont-Ave-N,-Seattle,-WA-98133",2025-12-23,675000,47.718068,-122.349947,/Users/marie/Documents/kiro/neural-network-house-prices/neural-networks-house-prices/java-app/house-price-app/data/rentcast/rentcast_previous.csv
"9200-5th-Ave-NE,-Seattle,-WA-98115",2025-12-23,932000,47.695992,-122.322732,/Users/marie/Documents/kiro/neural-network-house-prices/neural-networks-house-prices/java-app/house-price-app/data/rentcast/rentcast_latest2.json
"1475-Nw-77th-St,-Seattle,-WA-98117",2025-12-23,835000,47.684884,-122.375863,/Users/marie/Documents/kiro/neural-network-house-prices/neural-networks-house-prices/java-app/house-price-app/data/rentcast/rentcast_latest2.json
"7420-Latona-Ave-NE,-Seattle,-WA-98115",2025-12-23,1275000,47.682583,-122.325864,/Users/marie/Documents/kiro/neural-network-house-prices/neural-networks-house-prices/java-app/house-price-app/data/rentcast/rentcast_latest2.json
"13610-8th-Ave-SW,-Burien,-WA-98166",2025-12-23,467000,47.480763,-122.34421,/Users/marie/Documents/kiro/neural-network-house-prices/neural-networks-house-prices/java-app/house-price-app/data/rentcast/rentcast_latest2.json
"230-Canopy-Path-NW,-Bainbridge-Island,-WA-98110",2025-12-23,1275000,47.626975,-122.523225,/Users/marie/Documents/kiro/neural-network-house-prices/neural-networks-house-prices/java-app/house-price-app/data/rentcast/rentcast_latest2.json
"3717-Sw-Tillman-St,-Seattle,-WA-98126",2025-12-24,926000,47.526738,-122.380142,/Users/marie/Documents/kiro/neural-network-house-prices/neural-networks-house-prices/java-app/house-price-app/data/rentcast/rentcast_previous.csv
"9215-30th-Ave-SW,-Seattle,-WA-98126",2025-12-24,890000,47.520564,-122.37173,/Users/marie/Documents/kiro/neural-network-house-prices/neural-networks-house-prices/java-app/house-price-app/data/rentcast/rentcast_latest2.json
"3846-35th-Ave-SW,-Seattle,-WA-98126",2025-12-24,950000,47.568886,-122.375833,/Users/marie/Documents/kiro/neural-network-house-prices/neural-networks-house-prices/java-app/house-price-app/data/rentcast/rentcast_latest2.json
"547-S-Trenton-St,-Seattle,-WA-98108",2025-12-24,310000,47.524532,-122.326143,/Users/marie/Documents/kiro/neural-network-house-prices/neural-networks-house-prices/java-app/house-price-app/data/rentcast/rentcast_latest2.json
"528-N-72nd-St,-Seattle,-WA-98103",2025-12-24,1199950,47.681262,-122.351313,/Users/marie/Documents/kiro/neural-network-house-prices/neural-networks-house-prices/java-app/house-price-app/data/rentcast/rentcast_previous.csv
"4107-54th-Ave-SW,-Seattle,-WA-98116",2025-12-24,750000,47.566416,-122.401961,/Users/marie/Documents/kiro/neural-network-house-prices/neural-networks-house-prices/java-app/house-price-app/data/rentcast/rentcast_latest2.json
"214-31st-Ave-S,-Seattle,-WA-98144",2025-12-24,950000,47.600356,-122.292283,/Users/marie/Documents/kiro/neural-network-house-prices/neural-networks-house-prices/java-app/house-price-app/data/rentcast/rentcast_latest2.json
"12618-Roseberg-Ave-S,-Seattle,-WA-98168",2025-12-24,720000,47.490015,-122.309061,/Users/marie/Documents/kiro/neural-network-house-prices/neural-networks-house-prices/java-app/house-price-app/data/rentcast/rentcast_latest2.json
"4270-S-Greenbelt-Station-Dr,-Seattle,-WA-98118",2025-12-26,445000,47.524871,-122.279519,/Users/marie/Documents/kiro/neural-network-house-prices/neural-networks-house-prices/java-app/house-price-app/data/rentcast/rentcast_latest3.json
"566-Mcgraw-St,-Seattle,-WA-98109",2025-12-26,830000,47.639757,-122.344998,/Users/marie/Documents/kiro/neural-network-house-prices/neural-networks-house-prices/java-app/house-price-app/data/rentcast/rentcast_latest3.json
"522-Ne-81st-St,-Seattle,-WA-98115",2025-12-26,1175000,47.687726,-122.32191,/Users/marie/Documents/kiro/neural-network-house-prices/neural-networks-house-prices/java-app/house-price-app/data/rentcast/rentcast_latest3.json
"13005-8th-Ave-NE,-Seattle,-WA-98125",2025-12-29,980000,47.723337,-122.32109,/Users/marie/Documents/kiro/neural-network-house-prices/neural-networks-house-prices/java-app/house-price-app/data/rentcast/rentcast_latest3.json
"5639-University-Way-NE,-Seattle,-WA-98105",2025-12-29,1300000,47.670588,-122.31333,/Users/marie/Documents/kiro/neural-network-house-prices/neural-networks-house-prices/java-app/house-price-app/data/rentcast/rentcast_latest3.json
"5009-51st-Ave-S,-Seattle,-WA-98118",2025-12-29,692500,47.556674,-122.270109,/Users/marie/Documents/kiro/neural-network-house-prices/neural-networks-house-prices/java-app/house-price-app/data/rentcast/rentcast_latest3.json
"1994-Shenandoah-Dr-E,-Seattle,-WA-98112",2025-12-29,3700000,47.638371,-122.290071,/Users/marie/Documents/kiro/neural-network-house-prices/neural-networks-house-prices/java-app/house-price-app/data/rentcast/rentcast_latest3.json
"5627-118th-Ave-SE,-Bellevue,-WA-98006",2025-12-29,1350000,47.552516,-122.181491,/Users/marie/Documents/kiro/neural-network-house-prices/neural-networks-house-prices/java-app/house-price-app/data/rentcast/rentcast_latest3.json
"10045-1st-Ave-S,-Seattle,-WA-98168",2025-12-29,509380,47.512617,-122.334356,/Users/marie/Documents/kiro/neural-network-house-prices/neural-networks-house-prices/java-app/house-price-app/data/rentcast/rentcast_latest3.json
"9521-12th-Ave-NW,-Seattle,-WA-98117",2025-12-29,710000,47.698543,-122.37183,/Users/marie/Documents/kiro/neural-network-house-prices/neural-networks-house-prices/java-app/house-price-app/data/rentcast/rentcast_latest3.json
"3054-Nw-65th-St,-Seattle,-WA-98117",2025-12-29,860000,47.67609,-122.397948,/Users/marie/Documents/kiro/neural-network-house-prices/neural-networks-house-prices/java-app/house-price-app/data/rentcast/rentcast_latest3.json
"12037-89th-Pl-NE,-Kirkland,-WA-98034",2025-12-29,1365000,47.708665,-122.223087,/Users/marie/Documents/kiro/neural-network-house-prices/neural-networks-house-prices/java-app/house-price-app/data/rentcast/rentcast_latest3.json
"12233-12th-Ave-NW,-Seattle,-WA-98177",2025-12-29,3770000,47.718681,-122.373494,/Users/marie/Documents/kiro/neural-network-house-prices/neural-networks-house-prices/java-app/house-price-app/data/rentcast/rentcast_latest3.json
"4212-43rd-Ave-NE,-Seattle,-WA-98105",2025-12-29,1350000,47.65957,-122.280953,/Users/marie/Documents/kiro/neural-network-house-prices/neural-networks-house-prices/java-app/house-price-app/data/rentcast/rentcast_latest3.json
"11307-24th-Ave-NE,-Seattle,-WA-98125",2025-12-29,915000,47.710629,-122.302833,/Users/marie/Documents/kiro/neural-network-house-prices/neural-networks-house-prices/java-app/house-price-app/data/rentcast/rentcast_latest3.json
"7014-125th-Ln-NE,-Kirkland,-WA-98033",2025-12-30,2695000,47.668512,-122.172997,/Users/marie/Documents/kiro/neural-network-house-prices/neural-networks-house-prices/java-app/house-price-app/data/rentcast/rentcast_latest3.json
"730-Broadway,-Seattle,-WA-98122",2025-12-30,1205000,47.608447,-122.32061,/Users/marie/Documents/kiro/neural-network-house-prices/neural-networks-house-prices/java-app/house-price-app/data/rentcast/rentcast_latest3.json
"10505-N-Park-Ave-N,-Seattle,-WA-98133",2025-12-30,700000,47.705321,-122.349051,/Users/marie/Documents/kiro/neural-network-house-prices/neural-networks-house-prices/java-app/house-price-app/data/rentcast/rentcast_latest3.json
"3254-Nw-Market-St,-Seattle,-WA-98107",2025-12-30,1330000,47.668807,-122.400719,/Users/marie/Documents/kiro/neural-network-house-prices/neural-networks-house-prices/java-app/house-price-app/data/rentcast/rentcast_latest3.json
"6747-37th-Ave-S,-Seattle,-WA-98118",2025-12-30,836305,47.54116,-122.286904,/Users/marie/Documents/kiro/neural-network-house-prices/neural-networks-house-prices/java-app/house-price-app/data/rentcast/rentcast_latest3.json
"13634-Se-19th-St,-Bellevue,-WA-98005",2025-12-30,1650000,47.593409,-122.156108,/Users/marie/Documents/kiro/neural-network-house-prices/neural-networks-house-prices/java-app/house-price-app/data/rentcast/rentcast_latest3.json
"505-Belmont-Ave-E,-Apt-605,-Seattle,-WA-98102",2025-12-30,495000,47.623703,-122.324128,/Users/marie/Documents/kiro/neural-network-house-prices/neural-networks-house-prices/java-app/house-price-app/data/rentcast/rentcast_previous.csv
"2400-E-Louisa-St,-Seattle,-WA-98112",2025-12-30,2175000,47.642598,-122.301758,/Users/marie/Documents/kiro/neural-network-house-prices/neural-networks-house-prices/java-app/house-price-app/data/rentcast/rentcast_latest3.json
"8333-17th-Ave-NW,-Seattle,-WA-98117",2025-12-30,955000,47.689765,-122.379256,/Users/marie/Documents/kiro/neural-network-house-prices/neural-networks-house-prices/java-app/house-price-app/data/rentcast/rentcast_latest3.json
"1111-Kirkland-Ave,-Unit-3A,-Kirkland,-WA-98033",2025-12-30,372000,47.675049,-122.189485,/Users/marie/Documents/kiro/neural-network-house-prices/neural-networks-house-prices/java-app/house-price-app/data/rentcast/rentcast_previous.csv
"12451-1st-Ave-S,-Seattle,-WA-98168",2025-12-30,482000,47.490991,-122.334175,/Users/marie/Documents/kiro/neural-network-house-prices/neural-networks-house-prices/java-app/house-price-app/data/rentcast/rentcast_latest3.json
"5106-51st-Ave-S,-Seattle,-WA-98118",2025-12-30,1190000,47.556034,-122.269562,/Users/marie/Documents/kiro/neural-network-house-prices/neural-networks-house-prices/java-app/house-price-app/data/rentcast/rentcast_latest3.json
"5033-25th-Ave-Sw-Unit-A,-Seattle,-WA-98106",2025-12-30,575000,47.556408,-122.364765,/Users/marie/Documents/kiro/neural-network-house-prices/neural-networks-house-prices/java-app/house-price-app/data/rentcast/rentcast_previous.csv
"12528-24th-Ave-NE,-Seattle,-WA-98125",2025-12-30,745000,47.72014,-122.302909,/Users/marie/Documents/kiro/neural-network-house-prices/neural-networks-house-prices/java-app/house-price-app/data/rentcast/rentcast_latest3.json
"16424-Ne-17th-Pl,-Bellevue,-WA-98008",2025-12-30,2850000,47.625794,-122.120635,/Users/marie/Documents/kiro/neural-network-house-prices/neural-networks-house-prices/java-app/house-price-app/data/rentcast/rentcast_latest3.json
"2448-137th-Ave-SE,-Bellevue,-WA-98005",2025-12-30,1000000,47.587742,-122.157172,/Users/marie/Documents/kiro/neural-network-house-prices/neural-networks-house-prices/java-app/house-price-app/data/rentcast/rentcast_latest3.json
"7327-58th-Ave-NE,-Seattle,-WA-98115",2025-12-30,1175000,47.681964,-122.266233,/Users/marie/Documents/kiro/neural-network-house-prices/neural-networks-house-prices/java-app/house-price-app/data/rentcast/rentcast_latest3.json
"1511-11th-Ave-W,-Apt-6,-Seattle,-WA-98119",2025-12-30,720000,47.63263,-122.372062,/Users/marie/Documents/kiro/neural-network-house-prices/neural-networks-house-prices/java-app/house-price-app/data/rentcast/rentcast_previous.csv
"7332-58th-Ave-NE,-Seattle,-WA-98115",2025-12-30,1050000,47.682109,-122.26558,/Users/marie/Documents/kiro/neural-network-house-prices/neural-networks-house-prices/java-app/house-price-app/data/rentcast/rentcast_latest3.json
"9523-15th-Ave-NE,-Seattle,-WA-98115",2025-12-30,749900,47.69833,-122.312413,/Users/marie/Documents/kiro/neural-network-house-prices/neural-networks-house-prices/java-app/house-price-app/data/rentcast/rentcast_latest3.json
"417-154th-Ave-SE,-Bellevue,-WA-98007",2025-12-30,2798000,47.605659,-122.13659,/Users/marie/Documents/kiro/neural-network-house-prices/neural-networks-house-prices/java-app/house-price-app/data/rentcast/rentcast_latest3.json
"811-33rd-Ave-E,-Seattle,-WA-98112",2025-12-30,2100000,47.62656,-122.289909,/Users/marie/Documents/kiro/neural-network-house-prices/neural-networks-house-prices/java-app/house-price-app/data/rentcast/rentcast_latest3.json
"9259-Dibble-Ave-NW,-Seattle,-WA-98117",2025-12-30,925000,47.697697,-122.367709,/Users/marie/Documents/kiro/neural-network-house-prices/neural-networks-house-prices/java-app/house-price-app/data/rentcast/rentcast_latest3.json
"327-Ne-90th-St,-Seattle,-WA-98115",2025-12-30,575000,47.6938,-122.324579,/Users/marie/Documents/kiro/neural-network-house-prices/neural-networks-house-prices/java-app/house-price-app/data/rentcast/rentcast_latest3.json
"2003-Boylston-Ave-E,-Seattle,-WA-98102",2025-12-30,1274100,47.636946,-122.323718,/Users/marie/Documents/kiro/neural-network-house-prices/neural-networks-house-prices/java-app/house-price-app/data/rentcast/rentcast_previous.csv
"15053-Se-45th-Pl,-Bellevue,-WA-98006",2025-12-31,3450000,47.564302,-122.138634,/Users/marie/Documents/kiro/neural-network-house-prices/neural-networks-house-prices/java-app/house-price-app/data/rentcast/rentcast_latest3.json
"747-N-78th-St,-Seattle,-WA-98103",2025-12-31,700000,47.685271,-122.347905,/Users/marie/Documents/kiro/neural-network-house-prices/neural-networks-house-prices/java-app/house-price-app/data/rentcast/rentcast_latest3.json
"2815-W-Elmore-St,-Seattle,-WA-98199",2025-12-31,879900,47.657496,-122.393553,/Users/marie/Documents/kiro/neural-network-house-prices/neural-networks-house-prices/java-app/house-price-app/data/rentcast/rentcast_latest3.json
"811-Sw-Langston-Rd,-Renton,-WA-98057",2025-12-31,540000,47.481704,-122.228344,/Users/marie/Documents/kiro/neural-network-house-prices/neural-networks-house-prices/java-app/house-price-app/data/rentcast/rentcast_latest3.json
"4816-Sw-Alaska-St,-Seattle,-WA-98116",2025-12-31,895000,47.561354,-122.394304,/Users/marie/Documents/kiro/neural-network-house-prices/neural-networks-house-prices/java-app/house-price-app/data/rentcast/rentcast_latest3.json
"705-E-Republican-St,-Apt-302,-Seattle,-WA-98102",2025-12-31,312000,47.622896,-122.32275,/Users/marie/Documents/kiro/neural-network-house-prices/neural-networks-house-prices/java-app/house-price-app/data/rentcast/rentcast_previous.csv
"8608-16th-Ave-SW,-Seattle,-WA-98106",2025-12-31,725000,47.526185,-122.354645,/Users/marie/Documents/kiro/neural-network-house-prices/neural-networks-house-prices/java-app/house-price-app/data/rentcast/rentcast_latest3.json
"12504-8th-Ave-SW,-Seattle,-WA-98146",2025-12-31,335000,47.491105,-122.344132,/Users/marie/Documents/kiro/neural-network-house-prices/neural-networks-house-prices/java-app/house-price-app/data/rentcast/rentcast_latest3.json
"388-Slater-St-S,-Kirkland,-WA-98033",2025-12-31,1100000,47.672997,-122.188893,/Users/marie/Documents/kiro/neural-network-house-prices/neural-networks-house-prices/java-app/house-price-app/data/rentcast/rentcast_latest3.json
"123-N-48th-St,-Seattle,-WA-98103",2025-12-31,1100000,47.663406,-122.356041,/Users/marie/Documents/kiro/neural-network-house-prices/neural-networks-house-prices/java-app/house-price-app/data/rentcast/rentcast_previous.csv
"618-Nw-47th-St,-Seattle,-WA-98107",2025-12-31,675000,47.6631,-122.364939,/Users/marie/Documents/kiro/neural-network-house-prices/neural-networks-house-prices/java-app/house-price-app/data/rentcast/rentcast_latest3.json
"6306-S-Bangor-St,-Seattle,-WA-98178",2025-12-31,630000,47.506599,-122.254349,/Users/marie/Documents/kiro/neural-network-house-prices/neural-networks-house-prices/java-app/house-price-app/data/rentcast/rentcast_latest3.json
"129-Ne-158th-St,-Shoreline,-WA-98155",2025-12-31,297212,47.743456,-122.327775,/Users/marie/Documents/kiro/neural-network-house-prices/neural-networks-house-prices/java-app/house-price-app/data/rentcast/rentcast_latest3.json
"11255-Roseberg-Ave-S,-Seattle,-WA-98168",2025-12-31,400000,47.501421,-122.303068,/Users/marie/Documents/kiro/neural-network-house-prices/neural-networks-house-prices/java-app/house-price-app/data/rentcast/rentcast_latest3.json
"10307-46th-Ave-NE,-Seattle,-WA-98125",2025-12-31,810000,47.70321,-122.279234,/Users/marie/Documents/kiro/neural-network-house-prices/neural-networks-house-prices/java-app/house-price-app/data/rentcast/rentcast_latest3.json
"3209-61st-Ave-SW,-Seattle,-WA-98116",2026-01-02,1148000,47.575559,-122.411135,/Users/marie/Documents/kiro/neural-network-house-prices/neural-networks-house-prices/java-app/house-price-app/data/rentcast/rentcast_latest3.json
"4008-Ne-57th-St,-Seattle,-WA-98105",2026-01-02,920000,47.670497,-122.284345,/Users/marie/Documents/kiro/neural-network-house-prices/neural-networks-house-prices/java-app/house-price-app/data/rentcast/rentcast_latest3.json
"3419-48th-Ave-SW,-Seattle,-WA-98116",2026-01-02,799000,47.573283,-122.393773,/Users/marie/Documents/kiro/neural-network-house-prices/neural-networks-house-prices/java-app/house-price-app/data/rentcast/rentcast_latest3.json
"2520-Warren-Ave-N,-Seattle,-WA-98109",2026-01-02,1437500,47.642093,-122.354055,/Users/marie/Documents/kiro/neural-network-house-prices/neural-networks-house-prices/java-app/house-price-app/data/rentcast/rentcast_latest3.json
"1921-E-Blaine-St,-Seattle,-WA-98112",2026-01-02,1695000,47.638148,-122.306394,/Users/marie/Documents/kiro/neural-network-house-prices/neural-networks-house-prices/java-app/house-price-app/data/rentcast/rentcast_latest3.json
"2523-31st-Ave-S,-Seattle,-WA-98144",2026-01-02,1037000,47.580242,-122.29335,/Users/marie/Documents/kiro/neural-network-house-prices/neural-networks-house-prices/java-app/house-price-app/data/rentcast/rentcast_latest3.json
"214-Shepard-Way-NW,-Bainbridge-Island,-WA-98110",2026-01-02,787000,47.626813,-122.523244,/Users/marie/Documents/kiro/neural-network-house-prices/neural-networks-house-prices/java-app/house-price-app/data/rentcast/rentcast_latest3.json
"4827-49th-Ave-SW,-Seattle,-WA-98116",2026-01-02,935000,47.558534,-122.395329,/Users/marie/Documents/kiro/neural-network-house-prices/neural-networks-house-prices/java-app/house-price-app/data/rentcast/rentcast_latest3.json
"9600-Hilltop-Rd,-Bellevue,-WA-98004",2026-01-02,4950000,47.620013,-122.213209,/Users/marie/Documents/kiro/neural-network-house-prices/neural-networks-house-prices/java-app/house-price-app/data/rentcast/rentcast_latest3.json
"3434-33rd-Ave-W,-Seattle,-WA-98199",2026-01-02,850000,47.651528,-122.399167,/Users/marie/Documents/kiro/neural-network-house-prices/neural-networks-house-prices/java-app/house-price-app/data/rentcast/rentcast_previous.csv
"8853-Stone-Ave-N,-Seattle,-WA-98103",2026-01-05,675000,47.69387,-122.341586,/Users/marie/Documents/kiro/neural-network-house-prices/neural-networks-house-prices/java-app/house-price-app/data/rentcast/rentcast_previous.csv
"2630-Nw-North-Beach-Dr,-Seattle,-WA-98117",2026-01-05,735000,47.701038,-122.389853,/Users/marie/Documents/kiro/neural-network-house-prices/neural-networks-house-prices/java-app/house-price-app/data/rentcast/rentcast_latest3.json
"420-Sw-127th-St,-Seattle,-WA-98146",2026-01-05,630000,47.489635,-122.340133,/Users/marie/Documents/kiro/neural-network-house-prices/neural-networks-house-prices/java-app/house-price-app/data/rentcast/rentcast_latest3.json
"15114-Se-41st-St,-Bellevue,-WA-98006",2026-01-05,1458000,47.572479,-122.139556,/Users/marie/Documents/kiro/neural-network-house-prices/neural-networks-house-prices/java-app/house-price-app/data/rentcast/rentcast_latest3.json
"13786-Ne-75th-Pl,-Redmond,-WA-98052",2026-01-05,1231000,47.67224,-122.15555,/Users/marie/Documents/kiro/neural-network-house-prices/neural-networks-house-prices/java-app/house-price-app/data/rentcast/rentcast_latest3.json
"10303-Evanston-Ave-N,-Seattle,-WA-98133",2026-01-05,665000,47.703761,-122.351014,/Users/marie/Documents/kiro/neural-network-house-prices/neural-networks-house-prices/java-app/house-price-app/data/rentcast/rentcast_latest3.json
"15237-Ne-3rd-St,-Bellevue,-WA-98007",2026-01-05,1210000,47.612103,-122.135814,/Users/marie/Documents/kiro/neural-network-house-prices/neural-networks-house-prices/java-app/house-price-app/data/rentcast/rentcast_latest3.json
"1349-Nolta-Loop-NE,-Bainbridge-Island,-WA-98110",2026-01-05,489000,47.637091,-122.513263,/Users/marie/Documents/kiro/neural-network-house-prices/neural-networks-house-prices/java-app/house-price-app/data/rentcast/rentcast_previous.csv
"392-Wills-Ln-NW,-Bainbridge-Island,-WA-98110",2026-01-05,875000,47.62814,-122.523302,/Users/marie/Documents/kiro/neural-network-house-prices/neural-networks-house-prices/java-app/house-price-app/data/rentcast/rentcast_latest3.json
"8750-Greenwood-Ave-N,-Apt-S207,-Seattle,-WA-98103",2026-01-06,509000,47.693698,-122.355209,/Users/marie/Documents/kiro/neural-network-house-prices/neural-networks-house-prices/java-app/house-price-app/data/rentcast/rentcast_previous.csv
"10613-Se-4th-St,-Bellevue,-WA-98004",2026-01-06,1800000,47.606638,-122.197954,/Users/marie/Documents/kiro/neural-network-house-prices/neural-networks-house-prices/java-app/house-price-app/data/rentcast/rentcast_latest3.json
"6751-14th-Ave-NW,-Seattle,-WA-98117",2026-01-06,665000,47.679335,-122.374552,/Users/marie/Documents/kiro/neural-network-house-prices/neural-networks-house-prices/java-app/house-price-app/data/rentcast/rentcast_latest3.json
"4317-37th-Ave-NE,-Seattle,-WA-98105",2026-01-06,1400000,47.660392,-122.288527,/Users/marie/Documents/kiro/neural-network-house-prices/neural-networks-house-prices/java-app/house-price-app/data/rentcast/rentcast_latest3.json
"4516-48th-Ave-SW,-Seattle,-WA-98116",2026-01-06,1150000,47.5624,-122.393091,/Users/marie/Documents/kiro/neural-network-house-prices/neural-networks-house-prices/java-app/house-price-app/data/rentcast/rentcast_latest3.json
"9001-Ne-14th-St,-Clyde-Hill,-WA-98004",2026-01-06,13500000,47.623128,-122.220487,/Users/marie/Documents/kiro/neural-network-house-prices/neural-networks-house-prices/java-app/house-price-app/data/rentcast/rentcast_latest3.json
"13403-Ne-33rd-Ln,-Bellevue,-WA-98005",2026-01-06,5700000,47.639901,-122.161532,/Users/marie/Documents/kiro/neural-network-house-prices/neural-networks-house-prices/java-app/house-price-app/data/rentcast/rentcast_latest3.json
"2515-4th-Ave,-Seattle,-WA-98121",2026-01-06,70785000,47.616761,-122.346904,/Users/marie/Documents/kiro/neural-network-house-prices/neural-networks-house-prices/java-app/house-price-app/data/rentcast/rentcast_previous.csv
"2051-Ne-97th-St,-Seattle,-WA-98115",2026-01-06,969000,47.699164,-122.304674,/Users/marie/Documents/kiro/neural-network-house-prices/neural-networks-house-prices/java-app/house-price-app/data/rentcast/rentcast_latest3.json
"3810-Ne-155th-St,-Lake-Forest-Park,-WA-98155",2026-01-06,849000,47.74123,-122.287382,/Users/marie/Documents/kiro/neural-network-house-prices/neural-networks-house-prices/java-app/house-price-app/data/rentcast/rentcast_latest3.json
"15819-42nd-Ave-S,-Tukwila,-WA-98188",2026-01-06,550000,47.460861,-122.281627,/Users/marie/Documents/kiro/neural-network-house-prices/neural-networks-house-prices/java-app/house-price-app/data/rentcast/rentcast_latest3.json
"819-Nw-80th-St,-Seattle,-WA-98117",2026-01-06,960000,47.68674,-122.367025,/Users/marie/Documents/kiro/neural-network-house-prices/neural-networks-house-prices/java-app/house-price-app/data/rentcast/rentcast_latest3.json
"9526-7th-Ave-NW,-Seattle,-WA-98117",2026-01-06,592000,47.698665,-122.36433,/Users/marie/Documents/kiro/neural-network-house-prices/neural-networks-house-prices/java-app/house-price-app/data/rentcast/rentcast_latest3.json
"3430-42nd-Ave-SW,-Seattle,-WA-98116",2026-01-06,1400100,47.572289,-122.385341,/Users/marie/Documents/kiro/neural-network-house-prices/neural-networks-house-prices/java-app/house-price-app/data/rentcast/rentcast_latest3.json
"6216-151st-Ave-SE,-Bellevue,-WA-98006",2026-01-06,1800000,47.547128,-122.138811,/Users/marie/Documents/kiro/neural-network-house-prices/neural-networks-house-prices/java-app/house-price-app/data/rentcast/rentcast_latest3.json
"13746-Stone-Ave-N,-Seattle,-WA-98133",2026-01-06,975000,47.730003,-122.341977,/Users/marie/Documents/kiro/neural-network-house-prices/neural-networks-house-prices/java-app/house-price-app/data/rentcast/rentcast_latest3.json
"6001-38th-Ave-SW,-Seattle,-WA-98126",2026-01-06,930000,47.54826,-122.380808,/Users/marie/Documents/kiro/neural-network-house-prices/neural-networks-house-prices/java-app/house-price-app/data/rentcast/rentcast_latest3.json
"9704-Ne-124th-St,-Kirkland,-WA-98034",2026-01-06,1010000,47.711532,-122.212151,/Users/marie/Documents/kiro/neural-network-house-prices/neural-networks-house-prices/java-app/house-price-app/data/rentcast/rentcast_previous.csv
"1128-N-91st-St,-Seattle,-WA-98103",2026-01-07,482000,47.695109,-122.343229,/Users/marie/Documents/kiro/neural-network-house-prices/neural-networks-house-prices/java-app/house-price-app/data/rentcast/rentcast_latest3.json
"4747-Thackeray-Pl-NE,-Seattle,-WA-98105",2026-01-07,1235000,47.664546,-122.326258,/Users/marie/Documents/kiro/neural-network-house-prices/neural-networks-house-prices/java-app/house-price-app/data/rentcast/rentcast_latest3.json
"12203-21st-Ave-S,-Seattle,-WA-98168",2026-01-07,535000,47.494186,-122.306479,/Users/marie/Documents/kiro/neural-network-house-prices/neural-networks-house-prices/java-app/house-price-app/data/rentcast/rentcast_latest3.json
"902-W-Blaine-St,-Seattle,-WA-98119",2026-01-07,2580000,47.634938,-122.369351,/Users/marie/Documents/kiro/neural-network-house-prices/neural-networks-house-prices/java-app/house-price-app/data/rentcast/rentcast_latest3.json
"10516-9th-Ave-NE,-Seattle,-WA-98125",2026-01-07,605000,47.705414,-122.318183,/Users/marie/Documents/kiro/neural-network-house-prices/neural-networks-house-prices/java-app/house-price-app/data/rentcast/rentcast_latest3.json
"10050-12th-Ave-SW,-Seattle,-WA-98146",2026-01-07,535000,47.512337,-122.350005,/Users/marie/Documents/kiro/neural-network-house-prices/neural-networks-house-prices/java-app/house-price-app/data/rentcast/rentcast_latest3.json
"516-N-83rd-St,-Seattle,-WA-98103",2026-01-07,1499500,47.689319,-122.351789,/Users/marie/Documents/kiro/neural-network-house-prices/neural-networks-house-prices/java-app/house-price-app/data/rentcast/rentcast_latest3.json
"7360-22nd-Ave-NW,-Seattle,-WA-98117",2026-01-07,2379000,47.682961,-122.383978,/Users/marie/Documents/kiro/neural-network-house-prices/neural-networks-house-prices/java-app/house-price-app/data/rentcast/rentcast_latest3.json
"8933-Ne-117th-Pl,-Kirkland,-WA-98034",2026-01-07,4650000,47.705502,-122.221359,/Users/marie/Documents/kiro/neural-network-house-prices/neural-networks-house-prices/java-app/house-price-app/data/rentcast/rentcast_latest3.json
"13355-Se-43rd-Pl,-Bellevue,-WA-98006",2026-01-07,2050000,47.567037,-122.161233,/Users/marie/Documents/kiro/neural-network-house-prices/neural-networks-house-prices/java-app/house-price-app/data/rentcast/rentcast_latest3.json
"730-N-85th-St,-Seattle,-WA-98103",2026-01-08,4742350,47.690935,-122.348344,/Users/marie/Documents/kiro/neural-network-house-prices/neural-networks-house-prices/java-app/house-price-app/data/rentcast/rentcast_previous.csv
"1960-Shenandoah-Dr-E,-Seattle,-WA-98112",2026-01-08,3500000,47.637572,-122.289126,/Users/marie/Documents/kiro/neural-network-house-prices/neural-networks-house-prices/java-app/house-price-app/data/rentcast/rentcast_latest3.json
"3777-148th-Ave-SE,-Bellevue,-WA-98006",2026-01-08,3298000,47.575937,-122.14326,/Users/marie/Documents/kiro/neural-network-house-prices/neural-networks-house-prices/java-app/house-price-app/data/rentcast/rentcast_latest3.json
"8411-Ne-20th-St,-Clyde-Hill,-WA-98004",2026-01-08,2900000,47.627937,-122.22748,/Users/marie/Documents/kiro/neural-network-house-prices/neural-networks-house-prices/java-app/house-price-app/data/rentcast/rentcast_latest3.json
"2711-Nw-80th-St,-Seattle,-WA-98117",2026-01-08,599950,47.686641,-122.391293,/Users/marie/Documents/kiro/neural-network-house-prices/neural-networks-house-prices/java-app/house-price-app/data/rentcast/rentcast_latest3.json
"4706-Sw-Othello-St,-Seattle,-WA-98136",2026-01-08,1000000,47.538192,-122.393448,/Users/marie/Documents/kiro/neural-network-house-prices/neural-networks-house-prices/java-app/house-price-app/data/rentcast/rentcast_latest3.json
"7407-127th-Ave-NE,-Kirkland,-WA-98033",2026-01-08,1315000,47.671044,-122.171089,/Users/marie/Documents/kiro/neural-network-house-prices/neural-networks-house-prices/java-app/house-price-app/data/rentcast/rentcast_previous.csv
"905-Ne-114th-St,-Seattle,-WA-98125",2026-01-08,595000,47.711356,-122.319012,/Users/marie/Documents/kiro/neural-network-house-prices/neural-networks-house-prices/java-app/house-price-app/data/rentcast/rentcast_latest3.json
"1244-Ne-96th-St,-Seattle,-WA-98115",2026-01-08,967500,47.698789,-122.312833,/Users/marie/Documents/kiro/neural-network-house-prices/neural-networks-house-prices/java-app/house-price-app/data/rentcast/rentcast_latest3.json
"9728-45th-Ave-NE,-Seattle,-WA-98115",2026-01-08,810000,47.70053,-122.279776,/Users/marie/Documents/kiro/neural-network-house-prices/neural-networks-house-prices/java-app/house-price-app/data/rentcast/rentcast_latest3.json
"5910-Fauntleroy-Way-SW,-Seattle,-WA-98136",2026-01-08,730000,47.549814,-122.382515,/Users/marie/Documents/kiro/neural-network-house-prices/neural-networks-house-prices/java-app/house-price-app/data/rentcast/rentcast_latest3.json
"1015-1st-St,-Kirkland,-WA-98033",2026-01-08,2060000,47.683499,-122.208855,/Users/marie/Documents/kiro/neural-network-house-prices/neural-networks-house-prices/java-app/house-price-app/data/rentcast/rentcast_latest3.json
"6209-6th-Ave-NW,-Seattle,-WA-98107",2026-01-09,1050000,47.674563,-122.364334,/Users/marie/Documents/kiro/neural-network-house-prices/neural-networks-house-prices/java-app/house-price-app/data/rentcast/rentcast_latest3.json
"12534-N-Park-Ave-N,-Unit-Lower,-Seattle,-WA-98133",2026-01-09,770000,47.720676,-122.34907,/Users/marie/Documents/kiro/neural-network-house-prices/neural-networks-house-prices/java-app/house-price-app/data/rentcast/rentcast_previous.csv
"12534-N-Park-Ave-N,-Seattle,-WA-98133",2026-01-09,770000,47.720618,-122.349141,/Users/marie/Documents/kiro/neural-network-house-prices/neural-networks-house-prices/java-app/house-price-app/data/rentcast/rentcast_previous.csv
"1823-145th-Pl-SE,-Bellevue,-WA-98007",2026-01-09,1350000,47.59426,-122.149121,/Users/marie/Documents/kiro/neural-network-house-prices/neural-networks-house-prices/java-app/house-price-app/data/rentcast/rentcast_latest3.json
"9233-Mary-Ave-NW,-Seattle,-WA-98117",2026-01-09,1050000,47.697054,-122.37578,/Users/marie/Documents/kiro/neural-network-house-prices/neural-networks-house-prices/java-app/house-price-app/data/rentcast/rentcast_latest3.json
"6202-122nd-Ave-SE,-Bellevue,-WA-98006",2026-01-09,1650000,47.547495,-122.17698,/Users/marie/Documents/kiro/neural-network-house-prices/neural-networks-house-prices/java-app/house-price-app/data/rentcast/rentcast_latest3.json
"8826-10th-Ave-SW,-Seattle,-WA-98106",2026-01-09,638000,47.523866,-122.347654,/Users/marie/Documents/kiro/neural-network-house-prices/neural-networks-house-prices/java-app/house-price-app/data/rentcast/rentcast_latest3.json
"10511-Ne-44th-St,-Kirkland,-WA-98033",2026-01-09,2100000,47.649414,-122.198782,/Users/marie/Documents/kiro/neural-network-house-prices/neural-networks-house-prices/java-app/house-price-app/data/rentcast/rentcast_latest3.json
"4441-53rd-Ave-SW,-Seattle,-WA-98116",2026-01-09,1150000,47.563665,-122.40059,/Users/marie/Documents/kiro/neural-network-house-prices/neural-networks-house-prices/java-app/house-price-app/data/rentcast/rentcast_latest3.json
"12832-Ne-84th-St,-Kirkland,-WA-98033",2026-01-09,1360000,47.678784,-122.16809,/Users/marie/Documents/kiro/neural-network-house-prices/neural-networks-house-prices/java-app/house-price-app/data/rentcast/rentcast_latest3.json
"12520-24th-Ave-NE,-Seattle,-WA-98125",2026-01-09,600000,47.720102,-122.302411,/Users/marie/Documents/kiro/neural-network-house-prices/neural-networks-house-prices/java-app/house-price-app/data/rentcast/rentcast_latest3.json
"12725-Roosevelt-Way-NE,-Seattle,-WA-98125",2026-01-09,1010000,47.721763,-122.321841,/Users/marie/Documents/kiro/neural-network-house-prices/neural-networks-house-prices/java-app/house-price-app/data/rentcast/rentcast_latest3.json
"3322-S-Holly-St,-Seattle,-WA-98118",2026-01-09,1020000,47.542914,-122.289334,/Users/marie/Documents/kiro/neural-network-house-prices/neural-networks-house-prices/java-app/house-price-app/data/rentcast/rentcast_latest3.json
"3202-E-Terrace-St,-Seattle,-WA-98122",2026-01-09,1010000,47.605309,-122.291357,/Users/marie/Documents/kiro/neural-network-house-prices/neural-networks-house-prices/java-app/house-price-app/data/rentcast/rentcast_latest3.json
"10036-1st-Ave-S,-Seattle,-WA-98168",2026-01-09,400000,47.512725,-122.33366,/Users/marie/Documents/kiro/neural-network-house-prices/neural-networks-house-prices/java-app/house-price-app/data/rentcast/rentcast_latest3.json
"11300-Goodwin-Way-NE,-Seattle,-WA-98125",2026-01-09,950000,47.710593,-122.310907,/Users/marie/Documents/kiro/neural-network-house-prices/neural-networks-house-prices/java-app/house-price-app/data/rentcast/rentcast_latest3.json
"7821-Meridian-Ave-N,-Seattle,-WA-98103",2026-01-09,860400,47.686658,-122.333256,/Users/marie/Documents/kiro/neural-network-house-prices/neural-networks-house-prices/java-app/house-price-app/data/rentcast/rentcast_latest3.json
"5117-S-Pearl-St,-Seattle,-WA-98118",2026-01-09,1270000,47.556055,-122.269003,/Users/marie/Documents/kiro/neural-network-house-prices/neural-networks-house-prices/java-app/house-price-app/data/rentcast/rentcast_latest3.json
"8606-Ne-138th-St,-Kirkland,-WA-98034",2026-01-09,1155000,47.724904,-122.226654,/Users/marie/Documents/kiro/neural-network-house-prices/neural-networks-house-prices/java-app/house-price-app/data/rentcast/rentcast_latest3.json
"10127-Waters-Ave-S,-Seattle,-WA-98178",2026-01-09,810000,47.509892,-122.250346,/Users/marie/Documents/kiro/neural-network-house-prices/neural-networks-house-prices/java-app/house-price-app/data/rentcast/rentcast_latest3.json
"4040-32nd-Ave-SW,-Seattle,-WA-98126",2026-01-09,840000,47.566712,-122.372376,/Users/marie/Documents/kiro/neural-network-house-prices/neural-networks-house-prices/java-app/house-price-app/data/rentcast/rentcast_latest3.json
"7341-21st-Ave-NE,-Seattle,-WA-98115",2026-01-12,800000,47.682487,-122.305732,/Users/marie/Documents/kiro/neural-network-house-prices/neural-networks-house-prices/java-app/house-price-app/data/rentcast/rentcast_previous.csv
"10620-Se-22nd-St,-Bellevue,-WA-98004",2026-01-12,8300000,47.591644,-122.198457,/Users/marie/Documents/kiro/neural-network-house-prices/neural-networks-house-prices/java-app/house-price-app/data/rentcast/rentcast_latest3.json
"2021-Sw-149th-St,-Burien,-WA-98166",2026-01-13,775000,47.46918,-122.359949,/Users/marie/Documents/kiro/neural-network-house-prices/neural-networks-house-prices/java-app/house-price-app/data/rentcast/rentcast_latest3.json
"3219-39th-Ave-SW,-Seattle,-WA-98116",2026-01-13,1050000,47.575035,-122.381727,/Users/marie/Documents/kiro/neural-network-house-prices/neural-networks-house-prices/java-app/house-price-app/data/rentcast/rentcast_latest3.json
"10522-41st-Pl-NE,-Seattle,-WA-98125",2026-01-13,800000,47.705338,-122.283054,/Users/marie/Documents/kiro/neural-network-house-prices/neural-networks-house-prices/java-app/house-price-app/data/rentcast/rentcast_latest3.json
"3108-92nd-Ave-NE,-Clyde-Hill,-WA-98004",2026-01-13,3760000,47.638657,-122.217395,/Users/marie/Documents/kiro/neural-network-house-prices/neural-networks-house-prices/java-app/house-price-app/data/rentcast/rentcast_latest3.json
"1132-Yakima-Ave-S,-Seattle,-WA-98144",2026-01-13,825000,47.592715,-122.294228,/Users/marie/Documents/kiro/neural-network-house-prices/neural-networks-house-prices/java-app/house-price-app/data/rentcast/rentcast_latest3.json
"6555-125th-Ave-NE,-Kirkland,-WA-98033",2026-01-13,1925000,47.665897,-122.174283,/Users/marie/Documents/kiro/neural-network-house-prices/neural-networks-house-prices/java-app/house-price-app/data/rentcast/rentcast_latest3.json
"3604-22nd-Ave-W,-Seattle,-WA-98199",2026-01-13,669000,47.652364,-122.384409,/Users/marie/Documents/kiro/neural-network-house-prices/neural-networks-house-prices/java-app/house-price-app/data/rentcast/rentcast_latest3.json
"7947-138th-Ave-SE,-Newcastle,-WA-98059",2026-01-13,1975000,47.532558,-122.159335,/Users/marie/Documents/kiro/neural-network-house-prices/neural-networks-house-prices/java-app/house-price-app/data/rentcast/rentcast_latest3.json
"6517-39th-Ave-NE,-Seattle,-WA-98115",2026-01-13,680000,47.676355,-122.286295,/Users/marie/Documents/kiro/neural-network-house-prices/neural-networks-house-prices/java-app/house-price-app/data/rentcast/rentcast_previous.csv
"705-E-Republican-St,-Apt-403,-Seattle,-WA-98102",2026-01-14,385000,47.622896,-122.32275,/Users/marie/Documents/kiro/neural-network-house-prices/neural-networks-house-prices/java-app/house-price-app/data/rentcast/rentcast_previous.csv
"1307-Sw-160th-St,-Burien,-WA-98166",2026-01-14,800000,47.459372,-122.351699,/Users/marie/Documents/kiro/neural-network-house-prices/neural-networks-house-prices/java-app/house-price-app/data/rentcast/rentcast_latest3.json
"9703-Ne-14th-St,-Clyde-Hill,-WA-98004",2026-01-14,5600000,47.622666,-122.211314,/Users/marie/Documents/kiro/neural-network-house-prices/neural-networks-house-prices/java-app/house-price-app/data/rentcast/rentcast_latest3.json
"319-21st-Ave,-Seattle,-WA-98122",2026-01-14,850000,47.604939,-122.30541,/Users/marie/Documents/kiro/neural-network-house-prices/neural-networks-house-prices/java-app/house-price-app/data/rentcast/rentcast_latest3.json
"335-N-104th-St,-Seattle,-WA-98133",2026-01-14,700000,47.704145,-122.353776,/Users/marie/Documents/kiro/neural-network-house-prices/neural-networks-house-prices/java-app/house-price-app/data/rentcast/rentcast_latest3.json
"1709-S-Juneau-St,-Seattle,-WA-98108",2026-01-14,550000,47.549764,-122.310654,/Users/marie/Documents/kiro/neural-network-house-prices/neural-networks-house-prices/java-app/house-price-app/data/rentcast/rentcast_latest3.json
"12760-8th-Ave-NW,-Seattle,-WA-98177",2026-01-14,2025000,47.723097,-122.36595,/Users/marie/Documents/kiro/neural-network-house-prices/neural-networks-house-prices/java-app/house-price-app/data/rentcast/rentcast_latest3.json
"109-11th-Ave-E,-Seattle,-WA-98102",2026-01-14,1500000,47.619145,-122.318494,/Users/marie/Documents/kiro/neural-network-house-prices/neural-networks-house-prices/java-app/house-price-app/data/rentcast/rentcast_previous.csv
"4436-Baker-Ave-NW,-Seattle,-WA-98107",2026-01-15,999900,47.661331,-122.359236,/Users/marie/Documents/kiro/neural-network-house-prices/neural-networks-house-prices/java-app/house-price-app/data/rentcast/rentcast_previous.csv
"1112-26th-Ave,-Seattle,-WA-98122",2026-01-15,775000,47.612002,-122.298559,/Users/marie/Documents/kiro/neural-network-house-prices/neural-networks-house-prices/java-app/house-price-app/data/rentcast/rentcast_latest3.json
"9600-Ne-28th-St,-Clyde-Hill,-WA-98004",2026-01-15,5700000,47.635862,-122.212033,/Users/marie/Documents/kiro/neural-network-house-prices/neural-networks-house-prices/java-app/house-price-app/data/rentcast/rentcast_latest3.json
"11737-Lakeside-Ave-NE,-Seattle,-WA-98125",2026-01-15,1470000,47.714596,-122.279206,/Users/marie/Documents/kiro/neural-network-house-prices/neural-networks-house-prices/java-app/house-price-app/data/rentcast/rentcast_previous.csv
"8210-Ne-141st-St,-Kirkland,-WA-98034",2026-01-15,800000,47.728102,-122.230711,/Users/marie/Documents/kiro/neural-network-house-prices/neural-networks-house-prices/java-app/house-price-app/data/rentcast/rentcast_latest3.json
"506-Market-St,-Kirkland,-WA-98033",2026-01-15,2600000,47.679138,-122.209191,/Users/marie/Documents/kiro/neural-network-house-prices/neural-networks-house-prices/java-app/house-price-app/data/rentcast/rentcast_latest3.json
"10819-44th-Ave-SW,-Seattle,-WA-98146",2026-01-15,2475000,47.505745,-122.387157,/Users/marie/Documents/kiro/neural-network-house-prices/neural-networks-house-prices/java-app/house-price-app/data/rentcast/rentcast_latest3.json
"329-Ne-51st-St,-Seattle,-WA-98105",2026-01-15,735000,47.665471,-122.324351,/Users/marie/Documents/kiro/neural-network-house-prices/neural-networks-house-prices/java-app/house-price-app/data/rentcast/rentcast_latest3.json
"11244-10th-Ave-S,-Seattle,-WA-98168",2026-01-15,340000,47.501681,-122.32014,/Users/marie/Documents/kiro/neural-network-house-prices/neural-networks-house-prices/java-app/house-price-app/data/rentcast/rentcast_latest3.json
"5803-Latona-Ave-NE,-Seattle,-WA-98105",2026-01-15,850000,47.670998,-122.325788,/Users/marie/Documents/kiro/neural-network-house-prices/neural-networks-house-prices/java-app/house-price-app/data/rentcast/rentcast_latest3.json
"12970-Se-23rd-St,-Bellevue,-WA-98005",2026-01-15,1470000,47.590493,-122.165259,/Users/marie/Documents/kiro/neural-network-house-prices/neural-networks-house-prices/java-app/house-price-app/data/rentcast/rentcast_latest3.json
"5268-18th-Ave-NE,-Seattle,-WA-98105",2026-01-15,1145000,47.668389,-122.308005,/Users/marie/Documents/kiro/neural-network-house-prices/neural-networks-house-prices/java-app/house-price-app/data/rentcast/rentcast_latest3.json
"3654-35th-Ave-W,-Seattle,-WA-98199",2026-01-15,966500,47.65384,-122.401987,/Users/marie/Documents/kiro/neural-network-house-prices/neural-networks-house-prices/java-app/house-price-app/data/rentcast/rentcast_previous.csv
"10314-20th-Ave-NE,-Seattle,-WA-98125",2026-01-15,700000,47.703443,-122.306631,/Users/marie/Documents/kiro/neural-network-house-prices/neural-networks-house-prices/java-app/house-price-app/data/rentcast/rentcast_latest3.json
"13229-Linden-Ave-N,-Apt-510B,-Seattle,-WA-98133",2026-01-15,465000,47.724805,-122.347955,/Users/marie/Documents/kiro/neural-network-house-prices/neural-networks-house-prices/java-app/house-price-app/data/rentcast/rentcast_previous.csv
"4115-Sw-Elmgrove-St,-Seattle,-WA-98136",2026-01-16,1100000,47.530504,-122.385509,/Users/marie/Documents/kiro/neural-network-house-prices/neural-networks-house-prices/java-app/house-price-app/data/rentcast/rentcast_previous.csv
"8103-134th-Pl-NE,-Redmond,-WA-98052",2026-01-16,1120000,47.676109,-122.160834,/Users/marie/Documents/kiro/neural-network-house-prices/neural-networks-house-prices/java-app/house-price-app/data/rentcast/rentcast_latest3.json
"4813-46th-Ave-SW,-Seattle,-WA-98116",2026-01-16,759000,47.558925,-122.391229,/Users/marie/Documents/kiro/neural-network-house-prices/neural-networks-house-prices/java-app/house-price-app/data/rentcast/rentcast_latest3.json
"5151-S-Frontenac-St,-Seattle,-WA-98118",2026-01-16,1400000,47.539654,-122.267754,/Users/marie/Documents/kiro/neural-network-house-prices/neural-networks-house-prices/java-app/house-price-app/data/rentcast/rentcast_latest3.json
"5202-35th-Ave-SW,-Seattle,-WA-98126",2026-01-16,475000,47.555463,-122.375832,/Users/marie/Documents/kiro/neural-network-house-prices/neural-networks-house-prices/java-app/house-price-app/data/rentcast/rentcast_latest3.json
"9511-132nd-Ave-NE,-Kirkland,-WA-98033",2026-01-16,985000,47.686399,-122.164942,/Users/marie/Documents/kiro/neural-network-house-prices/neural-networks-house-prices/java-app/house-price-app/data/rentcast/rentcast_latest3.json
"12216-Palatine-Ave-N,-Seattle,-WA-98133",2026-01-16,1850000,47.718559,-122.356926,/Users/marie/Documents/kiro/neural-network-house-prices/neural-networks-house-prices/java-app/house-price-app/data/rentcast/rentcast_latest3.json
"3021-Nw-62nd-St,-Seattle,-WA-98107",2026-01-16,860000,47.673526,-122.396685,/Users/marie/Documents/kiro/neural-network-house-prices/neural-networks-house-prices/java-app/house-price-app/data/rentcast/rentcast_latest3.json
"16238-Se-10th-St,-Bellevue,-WA-98008",2026-01-16,2780000,47.601635,-122.122782,/Users/marie/Documents/kiro/neural-network-house-prices/neural-networks-house-prices/java-app/house-price-app/data/rentcast/rentcast_latest3.json
"12009-Palatine-Ave-N,-Seattle,-WA-98133",2026-01-16,1085000,47.716308,-122.357327,/Users/marie/Documents/kiro/neural-network-house-prices/neural-networks-house-prices/java-app/house-price-app/data/rentcast/rentcast_latest3.json
"12711-9th-Ave-NW,-Seattle,-WA-98177",2026-01-16,2200000,47.721854,-122.368077,/Users/marie/Documents/kiro/neural-network-house-prices/neural-networks-house-prices/java-app/house-price-app/data/rentcast/rentcast_latest3.json
"3816-S-Eddy-St,-Seattle,-WA-98118",2026-01-16,504950,47.545426,-122.284214,/Users/marie/Documents/kiro/neural-network-house-prices/neural-networks-house-prices/java-app/house-price-app/data/rentcast/rentcast_latest3.json
"13623-Ne-75th-St,-Redmond,-WA-98052",2026-01-16,1740000,47.671402,-122.157478,/Users/marie/Documents/kiro/neural-network-house-prices/neural-networks-house-prices/java-app/house-price-app/data/rentcast/rentcast_latest3.json
"829-27th-Ave,-Seattle,-WA-98122",2026-01-16,1425000,47.609881,-122.297829,/Users/marie/Documents/kiro/neural-network-house-prices/neural-networks-house-prices/java-app/house-price-app/data/rentcast/rentcast_latest3.json
"7512-141st-Ave-NE,-Redmond,-WA-98052",2026-01-16,1150000,47.671914,-122.151074,/Users/marie/Documents/kiro/neural-network-house-prices/neural-networks-house-prices/java-app/house-price-app/data/rentcast/rentcast_latest3.json
"106-N-140th-St,-Seattle,-WA-98133",2026-01-16,1820000,47.73066,-122.357848,/Users/marie/Documents/kiro/neural-network-house-prices/neural-networks-house-prices/java-app/house-price-app/data/rentcast/rentcast_previous.csv
"10810-126th-Ave-NE,-Kirkland,-WA-98033",2026-01-16,1240000,47.6983,-122.173191,/Users/marie/Documents/kiro/neural-network-house-prices/neural-networks-house-prices/java-app/house-price-app/data/rentcast/rentcast_latest3.json
"1212-N-Allen-Pl,-Seattle,-WA-98103",2026-01-16,1275000,47.660896,-122.343031,/Users/marie/Documents/kiro/neural-network-house-prices/neural-networks-house-prices/java-app/house-price-app/data/rentcast/rentcast_latest3.json
"12010-76th-Ave-S,-Seattle,-WA-98178",2026-01-16,450000,47.49516,-122.237861,/Users/marie/Documents/kiro/neural-network-house-prices/neural-networks-house-prices/java-app/house-price-app/data/rentcast/rentcast_latest3.json
"8723-7th-Ave-S,-Seattle,-WA-98108",2026-01-16,495000,47.524988,-122.326034,/Users/marie/Documents/kiro/neural-network-house-prices/neural-networks-house-prices/java-app/house-price-app/data/rentcast/rentcast_latest3.json
"1746B-Nw-62nd-St,-Seattle,-WA-98107",2026-01-16,995000,47.673966,-122.381,/Users/marie/Documents/kiro/neural-network-house-prices/neural-networks-house-prices/java-app/house-price-app/data/rentcast/rentcast_previous.csv
"1547-Sw-Myrtle-St,-Seattle,-WA-98106",2026-01-20,790000,47.53884,-122.354731,/Users/marie/Documents/kiro/neural-network-house-prices/neural-networks-house-prices/java-app/house-price-app/data/rentcast/rentcast_latest3.json
"701-95th-Ave-NE,-Bellevue,-WA-98004",2026-01-20,3100000,47.616167,-122.214142,/Users/marie/Documents/kiro/neural-network-house-prices/neural-networks-house-prices/java-app/house-price-app/data/rentcast/rentcast_latest3.json
"8581-Mary-Ave-NW,-Seattle,-WA-98117",2026-01-20,700000,47.692219,-122.37579,/Users/marie/Documents/kiro/neural-network-house-prices/neural-networks-house-prices/java-app/house-price-app/data/rentcast/rentcast_latest3.json
"5143-46th-Ave-NE,-Seattle,-WA-98105",2026-01-20,1100000,47.66724,-122.278714,/Users/marie/Documents/kiro/neural-network-house-prices/neural-networks-house-prices/java-app/house-price-app/data/rentcast/rentcast_latest3.json
"2609-Sw-Holden-St,-Seattle,-WA-98126",2026-01-20,690000,47.533505,-122.366308,/Users/marie/Documents/kiro/neural-network-house-prices/neural-networks-house-prices/java-app/house-price-app/data/rentcast/rentcast_latest3.json
"12528-Se-70th-St,-Newcastle,-WA-98056",2026-01-20,1365000,47.540298,-122.172686,/Users/marie/Documents/kiro/neural-network-house-prices/neural-networks-house-prices/java-app/house-price-app/data/rentcast/rentcast_latest3.json
"7351-32nd-Ave-SW,-Seattle,-WA-98126",2026-01-20,750000,47.535937,-122.374279,/Users/marie/Documents/kiro/neural-network-house-prices/neural-networks-house-prices/java-app/house-price-app/data/rentcast/rentcast_latest3.json
"15543-11th-Ave-NE,-Shoreline,-WA-98155",2026-01-20,849000,47.742559,-122.317436,/Users/marie/Documents/kiro/neural-network-house-prices/neural-networks-house-prices/java-app/house-price-app/data/rentcast/rentcast_latest3.json
"10227-26th-Ave-SW,-Seattle,-WA-98146",2026-01-20,1120000,47.511298,-122.366581,/Users/marie/Documents/kiro/neural-network-house-prices/neural-networks-house-prices/java-app/house-price-app/data/rentcast/rentcast_latest3.json
"4660-Ne-89th-St,-Seattle,-WA-98115",2026-01-20,3190000,47.69327,-122.275248,/Users/marie/Documents/kiro/neural-network-house-prices/neural-networks-house-prices/java-app/house-price-app/data/rentcast/rentcast_latest3.json
"7003-37th-Ave-NE,-Seattle,-WA-98115",2026-01-21,1112500,47.679584,-122.288554,/Users/marie/Documents/kiro/neural-network-house-prices/neural-networks-house-prices/java-app/house-price-app/data/rentcast/rentcast_previous.csv
"1718-Melrose-Ave,-Seattle,-WA-98122",2026-01-21,9750000,47.61765,-122.327543,/Users/marie/Documents/kiro/neural-network-house-prices/neural-networks-house-prices/java-app/house-price-app/data/rentcast/rentcast_previous.csv
"3416-38th-Ave-W,-Seattle,-WA-98199",2026-01-21,1775000,47.651065,-122.405658,/Users/marie/Documents/kiro/neural-network-house-prices/neural-networks-house-prices/java-app/house-price-app/data/rentcast/rentcast_previous.csv
"98-Hardie-Ave-SW,-Renton,-WA-98057",2026-01-21,305000,47.483707,-122.218558,/Users/marie/Documents/kiro/neural-network-house-prices/neural-networks-house-prices/java-app/house-price-app/data/rentcast/rentcast_latest3.json
"1742-Ne-89th-St,-Seattle,-WA-98115",2026-01-21,850000,47.693297,-122.307812,/Users/marie/Documents/kiro/neural-network-house-prices/neural-networks-house-prices/java-app/house-price-app/data/rentcast/rentcast_latest3.json
"9018-14th-Ave-SW,-Seattle,-WA-98106",2026-01-21,565000,47.522256,-122.352482,/Users/marie/Documents/kiro/neural-network-house-prices/neural-networks-house-prices/java-app/house-price-app/data/rentcast/rentcast_latest3.json
"715-N-70th-St,-Seattle,-WA-98103",2026-01-22,1059000,47.679339,-122.349195,/Users/marie/Documents/kiro/neural-network-house-prices/neural-networks-house-prices/java-app/house-price-app/data/rentcast/rentcast_latest3.json
"4321-Sw-Lander-St,-Seattle,-WA-98116",2026-01-22,1065000,47.579145,-122.38765,/Users/marie/Documents/kiro/neural-network-house-prices/neural-networks-house-prices/java-app/house-price-app/data/rentcast/rentcast_previous.csv
"2225-California-Ave-SW,-Seattle,-WA-98116",2026-01-22,3475000,47.583759,-122.386584,/Users/marie/Documents/kiro/neural-network-house-prices/neural-networks-house-prices/java-app/house-price-app/data/rentcast/rentcast_previous.csv
"14035-2nd-Ave-NW,-Seattle,-WA-98177",2026-01-22,754000,47.731494,-122.359986,/Users/marie/Documents/kiro/neural-network-house-prices/neural-networks-house-prices/java-app/house-price-app/data/rentcast/rentcast_previous.csv
"5608-34th-Ave-NW,-Seattle,-WA-98107",2026-01-22,1240000,47.669899,-122.400808,/Users/marie/Documents/kiro/neural-network-house-prices/neural-networks-house-prices/java-app/house-price-app/data/rentcast/rentcast_latest3.json
"13028-Juanita-Dr-NE,-Kirkland,-WA-98034",2026-01-22,1020000,47.717985,-122.236562,/Users/marie/Documents/kiro/neural-network-house-prices/neural-networks-house-prices/java-app/house-price-app/data/rentcast/rentcast_latest3.json
"713B-N-70th-St,-Seattle,-WA-98103",2026-01-22,1059000,47.679352,-122.349199,/Users/marie/Documents/kiro/neural-network-house-prices/neural-networks-house-prices/java-app/house-price-app/data/rentcast/rentcast_previous.csv
"8604-Ne-124th-St,-Kirkland,-WA-98034",2026-01-22,2000000,47.711767,-122.226855,/Users/marie/Documents/kiro/neural-network-house-prices/neural-networks-house-prices/java-app/house-price-app/data/rentcast/rentcast_latest3.json
"8706-13th-Ave-NW,-Seattle,-WA-98117",2026-01-22,850000,47.692664,-122.372452,/Users/marie/Documents/kiro/neural-network-house-prices/neural-networks-house-prices/java-app/house-price-app/data/rentcast/rentcast_latest3.json
"4011-Sw-Maryland-Pl,-Seattle,-WA-98116",2026-01-22,400000,47.592879,-122.383755,/Users/marie/Documents/kiro/neural-network-house-prices/neural-networks-house-prices/java-app/house-price-app/data/rentcast/rentcast_latest3.json
"10419-18th-Ave-S,-Seattle,-WA-98168",2026-01-22,604000,47.509662,-122.310207,/Users/marie/Documents/kiro/neural-network-house-prices/neural-networks-house-prices/java-app/house-price-app/data/rentcast/rentcast_latest3.json
"10410-2nd-Pl-SW,-Seattle,-WA-98146",2026-01-22,882500,47.50994,-122.335452,/Users/marie/Documents/kiro/neural-network-house-prices/neural-networks-house-prices/java-app/house-price-app/data/rentcast/rentcast_latest3.json
"4525-Ne-93rd-St,-Seattle,-WA-98115",2026-01-22,728322,47.695516,-122.279076,/Users/marie/Documents/kiro/neural-network-house-prices/neural-networks-house-prices/java-app/house-price-app/data/rentcast/rentcast_latest3.json
"7422-2nd-Ave-NE,-Seattle,-WA-98115",2026-01-22,1149000,47.683089,-122.326758,/Users/marie/Documents/kiro/neural-network-house-prices/neural-networks-house-prices/java-app/house-price-app/data/rentcast/rentcast_latest3.json
"7357-12th-Ave-NW,-Seattle,-WA-98117",2026-01-23,1165000,47.683099,-122.371825,/Users/marie/Documents/kiro/neural-network-house-prices/neural-networks-house-prices/java-app/house-price-app/data/rentcast/rentcast_latest3.json
"619-Nw-89th-St,-Seattle,-WA-98117",2026-01-23,675000,47.69331,-122.364178,/Users/marie/Documents/kiro/neural-network-house-prices/neural-networks-house-prices/java-app/house-price-app/data/rentcast/rentcast_latest3.json
"3321-25th-Ave-S,-Seattle,-WA-98144",2026-01-23,485000,47.573333,-122.300961,/Users/marie/Documents/kiro/neural-network-house-prices/neural-networks-house-prices/java-app/house-price-app/data/rentcast/rentcast_latest3.json
"808-31st-Ave,-Seattle,-WA-98122",2026-01-23,1000000,47.609602,-122.292286,/Users/marie/Documents/kiro/neural-network-house-prices/neural-networks-house-prices/java-app/house-price-app/data/rentcast/rentcast_latest3.json
"4660-91st-Ave-SE,-Mercer-Island,-WA-98040",2026-01-23,2200000,47.562507,-122.216876,/Users/marie/Documents/kiro/neural-network-house-prices/neural-networks-house-prices/java-app/house-price-app/data/rentcast/rentcast_latest3.json
"2506-23rd-Ave-S,-Seattle,-WA-98144",2026-01-23,390000,47.580696,-122.303019,/Users/marie/Documents/kiro/neural-network-house-prices/neural-networks-house-prices/java-app/house-price-app/data/rentcast/rentcast_latest3.json
"6519-17th-Ave-NW,-Seattle,-WA-98117",2026-01-23,1001000,47.676458,-122.379228,/Users/marie/Documents/kiro/neural-network-house-prices/neural-networks-house-prices/java-app/house-price-app/data/rentcast/rentcast_latest3.json
"108-N-60th-St,-Seattle,-WA-98103",2026-01-23,640000,47.672529,-122.356992,/Users/marie/Documents/kiro/neural-network-house-prices/neural-networks-house-prices/java-app/house-price-app/data/rentcast/rentcast_latest3.json
"7328-19th-Ave-NE,-Seattle,-WA-98115",2026-01-23,907500,47.682102,-122.307455,/Users/marie/Documents/kiro/neural-network-house-prices/neural-networks-house-prices/java-app/house-price-app/data/rentcast/rentcast_latest3.json
"1921-3rd-St,-Kirkland,-WA-98033",2026-01-26,2300000,47.692139,-122.205079,/Users/marie/Documents/kiro/neural-network-house-prices/neural-networks-house-prices/java-app/house-price-app/data/rentcast/rentcast_latest3.json
"6845-52nd-Ave-NE,-Seattle,-WA-98115",2026-01-26,1675000,47.678895,-122.271991,/Users/marie/Documents/kiro/neural-network-house-prices/neural-networks-house-prices/java-app/house-price-app/data/rentcast/rentcast_latest3.json
"1709-Sw-Cloverdale-St,-Seattle,-WA-98106",2026-01-26,599000,47.526296,-122.356976,/Users/marie/Documents/kiro/neural-network-house-prices/neural-networks-house-prices/java-app/house-price-app/data/rentcast/rentcast_latest3.json
"502-130th-Ave-NE,-Bellevue,-WA-98005",2026-01-26,1730000,47.614533,-122.16596,/Users/marie/Documents/kiro/neural-network-house-prices/neural-networks-house-prices/java-app/house-price-app/data/rentcast/rentcast_latest3.json
"8352-Wabash-Ave-S,-Seattle,-WA-98118",2026-01-26,685000,47.528391,-122.268037,/Users/marie/Documents/kiro/neural-network-house-prices/neural-networks-house-prices/java-app/house-price-app/data/rentcast/rentcast_latest3.json
"9253-8th-Ave-NW,-Seattle,-WA-98117",2026-01-26,740000,47.697587,-122.366426,/Users/marie/Documents/kiro/neural-network-house-prices/neural-networks-house-prices/java-app/house-price-app/data/rentcast/rentcast_latest3.json
"9714-11th-Ave-SW,-Seattle,-WA-98106",2026-01-26,764900,47.51598,-122.349039,/Users/marie/Documents/kiro/neural-network-house-prices/neural-networks-house-prices/java-app/house-price-app/data/rentcast/rentcast_latest3.json
"10322-Stone-Ave-N,-Seattle,-WA-98133",2026-01-26,510000,47.703926,-122.341611,/Users/marie/Documents/kiro/neural-network-house-prices/neural-networks-house-prices/java-app/house-price-app/data/rentcast/rentcast_latest3.json
"4422-138th-Ave-SE,-Bellevue,-WA-98006",2026-01-26,2070000,47.566745,-122.15645,/Users/marie/Documents/kiro/neural-network-house-prices/neural-networks-house-prices/java-app/house-price-app/data/rentcast/rentcast_latest3.json
"12247-84th-Ave-NE,-Kirkland,-WA-98034",2026-01-26,1130000,47.711099,-122.229952,/Users/marie/Documents/kiro/neural-network-house-prices/neural-networks-house-prices/java-app/house-price-app/data/rentcast/rentcast_latest3.json
"8517-7th-Ave-S,-Seattle,-WA-98108",2026-01-27,520000,47.526818,-122.325788,/Users/marie/Documents/kiro/neural-network-house-prices/neural-networks-house-prices/java-app/house-price-app/data/rentcast/rentcast_latest3.json
"2031-42nd-Ave-E,-Seattle,-WA-98112",2026-01-27,2500000,47.637934,-122.278751,/Users/marie/Documents/kiro/neural-network-house-prices/neural-networks-house-prices/java-app/house-price-app/data/rentcast/rentcast_latest3.json
"3638-49th-Ave-NE,-Seattle,-WA-98105",2026-01-27,2989000,47.655432,-122.274109,/Users/marie/Documents/kiro/neural-network-house-prices/neural-networks-house-prices/java-app/house-price-app/data/rentcast/rentcast_latest3.json
"4048-32nd-Ave-W,-Seattle,-WA-98199",2026-01-27,864900,47.657103,-122.397855,/Users/marie/Documents/kiro/neural-network-house-prices/neural-networks-house-prices/java-app/house-price-app/data/rentcast/rentcast_latest3.json
"1016-Sw-102nd-St,-Seattle,-WA-98146",2026-01-27,245000,47.512161,-122.348411,/Users/marie/Documents/kiro/neural-network-house-prices/neural-networks-house-prices/java-app/house-price-app/data/rentcast/rentcast_latest3.json
"10529-Whitman-Ave-N,-Seattle,-WA-98133",2026-01-27,380000,47.705896,-122.346449,/Users/marie/Documents/kiro/neural-network-house-prices/neural-networks-house-prices/java-app/house-price-app/data/rentcast/rentcast_latest3.json
"6011-29th-Ave-SW,-Seattle,-WA-98126",2026-01-27,740000,47.547839,-122.370554,/Users/marie/Documents/kiro/neural-network-house-prices/neural-networks-house-prices/java-app/house-price-app/data/rentcast/rentcast_latest3.json
"13302-Bitter-Pl-N,-Seattle,-WA-98133",2026-01-28,750000,47.725703,-122.352998,/Users/marie/Documents/kiro/neural-network-house-prices/neural-networks-house-prices/java-app/house-price-app/data/rentcast/rentcast_latest3.json
"3327-Evergreen-Point-Rd,-Medina,-WA-98039",2026-01-28,4200000,47.641036,-122.239483,/Users/marie/Documents/kiro/neural-network-house-prices/neural-networks-house-prices/java-app/house-price-app/data/rentcast/rentcast_latest3.json
"5822-E-Green-Lake-Way-N,-Seattle,-WA-98103",2026-01-28,1850000,47.672494,-122.336615,/Users/marie/Documents/kiro/neural-network-house-prices/neural-networks-house-prices/java-app/house-price-app/data/rentcast/rentcast_latest3.json
"1920-N-34th-St,-Seattle,-WA-98103",2026-01-28,3500000,47.64827,-122.334156,/Users/marie/Documents/kiro/neural-network-house-prices/neural-networks-house-prices/java-app/house-price-app/data/rentcast/rentcast_latest3.json
"5801-55th-Ave-Ne-Unit-A,-Seattle,-WA-98105",2026-01-28,830000,47.670479,-122.269001,/Users/marie/Documents/kiro/neural-network-house-prices/neural-networks-house-prices/java-app/house-price-app/data/rentcast/rentcast_previous.csv
"11630-91st-Ln-NE,-Kirkland,-WA-98034",2026-01-28,565000,47.706288,-122.219178,/Users/marie/Documents/kiro/neural-network-house-prices/neural-networks-house-prices/java-app/house-price-app/data/rentcast/rentcast_latest3.json
"8544-13th-Ave-NW,-Seattle,-WA-98117",2026-01-28,895000,47.692003,-122.372382,/Users/marie/Documents/kiro/neural-network-house-prices/neural-networks-house-prices/java-app/house-price-app/data/rentcast/rentcast_latest3.json
"9223-38th-Ave-S,-Seattle,-WA-98118",2026-01-28,479000,47.520538,-122.285176,/Users/marie/Documents/kiro/neural-network-house-prices/neural-networks-house-prices/java-app/house-price-app/data/rentcast/rentcast_latest3.json
"1412-E-Thomas-St,-Seattle,-WA-98112",2026-01-28,1274000,47.621328,-122.314043,/Users/marie/Documents/kiro/neural-network-house-prices/neural-networks-house-prices/java-app/house-price-app/data/rentcast/rentcast_latest3.json
"2846-22nd-Ave-W,-Seattle,-WA-98199",2026-01-28,843000,47.646138,-122.384306,/Users/marie/Documents/kiro/neural-network-house-prices/neural-networks-house-prices/java-app/house-price-app/data/rentcast/rentcast_latest3.json
"2030-Nw-61st-St,-Seattle,-WA-98107",2026-01-29,825000,47.673306,-122.383534,/Users/marie/Documents/kiro/neural-network-house-prices/neural-networks-house-prices/java-app/house-price-app/data/rentcast/rentcast_latest3.json
"5114-46th-Ave-S,-Seattle,-WA-98118",2026-01-29,698000,47.555652,-122.275109,/Users/marie/Documents/kiro/neural-network-house-prices/neural-networks-house-prices/java-app/house-price-app/data/rentcast/rentcast_latest3.json
"9022-9th-Ave-SW,-Seattle,-WA-98106",2026-01-29,550000,47.522093,-122.346488,/Users/marie/Documents/kiro/neural-network-house-prices/neural-networks-house-prices/java-app/house-price-app/data/rentcast/rentcast_latest3.json
"9320-26th-Ave-NW,-Seattle,-WA-98117",2026-01-29,1081000,47.697333,-122.389352,/Users/marie/Documents/kiro/neural-network-house-prices/neural-networks-house-prices/java-app/house-price-app/data/rentcast/rentcast_latest3.json
"6816-128th-Ave-NE,-Kirkland,-WA-98033",2026-01-29,2300000,47.666889,-122.169018,/Users/marie/Documents/kiro/neural-network-house-prices/neural-networks-house-prices/java-app/house-price-app/data/rentcast/rentcast_latest3.json
"3809-Ne-89th-St,-Seattle,-WA-98115",2026-01-29,940000,47.692915,-122.28748,/Users/marie/Documents/kiro/neural-network-house-prices/neural-networks-house-prices/java-app/house-price-app/data/rentcast/rentcast_latest3.json
"104-Ne-94th-St,-Seattle,-WA-98115",2026-01-29,460000,47.696988,-122.328209,/Users/marie/Documents/kiro/neural-network-house-prices/neural-networks-house-prices/java-app/house-price-app/data/rentcast/rentcast_latest3.json
"11204-Rainier-Ave-S,-Seattle,-WA-98178",2026-01-29,2050000,47.502619,-122.22348,/Users/marie/Documents/kiro/neural-network-house-prices/neural-networks-house-prices/java-app/house-price-app/data/rentcast/rentcast_latest3.json
"12011-67th-Ave-S,-Seattle,-WA-98178",2026-01-29,550000,47.495318,-122.250588,/Users/marie/Documents/kiro/neural-network-house-prices/neural-networks-house-prices/java-app/house-price-app/data/rentcast/rentcast_latest3.json
"4521-Sw-Henderson-St,-Seattle,-WA-98136",2026-01-29,1380000,47.52332,-122.391059,/Users/marie/Documents/kiro/neural-network-house-prices/neural-networks-house-prices/java-app/house-price-app/data/rentcast/rentcast_latest3.json
"4627-S-125th-St,-Tukwila,-WA-98178",2026-01-29,540000,47.491593,-122.27491,/Users/marie/Documents/kiro/neural-network-house-prices/neural-networks-house-prices/java-app/house-price-app/data/rentcast/rentcast_latest3.json
"6230-S-Langston-Rd,-Seattle,-WA-98178",2026-01-29,845000,47.489195,-122.25513,/Users/marie/Documents/kiro/neural-network-house-prices/neural-networks-house-prices/java-app/house-price-app/data/rentcast/rentcast_latest3.json
"1322-91st-Ave-NE,-Clyde-Hill,-WA-98004",2026-01-29,6600000,47.62226,-122.218943,/Users/marie/Documents/kiro/neural-network-house-prices/neural-networks-house-prices/java-app/house-price-app/data/rentcast/rentcast_latest3.json
"1515-3rd-St,-Kirkland,-WA-98033",2026-01-30,1900000,47.687742,-122.20505,/Users/marie/Documents/kiro/neural-network-house-prices/neural-networks-house-prices/java-app/house-price-app/data/rentcast/rentcast_latest3.json
"14256-Se-41st-St,-Bellevue,-WA-98006",2026-01-30,3800000,47.573868,-122.148731,/Users/marie/Documents/kiro/neural-network-house-prices/neural-networks-house-prices/java-app/house-price-app/data/rentcast/rentcast_latest3.json
"13001-75th-Pl-S,-Seattle,-WA-98178",2026-01-30,949900,47.486349,-122.240518,/Users/marie/Documents/kiro/neural-network-house-prices/neural-networks-house-prices/java-app/house-price-app/data/rentcast/rentcast_latest3.json
"6701-39th-Ave-SW,-Seattle,-WA-98136",2026-01-30,550000,47.542795,-122.382245,/Users/marie/Documents/kiro/neural-network-house-prices/neural-networks-house-prices/java-app/house-price-app/data/rentcast/rentcast_latest3.json
"3845-45th-Ave-SW,-Seattle,-WA-98116",2026-01-30,1050000,47.568889,-122.389853,/Users/marie/Documents/kiro/neural-network-house-prices/neural-networks-house-prices/java-app/house-price-app/data/rentcast/rentcast_latest3.json
"150-24th-Ave,-Seattle,-WA-98122",2026-01-30,930000,47.602803,-122.300693,/Users/marie/Documents/kiro/neural-network-house-prices/neural-networks-house-prices/java-app/house-price-app/data/rentcast/rentcast_latest3.json
"11014-4th-Ave-S,-Seattle,-WA-98168",2026-01-30,498500,47.504755,-122.328331,/Users/marie/Documents/kiro/neural-network-house-prices/neural-networks-house-prices/java-app/house-price-app/data/rentcast/rentcast_latest3.json
"515-15th-Ave,-Kirkland,-WA-98033",2026-01-30,620000,47.686998,-122.198488,/Users/marie/Documents/kiro/neural-network-house-prices/neural-networks-house-prices/java-app/house-price-app/data/rentcast/rentcast_latest3.json
"7555-32nd-Ave-Sw-Unit-B,-Seattle,-WA-98126",2026-01-30,959000,47.533897,-122.374299,/Users/marie/Documents/kiro/neural-network-house-prices/neural-networks-house-prices/java-app/house-price-app/data/rentcast/rentcast_previous.csv
"7555-32nd-Ave-SW,-Seattle,-WA-98126",2026-01-30,959000,47.533914,-122.374295,/Users/marie/Documents/kiro/neural-network-house-prices/neural-networks-house-prices/java-app/house-price-app/data/rentcast/rentcast_latest3.json
"12007-8th-Ave-S,-Seattle,-WA-98168",2026-01-30,103913,47.495658,-122.323876,/Users/marie/Documents/kiro/neural-network-house-prices/neural-networks-house-prices/java-app/house-price-app/data/rentcast/rentcast_latest3.json
"98-Union-St,-Apt-408,-Seattle,-WA-98101",2026-01-30,450000,47.608042,-122.33977,/Users/marie/Documents/kiro/neural-network-house-prices/neural-networks-house-prices/java-app/house-price-app/data/rentcast/rentcast_latest3.json
"12002-2nd-Ave-SW,-Seattle,-WA-98146",2026-01-30,355000,47.495634,-122.336634,/Users/marie/Documents/kiro/neural-network-house-prices/neural-networks-house-prices/java-app/house-price-app/data/rentcast/rentcast_latest3.json
"14426-42nd-Ave-S,-Tukwila,-WA-98168",2026-01-30,435500,47.473412,-122.280815,/Users/marie/Documents/kiro/neural-network-house-prices/neural-networks-house-prices/java-app/house-price-app/data/rentcast/rentcast_latest3.json
"11501-Roosevelt-Way-NE,-Seattle,-WA-98125",2026-01-30,550000,47.712437,-122.318155,/Users/marie/Documents/kiro/neural-network-house-prices/neural-networks-house-prices/java-app/house-price-app/data/rentcast/rentcast_latest3.json
"12830-Ne-80th-St,-Kirkland,-WA-98033",2026-01-30,2700000,47.675598,-122.16811,/Users/marie/Documents/kiro/neural-network-house-prices/neural-networks-house-prices/java-app/house-price-app/data/rentcast/rentcast_latest3.json
"3535-Ne-88th-St,-Seattle,-WA-98115",2026-01-30,640000,47.692192,-122.289019,/Users/marie/Documents/kiro/neural-network-house-prices/neural-networks-house-prices/java-app/house-price-app/data/rentcast/rentcast_latest3.json
"3203-Ne-89th-St,-Seattle,-WA-98115",2026-01-30,975000,47.692874,-122.293149,/Users/marie/Documents/kiro/neural-network-house-prices/neural-networks-house-prices/java-app/house-price-app/data/rentcast/rentcast_latest3.json
"1521-N-80th-St,-Seattle,-WA-98103",2026-01-30,765000,47.686631,-122.338354,/Users/marie/Documents/kiro/neural-network-house-prices/neural-networks-house-prices/java-app/house-price-app/data/rentcast/rentcast_latest3.json
"9752-Evanston-Ave-N,-Seattle,-WA-98103",2026-01-30,988000,47.701301,-122.350877,/Users/marie/Documents/kiro/neural-network-house-prices/neural-networks-house-prices/java-app/house-price-app/data/rentcast/rentcast_latest3.json
"12514-Ne-80th-St,-Kirkland,-WA-98033",2026-01-30,1000000,47.675536,-122.174029,/Users/marie/Documents/kiro/neural-network-house-prices/neural-networks-house-prices/java-app/house-price-app/data/rentcast/rentcast_latest3.json
"8333-Dibble-Ave-NW,-Seattle,-WA-98117",2026-01-30,1130000,47.690097,-122.367513,/Users/marie/Documents/kiro/neural-network-house-prices/neural-networks-house-prices/java-app/house-price-app/data/rentcast/rentcast_latest3.json
"1556-S-Pearl-St,-Seattle,-WA-98108",2026-01-30,899000,47.556927,-122.311113,/Users/marie/Documents/kiro/neural-network-house-prices/neural-networks-house-prices/java-app/house-price-app/data/rentcast/rentcast_latest3.json
"7817-134th-Ave-NE,-Redmond,-WA-98052",2026-01-30,1400000,47.67407,-122.161656,/Users/marie/Documents/kiro/neural-network-house-prices/neural-networks-house-prices/java-app/house-price-app/data/rentcast/rentcast_latest3.json
"2305-Minor-Ave-E,-Seattle,-WA-98102",2026-01-30,740000,47.639969,-122.328591,/Users/marie/Documents/kiro/neural-network-house-prices/neural-networks-house-prices/java-app/house-price-app/data/rentcast/rentcast_latest3.json
"9002-34th-Ave-SW,-Seattle,-WA-98126",2026-01-30,865000,47.522682,-122.375017,/Users/marie/Documents/kiro/neural-network-house-prices/neural-networks-house-prices/java-app/house-price-app/data/rentcast/rentcast_latest3.json
"3546-Ne-125th-St,-Seattle,-WA-98125",2026-01-30,663197,47.719442,-122.288803,/Users/marie/Documents/kiro/neural-network-house-prices/neural-networks-house-prices/java-app/house-price-app/data/rentcast/rentcast_latest3.json
"10425-Se-22nd-St,-Bellevue,-WA-98004",2026-01-30,2850000,47.590832,-122.200506,/Users/marie/Documents/kiro/neural-network-house-prices/neural-networks-house-prices/java-app/house-price-app/data/rentcast/rentcast_latest3.json
"212-Shepard-Way-NW,-Bainbridge-Island,-WA-98110",2026-02-02,775000,47.626815,-122.523144,/Users/marie/Documents/kiro/neural-network-house-prices/neural-networks-house-prices/java-app/house-price-app/data/rentcast/rentcast_latest3.json
"210-Shepard-Way-NW,-Bainbridge-Island,-WA-98110",2026-02-02,775000,47.626817,-122.523046,/Users/marie/Documents/kiro/neural-network-house-prices/neural-networks-house-prices/java-app/house-price-app/data/rentcast/rentcast_latest3.json
"3709-S-138th-St,-Tukwila,-WA-98168",2026-02-02,500000,47.479708,-122.286159,/Users/marie/Documents/kiro/neural-network-house-prices/neural-networks-house-prices/java-app/house-price-app/data/rentcast/rentcast_latest3.json
"1515-Martin-Luther-King-Jr-Way,-Seattle,-WA-98122",2026-02-02,825000,47.614592,-122.296518,/Users/marie/Documents/kiro/neural-network-house-prices/neural-networks-house-prices/java-app/house-price-app/data/rentcast/rentcast_latest3.json
"2205-135th-Pl-SE,-Bellevue,-WA-98005",2026-02-02,1725000,47.590668,-122.159851,/Users/marie/Documents/kiro/neural-network-house-prices/neural-networks-house-prices/java-app/house-price-app/data/rentcast/rentcast_latest3.json
"1924-E-Blaine-St,-Seattle,-WA-98112",2026-02-02,1500000,47.638419,-122.306119,/Users/marie/Documents/kiro/neural-network-house-prices/neural-networks-house-prices/java-app/house-price-app/data/rentcast/rentcast_latest3.json
"6015-Lanham-Pl-SW,-Seattle,-WA-98126",2026-02-02,625000,47.547697,-122.373831,/Users/marie/Documents/kiro/neural-network-house-prices/neural-networks-house-prices/java-app/house-price-app/data/rentcast/rentcast_latest3.json
"3407-Nw-57th-St,-Seattle,-WA-98107",2026-02-02,1600000,47.670172,-122.401549,/Users/marie/Documents/kiro/neural-network-house-prices/neural-networks-house-prices/java-app/house-price-app/data/rentcast/rentcast_previous.csv
"3914-S-Brandon-St,-Seattle,-WA-98118",2026-02-02,830000,47.553784,-122.282887,/Users/marie/Documents/kiro/neural-network-house-prices/neural-networks-house-prices/java-app/house-price-app/data/rentcast/rentcast_latest3.json
"13715-45th-Ave-S,-Tukwila,-WA-98168",2026-02-03,301000,47.479891,-122.277468,/Users/marie/Documents/kiro/neural-network-house-prices/neural-networks-house-prices/java-app/house-price-app/data/rentcast/rentcast_latest3.json
"3405-E-Pine-St,-Seattle,-WA-98122",2026-02-03,921000,47.615045,-122.288906,/Users/marie/Documents/kiro/neural-network-house-prices/neural-networks-house-prices/java-app/house-price-app/data/rentcast/rentcast_latest3.json
"1220-Sw-Webster-St,-Seattle,-WA-98106",2026-02-03,575000,47.535703,-122.351449,/Users/marie/Documents/kiro/neural-network-house-prices/neural-networks-house-prices/java-app/house-price-app/data/rentcast/rentcast_latest3.json
"9803-Ne-30th-St,-Bellevue,-WA-98004",2026-02-03,2500000,47.637167,-122.209448,/Users/marie/Documents/kiro/neural-network-house-prices/neural-networks-house-prices/java-app/house-price-app/data/rentcast/rentcast_latest3.json
"1701-Ne-90th-St,-Seattle,-WA-98115",2026-02-03,1380000,47.693763,-122.309305,/Users/marie/Documents/kiro/neural-network-house-prices/neural-networks-house-prices/java-app/house-price-app/data/rentcast/rentcast_latest3.json
"4602-6th-Ave-NW,-Seattle,-WA-98107",2026-02-03,825000,47.662313,-122.363706,/Users/marie/Documents/kiro/neural-network-house-prices/neural-networks-house-prices/java-app/house-price-app/data/rentcast/rentcast_latest3.json
"915-N-92nd-St,-Seattle,-WA-98103",2026-02-03,860000,47.695405,-122.346542,/Users/marie/Documents/kiro/neural-network-house-prices/neural-networks-house-prices/java-app/house-price-app/data/rentcast/rentcast_latest3.json
"7003-40th-Ave-NE,-Seattle,-WA-98115",2026-02-03,875000,47.67957,-122.285341,/Users/marie/Documents/kiro/neural-network-house-prices/neural-networks-house-prices/java-app/house-price-app/data/rentcast/rentcast_latest3.json
"2554-3rd-Ave-W,-Seattle,-WA-98119",2026-02-03,1120000,47.6422,-122.360571,/Users/marie/Documents/kiro/neural-network-house-prices/neural-networks-house-prices/java-app/house-price-app/data/rentcast/rentcast_latest3.json
"506-S-Trenton-St,-Seattle,-WA-98108",2026-02-04,559950,47.52503,-122.327855,/Users/marie/Documents/kiro/neural-network-house-prices/neural-networks-house-prices/java-app/house-price-app/data/rentcast/rentcast_latest3.json
"6849-26th-Ave-NE,-Seattle,-WA-98115",2026-02-04,1100000,47.678987,-122.299908,/Users/marie/Documents/kiro/neural-network-house-prices/neural-networks-house-prices/java-app/house-price-app/data/rentcast/rentcast_latest3.json
"520-Wellington-Ave,-Seattle,-WA-98122",2026-02-04,2146000,47.606344,-122.284708,/Users/marie/Documents/kiro/neural-network-house-prices/neural-networks-house-prices/java-app/house-price-app/data/rentcast/rentcast_latest3.json
"955-103rd-Ave-SE,-Bellevue,-WA-98004",2026-02-04,4000000,47.601782,-122.202505,/Users/marie/Documents/kiro/neural-network-house-prices/neural-networks-house-prices/java-app/house-price-app/data/rentcast/rentcast_latest3.json
"7341-11th-Ave-NW,-Seattle,-WA-98117",2026-02-04,950000,47.682639,-122.370779,/Users/marie/Documents/kiro/neural-network-house-prices/neural-networks-house-prices/java-app/house-price-app/data/rentcast/rentcast_latest3.json
"14705-Se-37th-St,-Bellevue,-WA-98006",2026-02-05,3498000,47.577296,-122.144432,/Users/marie/Documents/kiro/neural-network-house-prices/neural-networks-house-prices/java-app/house-price-app/data/rentcast/rentcast_latest3.json
"10045-9th-Ave-SW,-Seattle,-WA-98146",2026-02-05,1045000,47.512489,-122.346695,/Users/marie/Documents/kiro/neural-network-house-prices/neural-networks-house-prices/java-app/house-price-app/data/rentcast/rentcast_latest3.json
"1523-35th-Ave,-Seattle,-WA-98122",2026-02-05,1387000,47.614833,-122.288308,/Users/marie/Documents/kiro/neural-network-house-prices/neural-networks-house-prices/java-app/house-price-app/data/rentcast/rentcast_latest3.json
"1809-Martin-Luther-King-Jr-Way,-Seattle,-WA-98122",2026-02-05,1272500,47.61799,-122.296457,/Users/marie/Documents/kiro/neural-network-house-prices/neural-networks-house-prices/java-app/house-price-app/data/rentcast/rentcast_latest3.json
"10424-124th-Ave-NE,-Kirkland,-WA-98033",2026-02-05,1460000,47.69384,-122.17536,/Users/marie/Documents/kiro/neural-network-house-prices/neural-networks-house-prices/java-app/house-price-app/data/rentcast/rentcast_latest3.json
"6706-38th-Ave-SW,-Seattle,-WA-98126",2026-02-05,1253000,47.542628,-122.38016,/Users/marie/Documents/kiro/neural-network-house-prices/neural-networks-house-prices/java-app/house-price-app/data/rentcast/rentcast_latest3.json
"1714-1st-St,-Kirkland,-WA-98033",2026-02-05,950000,47.689143,-122.208232,/Users/marie/Documents/kiro/neural-network-house-prices/neural-networks-house-prices/java-app/house-price-app/data/rentcast/rentcast_latest3.json
"9748-Dayton-Ave-N,-Seattle,-WA-98103",2026-02-05,945000,47.701038,-122.352308,/Users/marie/Documents/kiro/neural-network-house-prices/neural-networks-house-prices/java-app/house-price-app/data/rentcast/rentcast_latest3.json
"3262-California-Ave-SW,-Seattle,-WA-98116",2026-02-05,3007500,47.573817,-122.3864,/Users/marie/Documents/kiro/neural-network-house-prices/neural-networks-house-prices/java-app/house-price-app/data/rentcast/rentcast_previous.csv
"14040-Corliss-Ave-N,-Seattle,-WA-98133",2026-02-05,505000,47.731638,-122.331156,/Users/marie/Documents/kiro/neural-network-house-prices/neural-networks-house-prices/java-app/house-price-app/data/rentcast/rentcast_latest3.json
"3531-Wallingford-Ave-N,-Seattle,-WA-98103",2026-02-05,960000,47.650186,-122.336611,/Users/marie/Documents/kiro/neural-network-house-prices/neural-networks-house-prices/java-app/house-price-app/data/rentcast/rentcast_latest3.json
"4238-28th-Pl-W,-Seattle,-WA-98199",2026-02-06,675000,47.658615,-122.393496,/Users/marie/Documents/kiro/neural-network-house-prices/neural-networks-house-prices/java-app/house-price-app/data/rentcast/rentcast_latest3.json
"9003-30th-Ave-SW,-Seattle,-WA-98126",2026-02-06,957000,47.522696,-122.371674,/Users/marie/Documents/kiro/neural-network-house-prices/neural-networks-house-prices/java-app/house-price-app/data/rentcast/rentcast_latest3.json
"1439-S-99th-St,-Seattle,-WA-98108",2026-02-06,620000,47.514668,-122.314933,/Users/marie/Documents/kiro/neural-network-house-prices/neural-networks-house-prices/java-app/house-price-app/data/rentcast/rentcast_latest3.json
"12021-1st-Ave-NW,-Seattle,-WA-98177",2026-02-06,1375000,47.716635,-122.358611,/Users/marie/Documents/kiro/neural-network-house-prices/neural-networks-house-prices/java-app/house-price-app/data/rentcast/rentcast_latest3.json
"3910-S-Holly-St,-Seattle,-WA-98118",2026-02-06,674950,47.542662,-122.282711,/Users/marie/Documents/kiro/neural-network-house-prices/neural-networks-house-prices/java-app/house-price-app/data/rentcast/rentcast_latest3.json
"703-24th-Ave-S,-Seattle,-WA-98144",2026-02-06,1452750,47.596315,-122.301493,/Users/marie/Documents/kiro/neural-network-house-prices/neural-networks-house-prices/java-app/house-price-app/data/rentcast/rentcast_latest3.json
"4504-S-124th-St,-Seattle,-WA-98178",2026-02-06,532000,47.492532,-122.276708,/Users/marie/Documents/kiro/neural-network-house-prices/neural-networks-house-prices/java-app/house-price-app/data/rentcast/rentcast_latest3.json
"2321-100th-Ave-NE,-Bellevue,-WA-98004",2026-02-06,2198000,47.631776,-122.207349,/Users/marie/Documents/kiro/neural-network-house-prices/neural-networks-house-prices/java-app/house-price-app/data/rentcast/rentcast_latest3.json
"5422-41st-Ave-SW,-Seattle,-WA-98136",2026-02-06,972125,47.553159,-122.38388,/Users/marie/Documents/kiro/neural-network-house-prices/neural-networks-house-prices/java-app/house-price-app/data/rentcast/rentcast_latest3.json
"3018-Sw-Hinds-St,-Seattle,-WA-98126",2026-02-06,684000,47.572933,-122.372029,/Users/marie/Documents/kiro/neural-network-house-prices/neural-networks-house-prices/java-app/house-price-app/data/rentcast/rentcast_latest3.json
"10133-Ne-113th-Pl,-Kirkland,-WA-98033",2026-02-06,2045000,47.701587,-122.205695,/Users/marie/Documents/kiro/neural-network-house-prices/neural-networks-house-prices/java-app/house-price-app/data/rentcast/rentcast_latest3.json
"8700-12th-Ave-NW,-Seattle,-WA-98117",2026-02-06,1400000,47.692188,-122.371209,/Users/marie/Documents/kiro/neural-network-house-prices/neural-networks-house-prices/java-app/house-price-app/data/rentcast/rentcast_latest3.json
"5720-37th-Ave-S,-Seattle,-WA-98118",2026-02-06,300000,47.550591,-122.285986,/Users/marie/Documents/kiro/neural-network-house-prices/neural-networks-house-prices/java-app/house-price-app/data/rentcast/rentcast_latest3.json
"10052-12th-Ave-NW,-Seattle,-WA-98177",2026-02-09,960000,47.703015,-122.37099,/Users/marie/Documents/kiro/neural-network-house-prices/neural-networks-house-prices/java-app/house-price-app/data/rentcast/rentcast_latest3.json
"926-19th-Ave-E,-Seattle,-WA-98112",2026-02-09,2009000,47.627643,-122.306963,/Users/marie/Documents/kiro/neural-network-house-prices/neural-networks-house-prices/java-app/house-price-app/data/rentcast/rentcast_latest3.json
"7505-14th-Ave-NW,-Seattle,-WA-98117",2026-02-09,910000,47.683461,-122.374312,/Users/marie/Documents/kiro/neural-network-house-prices/neural-networks-house-prices/java-app/house-price-app/data/rentcast/rentcast_latest3.json
"806-34th-Ave,-Seattle,-WA-98122",2026-02-09,945000,47.609489,-122.289049,/Users/marie/Documents/kiro/neural-network-house-prices/neural-networks-house-prices/java-app/house-price-app/data/rentcast/rentcast_latest3.json
"6571-102nd-Ave-NE,-Kirkland,-WA-98033",2026-02-09,3500000,47.666199,-122.204132,/Users/marie/Documents/kiro/neural-network-house-prices/neural-networks-house-prices/java-app/house-price-app/data/rentcast/rentcast_latest3.json
"334-Nw-51st-St,-Seattle,-WA-98107",2026-02-09,1695000,47.665939,-122.362247,/Users/marie/Documents/kiro/neural-network-house-prices/neural-networks-house-prices/java-app/house-price-app/data/rentcast/rentcast_latest3.json
"12116-Se-71st-St,-Newcastle,-WA-98056",2026-02-09,930000,47.539988,-122.178982,/Users/marie/Documents/kiro/neural-network-house-prices/neural-networks-house-prices/java-app/house-price-app/data/rentcast/rentcast_latest3.json
"2136-N-90th-St,-Seattle,-WA-98103",2026-02-10,797000,47.69399,-122.332132,/Users/marie/Documents/kiro/neural-network-house-prices/neural-networks-house-prices/java-app/house-price-app/data/rentcast/rentcast_latest3.json
"1409-4th-St,-Kirkland,-WA-98033",2026-02-10,2525000,47.685788,-122.20231,/Users/marie/Documents/kiro/neural-network-house-prices/neural-networks-house-prices/java-app/house-price-app/data/rentcast/rentcast_latest3.json
"1820-Magnolia-Way-W,-Seattle,-WA-98199",2026-02-10,1650000,47.635594,-122.388822,/Users/marie/Documents/kiro/neural-network-house-prices/neural-networks-house-prices/java-app/house-price-app/data/rentcast/rentcast_latest3.json
"6525-7th-Ave-NW,-Seattle,-WA-98117",2026-02-10,1400000,47.676768,-122.364831,/Users/marie/Documents/kiro/neural-network-house-prices/neural-networks-house-prices/java-app/house-price-app/data/rentcast/rentcast_latest3.json
"1107-Nw-65th-St,-Seattle,-WA-98117",2026-02-10,975000,47.675896,-122.371762,/Users/marie/Documents/kiro/neural-network-house-prices/neural-networks-house-prices/java-app/house-price-app/data/rentcast/rentcast_latest3.json
"4107-20th-Ave-SW,-Seattle,-WA-98106",2026-02-10,1227000,47.566287,-122.359277,/Users/marie/Documents/kiro/neural-network-house-prices/neural-networks-house-prices/java-app/house-price-app/data/rentcast/rentcast_latest3.json
"6037-Ne-61st-St,-Seattle,-WA-98115",2026-02-10,1220000,47.672635,-122.261848,/Users/marie/Documents/kiro/neural-network-house-prices/neural-networks-house-prices/java-app/house-price-app/data/rentcast/rentcast_latest3.json
"9717-Evanston-Ave-N,-Seattle,-WA-98103",2026-02-10,619950,47.700194,-122.351658,/Users/marie/Documents/kiro/neural-network-house-prices/neural-networks-house-prices/java-app/house-price-app/data/rentcast/rentcast_latest3.json
"324-Ne-50th-St,-Seattle,-WA-98105",2026-02-10,965000,47.6652,-122.324477,/Users/marie/Documents/kiro/neural-network-house-prices/neural-networks-house-prices/java-app/house-price-app/data/rentcast/rentcast_latest3.json
"7731-29th-Ave-NW,-Seattle,-WA-98117",2026-02-10,1121000,47.685896,-122.394776,/Users/marie/Documents/kiro/neural-network-house-prices/neural-networks-house-prices/java-app/house-price-app/data/rentcast/rentcast_latest3.json
"742-N-104th-St,-Seattle,-WA-98133",2026-02-10,1150000,47.704533,-122.348224,/Users/marie/Documents/kiro/neural-network-house-prices/neural-networks-house-prices/java-app/house-price-app/data/rentcast/rentcast_latest3.json
"1100-N-38th-St,-Renton,-WA-98056",2026-02-10,1300000,47.525933,-122.204758,/Users/marie/Documents/kiro/neural-network-house-prices/neural-networks-house-prices/java-app/house-price-app/data/rentcast/rentcast_latest3.json
"16620-Se-16th-St,-Bellevue,-WA-98008",2026-02-10,1200000,47.596885,-122.118028,/Users/marie/Documents/kiro/neural-network-house-prices/neural-networks-house-prices/java-app/house-price-app/data/rentcast/rentcast_latest3.json
"2901-28th-Ave-W,-Seattle,-WA-98199",2026-02-11,2300000,47.645834,-122.393316,/Users/marie/Documents/kiro/neural-network-house-prices/neural-networks-house-prices/java-app/house-price-app/data/rentcast/rentcast_previous.csv
"6709-24th-Ave-Nw---B,-Seattle,-WA-98117",2026-02-11,281963,47.678016,-122.387822,/Users/marie/Documents/kiro/neural-network-house-prices/neural-networks-house-prices/java-app/house-price-app/data/rentcast/rentcast_latest3.json
"7542-9th-Ave-NW,-Seattle,-WA-98117",2026-02-11,550000,47.684514,-122.368031,/Users/marie/Documents/kiro/neural-network-house-prices/neural-networks-house-prices/java-app/house-price-app/data/rentcast/rentcast_latest3.json
"15551-Densmore-Ave-N,-Shoreline,-WA-98133",2026-02-11,565000,47.742917,-122.338894,/Users/marie/Documents/kiro/neural-network-house-prices/neural-networks-house-prices/java-app/house-price-app/data/rentcast/rentcast_latest3.json
"15144-Se-46th-Way,-Bellevue,-WA-98006",2026-02-11,1305000,47.562646,-122.137176,/Users/marie/Documents/kiro/neural-network-house-prices/neural-networks-house-prices/java-app/house-price-app/data/rentcast/rentcast_latest3.json
"1621-N-103rd-St,-Seattle,-WA-98133",2026-02-11,580000,47.703052,-122.338289,/Users/marie/Documents/kiro/neural-network-house-prices/neural-networks-house-prices/java-app/house-price-app/data/rentcast/rentcast_latest3.json
"928-18th-Ave-W,-Kirkland,-WA-98033",2026-02-11,5100000,47.693586,-122.214844,/Users/marie/Documents/kiro/neural-network-house-prices/neural-networks-house-prices/java-app/house-price-app/data/rentcast/rentcast_latest3.json
"2525-S-Raymond-St,-Seattle,-WA-98108",2026-02-11,969500,47.548332,-122.298655,/Users/marie/Documents/kiro/neural-network-house-prices/neural-networks-house-prices/java-app/house-price-app/data/rentcast/rentcast_latest3.json
"2806-W-Dravus-St,-Seattle,-WA-98199",2026-02-11,918000,47.648849,-122.393295,/Users/marie/Documents/kiro/neural-network-house-prices/neural-networks-house-prices/java-app/house-price-app/data/rentcast/rentcast_previous.csv
"316-N-84th-St,-Seattle,-WA-98103",2026-02-11,749000,47.690065,-122.354449,/Users/marie/Documents/kiro/neural-network-house-prices/neural-networks-house-prices/java-app/house-price-app/data/rentcast/rentcast_previous.csv
"6727-6th-Ave-NW,-Seattle,-WA-98117",2026-02-12,1386727,47.6786,-122.363814,/Users/marie/Documents/kiro/neural-network-house-prices/neural-networks-house-prices/java-app/house-price-app/data/rentcast/rentcast_latest3.json
"1801-29th-Ave-S,-Seattle,-WA-98144",2026-02-12,1428000,47.586803,-122.295969,/Users/marie/Documents/kiro/neural-network-house-prices/neural-networks-house-prices/java-app/house-price-app/data/rentcast/rentcast_latest3.json
"3031-S-Nevada-St,-Seattle,-WA-98108",2026-02-12,775000,47.564727,-122.294177,/Users/marie/Documents/kiro/neural-network-house-prices/neural-networks-house-prices/java-app/house-price-app/data/rentcast/rentcast_latest3.json
"9301-53rd-Ave-S,-Seattle,-WA-98118",2026-02-12,905000,47.518929,-122.266556,/Users/marie/Documents/kiro/neural-network-house-prices/neural-networks-house-prices/java-app/house-price-app/data/rentcast/rentcast_latest3.json
"5839-17th-Ave-S,-Seattle,-WA-98108",2026-02-12,850000,47.550063,-122.311479,/Users/marie/Documents/kiro/neural-network-house-prices/neural-networks-house-prices/java-app/house-price-app/data/rentcast/rentcast_latest3.json
"13308-1st-Ave-NE,-Seattle,-WA-98125",2026-02-12,780000,47.725465,-122.328552,/Users/marie/Documents/kiro/neural-network-house-prices/neural-networks-house-prices/java-app/house-price-app/data/rentcast/rentcast_latest3.json
"1403-Sw-Thistle-St,-Seattle,-WA-98106",2026-02-12,825000,47.528102,-122.353449,/Users/marie/Documents/kiro/neural-network-house-prices/neural-networks-house-prices/java-app/house-price-app/data/rentcast/rentcast_latest3.json
"8912-17th-Ave-NE,-Seattle,-WA-98115",2026-02-12,2530000,47.693441,-122.30919,/Users/marie/Documents/kiro/neural-network-house-prices/neural-networks-house-prices/java-app/house-price-app/data/rentcast/rentcast_latest3.json
"10434-59th-Ave-S,-Seattle,-WA-98178",2026-02-12,675000,47.506595,-122.259199,/Users/marie/Documents/kiro/neural-network-house-prices/neural-networks-house-prices/java-app/house-price-app/data/rentcast/rentcast_latest3.json
"2141-47th-Ave-SW,-Seattle,-WA-98116",2026-02-12,2225000,47.584242,-122.392085,/Users/marie/Documents/kiro/neural-network-house-prices/neural-networks-house-prices/java-app/house-price-app/data/rentcast/rentcast_latest3.json
"2028-34th-Ave-S,-Seattle,-WA-98144",2026-02-12,970000,47.584345,-122.289488,/Users/marie/Documents/kiro/neural-network-house-prices/neural-networks-house-prices/java-app/house-price-app/data/rentcast/rentcast_latest3.json
"318-N-77th-St,-Seattle,-WA-98103",2026-02-12,956000,47.684977,-122.35441,/Users/marie/Documents/kiro/neural-network-house-prices/neural-networks-house-prices/java-app/house-price-app/data/rentcast/rentcast_latest3.json
"2446-Sw-Webster-St,-Seattle,-WA-98106",2026-02-13,659000,47.536109,-122.36495,/Users/marie/Documents/kiro/neural-network-house-prices/neural-networks-house-prices/java-app/house-price-app/data/rentcast/rentcast_latest3.json
"15907-Se-48th-Dr,-Bellevue,-WA-98006",2026-02-13,1635000,47.559256,-122.12785,/Users/marie/Documents/kiro/neural-network-house-prices/neural-networks-house-prices/java-app/house-price-app/data/rentcast/rentcast_latest3.json
"4726-44th-Ave-S,-Seattle,-WA-98118",2026-02-13,1200000,47.559722,-122.277932,/Users/marie/Documents/kiro/neural-network-house-prices/neural-networks-house-prices/java-app/house-price-app/data/rentcast/rentcast_latest3.json
"9216-Ne-13th-St,-Clyde-Hill,-WA-98004",2026-02-13,6600000,47.621582,-122.217112,/Users/marie/Documents/kiro/neural-network-house-prices/neural-networks-house-prices/java-app/house-price-app/data/rentcast/rentcast_latest3.json
"9208-Dayton-Ave-N,-Seattle,-WA-98103",2026-02-13,775000,47.696338,-122.352361,/Users/marie/Documents/kiro/neural-network-house-prices/neural-networks-house-prices/java-app/house-price-app/data/rentcast/rentcast_latest3.json
"11214-80th-Ave-NE,-Kirkland,-WA-98034",2026-02-13,1224000,47.701452,-122.234819,/Users/marie/Documents/kiro/neural-network-house-prices/neural-networks-house-prices/java-app/house-price-app/data/rentcast/rentcast_latest3.json
"13918-Se-46th-St,-Bellevue,-WA-98006",2026-02-13,2620000,47.562433,-122.153863,/Users/marie/Documents/kiro/neural-network-house-prices/neural-networks-house-prices/java-app/house-price-app/data/rentcast/rentcast_latest3.json
"2572-3rd-Ave-W,-Seattle,-WA-98119",2026-02-13,900000,47.642708,-122.360639,/Users/marie/Documents/kiro/neural-network-house-prices/neural-networks-house-prices/java-app/house-price-app/data/rentcast/rentcast_latest3.json
"2802-29th-Ave-W,-Seattle,-WA-98199",2026-02-13,1360000,47.644732,-122.39388,/Users/marie/Documents/kiro/neural-network-house-prices/neural-networks-house-prices/java-app/house-price-app/data/rentcast/rentcast_latest3.json
"2413-Warren-Ave-N,-Seattle,-WA-98109",2026-02-13,1451000,47.640363,-122.354794,/Users/marie/Documents/kiro/neural-network-house-prices/neural-networks-house-prices/java-app/house-price-app/data/rentcast/rentcast_latest3.json
"2109-Sw-Genesee-St,-Seattle,-WA-98106",2026-02-13,999900,47.564602,-122.360508,/Users/marie/Documents/kiro/neural-network-house-prices/neural-networks-house-prices/java-app/house-price-app/data/rentcast/rentcast_latest3.json
"1040-Ne-154th-St,-Shoreline,-WA-98155",2026-02-13,1091790,47.740741,-122.316692,/Users/marie/Documents/kiro/neural-network-house-prices/neural-networks-house-prices/java-app/house-price-app/data/rentcast/rentcast_latest3.json
"6014-35th-Ave-NE,-Seattle,-WA-98115",2026-02-13,750000,47.672609,-122.289912,/Users/marie/Documents/kiro/neural-network-house-prices/neural-networks-house-prices/java-app/house-price-app/data/rentcast/rentcast_latest3.json
"12026-70th-Ave-S,-Seattle,-WA-98178",2026-02-13,665000,47.494134,-122.246392,/Users/marie/Documents/kiro/neural-network-house-prices/neural-networks-house-prices/java-app/house-price-app/data/rentcast/rentcast_latest3.json
"10428-Se-19th-St,-Bellevue,-WA-98004",2026-02-13,2800000,47.594302,-122.199856,/Users/marie/Documents/kiro/neural-network-house-prices/neural-networks-house-prices/java-app/house-price-app/data/rentcast/rentcast_latest3.json
"14916-Se-66th-St,-Bellevue,-WA-98006",2026-02-17,800000,47.543291,-122.142054,/Users/marie/Documents/kiro/neural-network-house-prices/neural-networks-house-prices/java-app/house-price-app/data/rentcast/rentcast_latest3.json
"4215-Ne-82nd-St,-Seattle,-WA-98115",2026-02-17,2500000,47.688262,-122.282533,/Users/marie/Documents/kiro/neural-network-house-prices/neural-networks-house-prices/java-app/house-price-app/data/rentcast/rentcast_latest3.json
"6105-155th-Ave-SE,-Bellevue,-WA-98006",2026-02-17,2700000,47.5473,-122.133871,/Users/marie/Documents/kiro/neural-network-house-prices/neural-networks-house-prices/java-app/house-price-app/data/rentcast/rentcast_latest3.json
"8508-1st-Ave-NE,-Seattle,-WA-98115",2026-02-17,1130000,47.690653,-122.328126,/Users/marie/Documents/kiro/neural-network-house-prices/neural-networks-house-prices/java-app/house-price-app/data/rentcast/rentcast_latest3.json
"14516-Se-79th-Dr,-Newcastle,-WA-98059",2026-02-17,1550000,47.530698,-122.146907,/Users/marie/Documents/kiro/neural-network-house-prices/neural-networks-house-prices/java-app/house-price-app/data/rentcast/rentcast_latest3.json
"1227-20th-Ave-E,-Seattle,-WA-98112",2026-02-17,1850000,47.631419,-122.306305,/Users/marie/Documents/kiro/neural-network-house-prices/neural-networks-house-prices/java-app/house-price-app/data/rentcast/rentcast_latest3.json
"7710-78th-Ave-SE,-Mercer-Island,-WA-98040",2026-02-17,2500000,47.533861,-122.234865,/Users/marie/Documents/kiro/neural-network-house-prices/neural-networks-house-prices/java-app/house-price-app/data/rentcast/rentcast_latest3.json
"4423-Brygger-Dr-W,-Seattle,-WA-98199",2026-02-17,1310000,47.660284,-122.401826,/Users/marie/Documents/kiro/neural-network-house-prices/neural-networks-house-prices/java-app/house-price-app/data/rentcast/rentcast_latest3.json
"4869-90th-Pl-SE,-Mercer-Island,-WA-98040",2026-02-17,1770000,47.559058,-122.218609,/Users/marie/Documents/kiro/neural-network-house-prices/neural-networks-house-prices/java-app/house-price-app/data/rentcast/rentcast_latest3.json
"5909-8th-Ave-NW,-Seattle,-WA-98107",2026-02-17,925000,47.671914,-122.366448,/Users/marie/Documents/kiro/neural-network-house-prices/neural-networks-house-prices/java-app/house-price-app/data/rentcast/rentcast_latest3.json
"8718-42nd-Ave-S,-Seattle,-WA-98118",2026-02-17,550000,47.524664,-122.280677,/Users/marie/Documents/kiro/neural-network-house-prices/neural-networks-house-prices/java-app/house-price-app/data/rentcast/rentcast_latest3.json
"2320-Ne-102nd-St,-Seattle,-WA-98125",2026-02-17,834000,47.702266,-122.303345,/Users/marie/Documents/kiro/neural-network-house-prices/neural-networks-house-prices/java-app/house-price-app/data/rentcast/rentcast_latest3.json
"13308-28th-Ave-NE,-Seattle,-WA-98125",2026-02-17,870000,47.725044,-122.29739,/Users/marie/Documents/kiro/neural-network-house-prices/neural-networks-house-prices/java-app/house-price-app/data/rentcast/rentcast_latest3.json
"845-Sw-96th-Pl,-Seattle,-WA-98106",2026-02-17,819500,47.516733,-122.346563,/Users/marie/Documents/kiro/neural-network-house-prices/neural-networks-house-prices/java-app/house-price-app/data/rentcast/rentcast_latest3.json
"1514-35th-Ave,-Seattle,-WA-98122",2026-02-17,2090000,47.614514,-122.287858,/Users/marie/Documents/kiro/neural-network-house-prices/neural-networks-house-prices/java-app/house-price-app/data/rentcast/rentcast_latest3.json
"10745-126th-Ave-NE,-Kirkland,-WA-98033",2026-02-17,1100000,47.697634,-122.174008,/Users/marie/Documents/kiro/neural-network-house-prices/neural-networks-house-prices/java-app/house-price-app/data/rentcast/rentcast_latest3.json
"7557-Earl-Ave-NW,-Seattle,-WA-98117",2026-02-18,2064000,47.684802,-122.392233,/Users/marie/Documents/kiro/neural-network-house-prices/neural-networks-house-prices/java-app/house-price-app/data/rentcast/rentcast_latest3.json
"13848-Se-10th-St,-Bellevue,-WA-98005",2026-02-18,4489990,47.60163,-122.154251,/Users/marie/Documents/kiro/neural-network-house-prices/neural-networks-house-prices/java-app/house-price-app/data/rentcast/rentcast_latest3.json
"12025-Phinney-Ave-N,-Seattle,-WA-98133",2026-02-18,1049000,47.716763,-122.354582,/Users/marie/Documents/kiro/neural-network-house-prices/neural-networks-house-prices/java-app/house-price-app/data/rentcast/rentcast_latest3.json
"8222-38th-Ave-NE,-Seattle,-WA-98115",2026-02-18,1323000,47.689068,-122.287133,/Users/marie/Documents/kiro/neural-network-house-prices/neural-networks-house-prices/java-app/house-price-app/data/rentcast/rentcast_latest3.json
"15544-30th-Ave-NE,-Shoreline,-WA-98155",2026-02-18,1069000,47.742398,-122.29628,/Users/marie/Documents/kiro/neural-network-house-prices/neural-networks-house-prices/java-app/house-price-app/data/rentcast/rentcast_latest3.json
"1408-N-135th-Pl,-Seattle,-WA-98133",2026-02-18,672500,47.727528,-122.340476,/Users/marie/Documents/kiro/neural-network-house-prices/neural-networks-house-prices/java-app/house-price-app/data/rentcast/rentcast_latest3.json
"12664-Ne-87th-St,-Kirkland,-WA-98033",2026-02-18,1380000,47.681289,-122.170227,/Users/marie/Documents/kiro/neural-network-house-prices/neural-networks-house-prices/java-app/house-price-app/data/rentcast/rentcast_latest3.json
"624-Nw-79th-St,-Seattle,-WA-98117",2026-02-18,1030000,47.686427,-122.364429,/Users/marie/Documents/kiro/neural-network-house-prices/neural-networks-house-prices/java-app/house-price-app/data/rentcast/rentcast_latest3.json
"4727-153rd-Ave-SE,-Bellevue,-WA-98006",2026-02-18,1530000,47.560691,-122.135513,/Users/marie/Documents/kiro/neural-network-house-prices/neural-networks-house-prices/java-app/house-price-app/data/rentcast/rentcast_latest3.json
"903-Lakeside-Ave-S,-Seattle,-WA-98144",2026-02-18,2500000,47.594409,-122.288225,/Users/marie/Documents/kiro/neural-network-house-prices/neural-networks-house-prices/java-app/house-price-app/data/rentcast/rentcast_latest3.json
"2510-Magnolia-Blvd-W,-Seattle,-WA-98199",2026-02-18,2600000,47.641565,-122.412859,/Users/marie/Documents/kiro/neural-network-house-prices/neural-networks-house-prices/java-app/house-price-app/data/rentcast/rentcast_latest3.json
"8108-126th-Ave-NE,-Kirkland,-WA-98033",2026-02-18,2288000,47.676712,-122.172393,/Users/marie/Documents/kiro/neural-network-house-prices/neural-networks-house-prices/java-app/house-price-app/data/rentcast/rentcast_latest3.json
"5239-S-Pearl-St,-Seattle,-WA-98118",2026-02-18,1352000,47.55609,-122.266456,/Users/marie/Documents/kiro/neural-network-house-prices/neural-networks-house-prices/java-app/house-price-app/data/rentcast/rentcast_latest3.json
"106-110th-Ave-SE,-Bellevue,-WA-98004",2026-02-18,3898000,47.609197,-122.193695,/Users/marie/Documents/kiro/neural-network-house-prices/neural-networks-house-prices/java-app/house-price-app/data/rentcast/rentcast_latest3.json
"3434-33rd-Ave-W,-Seattle,-WA-98199",2026-02-18,1400000,47.651528,-122.399167,/Users/marie/Documents/kiro/neural-network-house-prices/neural-networks-house-prices/java-app/house-price-app/data/rentcast/rentcast_latest3.json
"2920-11th-Ave-W,-Seattle,-WA-98119",2026-02-18,1175000,47.646545,-122.37121,/Users/marie/Documents/kiro/neural-network-house-prices/neural-networks-house-prices/java-app/house-price-app/data/rentcast/rentcast_latest3.json
"118-145th-Pl-NE,-Bellevue,-WA-98007",2026-02-18,1180000,47.611137,-122.14588,/Users/marie/Documents/kiro/neural-network-house-prices/neural-networks-house-prices/java-app/house-price-app/data/rentcast/rentcast_latest3.json
"8828-129th-Ave-SE,-Newcastle,-WA-98056",2026-02-18,1580000,47.523148,-122.168064,/Users/marie/Documents/kiro/neural-network-house-prices/neural-networks-house-prices/java-app/house-price-app/data/rentcast/rentcast_latest3.json
"4630-152nd-Pl-SE,-Bellevue,-WA-98006",2026-02-18,1600000,47.56193,-122.137541,/Users/marie/Documents/kiro/neural-network-house-prices/neural-networks-house-prices/java-app/house-price-app/data/rentcast/rentcast_latest3.json
"1113-18th-Ave-E,-Seattle,-WA-98112",2026-02-18,2490000,47.629066,-122.308943,/Users/marie/Documents/kiro/neural-network-house-prices/neural-networks-house-prices/java-app/house-price-app/data/rentcast/rentcast_latest3.json
"716-N-96th-St,-Seattle,-WA-98103",2026-02-18,1045000,47.698998,-122.34903,/Users/marie/Documents/kiro/neural-network-house-prices/neural-networks-house-prices/java-app/house-price-app/data/rentcast/rentcast_latest3.json
"3322-E-Terrace-St,-Seattle,-WA-98122",2026-02-19,1720000,47.605342,-122.289478,/Users/marie/Documents/kiro/neural-network-house-prices/neural-networks-house-prices/java-app/house-price-app/data/rentcast/rentcast_latest3.json
"9802-15th-Ave-NE,-Seattle,-WA-98115",2026-02-19,1660000,47.7005,-122.311847,/Users/marie/Documents/kiro/neural-network-house-prices/neural-networks-house-prices/java-app/house-price-app/data/rentcast/rentcast_latest3.json
"120-N-80th-St,-Seattle,-WA-98103",2026-02-19,653250,47.687173,-122.356922,/Users/marie/Documents/kiro/neural-network-house-prices/neural-networks-house-prices/java-app/house-price-app/data/rentcast/rentcast_latest3.json
"1114-26th-Ave,-Seattle,-WA-98122",2026-02-19,1000000,47.612045,-122.298458,/Users/marie/Documents/kiro/neural-network-house-prices/neural-networks-house-prices/java-app/house-price-app/data/rentcast/rentcast_latest3.json
"2851-35th-Ave-W,-Seattle,-WA-98199",2026-02-19,515000,47.646499,-122.402666,/Users/marie/Documents/kiro/neural-network-house-prices/neural-networks-house-prices/java-app/house-price-app/data/rentcast/rentcast_latest3.json
"13038-87th-Pl-NE,-Kirkland,-WA-98034",2026-02-19,1150000,47.717802,-122.224532,/Users/marie/Documents/kiro/neural-network-house-prices/neural-networks-house-prices/java-app/house-price-app/data/rentcast/rentcast_latest3.json
"7716-32nd-Ave-SW,-Seattle,-WA-98126",2026-02-19,945000,47.533154,-122.373508,/Users/marie/Documents/kiro/neural-network-house-prices/neural-networks-house-prices/java-app/house-price-app/data/rentcast/rentcast_latest3.json
"11805-3rd-Ave-S,-Seattle,-WA-98168",2026-02-19,670000,47.497698,-122.330192,/Users/marie/Documents/kiro/neural-network-house-prices/neural-networks-house-prices/java-app/house-price-app/data/rentcast/rentcast_latest3.json
"1902-Nw-83rd-St,-Seattle,-WA-98117",2026-02-19,1350000,47.688925,-122.381306,/Users/marie/Documents/kiro/neural-network-house-prices/neural-networks-house-prices/java-app/house-price-app/data/rentcast/rentcast_latest3.json
"4146-2nd-Ave-NW,-Seattle,-WA-98107",2026-02-19,1481000,47.657631,-122.358192,/Users/marie/Documents/kiro/neural-network-house-prices/neural-networks-house-prices/java-app/house-price-app/data/rentcast/rentcast_latest3.json
"10021-16th-Ave-S,-Seattle,-WA-98168",2026-02-19,631000,47.513144,-122.313059,/Users/marie/Documents/kiro/neural-network-house-prices/neural-networks-house-prices/java-app/house-price-app/data/rentcast/rentcast_latest3.json
"135-Ne-135th-St,-Seattle,-WA-98125",2026-02-19,780000,47.726579,-122.327402,/Users/marie/Documents/kiro/neural-network-house-prices/neural-networks-house-prices/java-app/house-price-app/data/rentcast/rentcast_latest3.json
"1006-Ne-126th-St,-Seattle,-WA-98125",2026-02-19,627000,47.720397,-122.317214,/Users/marie/Documents/kiro/neural-network-house-prices/neural-networks-house-prices/java-app/house-price-app/data/rentcast/rentcast_latest3.json
"3010-12th-Ave-W,-Seattle,-WA-98119",2026-02-19,1200000,47.647255,-122.372258,/Users/marie/Documents/kiro/neural-network-house-prices/neural-networks-house-prices/java-app/house-price-app/data/rentcast/rentcast_latest3.json
"7018-32nd-Ave-NE,-Seattle,-WA-98115",2026-02-19,1750000,47.680037,-122.293314,/Users/marie/Documents/kiro/neural-network-house-prices/neural-networks-house-prices/java-app/house-price-app/data/rentcast/rentcast_latest3.json
"3449-Magnolia-Blvd-W,-Seattle,-WA-98199",2026-02-19,1845000,47.651477,-122.413043,/Users/marie/Documents/kiro/neural-network-house-prices/neural-networks-house-prices/java-app/house-price-app/data/rentcast/rentcast_latest3.json
"4274-Ne-50th-St,-Seattle,-WA-98105",2026-02-20,850000,47.665061,-122.280775,/Users/marie/Documents/kiro/neural-network-house-prices/neural-networks-house-prices/java-app/house-price-app/data/rentcast/rentcast_previous.csv
"8444-54th-Ave-S,-Seattle,-WA-98118",2026-02-20,440000,47.527232,-122.264584,/Users/marie/Documents/kiro/neural-network-house-prices/neural-networks-house-prices/java-app/house-price-app/data/rentcast/rentcast_latest3.json
"2553-5th-Ave-N,-Seattle,-WA-98109",2026-02-20,1550000,47.64246,-122.34823,/Users/marie/Documents/kiro/neural-network-house-prices/neural-networks-house-prices/java-app/house-price-app/data/rentcast/rentcast_latest3.json
"12704-37th-Ave-NE,-Seattle,-WA-98125",2026-02-20,1120000,47.721333,-122.287707,/Users/marie/Documents/kiro/neural-network-house-prices/neural-networks-house-prices/java-app/house-price-app/data/rentcast/rentcast_latest3.json
"768-Dayton-Ave-NE,-Renton,-WA-98056",2026-02-20,500000,47.495603,-122.18635,/Users/marie/Documents/kiro/neural-network-house-prices/neural-networks-house-prices/java-app/house-price-app/data/rentcast/rentcast_latest3.json
"12307-107th-Pl-NE,-Kirkland,-WA-98034",2026-02-20,1185000,47.710221,-122.19812,/Users/marie/Documents/kiro/neural-network-house-prices/neural-networks-house-prices/java-app/house-price-app/data/rentcast/rentcast_latest3.json
"4764-155th-Pl-SE,-Bellevue,-WA-98006",2026-02-20,2550000,47.560287,-122.131514,/Users/marie/Documents/kiro/neural-network-house-prices/neural-networks-house-prices/java-app/house-price-app/data/rentcast/rentcast_latest3.json
"7060-Dibble-Ave-NW,-Seattle,-WA-98117",2026-02-20,1745000,47.681325,-122.367227,/Users/marie/Documents/kiro/neural-network-house-prices/neural-networks-house-prices/java-app/house-price-app/data/rentcast/rentcast_latest3.json
"7227-S-120th-St,-Seattle,-WA-98178",2026-02-20,730000,47.496933,-122.242147,/Users/marie/Documents/kiro/neural-network-house-prices/neural-networks-house-prices/java-app/house-price-app/data/rentcast/rentcast_latest3.json
"9015-Dibble-Ave-NW,-Seattle,-WA-98117",2026-02-20,1300000,47.694729,-122.367661,/Users/marie/Documents/kiro/neural-network-house-prices/neural-networks-house-prices/java-app/house-price-app/data/rentcast/rentcast_latest3.json
"2815-Prosch-Ave-W,-Seattle,-WA-98119",2026-02-20,1218000,47.645317,-122.37439,/Users/marie/Documents/kiro/neural-network-house-prices/neural-networks-house-prices/java-app/house-price-app/data/rentcast/rentcast_latest3.json
"728-33rd-Ave,-Seattle,-WA-98122",2026-02-20,1310000,47.608802,-122.290133,/Users/marie/Documents/kiro/neural-network-house-prices/neural-networks-house-prices/java-app/house-price-app/data/rentcast/rentcast_latest3.json
"9526-Interlake-Ave-N,-Seattle,-WA-98103",2026-02-20,800000,47.698666,-122.340514,/Users/marie/Documents/kiro/neural-network-house-prices/neural-networks-house-prices/java-app/house-price-app/data/rentcast/rentcast_latest3.json
"106-N-80th-St,-Seattle,-WA-98103",2026-02-20,710000,47.687184,-122.357572,/Users/marie/Documents/kiro/neural-network-house-prices/neural-networks-house-prices/java-app/house-price-app/data/rentcast/rentcast_latest3.json
"4904-S-122nd-St,-Tukwila,-WA-98178",2026-02-20,535000,47.494586,-122.272694,/Users/marie/Documents/kiro/neural-network-house-prices/neural-networks-house-prices/java-app/house-price-app/data/rentcast/rentcast_latest3.json
"8016-24th-Ave-NW,-Seattle,-WA-98117",2026-02-20,999000,47.687386,-122.38726,/Users/marie/Documents/kiro/neural-network-house-prices/neural-networks-house-prices/java-app/house-price-app/data/rentcast/rentcast_latest3.json
"10715-2nd-Ave-NW,-Seattle,-WA-98177",2026-02-20,725000,47.707446,-122.359845,/Users/marie/Documents/kiro/neural-network-house-prices/neural-networks-house-prices/java-app/house-price-app/data/rentcast/rentcast_previous.csv
"10743-14th-Ave-NE,-Seattle,-WA-98125",2026-02-20,1305000,47.707994,-122.314044,/Users/marie/Documents/kiro/neural-network-house-prices/neural-networks-house-prices/java-app/house-price-app/data/rentcast/rentcast_latest3.json
"8319-16th-Ave-NW,-Seattle,-WA-98117",2026-02-20,1075000,47.689335,-122.378207,/Users/marie/Documents/kiro/neural-network-house-prices/neural-networks-house-prices/java-app/house-price-app/data/rentcast/rentcast_latest3.json
"1547-Ne-Brockman-Pl,-Seattle,-WA-98125",2026-02-23,830000,47.723156,-122.311202,/Users/marie/Documents/kiro/neural-network-house-prices/neural-networks-house-prices/java-app/house-price-app/data/rentcast/rentcast_latest3.json
"2329-W-Smith-St,-Seattle,-WA-98199",2026-02-23,1235000,47.641139,-122.387213,/Users/marie/Documents/kiro/neural-network-house-prices/neural-networks-house-prices/java-app/house-price-app/data/rentcast/rentcast_latest3.json
"1925-Eastlake-Ave-E,-Seattle,-WA-98102",2026-02-23,4445500,47.636607,-122.326221,/Users/marie/Documents/kiro/neural-network-house-prices/neural-networks-house-prices/java-app/house-price-app/data/rentcast/rentcast_previous.csv
"6018-41st-Ave-SW,-Seattle,-WA-98136",2026-02-23,585000,47.547883,-122.384101,/Users/marie/Documents/kiro/neural-network-house-prices/neural-networks-house-prices/java-app/house-price-app/data/rentcast/rentcast_latest3.json
"6842-28th-Ave-NE,-Seattle,-WA-98115",2026-02-23,1395000,47.678837,-122.297086,/Users/marie/Documents/kiro/neural-network-house-prices/neural-networks-house-prices/java-app/house-price-app/data/rentcast/rentcast_latest3.json
"5607-5th-Ave-NE,-Seattle,-WA-98105",2026-02-23,1175000,47.669628,-122.323131,/Users/marie/Documents/kiro/neural-network-house-prices/neural-networks-house-prices/java-app/house-price-app/data/rentcast/rentcast_latest3.json
"8902-30th-Ave-NW,-Seattle,-WA-98117",2026-02-23,599950,47.693759,-122.395492,/Users/marie/Documents/kiro/neural-network-house-prices/neural-networks-house-prices/java-app/house-price-app/data/rentcast/rentcast_latest3.json
"11621-16th-Ave-S,-Seattle,-WA-98168",2026-02-23,664990,47.498734,-122.31315,/Users/marie/Documents/kiro/neural-network-house-prices/neural-networks-house-prices/java-app/house-price-app/data/rentcast/rentcast_latest3.json
"7345-23rd-Ave-NW,-Seattle,-WA-98117",2026-02-23,800000,47.68264,-122.385708,/Users/marie/Documents/kiro/neural-network-house-prices/neural-networks-house-prices/java-app/house-price-app/data/rentcast/rentcast_latest3.json
"2209-E-Roanoke-St,-Seattle,-WA-98112",2026-02-23,940000,47.642954,-122.303218,/Users/marie/Documents/kiro/neural-network-house-prices/neural-networks-house-prices/java-app/house-price-app/data/rentcast/rentcast_latest3.json
"9675-Se-36th-St,-Ste-105,-Mercer-Island,-WA-98040",2026-02-23,1895000,47.522311,-122.203157,/Users/marie/Documents/kiro/neural-network-house-prices/neural-networks-house-prices/java-app/house-price-app/data/rentcast/rentcast_latest3.json
"2236-66th-Ave-SE,-Mercer-Island,-WA-98040",2026-02-23,5145000,47.590397,-122.246147,/Users/marie/Documents/kiro/neural-network-house-prices/neural-networks-house-prices/java-app/house-price-app/data/rentcast/rentcast_latest3.json
"10813-24th-Ave-NE,-Seattle,-WA-98125",2026-02-24,1370000,47.708025,-122.30331,/Users/marie/Documents/kiro/neural-network-house-prices/neural-networks-house-prices/java-app/house-price-app/data/rentcast/rentcast_latest3.json
"3215-31st-Ave-W,-Seattle,-WA-98199",2026-02-24,835000,47.649233,-122.397306,/Users/marie/Documents/kiro/neural-network-house-prices/neural-networks-house-prices/java-app/house-price-app/data/rentcast/rentcast_latest3.json
"1801-Nw-65th-St,-Seattle,-WA-98117",2026-02-24,849500,47.675763,-122.380128,/Users/marie/Documents/kiro/neural-network-house-prices/neural-networks-house-prices/java-app/house-price-app/data/rentcast/rentcast_latest3.json
"1709-S-Mcclellan-St,-Seattle,-WA-98144",2026-02-24,1750000,47.578467,-122.31006,/Users/marie/Documents/kiro/neural-network-house-prices/neural-networks-house-prices/java-app/house-price-app/data/rentcast/rentcast_latest3.json
"317-W-Highland-Dr,-Seattle,-WA-98119",2026-02-24,5000000,47.629337,-122.3614,/Users/marie/Documents/kiro/neural-network-house-prices/neural-networks-house-prices/java-app/house-price-app/data/rentcast/rentcast_latest3.json
"900-Ne-105th-St,-Seattle,-WA-98125",2026-02-24,1571189,47.705163,-122.318311,/Users/marie/Documents/kiro/neural-network-house-prices/neural-networks-house-prices/java-app/house-price-app/data/rentcast/rentcast_latest3.json
"3323-Ne-156th-St,-Lake-Forest-Park,-WA-98155",2026-02-24,1215000,47.741384,-122.293104,/Users/marie/Documents/kiro/neural-network-house-prices/neural-networks-house-prices/java-app/house-price-app/data/rentcast/rentcast_previous.csv
"4840-48th-Ave-SW,-Seattle,-WA-98116",2026-02-24,1712500,47.558249,-122.393243,/Users/marie/Documents/kiro/neural-network-house-prices/neural-networks-house-prices/java-app/house-price-app/data/rentcast/rentcast_latest3.json
"6026-35th-Ave-NE,-Seattle,-WA-98115",2026-02-24,1300000,47.672932,-122.289915,/Users/marie/Documents/kiro/neural-network-house-prices/neural-networks-house-prices/java-app/house-price-app/data/rentcast/rentcast_latest3.json
"7016-28th-Ave-NE,-Seattle,-WA-98115",2026-02-24,1675000,47.679995,-122.29719,/Users/marie/Documents/kiro/neural-network-house-prices/neural-networks-house-prices/java-app/house-price-app/data/rentcast/rentcast_latest3.json
"5531-18th-Ave-S,-Seattle,-WA-98108",2026-02-24,685000,47.552486,-122.310235,/Users/marie/Documents/kiro/neural-network-house-prices/neural-networks-house-prices/java-app/house-price-app/data/rentcast/rentcast_latest3.json
"4836-Puget-Blvd-SW,-Seattle,-WA-98106",2026-02-24,892000,47.558196,-122.361027,/Users/marie/Documents/kiro/neural-network-house-prices/neural-networks-house-prices/java-app/house-price-app/data/rentcast/rentcast_latest3.json
"9615-58th-Ave-S,-Seattle,-WA-98118",2026-02-24,759000,47.516312,-122.261183,/Users/marie/Documents/kiro/neural-network-house-prices/neural-networks-house-prices/java-app/house-price-app/data/rentcast/rentcast_latest3.json
"8803-15th-Ave-NE,-Seattle,-WA-98115",2026-02-24,975000,47.692281,-122.312521,/Users/marie/Documents/kiro/neural-network-house-prices/neural-networks-house-prices/java-app/house-price-app/data/rentcast/rentcast_latest3.json
"10424-2nd-Ave-S,-Seattle,-WA-98168",2026-02-24,500000,47.509593,-122.330734,/Users/marie/Documents/kiro/neural-network-house-prices/neural-networks-house-prices/java-app/house-price-app/data/rentcast/rentcast_latest3.json
"4227-Ne-123rd-St,-Seattle,-WA-98125",2026-02-24,500000,47.717142,-122.281154,/Users/marie/Documents/kiro/neural-network-house-prices/neural-networks-house-prices/java-app/house-price-app/data/rentcast/rentcast_latest3.json
"4028-138th-Ave-SE,-Bellevue,-WA-98006",2026-02-25,3800000,47.5738,-122.156132,/Users/marie/Documents/kiro/neural-network-house-prices/neural-networks-house-prices/java-app/house-price-app/data/rentcast/rentcast_latest3.json
"11205-Ne-95th-St,-Kirkland,-WA-98033",2026-02-25,2020000,47.686936,-122.189881,/Users/marie/Documents/kiro/neural-network-house-prices/neural-networks-house-prices/java-app/house-price-app/data/rentcast/rentcast_latest3.json
"1588-102nd-Ave-NE,-Bellevue,-WA-98004",2026-02-25,4250000,47.624875,-122.204622,/Users/marie/Documents/kiro/neural-network-house-prices/neural-networks-house-prices/java-app/house-price-app/data/rentcast/rentcast_latest3.json
"5017-35th-Ave-SW,-Seattle,-WA-98126",2026-02-25,937000,47.556834,-122.376659,/Users/marie/Documents/kiro/neural-network-house-prices/neural-networks-house-prices/java-app/house-price-app/data/rentcast/rentcast_latest3.json
"3239-45th-Ave-SW,-Seattle,-WA-98116",2026-02-25,1425000,47.574501,-122.389878,/Users/marie/Documents/kiro/neural-network-house-prices/neural-networks-house-prices/java-app/house-price-app/data/rentcast/rentcast_latest3.json
"6740-Alonzo-Ave-NW,-Seattle,-WA-98117",2026-02-25,935000,47.679024,-122.374713,/Users/marie/Documents/kiro/neural-network-house-prices/neural-networks-house-prices/java-app/house-price-app/data/rentcast/rentcast_latest3.json
"9021-12th-Ave-SW,-Seattle,-WA-98106",2026-02-25,699950,47.522158,-122.350929,/Users/marie/Documents/kiro/neural-network-house-prices/neural-networks-house-prices/java-app/house-price-app/data/rentcast/rentcast_latest3.json
"3840-Letitia-Ave-S,-Seattle,-WA-98118",2026-02-25,825000,47.568592,-122.29055,/Users/marie/Documents/kiro/neural-network-house-prices/neural-networks-house-prices/java-app/house-price-app/data/rentcast/rentcast_latest3.json
"1323-Sturgus-Ave-S,-Seattle,-WA-98144",2026-02-25,825000,47.590833,-122.312133,/Users/marie/Documents/kiro/neural-network-house-prices/neural-networks-house-prices/java-app/house-price-app/data/rentcast/rentcast_latest3.json
"406-N-Bowdoin-Pl,-Seattle,-WA-98103",2026-02-25,1320629,47.654833,-122.354108,/Users/marie/Documents/kiro/neural-network-house-prices/neural-networks-house-prices/java-app/house-price-app/data/rentcast/rentcast_latest3.json
"5217-5th-Ave-NE,-Seattle,-WA-98105",2026-02-25,999950,47.666998,-122.323208,/Users/marie/Documents/kiro/neural-network-house-prices/neural-networks-house-prices/java-app/house-price-app/data/rentcast/rentcast_latest3.json
"500-S-Trenton-St,-Seattle,-WA-98108",2026-02-25,590000,47.52501,-122.328119,/Users/marie/Documents/kiro/neural-network-house-prices/neural-networks-house-prices/java-app/house-price-app/data/rentcast/rentcast_latest3.json
"3222-W-Bertona-St,-Seattle,-WA-98199",2026-02-25,864950,47.650667,-122.399277,/Users/marie/Documents/kiro/neural-network-house-prices/neural-networks-house-prices/java-app/house-price-app/data/rentcast/rentcast_latest3.json
"15897-Se-56th-Pl,-Bellevue,-WA-98006",2026-02-26,2450000,47.552258,-122.127879,/Users/marie/Documents/kiro/neural-network-house-prices/neural-networks-house-prices/java-app/house-price-app/data/rentcast/rentcast_latest3.json
"11130-Ne-37th-Ct,-Bellevue,-WA-98004",2026-02-26,1780000,47.643155,-122.191056,/Users/marie/Documents/kiro/neural-network-house-prices/neural-networks-house-prices/java-app/house-price-app/data/rentcast/rentcast_latest3.json
"9359-31st-Pl-SW,-Seattle,-WA-98126",2026-02-26,748000,47.518142,-122.37373,/Users/marie/Documents/kiro/neural-network-house-prices/neural-networks-house-prices/java-app/house-price-app/data/rentcast/rentcast_latest3.json
"9113-45th-Ave-SW,-Seattle,-WA-98136",2026-02-26,724900,47.522501,-122.390399,/Users/marie/Documents/kiro/neural-network-house-prices/neural-networks-house-prices/java-app/house-price-app/data/rentcast/rentcast_latest3.json
"9020-13th-Ave-NW,-Seattle,-WA-98117",2026-02-26,839950,47.694904,-122.37233,/Users/marie/Documents/kiro/neural-network-house-prices/neural-networks-house-prices/java-app/house-price-app/data/rentcast/rentcast_latest3.json
"8458-Ne-9th-St,-Medina,-WA-98039",2026-02-26,6400000,47.618066,-122.225441,/Users/marie/Documents/kiro/neural-network-house-prices/neural-networks-house-prices/java-app/house-price-app/data/rentcast/rentcast_latest3.json
"2139-N-62nd-St,-Seattle,-WA-98103",2026-02-26,1525000,47.673438,-122.331809,/Users/marie/Documents/kiro/neural-network-house-prices/neural-networks-house-prices/java-app/house-price-app/data/rentcast/rentcast_latest3.json
"4616-S-Orcas-St,-Seattle,-WA-98118",2026-02-26,685000,47.551332,-122.274594,/Users/marie/Documents/kiro/neural-network-house-prices/neural-networks-house-prices/java-app/house-price-app/data/rentcast/rentcast_latest3.json
"8739-17th-Ave-NW,-Seattle,-WA-98117",2026-02-26,820000,47.693537,-122.379255,/Users/marie/Documents/kiro/neural-network-house-prices/neural-networks-house-prices/java-app/house-price-app/data/rentcast/rentcast_latest3.json
"5031-12th-Ave-NE,-Seattle,-WA-98105",2026-02-26,960000,47.665862,-122.315449,/Users/marie/Documents/kiro/neural-network-house-prices/neural-networks-house-prices/java-app/house-price-app/data/rentcast/rentcast_previous.csv
"3046-Sw-Avalon-Way,-Seattle,-WA-98126",2026-02-27,2300000,47.566466,-122.371931,/Users/marie/Documents/kiro/neural-network-house-prices/neural-networks-house-prices/java-app/house-price-app/data/rentcast/rentcast_previous.csv
"5514-25th-Ave-NE,-Seattle,-WA-98105",2026-02-27,835000,47.66902,-122.300298,/Users/marie/Documents/kiro/neural-network-house-prices/neural-networks-house-prices/java-app/house-price-app/data/rentcast/rentcast_previous.csv
"10332-Ashworth-Ave-N,-Seattle,-WA-98133",2026-03-02,872500,47.7042,-122.338793,/Users/marie/Documents/kiro/neural-network-house-prices/neural-networks-house-prices/java-app/house-price-app/data/rentcast/rentcast_previous.csv
"8319-25th-Ave-NW,-Seattle,-WA-98117",2026-03-02,1365000,47.689669,-122.389027,/Users/marie/Documents/kiro/neural-network-house-prices/neural-networks-house-prices/java-app/house-price-app/data/rentcast/rentcast_previous.csv
"333-Nw-47th-St,-Unit-C,-Seattle,-WA-98107",2026-03-06,779950,47.662701,-122.362137,/Users/marie/Documents/kiro/neural-network-house-prices/neural-networks-house-prices/java-app/house-price-app/data/rentcast/rentcast_previous.csv
"409-10th-Ave-E,-Seattle,-WA-98102",2026-03-06,4645600,47.622309,-122.320236,/Users/marie/Documents/kiro/neural-network-house-prices/neural-networks-house-prices/java-app/house-price-app/data/rentcast/rentcast_previous.csv
"800-Nw-62nd-St,-Seattle,-WA-98107",2026-03-11,19031,47.674089,-122.366418,/Users/marie/Documents/kiro/neural-network-house-prices/neural-networks-house-prices/java-app/house-price-app/data/rentcast/rentcast_previous.csv
"11027-35th-Ave-NE,-Seattle,-WA-98125",2026-03-13,840000,47.709232,-122.291122,/Users/marie/Documents/kiro/neural-network-house-prices/neural-networks-house-prices/java-app/house-price-app/data/rentcast/rentcast_previous.csv
