sale_date,sale_price,sale_nbr,lat,lng,sqft,sqft_lot,year_built,year_reno,beds,baths,address,city,zipcode,property_type,h3_07,community,date_x,mortgage_rate,date_y,unemployment_rate,rolling_sales_volume,inventory_proxy,time_trend,day_of_year,sin_day,cos_day,sin_month,cos_month,quarter,price_ma_3m,price_volatility_3m,yoy_price_change,price_per_sqft,month,year,week,log_price,community_index,sqft_scaled,sqft_lot_scaled,beds_scaled,time_trend_scaled,sin_day_scaled,cos_day_scaled,sin_month_scaled,cos_month_scaled,mortgage_rate_scaled,unemployment_rate_scaled,log_price_scaled,predicted_log_price,predicted_price,target_log,target,cls_attn_community,cls_attn_year,cls_attn_week,cls_attn_property,cls_attn_time,cls_attn_market,prediction_std_log,prediction_std_price,price_lower_95,price_upper_95,price_error,pct_error
2025-09-11,1095000.0,1,47.669005,-122.360579,2500.0,6733.0,1979.0,,3.0,2.0,"5510 3rd Ave NW, Seattle, WA 98107",Seattle,98107,Single Family,8728d5476ffffff,9,,6.693472484916132,,3.7734668313351207,1.0,-4.622944237574913,0.0,254,-0.9417589340994617,-0.33628873017668287,-1.0,-1.8369701987210297e-16,3,1095000.0,0.0,0.0,438.0,9,2025,37,13.906264921232738,235,0.38582948849007254,-0.18546455092639694,-0.47205412931655333,-1.5844192361123237,-1.2936759326027019,-0.28728775651204763,-1.3408080847037418,0.20331954688973564,1.226184693717071,-0.8086520744687207,0.31020619026476526,14.120039,1.3559854e+06,13.906265,1.0950004e+06,0.015562302,0.3508896,0.022586428,0.34901148,0.0892093,0.07827151,0.32589256463658084,441905.5514684458,715895.5529389995,2568386.4337257715,260985.375,23.834280821917808
2025-09-11,534000.0,2,47.516864,-122.373477,740.0,6840.0,1942.0,,2.0,1.0,"3130 Sw 97th St, Seattle, WA 98126",Seattle,98126,Single Family,8728d5574ffffff,9,,6.693472484916132,,3.7734668313351207,2.0,-4.4521997699017755,0.0,254,-0.9417589340994617,-0.33628873017668287,-1.0,-1.8369701987210297e-16,3,534000.0,0.0,0.0,721.6216216216217,9,2025,37,13.188151117942333,235,-1.4678134172036776,-0.183085691516339,-1.552629904149454,-1.5844192361123237,-1.2936759326027019,-0.28728775651204763,-1.3408080847037418,0.20331954688973564,1.226184693717071,-0.8086520744687207,-1.0209487035925982,13.451302,694746.0,13.188151,534000.1,0.019791275,0.390206,0.025610842,0.24650699,0.10397354,0.09140736,0.32611575057555303,226567.61324936317,366632.2949198918,1316501.5638931512,160746.0,30.102247191011234
2025-09-11,350000.0,3,47.463538,-122.337031,1070.0,7558.0,1958.0,,3.0,1.0,"210 Sw 156th St, Burien, WA 98166",Burien,98166,Single Family,8728d5cd3ffffff,38,,6.693472484916132,,3.7734668313351207,1.0,-2.698065660784524,0.0,254,-0.9417589340994617,-0.33628873017668287,-1.0,-1.8369701987210297e-16,3,350000.0,0.0,0.0,327.10280373831773,9,2025,37,12.765688433465597,235,-1.1202553723860995,-0.16712287790492222,-0.47205412931655333,-1.5844192361123237,-1.2936759326027019,-0.28728775651204763,-1.3408080847037418,0.20331954688973564,1.226184693717071,-0.8086520744687207,-1.804060332051168,13.5164385,741505.94,12.765689,350000.16,0.01982523,0.38147843,0.024800535,0.2711161,0.10137031,0.08959974,0.3253714651801649,241264.87332416678,391879.7895527343,1403060.6065041653,391505.9375,111.8588392857143
2025-09-11,850000.0,4,47.67926,-122.31689,2040.0,4590.0,1925.0,,4.0,2.0,"1009 Ne 70th St, Seattle, WA 98115",Seattle,98115,Single Family,8728d5408ffffff,9,,6.693472484916132,,3.7734668313351207,3.0,-4.281455302228637,0.0,254,-0.9417589340994617,-0.33628873017668287,-1.0,-1.8369701987210297e-16,3,850000.0,0.0,0.0,416.6666666666667,9,2025,37,13.652991628466498,235,-0.09864536186170311,-0.23310843612036092,0.6085216455163472,-1.5844192361123237,-1.2936759326027019,-0.28728775651204763,-1.3408080847037418,0.20331954688973564,1.226184693717071,-0.8086520744687207,-0.1592820462854057,13.867219,1.0530686e+06,13.652991,849999.7,0.016703755,0.35839513,0.022765392,0.339895,0.092851035,0.08032615,0.3171509813821544,333981.74788150593,565577.7464413916,1960744.6739956383,203068.625,23.890426470588235
2025-09-11,650000.0,5,47.592367,-122.301758,910.0,1639.0,2007.0,,2.0,1.5,"1125 24th Ave S, Seattle, WA 98144",Seattle,98144,Single Family,8728d5425ffffff,9,,6.693472484916132,,3.7734668313351207,4.0,-4.1107108345554995,0.0,254,-0.9417589340994617,-0.33628873017668287,-1.0,-1.8369701987210297e-16,3,650000.0,0.0,0.0,714.2857142857143,9,2025,37,13.38472764187182,235,-1.2887683638128042,-0.29871604470990254,-1.552629904149454,-1.5844192361123237,-1.2936759326027019,-0.28728775651204763,-1.3408080847037418,0.20331954688973564,1.226184693717071,-0.8086520744687207,-0.6565582676377215,13.41473,669797.06,13.3847275,649999.9,0.019210452,0.3740517,0.024284948,0.29108295,0.09748908,0.08763994,0.3265308037523651,218709.3731690981,353178.79060770274,1270257.822122143,19797.0625,3.045701923076923
2025-09-12,1435000.0,6,47.697366,-122.172577,2080.0,7200.0,1975.0,,4.0,2.5,"10733 126th Pl NE, Kirkland, WA 98033",Kirkland,98033,Single Family,8728d5413ffffff,59,,6.693472484916132,,3.7734668313351207,1.0,-3.0209150897314037,0.0027378507871321013,255,-0.9474042892438845,-0.32003923622313857,-1.0,-1.8369701987210297e-16,3,1435000.0,0.0,0.0,689.9038461538462,9,2025,37,14.176675407175859,235,-0.056517114005026965,-0.17508205237969549,0.6085216455163472,-1.582442366958511,-1.301470539971354,-0.26320104230986846,-1.3408080847037418,0.20331954688973564,1.226184693717071,-0.8086520744687207,0.8114613396076688,13.89404,1.0816954e+06,14.176676,1.4350005e+06,0.016708292,0.36368546,0.023142423,0.32835585,0.09422541,0.081173934,0.3178256518001798,343790.5376086149,580184.7290638456,2016710.7190460542,-353304.625,-24.620531358885017
2025-09-12,1475000.0,7,47.675007,-122.309492,2750.0,4080.0,1900.0,,4.0,2.5,"6306 17th Ave NE, Seattle, WA 98115",Seattle,98115,Single Family,8728d540cffffff,9,,6.693472484916132,,3.7734668313351207,5.0,-3.9399663668823615,0.0027378507871321013,255,-0.9474042892438845,-0.32003923622313857,-1.0,-1.8369701987210297e-16,3,848335.6153846154,324405.2120778216,0.0,536.3636363636364,9,2025,37,14.204168547756057,235,0.6491310375942985,-0.24444692489727254,0.6085216455163472,-1.582442366958511,-1.301470539971354,-0.26320104230986846,-1.3408080847037418,0.20331954688973564,1.226184693717071,-0.8086520744687207,0.8624248894839532,14.225374,1.5066124e+06,14.204168,1.4749996e+06,0.013927007,0.34048146,0.021716576,0.37998408,0.084541455,0.07388093,0.32940498590781336,496285.6281554122,789962.2586351534,2873404.1337403376,31612.375,2.1432118644067795
2025-09-12,850000.0,8,47.68228,-122.301091,2280.0,6204.0,1978.0,,5.0,2.5,"7407 25th Ave NE, Seattle, WA 98115",Seattle,98115,Single Family,8728d5408ffffff,9,,6.693472484916132,,3.7734668313351207,6.0,-3.769221899209224,0.0027378507871321013,255,-0.9474042892438845,-0.32003923622313857,-1.0,-1.8369701987210297e-16,3,796113.5833333334,275916.8123901439,0.0,372.8070175438597,9,2025,37,13.652991628466498,235,0.15412412527835376,-0.19722545399107586,1.689097420349248,-1.582442366958511,-1.301470539971354,-0.26320104230986846,-1.3408080847037418,0.20331954688973564,1.226184693717071,-0.8086520744687207,-0.1592820462854057,13.894374,1.0820564e+06,13.652991,849999.7,0.015850706,0.3656457,0.023462432,0.32235467,0.09350067,0.08072418,0.317753914611036,343827.64898607717,580460.0287151431,2017100.3471147006,232056.375,27.30075
2025-09-12,819000.0,9,47.686759,-122.303522,1470.0,7198.0,1938.0,,3.0,1.0,"2222 Ne 80th St, Seattle, WA 98115",Seattle,98115,Single Family,8728d5408ffffff,9,,6.693472484916132,,3.7734668313351207,7.0,-3.598477431536086,0.0027378507871321013,255,-0.9474042892438845,-0.32003923622313857,-1.0,-1.8369701987210297e-16,3,791214.8181818182,288836.1539270381,0.0,557.1428571428571,9,2025,37,13.615839362835207,235,-0.6989728938193381,-0.17512651704156573,-0.47205412931655333,-1.582442366958511,-1.301470539971354,-0.26320104230986846,-1.3408080847037418,0.20331954688973564,1.226184693717071,-0.8086520744687207,-0.22815054593877218,13.680123,873377.6,13.615839,818999.7,0.01906452,0.3759318,0.024280097,0.29007667,0.09842461,0.0873276,0.3225459331220607,281704.4010235542,464136.18961496477,1643458.3969600524,54377.625,6.639514652014652
2025-09-12,570000.0,10,47.692904,-122.347838,770.0,5100.0,1928.0,,1.0,1.0,"746 N 88th St, Seattle, WA 98103",Seattle,98103,Single Family,8728d5409ffffff,9,,6.693472484916132,,3.7734668313351207,8.0,-3.427732963862948,0.0027378507871321013,255,-0.9474042892438845,-0.32003923622313857,-1.0,-1.8369701987210297e-16,3,788436.3,304305.04070606886,0.0,740.2597402597403,9,2025,37,13.253391639810733,235,-1.4362172313111707,-0.2217699473434493,-2.6332056789823546,-1.582442366958511,-1.301470539971354,-0.26320104230986846,-1.3408080847037418,0.20331954688973564,1.226184693717071,-0.8086520744687207,-0.900013498664071,13.512384,738505.94,13.253391,569999.8,0.018878423,0.3900867,0.02569478,0.24774894,0.10234301,0.09030819,0.32493403231548007,239965.7121607989,390629.067154653,1396186.456217474,168505.9375,29.562445175438594
2025-09-12,380363.0,11,47.656269,-122.388982,780.0,5750.0,1918.0,,3.0,1.0,"4015 Burton Pl W, Seattle, WA 98199",Seattle,98199,Single Family,8728d5474ffffff,9,,6.693472484916132,,3.7734668313351207,9.0,-3.2569884961898103,0.0027378507871321013,255,-0.9474042892438845,-0.32003923622313857,-1.0,-1.8369701987210297e-16,3,380363.0,0.0,0.0,487.6448717948718,9,2025,37,12.848881338886972,235,-1.4256851693470016,-0.20731893223562073,-0.47205412931655333,-1.582442366958511,-1.301470539971354,-0.26320104230986846,-1.3408080847037418,0.20331954688973564,1.226184693717071,-0.8086520744687207,-1.649847110304903,13.353305,629892.75,12.848882,380363.16,0.020190874,0.37910247,0.024686284,0.2746588,0.10011481,0.08989048,0.3296874008483108,207667.70356069482,330088.98787342664,1201993.7190393016,249529.75,65.60305550224392
2025-09-12,530000.0,12,47.704554,-122.349694,1296.0,3842.0,1946.0,,3.0,1.0,"704 N 104th St, Seattle, WA 98133",Seattle,98133,Single Family,8728d5454ffffff,9,,6.693472484916132,,3.7734668313351207,10.0,-3.0862440285166723,0.0027378507871321013,255,-0.9474042892438845,-0.32003923622313857,-1.0,-1.8369701987210297e-16,3,530000.0,0.0,0.0,408.95061728395063,9,2025,37,13.180632285528304,235,-0.8822307719958794,-0.2497382196598313,-0.47205412931655333,-1.582442366958511,-1.301470539971354,-0.26320104230986846,-1.3408080847037418,0.20331954688973564,1.226184693717071,-0.8086520744687207,-1.0348862306505204,13.56033,774776.9,13.180633,530000.2,0.019242814,0.36846498,0.023728453,0.3076504,0.09570554,0.086376294,0.32464525073963957,251527.6328516494,410046.4395578379,1463929.8890740182,244776.875,46.184316037735854
2025-09-12,1950000.0,13,47.644263,-122.189211,2670.0,10850.0,1982.0,,3.0,2.0,"3734 113th Ave NE, Bellevue, WA 98004",Bellevue,98004,Single Family,8728d5433ffffff,36,,6.693472484916132,,3.7734668313351207,1.0,-1.4605929533473043,0.0027378507871321013,255,-0.9474042892438845,-0.32003923622313857,-1.0,-1.8369701987210297e-16,3,1950000.0,0.0,0.0,730.3370786516854,9,2025,37,14.48333993053993,235,0.5648745418809461,-0.09393404446650438,-0.47205412931655333,-1.582442366958511,-1.301470539971354,-0.26320104230986846,-1.3408080847037418,0.20331954688973564,1.226184693717071,-0.8086520744687207,1.3799199588098905,14.244937,1.536376e+06,14.48334,1.9500006e+06,0.015175325,0.35456988,0.02314238,0.33146602,0.09029935,0.07887819,0.33037888818696465,507586.194717136,804031.9789694645,2935767.757446412,-413624.0,-21.21148717948718
2025-09-12,915000.0,14,47.686463,-122.372383,1520.0,5796.0,1910.0,,3.0,1.0,"7746 13th Ave NW, Seattle, WA 98117",Seattle,98117,Single Family,8728d5472ffffff,9,,6.693472484916132,,3.7734668313351207,11.0,-2.915499560843535,0.0027378507871321013,255,-0.9474042892438845,-0.32003923622313857,-1.0,-1.8369701987210297e-16,3,915000.0,0.0,0.0,601.9736842105264,9,2025,37,13.726679344257658,235,-0.646312583998493,-0.20629624501260516,-0.47205412931655333,-1.582442366958511,-1.301470539971354,-0.26320104230986846,-1.3408080847037418,0.20331954688973564,1.226184693717071,-0.8086520744687207,-0.022688426941056914,13.686129,878638.3,13.72668,915000.44,0.0188868,0.3712634,0.023906013,0.3025778,0.09660044,0.086239666,0.3223460915126799,283225.62588767166,467114.77482991945,1652710.0543449747,-36361.6875,-3.973954918032787
2025-09-12,2600000.0,15,47.634494,-122.22491,3130.0,21564.0,1967.0,,4.0,2.0,"8509 Ne 27th Pl, Clyde Hill, WA 98004",Clyde Hill,98004,Single Family,8728d5406ffffff,15,,6.693472484916132,,3.7734668313351207,1.0,-1.1618941038629222,0.0027378507871321013,255,-0.9474042892438845,-0.32003923622313857,-1.0,-1.8369701987210297e-16,3,2600000.0,0.0,0.0,830.6709265175718,9,2025,37,14.77102200299171,235,1.0493493922327217,0.14426314917238042,0.6085216455163472,-1.582442366958511,-1.301470539971354,-0.26320104230986846,-1.3408080847037418,0.20331954688973564,1.226184693717071,-0.8086520744687207,1.913191143494737,14.387444,1.7716884e+06,14.771022,2.5999995e+06,0.013050739,0.33152616,0.021944014,0.37186158,0.08207163,0.07293784,0.33336210701134456,590613.7696575051,921772.580056185,3405264.8330054437,-828311.625,-31.858139423076924
2025-09-12,1335000.0,16,47.68189,-122.386256,2450.0,5100.0,1913.0,,4.0,2.5,"7316 Jones Ave NW, Seattle, WA 98117",Seattle,98117,Single Family,8728d5473ffffff,9,,6.693472484916132,,3.7734668313351207,12.0,-2.744755093170397,0.0027378507871321013,255,-0.9474042892438845,-0.32003923622313857,-1.0,-1.8369701987210297e-16,3,1335000.0,0.0,0.0,544.8979591836735,9,2025,37,14.104441849816487,235,0.33316917866922735,-0.2217699473434493,0.6085216455163472,-1.582442366958511,-1.301470539971354,-0.26320104230986846,-1.3408080847037418,0.20331954688973564,1.226184693717071,-0.8086520744687207,0.6775632681055261,14.024962,1.233002e+06,14.104442,1.3349998e+06,0.015172854,0.35045138,0.022301897,0.3585227,0.08874493,0.07702764,0.32180727480336474,396789.0134470983,656199.5190765777,2316816.6872128877,-101998.0,-7.640299625468165
2025-09-12,950000.0,17,47.540298,-122.172686,1930.0,11031.0,1967.0,,4.0,1.5,"12528 Se 70th St, Newcastle, WA 98056",Newcastle,98056,Single Family,8728d5513ffffff,7,,6.693472484916132,,3.7734668313351207,1.0,-1.8078193064088317,0.0027378507871321013,255,-0.9474042892438845,-0.32003923622313857,-1.0,-1.8369701987210297e-16,3,950000.0,0.0,0.0,492.2279792746114,9,2025,37,13.764217263576723,235,-0.2144980434675625,-0.08990999256724751,0.6085216455163472,-1.582442366958511,-1.301470539971354,-0.26320104230986846,-1.3408080847037418,0.20331954688973564,1.226184693717071,-0.8086520744687207,0.04689495215267396,13.839776,1.0245623e+06,13.764217,950000.1,0.017692592,0.3754884,0.024129633,0.29478806,0.098882586,0.0848293,0.31726326567820556,325055.9851545642,550146.5841821749,1908087.5961202576,74562.3125,7.848664473684211
2025-09-12,1025000.0,18,47.533002,-122.380261,1970.0,7436.0,1950.0,,3.0,1.5,"7716 38th Ave SW, Seattle, WA 98126",Seattle,98126,Single Family,8728d5570ffffff,9,,6.693472484916132,,3.7734668313351207,13.0,-2.574010625497259,0.0027378507871321013,255,-0.9474042892438845,-0.32003923622313857,-1.0,-1.8369701987210297e-16,3,1025000.0,0.0,0.0,520.3045685279188,9,2025,37,13.840203170554645,235,-0.17236979561088636,-0.16983522227900696,-0.47205412931655333,-1.582442366958511,-1.301470539971354,-0.26320104230986846,-1.3408080847037418,0.20331954688973564,1.226184693717071,-0.8086520744687207,0.18774868797335384,13.865819,1.0515954e+06,13.840203,1.0250001e+06,0.017847957,0.36870694,0.023641093,0.31337675,0.0951372,0.084121615,0.317510567660144,333892.64446503203,564388.579922492,1959382.028616805,26595.375,2.5946707317073168
2025-09-12,950000.0,19,47.737908,-122.299693,1850.0,8171.0,1947.0,,4.0,2.0,"15015 27th Ave NE, Shoreline, WA 98155",Shoreline,98155,Single Family,8728d54e0ffffff,59,,6.693472484916132,,3.7734668313351207,2.0,-2.898576507508921,0.0027378507871321013,255,-0.9474042892438845,-0.32003923622313857,-1.0,-1.8369701987210297e-16,3,950000.0,0.0,0.0,513.5135135135135,9,2025,37,13.764217263576723,235,-0.29875453918091477,-0.15349445904169315,0.6085216455163472,-1.582442366958511,-1.301470539971354,-0.26320104230986846,-1.3408080847037418,0.20331954688973564,1.226184693717071,-0.8086520744687207,0.04689495215267396,13.798574,983206.5,13.764217,950000.1,0.01790693,0.37254468,0.023935614,0.30046153,0.09796354,0.0847096,0.31759671016561963,312263.1498134533,527595.3549677514,1832265.9805297551,33206.5,3.495421052631579
2025-09-12,1250000.0,20,47.568172,-122.138067,2160.0,10620.0,1954.0,,5.0,3.0,"4364 151st Ave SE, Bellevue, WA 98006",Bellevue,98006,Single Family,8728d55acffffff,7,,6.693472484916132,,3.7734668313351207,2.0,-1.7065190866531645,0.0027378507871321013,255,-0.9474042892438845,-0.32003923622313857,-1.0,-1.8369701987210297e-16,3,1250000.0,0.0,0.0,578.7037037037037,9,2025,37,14.038654109278484,235,0.02773938170832532,-0.09904748058158218,1.689097420349248,-1.582442366958511,-1.301470539971354,-0.26320104230986846,-1.3408080847037418,0.20331954688973564,1.226184693717071,-0.8086520744687207,0.5556136935788741,13.873877,1.0601029e+06,14.038654,1.2500002e+06,0.016489677,0.37486517,0.024139348,0.29954234,0.09702496,0.08318616,0.317325935235194,336398.1362548929,569160.49513223,1974519.0441589751,-189897.125,-15.191769999999998
2025-09-15,637000.0,23,47.497142,-122.188778,1600.0,5101.0,1942.0,,4.0,1.5,"2217 Ne 9th St, Renton, WA 98056",Renton,98056,Single Family,8728d5533ffffff,38,2025-09-14,6.85800481996093,,3.7734668313351207,5.0,-2.242602183307775,0.010951403148528405,258,-0.9626519747161487,-0.2707418984477642,-1.0,-1.8369701987210297e-16,3,637000.0,0.0,0.0,398.125,9,2025,38,13.3645249345543,235,-0.5620560882851406,-0.22174771501251417,0.6085216455163472,-1.5765117594970732,-1.3225231962695871,-0.19012732756414005,-1.3408080847037418,0.20331954688973564,1.3220162923316716,-0.8086520744687207,-0.6940076699353244,13.70629,896532.9,13.364525,636999.94,0.018711573,0.3698858,0.02391124,0.29725918,0.09626211,0.08869043,0.321482158389455,288219.32372210344,477435.91220264236,1683516.427532102,259532.875,40.74299450549451
2025-09-15,289710.0,26,47.498437,-122.279879,1120.0,10912.0,1908.0,,2.0,1.0,"11658 42nd Ave S, Tukwila, WA 98168",Tukwila,98168,Single Family,8728d5505ffffff,38,2025-09-14,6.85800481996093,,3.7734668313351207,2.0,-2.5841997914153367,0.010951403148528405,258,-0.9626519747161487,-0.2707418984477642,-1.0,-1.8369701987210297e-16,3,289710.0,0.0,0.0,258.66964285714283,9,2025,38,12.576635701629073,235,-1.0675950625652544,-0.09255563994852689,-1.552629904149454,-1.5765117594970732,-1.3225231962695871,-0.19012732756414005,-1.3408080847037418,0.20331954688973564,1.3220162923316716,-0.8086520744687207,-2.1545040472787416,13.641028,839891.8,12.576635,289709.9,0.01916603,0.3937703,0.025900641,0.23611017,0.103458114,0.094000116,0.32362658908474284,271811.3224795774,445396.5507575166,1583798.3181375193,550181.8125,189.9077741534638
2025-09-15,490000.0,21,47.489714,-122.255932,1020.0,8750.0,1928.0,,3.0,1.0,"6148 S Langston Rd, Seattle, WA 98178",Seattle,98178,Single Family,8728d5504ffffff,38,2025-09-14,6.85800481996093,,3.7734668313351207,3.0,-2.4703339220461498,0.010951403148528405,258,-0.9626519747161487,-0.2707418984477642,-1.0,-1.8369701987210297e-16,3,490000.0,0.0,0.0,480.3921568627451,9,2025,38,13.102160670086809,235,-1.1729156822069446,-0.14062193943025816,-0.47205412931655333,-1.5765117594970732,-1.3225231962695871,-0.19012732756414005,-1.3408080847037418,0.20331954688973564,1.3220162923316716,-0.8086520744687207,-1.1803476804168564,13.519718,743941.9,13.10216,489999.9,0.019915715,0.38409472,0.025034193,0.26102915,0.10091184,0.09317832,0.32528268598732496,241991.41131844674,393235.56197738857,1407424.835462128,253941.875,51.82487244897958
2025-09-15,750000.0,24,47.54823,-122.304778,2480.0,5952.0,1957.0,,4.0,2.5,"5955 23rd Ave S, Seattle, WA 98108",Seattle,98108,Single Family,8728d5508ffffff,38,2025-09-14,6.85800481996093,,3.7734668313351207,4.0,-2.3564680526769624,0.010951403148528405,258,-0.9626519747161487,-0.2707418984477642,-1.0,-1.8369701987210297e-16,3,750000.0,0.0,0.0,302.4193548387097,9,2025,38,13.527828485512494,235,0.3647653645617345,-0.20282800138672633,0.6085216455163472,-1.5765117594970732,-1.3225231962695871,-0.19012732756414005,-1.3408080847037418,0.20331954688973564,1.3220162923316716,-0.8086520744687207,-0.39129475723787077,14.054301,1.2697128e+06,13.527828,749999.8,0.0150422575,0.34994105,0.022284042,0.35716054,0.08739963,0.07944739,0.3229825299639227,410095.0363224497,674182.0809395876,2391298.3537029545,519712.75,69.29503333333334
2025-09-15,6200000.0,25,47.631613,-122.226618,5180.0,21477.0,2021.0,,6.0,4.0,"2320 85th Pl NE, Clyde Hill, WA 98004",Clyde Hill,98004,Single Family,8728d5431ffffff,15,2025-09-14,6.85800481996093,,3.7734668313351207,2.0,-0.3872980346209741,0.010951403148528405,258,-0.9626519747161487,-0.2707418984477642,-1.0,-1.8369701987210297e-16,3,6200000.0,0.0,0.0,1196.9111969111968,9,2025,38,15.64005985001532,235,3.208422094887374,0.1423289363810249,2.7696731951821483,-1.5765117594970732,-1.3225231962695871,-0.19012732756414005,-1.3408080847037418,0.20331954688973564,1.3220162923316716,-0.8086520744687207,3.5241112758082553,14.848278,2.8088285e+06,15.640059,6.1999975e+06,0.007498986,0.26031134,0.016825423,0.54144853,0.054775205,0.05539564,0.31723075725228694,891046.7920468053,1508318.121855942,5230672.065895972,-3391171.5,-54.69631451612903
2025-09-15,780000.0,22,47.690362,-122.338833,750.0,7250.0,1943.0,,2.0,1.0,"8256 Ashworth Ave N, Seattle, WA 98103",Seattle,98103,Single Family,8728d5409ffffff,9,2025-09-14,6.85800481996093,,3.7734668313351207,14.0,-2.4032661578241212,0.010951403148528405,258,-0.9626519747161487,-0.2707418984477642,-1.0,-1.8369701987210297e-16,3,1040835.1875,764553.7614041469,0.0,1040.0,9,2025,38,13.567049198665774,235,-1.4572813552395087,-0.17397043583293945,-1.552629904149454,-1.5765117594970732,-1.3225231962695871,-0.19012732756414005,-1.3408080847037418,0.20331954688973564,1.3220162923316716,-0.8086520744687207,-0.3185920128882372,13.467518,706104.0,13.567049,779999.9,0.01974173,0.3899866,0.025606008,0.2444766,0.102328554,0.09426208,0.32582082744743707,230063.38954394512,372841.63259951724,1337251.1369126255,-73896.0,-9.473846153846154
2025-09-15,1450000.0,27,47.611984,-122.119185,2900.0,15535.0,1961.0,,4.0,2.5,"16517 Ne 2nd Pl, Bellevue, WA 98008",Bellevue,98008,Single Family,8728d558cffffff,59,2025-09-14,6.85800481996093,,3.7734668313351207,3.0,-2.776237925286438,0.010951403148528405,258,-0.9626519747161487,-0.2707418984477642,-1.0,-1.8369701987210297e-16,3,1450000.0,0.0,0.0,500.0,9,2025,38,14.187074114396758,235,0.807111967056834,0.010224425964536807,0.6085216455163472,-1.5765117594970732,-1.3225231962695871,-0.19012732756414005,-1.3408080847037418,0.20331954688973564,1.3220162923316716,-0.8086520744687207,0.8307372398110406,14.296754,1.618085e+06,14.187074,1.4499994e+06,0.013859956,0.34446272,0.022445964,0.3539797,0.0851192,0.077944845,0.3319630228173353,537144.387775388,844167.6224352178,3101515.460049866,168085.0,11.59206896551724
2025-09-15,1170000.0,28,47.519431,-122.387545,2120.0,5000.0,1975.0,,3.0,2.0,"9315 California Ave SW, Seattle, WA 98136",Seattle,98136,Single Family,8728d5570ffffff,9,2025-09-14,6.85800481996093,,3.7734668313351207,15.0,-2.2325216901509832,0.010951403148528405,258,-0.9626519747161487,-0.2707418984477642,-1.0,-1.8369701987210297e-16,3,1058224.2,788106.5079300784,0.0,551.8867924528302,9,2025,38,13.972514306773938,235,-0.014388866148350825,-0.22399318043696137,-0.47205412931655333,-1.5765117594970732,-1.3225231962695871,-0.19012732756414005,-1.3408080847037418,0.20331954688973564,1.3220162923316716,-0.8086520744687207,0.43301150799314225,13.925823,1.1166271e+06,13.972514,1.1699999e+06,0.016875686,0.35554993,0.022626992,0.34487176,0.089169994,0.08322962,0.31918049109402685,356405.5941264113,597332.6555256821,2087373.164236907,-53372.875,-4.5617841880341885
2025-09-15,4150000.0,31,47.622132,-122.19812,4340.0,9185.0,2017.0,,5.0,3.5,"1288 106th Pl NE, Bellevue, WA 98004",Bellevue,98004,Single Family,8728d5430ffffff,36,2025-09-14,6.85800481996093,,3.7734668313351207,2.0,-1.0954447150104782,0.010951403148528405,258,-0.9626519747161487,-0.2707418984477642,-1.0,-1.8369701987210297e-16,3,4150000.0,0.0,0.0,956.221198156682,9,2025,38,15.238618892206881,235,2.323728889897175,-0.1309508754734806,1.689097420349248,-1.5765117594970732,-1.3225231962695871,-0.19012732756414005,-1.3408080847037418,0.20331954688973564,1.3220162923316716,-0.8086520744687207,2.7799672513751448,14.689486,2.3964178e+06,15.238619,4.1499998e+06,0.0091576055,0.2830143,0.018427147,0.48744458,0.063285515,0.061517783,0.32771866356471346,785350.8223727576,1260673.8900646693,4555355.494440897,-1753582.25,-42.254993975903616
2025-09-15,3675000.0,32,47.631846,-122.36735,3430.0,10800.0,1906.0,,4.0,2.5,"1422 8th Ave W, Seattle, WA 98119",Seattle,98119,Single Family,8728d5429ffffff,9,2025-09-14,6.85800481996093,,3.7734668313351207,16.0,-2.0617772224778457,0.010951403148528405,258,-0.9626519747161487,-0.2707418984477642,-1.0,-1.8369701987210297e-16,3,1050240.2142857143,817227.0141214579,0.0,1071.4285714285713,9,2025,38,15.117063690629074,235,1.3653112511577927,-0.09504566101326042,0.6085216455163472,-1.5765117594970732,-1.3225231962695871,-0.19012732756414005,-1.3408080847037418,0.20331954688973564,1.3220162923316716,-0.8086520744687207,2.55464251772888,14.457121,1.8995372e+06,15.1170635,3.6749995e+06,0.011847401,0.31435263,0.020663913,0.41263205,0.07462536,0.07075142,0.33320651030212595,632938.1782613969,988591.1573472669,3649882.9464471694,-1775462.75,-48.311911564625845
2025-09-15,1000000.0,29,47.709725,-122.202187,2200.0,8360.0,1969.0,,4.0,3.0,"12225 105th Ave NE, Kirkland, WA 98034",Kirkland,98034,Single Family,8728d541affffff,59,2025-09-14,6.85800481996093,,3.7734668313351207,5.0,-2.5315607608414727,0.010951403148528405,258,-0.9626519747161487,-0.2707418984477642,-1.0,-1.8369701987210297e-16,3,1000000.0,0.0,0.0,454.54545454545456,9,2025,38,13.815510557964274,235,0.06986762956500146,-0.1492925484949553,0.6085216455163472,-1.5765117594970732,-1.3225231962695871,-0.19012732756414005,-1.3408080847037418,0.20331954688973564,1.3220162923316716,-0.8086520744687207,0.14197642744697578,13.943338,1.1363574e+06,13.815511,1.0000002e+06,0.016206976,0.36096272,0.022972422,0.3327011,0.09184587,0.08275522,0.31960023886053635,363180.08848093206,607387.3020740849,2126004.3039800813,136357.375,13.635737500000001
2025-09-15,985000.0,30,47.602932,-122.13426,1850.0,8400.0,1956.0,,3.0,1.5,"15424 Se 8th St, Bellevue, WA 98007",Bellevue,98007,Single Family,8728d55abffffff,59,2025-09-14,6.85800481996093,,3.7734668313351207,4.0,-2.6538993430639555,0.010951403148528405,258,-0.9626519747161487,-0.2707418984477642,-1.0,-1.8369701987210297e-16,3,985000.0,0.0,0.0,532.4324324324324,9,2025,38,13.800396920154226,235,-0.29875453918091477,-0.14840325525755046,-0.47205412931655333,-1.5765117594970732,-1.3225231962695871,-0.19012732756414005,-1.3408080847037418,0.20331954688973564,1.3220162923316716,-0.8086520744687207,0.11396054355413147,13.825248,1.00978475e+06,13.800397,985000.0,0.018195763,0.3719442,0.023948593,0.2997936,0.095610976,0.08816457,0.31750272190749895,320609.4066656834,541957.2645658744,1881449.5962506002,24784.75,2.5162182741116754
2025-09-16,660000.0,42,47.536693,-122.372929,1500.0,5040.0,1927.0,,3.0,1.0,"7321 31st Ave SW, Seattle, WA 98126",Seattle,98126,Single Family,8728d5570ffffff,9,2025-09-14,6.85800481996093,,3.7734668313351207,22.0,-1.0373104164390186,0.013689253935660506,259,-0.9671667297977312,-0.2541427094613622,-1.0,-1.8369701987210297e-16,3,1034934.52,638060.4234245844,0.0,440.0,9,2025,38,13.399995114002609,235,-0.667376707926831,-0.22310388719955654,-0.47205412931655333,-1.5745348903432608,-1.3287567710095798,-0.165522258492668,-1.3408080847037418,0.20331954688973564,1.3220162923316716,-0.8086520744687207,-0.628257223777251,13.670893,865352.94,13.399995,659999.8,0.018841622,0.3681673,0.023678442,0.30769044,0.09404792,0.08858845,0.3229043618299879,279426.2380411429,459548.6845313085,1629502.4236893447,205352.9375,31.114081439393935
2025-09-16,700000.0,39,47.639912,-122.32861,800.0,1050.0,1944.0,,2.0,1.0,"2303 Minor Ave E, Seattle, WA 98102",Seattle,98102,Single Family,8728d5428ffffff,9,2025-09-14,6.85800481996093,,3.7734668313351207,17.0,-1.8910327548047077,0.013689253935660506,259,-0.9671667297977312,-0.2541427094613622,-1.0,-1.8369701987210297e-16,3,1050556.7916666667,646881.2562011925,0.0,875.0,9,2025,38,13.458835614025542,235,-1.4046210454186636,-0.3118108876306887,-1.552629904149454,-1.5745348903432608,-1.3287567710095798,-0.165522258492668,-1.3408080847037418,0.20331954688973564,1.3220162923316716,-0.8086520744687207,-0.5191856264849386,13.357286,632405.75,13.458836,700000.0,0.019352965,0.37256253,0.02419798,0.2915984,0.09516662,0.09064135,0.32915597972550525,208160.13422529295,331751.2542796614,1205532.7863156593,-67594.25,-9.656321428571427
2025-09-16,1300000.0,33,47.566392,-122.361528,2770.0,5000.0,1993.0,,3.0,2.5,"4101 22nd Ave SW, Seattle, WA 98106",Seattle,98106,Single Family,8728d5554ffffff,9,2025-09-14,6.85800481996093,,3.7734668313351207,18.0,-1.72028828713157,0.013689253935660506,259,-0.9671667297977312,-0.2541427094613622,-1.0,-1.8369701987210297e-16,3,1065798.391304348,656998.691049944,0.0,469.3140794223827,9,2025,38,14.077874822431765,235,0.6701951615226365,-0.22399318043696137,-0.47205412931655333,-1.5745348903432608,-1.3287567710095798,-0.165522258492668,-1.3408080847037418,0.20331954688973564,1.3220162923316716,-0.8086520744687207,0.6283164379285078,14.283423,1.5966582e+06,14.077875,1.3000004e+06,0.014377227,0.33813846,0.0218868,0.37107158,0.082727075,0.07751143,0.33171578514484473,529636.7450067438,833392.9052232474,3058962.4954153043,296658.25,22.819865384615383
2025-09-16,1740000.0,34,47.639757,-122.304582,2800.0,4000.0,1916.0,,3.0,2.5,"2020 E Lynn St, Seattle, WA 98112",Seattle,98112,Single Family,8728d542affffff,59,2025-09-14,6.85800481996093,,3.7734668313351207,6.0,-2.4092221786189905,0.013689253935660506,259,-0.9671667297977312,-0.2541427094613622,-1.0,-1.8369701987210297e-16,3,1740000.0,0.0,0.0,621.4285714285714,9,2025,38,14.369395671190711,235,0.7017913474151436,-0.2462255113720822,-0.47205412931655333,-1.5745348903432608,-1.3287567710095798,-0.165522258492668,-1.3408080847037418,0.20331954688973564,1.3220162923316716,-0.8086520744687207,1.1687034945605217,14.294405,1.6142888e+06,14.369395,1.7399992e+06,0.014195124,0.3350001,0.021648243,0.37916544,0.0814998,0.07671435,0.3320773007062716,536068.6506605013,841998.4683290886,3094931.999895299,-125711.25,-7.224784482758621
2025-09-16,1090000.0,35,47.674565,-122.311634,1960.0,4788.0,1920.0,,3.0,1.5,"1503 Ne 63rd St, Seattle, WA 98115",Seattle,98115,Single Family,8728d540cffffff,9,2025-09-14,6.85800481996093,,3.7734668313351207,19.0,-1.5495438194584321,0.013689253935660506,259,-0.9671667297977312,-0.2541427094613622,-1.0,-1.8369701987210297e-16,3,1055152.8636363635,670426.1817143093,0.0,556.1224489795918,9,2025,38,13.901688254205327,235,-0.1829018575750554,-0.22870643459520698,-0.47205412931655333,-1.5745348903432608,-1.3287567710095798,-0.165522258492668,-1.3408080847037418,0.20331954688973564,1.3220162923316716,-0.8086520744687207,0.30172250330153005,13.845739,1.0306903e+06,13.901689,1.0900004e+06,0.017648626,0.36038923,0.022984613,0.33283687,0.09053719,0.085251555,0.3172880569703749,327025.7265913135,553410.1973894029,1919593.4106382653,-59309.6875,-5.441255733944954
2025-09-16,880000.0,38,47.649442,-122.389411,2220.0,5040.0,1960.0,,4.0,1.0,"3232 26th Ave W, Seattle, WA 98199",Seattle,98199,Single Family,8728d5474ffffff,9,2025-09-14,6.85800481996093,,3.7734668313351207,21.0,-1.2080548841121563,0.013689253935660506,259,-0.9671667297977312,-0.2541427094613622,-1.0,-1.8369701987210297e-16,3,1067168.15,701842.9050600902,0.0,396.39639639639637,9,2025,38,13.687677186454389,235,0.09093175349333953,-0.22310388719955654,0.6085216455163472,-1.5745348903432608,-1.3287567710095798,-0.165522258492668,-1.3408080847037418,0.20331954688973564,1.3220162923316716,-0.8086520744687207,-0.09498603909240445,13.939781,1.1323222e+06,13.687677,880000.2,0.015993655,0.35524026,0.02254587,0.34703535,0.08932817,0.08147347,0.3193608147859669,361619.3563602793,605514.6230070614,2117461.20868065,252322.25,28.672982954545457
2025-09-16,3091250.0,43,47.561322,-122.223976,3620.0,9663.0,2017.0,,4.0,3.5,"4710 86th Ave SE, Mercer Island, WA 98040",Mercer Island,98040,Single Family,8728d5518ffffff,7,2025-09-14,6.85800481996093,,3.7734668313351207,3.0,-1.6052188668974972,0.013689253935660506,259,-0.9671667297977312,-0.2541427094613622,-1.0,-1.8369701987210297e-16,3,3091250.0,0.0,0.0,853.9364640883978,9,2025,38,14.944086097817763,235,1.5654204284770046,-0.12032382128649283,0.6085216455163472,-1.5745348903432608,-1.3287567710095798,-0.165522258492668,-1.3408080847037418,0.20331954688973564,1.3220162923316716,-0.8086520744687207,2.233997004241479,14.510478,2.0036439e+06,14.944086,3.09125e+06,0.011310341,0.30676955,0.020148188,0.43033338,0.07140122,0.06876574,0.33389066636371806,668997.9885793322,1041374.7921043499,3855085.4308601944,-1087606.125,-35.183376465830975
2025-09-16,780000.0,36,47.689551,-122.332849,2240.0,5998.0,1921.0,,4.0,2.0,"8226 Meridian Ave N, Seattle, WA 98103",Seattle,98103,Single Family,8728d5409ffffff,9,2025-09-14,6.85800481996093,,3.7734668313351207,20.0,-1.3787993517852943,0.013689253935660506,259,-0.9671667297977312,-0.2541427094613622,-1.0,-1.8369701987210297e-16,3,1053493.4761904762,686936.1112896613,0.0,348.2142857142857,9,2025,38,13.567049198665774,235,0.1119958774216776,-0.20180531416371075,0.6085216455163472,-1.5745348903432608,-1.3287567710095798,-0.165522258492668,-1.3408080847037418,0.20331954688973564,1.3220162923316716,-0.8086520744687207,-0.3185920128882372,13.94964,1.1435411e+06,13.567049,779999.9,0.015971806,0.35661134,0.022656161,0.34363443,0.08976559,0.08168616,0.31973831124519947,365633.9081469356,611061.6810296758,2140023.4911024044,363541.125,46.60783653846154
2025-09-16,625000.0,41,47.47384,-122.26323,1410.0,10176.0,1948.0,,2.0,1.5,"5651 S 144th St, Tukwila, WA 98168",Tukwila,98168,Single Family,8728d5523ffffff,38,2025-09-14,6.85800481996093,,3.7734668313351207,6.0,-2.1287363139385875,0.013689253935660506,259,-0.9671667297977312,-0.2541427094613622,-1.0,-1.8369701987210297e-16,3,625000.0,0.0,0.0,443.26241134751774,9,2025,38,13.345506928718539,235,-0.7621652656043524,-0.10891863551677583,-1.552629904149454,-1.5745348903432608,-1.3287567710095798,-0.165522258492668,-1.3408080847037418,0.20331954688973564,1.3220162923316716,-0.8086520744687207,-0.7292610119873552,13.720131,909027.75,13.345507,624999.8,0.018447466,0.38756493,0.025371678,0.2555063,0.10019708,0.09175949,0.32063131223887975,291462.7603440563,484897.85933051916,1704135.1428286927,284027.75,45.44444
2025-09-16,400000.0,44,47.480167,-122.22642,2720.0,11199.0,1912.0,,1.0,1.0,"285 Earlington Ave SW, Renton, WA 98057",Renton,98057,Single Family,8728d5531ffffff,38,2025-09-14,6.85800481996093,,3.7734668313351207,7.0,-2.0148704445694,0.013689253935660506,259,-0.9671667297977312,-0.2541427094613622,-1.0,-1.8369701987210297e-16,3,400000.0,0.0,0.0,147.05882352941177,9,2025,38,12.89921982609012,235,0.6175348517017913,-0.08617496097014721,-2.6332056789823546,-1.5745348903432608,-1.3287567710095798,-0.165522258492668,-1.3408080847037418,0.20331954688973564,1.3220162923316716,-0.8086520744687207,-1.5565355442511486,14.333158,1.6780745e+06,12.8992195,399999.88,0.013608027,0.35844845,0.023910023,0.31406584,0.08691532,0.08119658,0.3336233962982035,559844.9139314096,872620.1947732052,3226986.8502536793,1278074.5,319.518625
2025-09-16,1065000.0,45,47.600548,-122.138918,1620.0,7919.0,1955.0,,4.0,2.0,"1060 149th Pl SE, Bellevue, WA 98007",Bellevue,98007,Single Family,8728d55abffffff,59,2025-09-14,6.85800481996093,,3.7734668313351207,7.0,-2.2868835963965077,0.013689253935660506,259,-0.9671667297977312,-0.2541427094613622,-1.0,-1.8369701987210297e-16,3,1065000.0,0.0,0.0,657.4074074074074,9,2025,38,13.878485357125662,235,-0.5409919643568026,-0.1590970064373436,0.6085216455163472,-1.5745348903432608,-1.3287567710095798,-0.165522258492668,-1.3408080847037418,0.20331954688973564,1.3220162923316716,-0.8086520744687207,0.25871170214753186,13.733787,921526.3,13.878486,1.0650004e+06,0.018831288,0.37689865,0.024408083,0.28173006,0.09824193,0.089967504,0.32035741830023046,295217.79036823136,491828.8372010887,1726638.6901409656,-143473.6875,-13.471707746478872
2025-09-16,760000.0,46,47.587566,-122.293311,1760.0,2640.0,1926.0,,4.0,1.5,"1712 30th Ave S, Seattle, WA 98144",Seattle,98144,Single Family,8728d5425ffffff,9,2025-09-14,6.85800481996093,,3.7734668313351207,24.0,-0.695821481092743,0.013689253935660506,259,-0.9671667297977312,-0.2541427094613622,-1.0,-1.8369701987210297e-16,3,1059075.7222222222,736130.5061148589,0.0,431.8181818181818,9,2025,38,13.541073712262515,235,-0.3935430968584361,-0.2764614814438466,0.6085216455163472,-1.5745348903432608,-1.3287567710095798,-0.165522258492668,-1.3408080847037418,0.20331954688973564,1.3220162923316716,-0.8086520744687207,-0.3667423139792211,13.7454,932291.1,13.541074,760000.06,0.01787069,0.3600399,0.023064867,0.32640064,0.091973834,0.08552088,0.31974477434471443,298095.21538670495,498171.9965894686,1744712.225887846,172291.125,22.669884868421054
2025-09-16,605000.0,47,47.488358,-122.282651,1230.0,9375.0,1919.0,,2.0,1.0,"4027 S 128th St, Tukwila, WA 98168",Tukwila,98168,Single Family,8728d552effffff,38,2025-09-14,6.85800481996093,,3.7734668313351207,8.0,-1.901004575200213,0.013689253935660506,259,-0.9671667297977312,-0.2541427094613622,-1.0,-1.8369701987210297e-16,3,605000.0,0.0,0.0,491.869918699187,9,2025,38,13.312983737012978,235,-0.951742380959395,-0.12672673259580763,-1.552629904149454,-1.5745348903432608,-1.3287567710095798,-0.165522258492668,-1.3408080847037418,0.20331954688973564,1.3220162923316716,-0.8086520744687207,-0.7895486789342206,13.662013,857702.9,13.3129835,604999.9,0.0188497,0.38882104,0.025466613,0.2515563,0.10086407,0.09258661,0.3230738493799551,277101.3694505044,455334.82622104726,1615633.6630041916,252702.875,41.76907024793388
2025-09-16,1650000.0,40,47.526394,-122.388822,2360.0,6400.0,1955.0,,4.0,1.5,"4329 Sw Cloverdale St, Seattle, WA 98136",Seattle,98136,Single Family,8728d5570ffffff,9,2025-09-14,6.85800481996093,,3.7734668313351207,25.0,-0.5250770134196051,0.013689253935660506,259,-0.9671667297977312,-0.2541427094613622,-1.0,-1.8369701987210297e-16,3,1076668.4117647058,754875.4135868265,0.0,699.1525423728814,9,2025,38,14.316285845876763,235,0.23838062099170604,-0.19286791712779217,0.6085216455163472,-1.5745348903432608,-1.3287567710095798,-0.165522258492668,-1.3408080847037418,0.20331954688973564,1.3220162923316716,-0.8086520744687207,1.0702547479208733,13.99053,1.1912694e+06,14.316286,1.6500004e+06,0.015533174,0.3541062,0.022528663,0.34878188,0.088609144,0.08073939,0.3211087455801647,382527.0146543168,634858.1535597998,2235338.3360931845,-458730.625,-27.801856060606063
2025-09-16,1400000.0,37,47.666787,-122.336058,1480.0,5617.0,1909.0,,3.0,1.0,"5206 Wallingford Ave N, Seattle, WA 98103",Seattle,98103,Single Family,8728d540dffffff,9,2025-09-14,6.85800481996093,,3.7734668313351207,23.0,-0.8665659487658808,0.013689253935660506,259,-0.9671667297977312,-0.2541427094613622,-1.0,-1.8369701987210297e-16,3,1077019.105263158,719653.0839707031,0.0,945.9459459459459,9,2025,38,14.151982794585487,235,-0.6884408318551691,-0.2102758322499918,-0.47205412931655333,-1.5745348903432608,-1.3287567710095798,-0.165522258492668,-1.3408080847037418,0.20331954688973564,1.3220162923316716,-0.8086520744687207,0.7656890790812907,13.66869,863448.7,14.151983,1.4000006e+06,0.018913774,0.37013227,0.023833817,0.30252707,0.0947924,0.08903637,0.32297523084158486,278872.539165176,458473.73083689355,1626142.4619587557,-536551.3125,-38.32509375
2025-09-17,1700000.0,49,47.678526,-122.276562,2330.0,6350.0,1947.0,,4.0,1.5,"6830 48th Ave NE, Seattle, WA 98115",Seattle,98115,Single Family,8728d540effffff,59,2025-09-14,6.85800481996093,,3.7734668313351207,8.0,-2.164545014174025,0.01642710472279261,260,-0.97139528468375,-0.23746831555846842,-1.0,-1.8369701987210297e-16,3,1700000.0,0.0,0.0,729.6137339055794,9,2025,38,14.346138809026444,235,0.20678443509919892,-0.1939795336745482,0.6085216455163472,-1.572558021189448,-1.33459518581788,-0.14080571276011866,-1.3408080847037418,0.20331954688973564,1.3220162923316716,-0.8086520744687207,1.1255926592808236,13.981054,1.1800346e+06,14.346139,1.7000002e+06,0.015651233,0.3550616,0.022579376,0.3474121,0.08849937,0.08103244,0.3208032113931436,378558.8972551039,629247.5451131162,2212931.356742703,-519965.375,-30.586198529411764
2025-09-17,1185000.0,51,47.625432,-122.325028,2290.0,2144.0,1904.0,,3.0,2.0,"710 Summit Ave E, Seattle, WA 98102",Seattle,98102,Single Family,8728d5428ffffff,9,2025-09-14,6.85800481996093,,3.7734668313351207,26.0,-0.35433254574646733,0.01642710472279261,260,-0.97139528468375,-0.23746831555846842,-1.0,-1.8369701987210297e-16,3,1049978.0344827587,596313.8764160365,0.0,517.4672489082969,9,2025,38,13.985253332551368,235,0.1646561872425228,-0.28748871758766653,-0.47205412931655333,-1.572558021189448,-1.33459518581788,-0.14080571276011866,-1.3408080847037418,0.20331954688973564,1.3220162923316716,-0.8086520744687207,0.45662561543530644,13.980958,1.1799209e+06,13.985253,1.185e+06,0.015950212,0.3425452,0.021728067,0.37581468,0.08350806,0.07978319,0.32105546520257117,378820.04542534985,628875.9340898979,2213812.492038643,-5079.125,-0.4286181434599156
2025-09-17,1411000.0,50,47.67776,-122.309512,1650.0,5100.0,1958.0,,3.0,1.5,"1704 Ne 68th St, Seattle, WA 98115",Seattle,98115,Single Family,8728d5408ffffff,9,2025-09-14,6.85800481996093,,3.7734668313351207,27.0,-0.1835880780733295,0.01642710472279261,260,-0.97139528468375,-0.23746831555846842,-1.0,-1.8369701987210297e-16,3,1045155.8214285715,606680.2398335126,0.0,855.1515151515151,9,2025,38,14.15980923083495,235,-0.5093957784642955,-0.2217699473434493,-0.47205412931655333,-1.572558021189448,-1.33459518581788,-0.14080571276011866,-1.3408080847037418,0.20331954688973564,1.3220162923316716,-0.8086520744687207,0.7801968059446358,13.732823,920639.06,14.159809,1.4109999e+06,0.018518737,0.36635742,0.023512907,0.31421018,0.0927496,0.08773038,0.320438576823493,295008.27095561486,491277.1762829125,1725250.7884021744,-490360.9375,-34.7527241318214
2025-09-17,536000.0,48,47.489362,-122.251206,2000.0,11088.0,1943.0,,3.0,1.0,"12635 Beacon Ave S, Seattle, WA 98178",Seattle,98178,Single Family,8728d5504ffffff,38,2025-09-14,6.85800481996093,,3.7734668313351207,9.0,-1.7871387058310255,0.01642710472279261,260,-0.97139528468375,-0.23746831555846842,-1.0,-1.8369701987210297e-16,3,547519.0909090909,163416.08858705102,0.0,268.0,9,2025,38,13.19188944005294,235,-0.14077360971837924,-0.08864274970394562,-0.47205412931655333,-1.572558021189448,-1.33459518581788,-0.14080571276011866,-1.3408080847037418,0.20331954688973564,1.3220162923316716,-0.8086520744687207,-1.0140190418181718,13.90371,1.0922064e+06,13.19189,536000.2,0.017941909,0.37669757,0.024314826,0.28960928,0.09614977,0.088566706,0.3184099674438914,347769.3963057606,585151.9459210068,2038640.8657142478,556206.375,103.76984608208954
2025-09-17,515000.0,55,47.501562,-122.363892,1630.0,9920.0,1969.0,,3.0,1.5,"11314 25th Ave SW, Seattle, WA 98146",Seattle,98146,Single Family,8728d5529ffffff,38,2025-09-14,6.85800481996093,,3.7734668313351207,10.0,-1.6732728364618383,0.01642710472279261,260,-0.97139528468375,-0.23746831555846842,-1.0,-1.8369701987210297e-16,3,548671.0,172208.60144023004,0.0,315.9509202453988,9,2025,38,13.151922179645874,235,-0.5304599023926335,-0.11461011223616678,-0.47205412931655333,-1.572558021189448,-1.33459518581788,-0.14080571276011866,-1.3408080847037418,0.20331954688973564,1.3220162923316716,-0.8086520744687207,-1.0881056476474456,13.760414,946393.9,13.151922,515000.03,0.018812004,0.3800768,0.024602134,0.27843922,0.09783225,0.090535715,0.31894515066939966,301847.737054472,506501.0259432577,1768330.817854552,431393.875,83.76580097087378
2025-09-17,1100000.0,53,47.644839,-122.401955,1040.0,6120.0,1941.0,,2.0,1.0,"2658 35th Ave W, Seattle, WA 98199",Seattle,98199,Single Family,8728d5474ffffff,9,2025-09-14,6.85800481996093,,3.7734668313351207,29.0,0.15790085727294614,0.01642710472279261,260,-0.97139528468375,-0.23746831555846842,-1.0,-1.8369701987210297e-16,3,1037437.0384615385,625299.1982627503,0.0,1057.6923076923076,9,2025,38,13.9108207377686,235,-1.1518515582786066,-0.199092969789626,-1.552629904149454,-1.572558021189448,-1.33459518581788,-0.14080571276011866,-1.3408080847037418,0.20331954688973564,1.3220162923316716,-0.8086520744687207,0.3186512270394939,13.561127,775394.1,13.910821,1.1000002e+06,0.019125903,0.38389522,0.025053808,0.26494044,0.09864855,0.092133656,0.3243424818588786,251493.25492129356,410616.695735356,1464226.937476487,-324605.875,-29.509625
2025-09-17,825000.0,52,47.539365,-122.364994,1390.0,8937.0,1942.0,,2.0,1.5,"6976 Sylvan Way SW, Seattle, WA 98106",Seattle,98106,Single Family,8728d5572ffffff,38,2025-09-14,6.85800481996093,,3.7734668313351207,11.0,-1.559406967092651,0.01642710472279261,260,-0.97139528468375,-0.23746831555846842,-1.0,-1.8369701987210297e-16,3,825000.0,0.0,0.0,593.5251798561151,9,2025,38,13.623138665316818,235,-0.7832293895326904,-0.13646449354539056,-1.552629904149454,-1.572558021189448,-1.33459518581788,-0.14080571276011866,-1.3408080847037418,0.20331954688973564,1.3220162923316716,-0.8086520744687207,-0.214619957645356,13.705654,895962.75,13.623138,824999.8,0.018444613,0.38533586,0.025168628,0.26271078,0.09880782,0.091324486,0.3212527665887595,287830.5121979731,477346.88212560466,1681689.6109775808,70962.75,8.601545454545455
2025-09-17,880000.0,54,47.5352,-122.381432,1380.0,4080.0,1943.0,,3.0,1.5,"3748 Sw Austin St, Seattle, WA 98126",Seattle,98126,Single Family,8728d5570ffffff,9,2025-09-14,6.85800481996093,,3.7734668313351207,28.0,-0.01284361040019167,0.01642710472279261,260,-0.97139528468375,-0.23746831555846842,-1.0,-1.8369701987210297e-16,3,1031606.0370370371,613904.4522620062,0.0,637.6811594202899,9,2025,38,13.687677186454389,235,-0.7937614514968595,-0.24444692489727254,-0.47205412931655333,-1.572558021189448,-1.33459518581788,-0.14080571276011866,-1.3408080847037418,0.20331954688973564,1.3220162923316716,-0.8086520744687207,-0.09498603909240445,13.597108,803801.7,13.687677,880000.2,0.019047465,0.367099,0.02361247,0.30986443,0.09329574,0.08876762,0.32457126271981895,260890.92868819632,425469.3588661932,1518551.6279506162,-76198.3125,-8.658899147727272
2025-09-18,460000.0,56,47.497734,-122.227229,600.0,4600.0,1941.0,,2.0,1.0,"8406 S 117th Pl, Seattle, WA 98178",Seattle,98178,Single Family,8728d5506ffffff,38,2025-09-14,6.85800481996093,,3.7734668313351207,12.0,-1.4455410977234635,0.019164955509924708,261,-0.9753363880767837,-0.2207236509605022,-1.0,-1.8369701987210297e-16,3,540225.8333333334,157846.14836538734,0.0,766.6666666666666,9,2025,38,13.038981768465277,235,-1.6152622847020441,-0.2328861128110097,-1.552629904149454,-1.5705811520356352,-1.3400367130136148,-0.11598500439002274,-1.3408080847037418,0.20331954688973564,1.3220162923316716,-0.8086520744687207,-1.297461296248614,13.354734,630793.9,13.038981,459999.84,0.019901956,0.3852365,0.025230166,0.25792426,0.09911644,0.09371011,0.3293145668240517,207729.61170089,330802.85404540016,1202833.9695423057,170793.875,37.12910326086957
2025-09-18,790000.0,60,47.518869,-122.375152,710.0,5100.0,1950.0,,2.0,1.0,"9412 34th Ave SW, Seattle, WA 98126",Seattle,98126,Single Family,8728d5574ffffff,9,2025-09-14,6.85800481996093,,3.7734668313351207,30.0,0.32864532494608395,0.019164955509924708,261,-0.9753363880767837,-0.2207236509605022,-1.0,-1.8369701987210297e-16,3,1062253.4242424243,614102.4161424048,0.0,1112.6760563380283,9,2025,38,13.579788224443204,235,-1.4994096030961848,-0.2217699473434493,-1.552629904149454,-1.5705811520356352,-1.3400367130136148,-0.11598500439002274,-1.3408080847037418,0.20331954688973564,1.3220162923316716,-0.8086520744687207,-0.294977905446073,13.405514,663652.4,13.579788,790000.0,0.019734316,0.38548225,0.025225729,0.25847712,0.09909065,0.09344285,0.32663903655319787,216774.77237624157,349864.51264205854,1258871.5407692778,-126347.625,-15.993370253164557
2025-09-18,637500.0,59,47.731889,-122.334601,840.0,6654.0,1951.0,,2.0,1.0,"14047 Meridian Ave N, Seattle, WA 98133",Seattle,98133,Single Family,8728d5452ffffff,59,2025-09-14,6.85800481996093,,3.7734668313351207,9.0,-2.0422064319515423,0.019164955509924708,261,-0.9753363880767837,-0.2207236509605022,-1.0,-1.8369701987210297e-16,3,637500.0,0.0,0.0,758.9285714285714,9,2025,38,13.365309556014719,235,-1.3624927975619874,-0.18722090507027148,-1.552629904149454,-1.5705811520356352,-1.3400367130136148,-0.11598500439002274,-1.3408080847037418,0.20331954688973564,1.3220162923316716,-0.8086520744687207,-0.6925532309702522,13.493655,724803.0,13.36531,637500.1,0.019566894,0.38812876,0.025417615,0.25266019,0.09993915,0.09359643,0.32538677082876755,235841.3076570032,383040.93178301904,1371496.8266784553,87303.0,13.694588235294116
2025-09-18,1810000.0,62,47.587828,-122.199384,2080.0,9824.0,1954.0,,4.0,2.0,"10624 Woodhaven Ln, Bellevue, WA 98004",Bellevue,98004,Single Family,8728d5434ffffff,36,2025-09-14,6.85800481996093,,3.7734668313351207,3.0,-0.7302964766736522,0.019164955509924708,261,-0.9753363880767837,-0.2207236509605022,-1.0,-1.8369701987210297e-16,3,1810000.0,0.0,0.0,870.1923076923077,9,2025,38,14.408837403242009,235,-0.056517114005026965,-0.11674441600593838,0.6085216455163472,-1.5705811520356352,-1.3400367130136148,-0.11598500439002274,-1.3408080847037418,0.20331954688973564,1.3220162923316716,-0.8086520744687207,1.2418159377439368,13.905641,1.0943166e+06,14.408837,1.8099999e+06,0.016814768,0.36766222,0.023448728,0.31783545,0.09290454,0.08474417,0.318217714349364,348230.9351820101,586503.480835863,2041810.1937517968,-715683.375,-39.54051795580111
2025-09-18,600000.0,58,47.690418,-122.371209,1340.0,812.0,2019.0,,3.0,1.5,"8362 12th Ave NW, Seattle, WA 98117",Seattle,98117,Single Family,8728d5472ffffff,9,2025-09-14,6.85800481996093,,3.7734668313351207,30.0,0.32864532494608395,0.019164955509924708,261,-0.9753363880767837,-0.2207236509605022,-1.0,-1.8369701987210297e-16,3,1028205.2580645161,582950.1516056621,0.0,447.76119402985074,9,2025,38,13.304684934198283,235,-0.8358896993535356,-0.3171021823932475,-0.47205412931655333,-1.5705811520356352,-1.3400367130136148,-0.11598500439002274,-1.3408080847037418,0.20331954688973564,1.3220162923316716,-0.8086520744687207,-0.8049320233697691,13.539283,758640.1,13.304685,599999.8,0.018966379,0.35778096,0.02292069,0.33267134,0.08953198,0.08714226,0.32489345305384876,246477.20983645346,401310.8651545833,1434137.1924823408,158640.125,26.44002083333333
2025-09-18,825000.0,61,47.507619,-122.383484,1350.0,7616.0,1954.0,,2.0,1.0,"4012 Sw 107th St, Seattle, WA 98146",Seattle,98146,Single Family,8728d5574ffffff,9,2025-09-14,6.85800481996093,,3.7734668313351207,30.0,0.32864532494608395,0.019164955509924708,261,-0.9753363880767837,-0.2207236509605022,-1.0,-1.8369701987210297e-16,3,1042478.7666666667,587380.3515212433,0.0,611.1111111111111,9,2025,38,13.623138665316818,235,-0.8253576373893665,-0.16583340271068522,-1.552629904149454,-1.5705811520356352,-1.3400367130136148,-0.11598500439002274,-1.3408080847037418,0.20331954688973564,1.3220162923316716,-0.8086520744687207,-0.214619957645356,13.683583,876404.7,13.623138,824999.8,0.01848647,0.38309914,0.024969496,0.2696538,0.0974689,0.09096624,0.32219625049904926,282374.304232291,466064.1705193099,1648024.5901712563,51404.6875,6.230871212121212
2025-09-18,2390000.0,57,47.66587,-122.339789,3960.0,5000.0,2023.0,,4.0,3.5,"5102 Green Lake Way N, Seattle, WA 98103",Seattle,98103,Single Family,8728d540dffffff,9,2025-09-14,6.85800481996093,,3.7734668313351207,30.0,0.32864532494608395,0.019164955509924708,261,-0.9753363880767837,-0.2207236509605022,-1.0,-1.8369701987210297e-16,3,1070761.34375,621949.5530613918,0.0,603.5353535353536,9,2025,38,14.686803923907693,235,1.9235105352587518,-0.22399318043696137,0.6085216455163472,-1.5705811520356352,-1.3400367130136148,-0.11598500439002274,-1.3408080847037418,0.20331954688973564,1.3220162923316716,-0.8086520744687207,1.757077575408064,14.639679,2.279984e+06,14.686804,2.3899998e+06,0.010215874,0.288924,0.018915711,0.47161517,0.064311065,0.06428783,0.33072902097611145,754056.8761611985,1192365.9374090445,4359673.975166216,-110016.0,-4.603179916317992
2025-09-19,2110000.0,64,47.684686,-122.281349,2770.0,6000.0,1948.0,,5.0,2.5,"7557 44th Ave NE, Seattle, WA 98115",Seattle,98115,Single Family,8728d540effffff,59,2025-09-14,6.85800481996093,,3.7734668313351207,11.0,-1.7975292675065768,0.02190280629705681,262,-0.9789888737409319,-0.20391367068311472,-1.0,-1.8369701987210297e-16,3,1396041.6666666667,468750.10101009015,0.0,761.7328519855596,9,2025,38,14.56219850545225,235,0.6701951615226365,-0.2017608495018405,1.689097420349248,-1.5686042828818225,-1.3450797423613416,-0.09106747822931509,-1.3408080847037418,0.20331954688973564,1.3220162923316716,-0.8086520744687207,1.5260987085236037,14.130895,1.3707858e+06,14.562199,2.1100002e+06,0.013705513,0.34703156,0.022319071,0.36180133,0.083308645,0.07752292,0.3257772577964779,446570.8226614883,723872.9956946183,2595833.1589480275,-739214.25,-35.033850710900474
2025-09-19,399000.0,68,47.692139,-122.330524,860.0,2618.0,1940.0,,2.0,1.0,"2311 N 88th St, Seattle, WA 98103",Seattle,98103,Single Family,8728d5409ffffff,9,2025-09-14,6.85800481996093,,3.7734668313351207,30.0,0.32864532494608395,0.02190280629705681,262,-0.9789888737409319,-0.20391367068311472,-1.0,-1.8369701987210297e-16,3,1027456.9210526316,586494.1988664684,0.0,463.95348837209303,9,2025,38,12.896716695872,235,-1.3414286736336494,-0.27695059272441924,-1.552629904149454,-1.5686042828818225,-1.3450797423613416,-0.09106747822931509,-1.3408080847037418,0.20331954688973564,1.3220162923316716,-0.8086520744687207,-1.5611755525959887,13.418622,672408.94,12.896717,399000.16,0.0193365,0.37704644,0.024520088,0.28274465,0.09531343,0.09131631,0.3264278764809849,219493.0215949603,354627.5557535883,1274953.996579324,273408.9375,68.5235432330827
2025-09-19,1005000.0,66,47.695362,-122.349178,1600.0,5112.0,1910.0,,3.0,1.0,"719 N 92nd St, Seattle, WA 98103",Seattle,98103,Single Family,8728d5409ffffff,9,2025-09-14,6.85800481996093,,3.7734668313351207,30.0,0.32864532494608395,0.02190280629705681,262,-0.9789888737409319,-0.20391367068311472,-1.0,-1.8369701987210297e-16,3,1044442.2432432432,585032.2600635609,0.0,628.125,9,2025,38,13.820498099475314,235,-0.5620560882851406,-0.22150315937222784,-0.47205412931655333,-1.5686042828818225,-1.3450797423613416,-0.09106747822931509,-1.3408080847037418,0.20331954688973564,1.3220162923316716,-0.8086520744687207,0.15122174519510598,13.716117,905386.25,13.820498,1.0050004e+06,0.018646212,0.3675506,0.02360128,0.31207702,0.09228875,0.08812353,0.3211660131435287,290779.29226747015,482449.4943938978,1699088.1639404935,-99613.75,-9.91181592039801
2025-09-19,1650000.0,69,47.608965,-122.120482,2070.0,10972.0,1961.0,,5.0,2.0,"21 165th Ave SE, Bellevue, WA 98008",Bellevue,98008,Single Family,8728d558cffffff,59,2025-09-14,6.85800481996093,,3.7734668313351207,10.0,-1.9198678497290596,0.02190280629705681,262,-0.9789888737409319,-0.20391367068311472,-1.0,-1.8369701987210297e-16,3,1415576.923076923,454287.62209611613,0.0,797.1014492753624,9,2025,38,14.316285845876763,235,-0.067049175969196,-0.09122170009241964,1.689097420349248,-1.5686042828818225,-1.3450797423613416,-0.09106747822931509,-1.3408080847037418,0.20331954688973564,1.3220162923316716,-0.8086520744687207,1.0702547479208733,13.855976,1.04129544e+06,14.316286,1.6500004e+06,0.016817285,0.37790015,0.024312388,0.2931947,0.09490362,0.08681349,0.31722410122442823,330324.0092700353,559174.4990677622,1939101.6235422054,-608704.5625,-36.8911856060606
2025-09-19,2600000.0,63,47.59057,-122.116587,3870.0,10875.0,2006.0,,4.0,3.5,"2240 167th Ave SE, Bellevue, WA 98008",Bellevue,98008,Single Family,8728d55aaffffff,7,2025-09-14,6.85800481996093,,3.7734668313351207,4.0,-1.50391864714183,0.02190280629705681,262,-0.9789888737409319,-0.20391367068311472,-1.0,-1.8369701987210297e-16,3,2600000.0,0.0,0.0,671.8346253229975,9,2025,38,14.77102200299171,235,1.8287219775812305,-0.09337823619312637,0.6085216455163472,-1.5686042828818225,-1.3450797423613416,-0.09106747822931509,-1.3408080847037418,0.20331954688973564,1.3220162923316716,-0.8086520744687207,1.913191143494737,14.58762,2.1643265e+06,14.771022,2.5999995e+06,0.010717077,0.298534,0.019616133,0.4493907,0.06714966,0.06665092,0.3319891646079108,718532.9466737635,1129088.2638501152,4148753.7426277464,-435673.5,-16.756673076923075
2025-09-19,1630000.0,65,47.67386,-122.294244,2510.0,5000.0,1928.0,,3.0,2.0,"6058 31st Ave NE, Seattle, WA 98115",Seattle,98115,Single Family,8728d540effffff,59,2025-09-14,6.85800481996093,,3.7734668313351207,12.0,-1.6751906852840943,0.02190280629705681,262,-0.9789888737409319,-0.20391367068311472,-1.0,-1.8369701987210297e-16,3,1331136.3636363635,431383.4773672429,0.0,649.402390438247,9,2025,38,14.304090572782945,235,0.39636155045424154,-0.22399318043696137,-0.47205412931655333,-1.5686042828818225,-1.3450797423613416,-0.09106747822931509,-1.3408080847037418,0.20331954688973564,1.3220162923316716,-0.8086520744687207,1.0476485852397226,14.129874,1.3693876e+06,14.3040905,1.6299999e+06,0.015373769,0.34583235,0.022181854,0.36241457,0.08387856,0.07980388,0.32639186319015523,446956.9783532916,722264.1268064433,2596311.342612635,-260612.375,-15.988489263803682
2025-09-19,1100000.0,67,47.692932,-122.34662,1940.0,5100.0,1930.0,,4.0,1.5,"912 N 88th St, Seattle, WA 98103",Seattle,98103,Single Family,8728d5409ffffff,9,2025-09-14,6.85800481996093,,3.7734668313351207,30.0,0.32864532494608395,0.02190280629705681,262,-0.9789888737409319,-0.20391367068311472,-1.0,-1.8369701987210297e-16,3,1045537.8611111111,593292.5062049748,0.0,567.0103092783505,9,2025,38,13.9108207377686,235,-0.20396598150339346,-0.2217699473434493,0.6085216455163472,-1.5686042828818225,-1.3450797423613416,-0.09106747822931509,-1.3408080847037418,0.20331954688973564,1.3220162923316716,-0.8086520744687207,0.3186512270394939,13.828417,1.01298994e+06,13.910821,1.1000002e+06,0.017222386,0.36249435,0.0231019,0.32819808,0.09098203,0.08459997,0.31734275215582247,321465.0146724046,543847.975572945,1886829.789361841,-87010.0625,-7.910005681818181
2025-09-19,428500.0,73,47.492892,-122.31345,1480.0,14390.0,1936.0,,3.0,1.5,"12243 16th Ave S, Seattle, WA 98168",Seattle,98168,Single Family,8728d5528ffffff,38,2025-09-14,6.85800481996093,,3.7734668313351207,13.0,-1.3316752283542763,0.02190280629705681,262,-0.9789888737409319,-0.20391367068311472,-1.0,-1.8369701987210297e-16,3,531631.5384615385,154270.30638061633,0.0,289.52702702702703,9,2025,38,12.968046017019972,235,-0.6884408318551691,-0.015231592956176567,-0.47205412931655333,-1.5686042828818225,-1.3450797423613416,-0.09106747822931509,-1.3408080847037418,0.20331954688973564,1.3220162923316716,-0.8086520744687207,-1.4289536478135105,13.749116,935761.5,12.968046,428500.06,0.019368641,0.3937524,0.025741272,0.24143508,0.10202934,0.09385017,0.3195474729585261,299020.2226168798,500219.8080542513,1750529.70891632,507261.5,118.38074679113187
2025-09-19,910000.0,75,47.578784,-122.404522,1630.0,3995.0,1926.0,,2.0,1.0,"5610 Sw Teig Pl, Seattle, WA 98116",Seattle,98116,Single Family,8728d5542ffffff,9,2025-09-14,6.85800481996093,,3.7734668313351207,30.0,0.32864532494608395,0.02190280629705681,262,-0.9789888737409319,-0.20391367068311472,-1.0,-1.8369701987210297e-16,3,1057775.3823529412,605289.7174672944,0.0,558.282208588957,9,2025,38,13.721199878493033,235,-0.5304599023926335,-0.24633667302675782,-1.552629904149454,-1.5686042828818225,-1.3450797423613416,-0.09106747822931509,-1.3408080847037418,0.20331954688973564,1.3220162923316716,-0.8086520744687207,-0.03284561600340668,13.747835,934563.8,13.7212,910000.1,0.017561235,0.36874628,0.02379969,0.31010914,0.09125775,0.08702549,0.3193552198639987,298457.83181787434,499767.82940187474,1747630.4332785725,24563.8125,2.699320054945055
2025-09-19,2050000.0,76,47.637027,-122.312631,3430.0,5051.0,1986.0,,3.0,2.5,"1667 E Boston Ter, Seattle, WA 98112",Seattle,98112,Single Family,8728d542affffff,59,2025-09-14,6.85800481996093,,3.7734668313351207,13.0,-1.5528521030616116,0.02190280629705681,262,-0.9789888737409319,-0.20391367068311472,-1.0,-1.8369701987210297e-16,3,1301250.0,442551.3937511791,0.0,597.667638483965,9,2025,38,14.53335035111459,235,1.3653112511577927,-0.2228593315592702,-0.47205412931655333,-1.5686042828818225,-1.3450797423613416,-0.09106747822931509,-1.3408080847037418,0.20331954688973564,1.3220162923316716,-0.8086520744687207,1.4726233935395832,14.4841585,1.9515969e+06,14.53335,2.0499992e+06,0.012125518,0.30850494,0.02052265,0.41838655,0.07094634,0.070892744,0.3340663276206846,651962.8010272543,1013974.7016852023,3756238.13327774,-98403.125,-4.80015243902439
2025-09-19,1725000.0,72,47.594096,-122.179191,3520.0,11250.0,1963.0,,6.0,2.0,"1823 121st Ave SE, Bellevue, WA 98005",Bellevue,98005,Single Family,8728d5434ffffff,36,2025-09-14,6.85800481996093,,3.7734668313351207,4.0,-0.3651482383368261,0.02190280629705681,262,-0.9789888737409319,-0.20391367068311472,-1.0,-1.8369701987210297e-16,3,1725000.0,0.0,0.0,490.0568181818182,9,2025,38,14.360737608447597,235,1.460099808835314,-0.08504111209245604,2.7696731951821483,-1.5686042828818225,-1.3450797423613416,-0.09106747822931509,-1.3408080847037418,0.20331954688973564,1.3220162923316716,-0.8086520744687207,1.152654196330893,14.351631,1.7093628e+06,14.360738,1.7250004e+06,0.011347003,0.32342368,0.021585818,0.38731524,0.075156495,0.0720814,0.33212186715367337,567716.7481729378,891510.331336211,3277495.1806101887,-15637.25,-0.9065072463768117
2025-09-19,3695000.0,70,47.637169,-122.283741,4010.0,8207.0,1972.0,,3.0,2.0,"2000 38th Ave E, Seattle, WA 98112",Seattle,98112,Single Family,8728d5405ffffff,7,2025-09-14,6.85800481996093,,3.7734668313351207,6.0,-1.3013182076304954,0.02190280629705681,262,-0.9789888737409319,-0.20391367068311472,-1.0,-1.8369701987210297e-16,3,3695000.0,0.0,0.0,921.4463840399003,9,2025,38,15.12249111236444,235,1.976170845079597,-0.15269409512802878,-0.47205412931655333,-1.5686042828818225,-1.3450797423613416,-0.09106747822931509,-1.3408080847037418,0.20331954688973564,1.3220162923316716,-0.8086520744687207,2.5647032336919433,14.651865,2.307938e+06,15.122491,3.6949992e+06,0.010839095,0.29240745,0.019605478,0.44934744,0.06516358,0.06682811,0.3298447339126229,761261.1954968311,1209078.8262594468,4405483.989001422,-1387062.0,-37.53889039242219
2025-09-19,1350000.0,74,47.594199,-122.174008,1660.0,15375.0,1957.0,,3.0,1.5,"1817 125th Ave SE, Bellevue, WA 98005",Bellevue,98005,Single Family,8728d55a9ffffff,7,2025-09-14,6.85800481996093,,3.7734668313351207,5.0,-1.4026184273861626,0.02190280629705681,262,-0.9789888737409319,-0.20391367068311472,-1.0,-1.8369701987210297e-16,3,1350000.0,0.0,0.0,813.2530120481928,9,2025,38,14.115615150414612,235,-0.49886371650012645,0.0066672530149174715,-0.47205412931655333,-1.5686042828818225,-1.3450797423613416,-0.09106747822931509,-1.3408080847037418,0.20331954688973564,1.3220162923316716,-0.8086520744687207,0.698275018392993,13.801439,986027.25,14.115615,1.3499996e+06,0.019023938,0.39317906,0.025696356,0.24359049,0.101652585,0.09321475,0.3177608600314103,313320.8669744064,528938.7923039501,1838113.939390868,-363972.75,-26.960944444444447
2025-09-19,575000.0,71,47.515028,-122.373591,740.0,6300.0,1942.0,,2.0,1.0,"9819 32nd Ave SW, Seattle, WA 98126",Seattle,98126,Single Family,8728d5574ffffff,9,2025-09-14,6.85800481996093,,3.7734668313351207,30.0,0.32864532494608395,0.02190280629705681,262,-0.9789888737409319,-0.20391367068311472,-1.0,-1.8369701987210297e-16,3,1043981.8,601879.630729864,0.0,777.027027027027,9,2025,38,13.262125319779487,235,-1.4678134172036776,-0.19509115022130424,-1.552629904149454,-1.5686042828818225,-1.3450797423613416,-0.09106747822931509,-1.3408080847037418,0.20331954688973564,1.3220162923316716,-0.8086520744687207,-0.8838240301167158,13.446764,691600.7,13.262125,574999.8,0.019744907,0.38859856,0.025465459,0.25122285,0.09970875,0.0939758,0.32610002691553897,225531.00280855526,364983.687416059,1310500.9741191631,116600.6875,20.27838043478261
2025-09-22,850000.0,79,47.68873,-122.299545,2020.0,9984.0,1955.0,,4.0,2.0,"2604 Ne 82nd St, Seattle, WA 98115",Seattle,98115,Single Family,8728d5408ffffff,9,2025-09-21,6.717224490768608,,3.7734668313351207,30.0,0.32864532494608395,0.030116358658453114,265,-0.9882042449941422,-0.15314166701312007,-1.0,-1.8369701987210297e-16,3,1026084.075,572299.0936928529,0.0,420.7920792079208,9,2025,39,13.652991628466498,235,-0.11970948579004118,-0.11318724305631904,0.6085216455163472,-1.5626736754203847,-1.357803512405481,-0.015807858122535625,-1.3408080847037418,0.20331954688973564,1.2400190120018408,-0.8086520744687207,-0.1592820462854057,13.886141,1.0731844e+06,13.652991,849999.7,0.0172278,0.37279743,0.023818271,0.3106964,0.09241843,0.08385014,0.3177321137081945,340985.1398673576,575725.2794454565,2000476.112077885,223184.375,26.256985294117648
2025-09-22,1150000.0,77,47.659399,-122.326942,1650.0,4590.0,1918.0,,3.0,2.0,"4312 2nd Ave NE, Seattle, WA 98105",Seattle,98105,Single Family,8728d542bffffff,9,2025-09-21,6.717224490768608,,3.7734668313351207,30.0,0.32864532494608395,0.030116358658453114,265,-0.9882042449941422,-0.15314166701312007,-1.0,-1.8369701987210297e-16,3,1030599.0512820513,579058.2925872402,0.0,696.969696969697,9,2025,39,13.955272500339433,235,-0.5093957784642955,-0.23310843612036092,-0.47205412931655333,-1.5626736754203847,-1.357803512405481,-0.015807858122535625,-1.3408080847037418,0.20331954688973564,1.2400190120018408,-0.8086520744687207,0.40105067544951345,13.731201,919146.8,13.955273,1.1500002e+06,0.018589176,0.36754426,0.023555312,0.31885174,0.09038522,0.085446894,0.32052037844123477,294605.28418555466,490402.23942948366,1722730.5406156336,-230853.1875,-20.074190217391305
2025-09-22,1140000.0,78,47.594366,-122.140227,1450.0,8053.0,1966.0,,3.0,2.0,"1803 150th Ave SE, Bellevue, WA 98007",Bellevue,98007,Single Family,8728d55abffffff,59,2025-09-21,6.717224490768608,,3.7734668313351207,14.0,-1.4305135208391289,0.030116358658453114,265,-0.9882042449941422,-0.15314166701312007,-1.0,-1.8369701987210297e-16,3,1395892.857142857,442635.90605560946,0.0,786.2068965517242,9,2025,39,13.946538820370678,235,-0.7200370177476763,-0.1561178740920374,-0.47205412931655333,-1.5626736754203847,-1.357803512405481,-0.015807858122535625,-1.3408080847037418,0.20331954688973564,1.2400190120018408,-0.8086520744687207,0.38486120690215836,13.691542,883407.3,13.946539,1.1400001e+06,0.019208932,0.38051647,0.024591727,0.28429174,0.09520042,0.08865155,0.32215898317398534,284597.6015234631,469822.41634880804,1661071.2421142848,-256592.6875,-22.50813048245614
2025-09-22,959000.0,80,47.556485,-122.395243,1890.0,5900.0,1909.0,,5.0,1.5,"5035 49th Ave SW, Seattle, WA 98136",Seattle,98136,Single Family,8728d5546ffffff,9,2025-09-21,6.717224490768608,,3.7734668313351207,30.0,0.32864532494608395,0.030116358658453114,265,-0.9882042449941422,-0.15314166701312007,-1.0,-1.8369701987210297e-16,3,1024447.8780487805,565197.1860197197,0.0,507.4074074074074,9,2025,39,13.773646353865574,235,-0.25662629132423864,-0.2039840825953526,1.689097420349248,-1.5626736754203847,-1.357803512405481,-0.015807858122535625,-1.3408080847037418,0.20331954688973564,1.2400190120018408,-0.8086520744687207,0.06437349054744569,13.779698,964821.5,13.773646,959000.0,0.017584901,0.37999555,0.02443207,0.29239416,0.09423437,0.085843496,0.3175326901102251,306362.36637118255,517794.7976748245,1797778.7705915659,5821.5,0.6070385818561002
2025-09-23,795000.0,83,47.550063,-122.311479,1240.0,5445.0,1946.0,,3.0,1.0,"5839 17th Ave S, Seattle, WA 98108",Seattle,98108,Single Family,8728d5508ffffff,38,2025-09-21,6.717224490768608,,3.7734668313351207,15.0,-1.1039434896159015,0.03285420944558522,266,-0.9906923101615609,-0.13612033862266704,-1.0,-1.8369701987210297e-16,3,566747.3333333334,170256.32702599026,0.0,641.1290322580645,9,2025,39,13.58609739363647,235,-0.941210318995226,-0.21409979317083258,-0.47205412931655333,-1.5606968062665723,-1.3612388128589534,0.009422950507837462,-1.3408080847037418,0.20331954688973564,1.2400190120018408,-0.8086520744687207,-0.2832827097691377,13.566402,779495.7,13.586098,795000.25,0.019496981,0.37580773,0.024256472,0.29487374,0.09332158,0.08834693,0.32457611808313613,253005.6843112954,412599.73768571304,1472646.4212495405,-15504.3125,-1.9502279874213837
2025-09-23,2125000.0,81,47.625679,-122.309641,2590.0,5760.0,1901.0,,4.0,1.5,"712 17th Ave E, Seattle, WA 98112",Seattle,98112,Single Family,8728d542effffff,9,2025-09-21,6.717224490768608,,3.7734668313351207,30.0,0.32864532494608395,0.03285420944558522,266,-0.9906923101615609,-0.13612033862266704,-1.0,-1.8369701987210297e-16,3,1038752.5111111111,565864.145908419,0.0,820.4633204633204,9,2025,39,14.569282360340654,235,0.48061804616759385,-0.20709660892626952,0.6085216455163472,-1.5606968062665723,-1.3612388128589534,0.009422950507837462,-1.3408080847037418,0.20331954688973564,1.2400190120018408,-0.8086520744687207,1.539229925412722,14.128943,1.3681136e+06,14.569283,2.1250002e+06,0.014682707,0.34992597,0.022280287,0.36561817,0.08274038,0.07664434,0.32598015410463443,445977.89031015005,722174.6898090501,2591803.556885016,-756886.375,-35.618182352941176
2025-09-23,269000.0,82,47.49254,-122.307032,890.0,8100.0,1942.0,,2.0,1.0,"12262 20th Ave S, Seattle, WA 98168",Seattle,98168,Single Family,8728d552effffff,38,2025-09-21,6.717224490768608,,3.7734668313351207,14.0,-1.217809358985089,0.03285420944558522,266,-0.9906923101615609,-0.13612033862266704,-1.0,-1.8369701987210297e-16,3,548138.125,180542.45462748274,0.0,302.24719101123594,9,2025,39,12.502466658583977,235,-1.3098324877411422,-0.15507295453808673,-1.552629904149454,-1.5606968062665723,-1.3612388128589534,0.009422950507837462,-1.3408080847037418,0.20331954688973564,1.2400190120018408,-0.8086520744687207,-2.291989894465932,13.542071,760758.56,12.502466,268999.88,0.019643232,0.3942181,0.025838893,0.24541456,0.09905167,0.09212149,0.32468039585292247,247003.39122100026,402599.5870971566,1437541.4964605537,491758.5625,182.809874535316
2025-09-23,1100000.0,84,47.73174,-122.286045,2910.0,13813.0,1982.0,,4.0,2.5,"14214 Westwood Pl NE, Seattle, WA 98125",Seattle,98125,Single Family,8728d54e0ffffff,59,2025-09-21,6.717224490768608,,3.7734668313351207,15.0,-1.3081749386166461,0.03285420944558522,266,-0.9906923101615609,-0.13612033862266704,-1.0,-1.8369701987210297e-16,3,1366718.75,420331.9310874046,0.0,378.0068728522337,9,2025,39,13.9108207377686,235,0.817644029021003,-0.028059647905741298,0.6085216455163472,-1.5606968062665723,-1.3612388128589534,0.009422950507837462,-1.3408080847037418,0.20331954688973564,1.2400190120018408,-0.8086520744687207,0.3186512270394939,14.307989,1.636367e+06,13.910821,1.1000002e+06,0.013817734,0.34558907,0.022439312,0.3617192,0.081045724,0.0756645,0.33234627497215585,543840.4769373618,853064.4850270707,3138915.1966808,536367.0,48.76063636363636
2025-09-23,842500.0,85,47.681069,-122.311314,1210.0,4400.0,1919.0,,4.0,1.0,"7057 16th Ave NE, Seattle, WA 98115",Seattle,98115,Single Family,8728d5408ffffff,9,2025-09-21,6.717224490768608,,3.7734668313351207,30.0,0.32864532494608395,0.03285420944558522,266,-0.9906923101615609,-0.13612033862266704,-1.0,-1.8369701987210297e-16,3,1014065.0681818182,547343.4343724876,0.0,696.2809917355372,9,2025,39,13.644128941208654,235,-0.972806504887733,-0.23733257899803387,0.6085216455163472,-1.5606968062665723,-1.3612388128589534,0.009422950507837462,-1.3408080847037418,0.20331954688973564,1.2400190120018408,-0.8086520744687207,-0.17571065336961675,13.551859,768241.1,13.644129,842499.9,0.019955132,0.37716153,0.024677087,0.27788037,0.09511243,0.08982683,0.3251948392814797,249828.04917379815,406149.6704121455,1453145.0811802917,-74258.875,-8.814109792284865
2025-09-23,1225000.0,86,47.605626,-122.125649,1480.0,8500.0,1958.0,,3.0,1.5,"426 160th Ave SE, Bellevue, WA 98008",Bellevue,98008,Single Family,8728d55abffffff,59,2025-09-21,6.717224490768608,,3.7734668313351207,16.0,-1.1858363563941636,0.03285420944558522,266,-0.9906923101615609,-0.13612033862266704,-1.0,-1.8369701987210297e-16,3,1384500.0,428810.8557394507,0.0,827.7027027027027,9,2025,39,14.018451401960965,235,-0.6884408318551691,-0.1461800221640384,-0.47205412931655333,-1.5606968062665723,-1.3612388128589534,0.009422950507837462,-1.3408080847037418,0.20331954688973564,1.2400190120018408,-0.8086520744687207,0.5181642912812713,13.706056,896322.56,14.018452,1.2250004e+06,0.019175041,0.38156283,0.02466489,0.28251195,0.09506118,0.08876303,0.32154929745307315,288211.89026321325,477261.1088762808,1683343.0152193373,-328677.4375,-26.830811224489796
2025-09-23,749000.0,88,47.570629,-122.397087,1164.0,5700.0,2025.0,,2.0,2.0,"3650 51st Ave Sw Unit B, Seattle, WA 98116",Seattle,98116,Townhouse,8728d5555ffffff,9,2025-09-21,6.717224490768608,,3.7734668313351207,30.0,0.32864532494608395,0.03285420944558522,266,-0.9906923101615609,-0.13612033862266704,-1.0,-1.8369701987210297e-16,3,1018054.9534883721,553173.2875379731,0.0,643.4707903780069,9,2025,39,13.526494262499357,235,-1.0212539899229107,-0.20843054878237677,-1.552629904149454,-1.5606968062665723,-1.3612388128589534,0.009422950507837462,-1.3408080847037418,0.20331954688973564,1.2400190120018408,-0.8086520744687207,-0.3937679829094792,13.595736,802699.4,13.526494,748999.8,0.018936716,0.38414848,0.024988879,0.27449057,0.09505959,0.08921305,0.32437299669191194,260374.0017114748,425051.0151758002,1515879.904596959,53699.375,7.169475967957277
2025-09-23,795000.0,89,47.55005,-122.311483,1825.0,945.0,2025.0,,4.0,3.5,"1614 S Juneau St, Seattle, WA 98108",Seattle,98108,Single Family,8728d5508ffffff,38,2025-09-21,6.717224490768608,,3.7734668313351207,16.0,-0.9900776202467143,0.03285420944558522,266,-0.9906923101615609,-0.13612033862266704,-1.0,-1.8369701987210297e-16,3,550443.5714285715,164082.61978964426,0.0,435.6164383561644,9,2025,39,13.58609739363647,235,-0.3250846940913374,-0.3141452823788764,0.6085216455163472,-1.5606968062665723,-1.3612388128589534,0.009422950507837462,-1.3408080847037418,0.20331954688973564,1.2400190120018408,-0.8086520744687207,-0.2832827097691377,13.758827,944893.25,13.586098,795000.25,0.017544359,0.356918,0.022740705,0.34426907,0.08705291,0.08191927,0.31878881440153006,301221.39890350855,505852.8689928745,1764985.9459789167,149893.25,18.85449685534591
2025-09-23,1025000.0,87,47.536866,-122.377878,1700.0,9100.0,1998.0,,3.0,2.5,"7318 36th Ave SW, Seattle, WA 98126",Seattle,98126,Single Family,8728d5570ffffff,9,2025-09-21,6.717224490768608,,3.7734668313351207,30.0,0.32864532494608395,0.03285420944558522,266,-0.9906923101615609,-0.13612033862266704,-1.0,-1.8369701987210297e-16,3,1024461.0238095238,558261.9950753294,0.0,602.9411764705883,9,2025,39,13.840203170554645,235,-0.4567354686434503,-0.13284062360296586,-0.47205412931655333,-1.5606968062665723,-1.3612388128589534,0.009422950507837462,-1.3408080847037418,0.20331954688973564,1.2400190120018408,-0.8086520744687207,0.18774868797335384,13.777198,962411.94,13.840203,1.0250001e+06,0.018713601,0.37988272,0.024509912,0.288491,0.094194904,0.08773249,0.3179860395632677,306033.56043403613,516042.91018818435,1794883.1411710554,-62588.0625,-6.106152439024391
2025-09-24,1330000.0,90,47.626102,-122.324052,2080.0,1440.0,2016.0,,3.0,2.5,"724 Belmont Pl E, Seattle, WA 98102",Seattle,98102,Single Family,8728d5428ffffff,9,2025-09-21,6.717224490768608,,3.7734668313351207,30.0,0.32864532494608395,0.03559206023271732,267,-0.9928872135356962,-0.11905873003404988,-1.0,-1.8369701987210297e-16,3,1024351.3125,558235.0399818508,0.0,639.4230769230769,9,2025,39,14.100689500197937,235,-0.056517114005026965,-0.30314027856599157,-0.47205412931655333,-1.5587199371127596,-1.3642693414219644,0.0347134666973481,-1.3408080847037418,0.20331954688973564,1.2400190120018408,-0.8086520744687207,0.6706076037869888,13.891296,1.0787315e+06,14.10069,1.3300005e+06,0.016896117,0.34930894,0.022083437,0.3701502,0.08243759,0.07966064,0.3178294460576065,342852.6350898909,578590.7430073298,2011199.9681698217,-251268.5,-18.892368421052634
2025-09-24,2950000.0,91,47.696967,-122.196315,3940.0,29837.0,2014.0,,5.0,4.0,"10823 Ne 108th St, Kirkland, WA 98033",Kirkland,98033,Single Family,8728d541effffff,59,2025-09-21,6.717224490768608,,3.7734668313351207,17.0,-1.063497774171681,0.03559206023271732,267,-0.9928872135356962,-0.11905873003404988,-1.0,-1.8369701987210297e-16,3,1459852.9411764706,559548.1370240266,0.0,748.730964467005,9,2025,39,14.897315728316002,235,1.9024464113304136,0.32819122299863523,1.689097420349248,-1.5587199371127596,-1.3642693414219644,0.0347134666973481,-1.3408080847037418,0.20331954688973564,1.2400190120018408,-0.8086520744687207,2.1472995950501823,14.579586,2.1470085e+06,14.897316,2.9500008e+06,0.010436539,0.29814157,0.019776417,0.4485036,0.065036304,0.06443357,0.3322698431933146,713386.1776297136,1119437.781455978,4117821.921524282,-802991.5,-27.220050847457628
2025-09-24,1850000.0,92,47.683767,-122.265686,3320.0,8480.0,1970.0,,4.0,3.0,"7540 58th Ave NE, Seattle, WA 98115",Seattle,98115,Single Family,8728d541dffffff,58,2025-09-21,6.717224490768608,,3.7734668313351207,1.0,-0.7071057811879616,0.03559206023271732,267,-0.9928872135356962,-0.11905873003404988,-1.0,-1.8369701987210297e-16,3,1850000.0,0.0,0.0,557.2289156626506,9,2025,39,14.430696197054507,235,1.2494585695519334,-0.1466246687827408,0.6085216455163472,-1.5587199371127596,-1.3642693414219644,0.0347134666973481,-1.3408080847037418,0.20331954688973564,1.2400190120018408,-0.8086520744687207,1.2823351983736608,14.44587,1.8782864e+06,14.4306965,1.8500005e+06,0.012028894,0.3174337,0.020800803,0.41509178,0.0713743,0.06921266,0.33329657568392407,626026.4169412709,977358.8008353974,3609687.2341481596,28286.375,1.5289932432432434
2025-09-24,550000.0,94,47.519203,-122.376682,1340.0,1549.0,2006.0,,3.0,2.0,"9400 35th Ave SW, Seattle, WA 98126",Seattle,98126,Single Family,8728d5574ffffff,9,2025-09-21,6.717224490768608,,3.7734668313351207,30.0,0.32864532494608395,0.03559206023271732,267,-0.9928872135356962,-0.11905873003404988,-1.0,-1.8369701987210297e-16,3,1017848.1489361703,562429.3213568368,0.0,410.44776119402985,9,2025,39,13.217673557208654,235,-0.8358896993535356,-0.30071695449406344,-0.47205412931655333,-1.5587199371127596,-1.3642693414219644,0.0347134666973481,-1.3408080847037418,0.20331954688973564,1.2400190120018408,-0.8086520744687207,-0.9662234785267354,13.554096,769961.8,13.217673,549999.9,0.019109229,0.36279774,0.023243546,0.32850713,0.08828433,0.085538864,0.3246752832518136,249987.5695665173,407474.1062707579,1454917.530768806,219961.8125,39.99305681818181
2025-09-24,1475000.0,98,47.618331,-122.141576,1830.0,10593.0,1981.0,,3.0,2.0,"14903 Ne 9th Pl, Bellevue, WA 98007",Bellevue,98007,Single Family,8728d558dffffff,7,2025-09-21,6.717224490768608,,3.7734668313351207,7.0,-1.200017987874828,0.03559206023271732,267,-0.9928872135356962,-0.11905873003404988,-1.0,-1.8369701987210297e-16,3,1475000.0,0.0,0.0,806.0109289617486,9,2025,39,14.204168547756057,235,-0.31981866310925283,-0.09964775351683045,-0.47205412931655333,-1.5587199371127596,-1.3642693414219644,0.0347134666973481,-1.3408080847037418,0.20331954688973564,1.2400190120018408,-0.8086520744687207,0.8624248894839532,13.834236,1.018902e+06,14.204168,1.4749996e+06,0.018479997,0.38185716,0.024660071,0.28466937,0.094242334,0.08771299,0.31742506824914746,323425.0368891928,546933.7786351513,1898148.0889437646,-456098.0,-30.921898305084746
2025-09-24,545000.0,95,47.718741,-122.337698,2440.0,10459.0,1947.0,,4.0,1.5,"12250 Densmore Ave N, Seattle, WA 98133",Seattle,98133,Single Family,8728d5456ffffff,9,2025-09-21,6.717224490768608,,3.7734668313351207,30.0,0.32864532494608395,0.03559206023271732,267,-0.9928872135356962,-0.11905873003404988,-1.0,-1.8369701987210297e-16,3,1028018.7608695652,564257.4258375805,0.0,223.36065573770492,9,2025,39,13.208541073645382,235,0.3226371167050583,-0.10262688586213664,0.6085216455163472,-1.5587199371127596,-1.3642693414219644,0.0347134666973481,-1.3408080847037418,0.20331954688973564,1.2400190120018408,-0.8086520744687207,-0.9831522022646992,14.058811,1.275452e+06,13.208541,544999.94,0.015475383,0.36139968,0.023064084,0.33993354,0.0863737,0.07958641,0.32336861173445125,412441.14257392933,676717.1792790539,2403925.698572112,730452.0,134.02788990825687
2025-09-24,2300000.0,96,47.643486,-122.189743,3590.0,10486.0,1994.0,,3.0,2.5,"3636 113th Ave NE, Bellevue, WA 98004",Bellevue,98004,Single Family,8728d5433ffffff,36,2025-09-21,6.717224490768608,,3.7734668313351207,5.0,0.0,0.03559206023271732,267,-0.9928872135356962,-0.11905873003404988,-1.0,-1.8369701987210297e-16,3,2300000.0,0.0,0.0,640.6685236768802,9,2025,39,14.648419680899378,235,1.5338242425844975,-0.10202661292688837,-0.47205412931655333,-1.5587199371127596,-1.3642693414219644,0.0347134666973481,-1.3408080847037418,0.20331954688973564,1.2400190120018408,-0.8086520744687207,1.6859253810157429,14.508948,2.0005812e+06,14.648419,2.2999992e+06,0.0121695865,0.3151012,0.021174952,0.40271556,0.07076327,0.070242554,0.3343532442225357,668900.8312682757,1038840.7307585952,3852684.3026556973,-299418.75,-13.018206521739131
2025-09-24,950000.0,97,47.565997,-122.315607,3400.0,4800.0,2000.0,,3.0,2.5,"4138 13th Ave S, Seattle, WA 98108",Seattle,98108,Single Family,8728d550bffffff,38,2025-09-21,6.717224490768608,,3.7734668313351207,18.0,-0.7623458815083396,0.03559206023271732,267,-0.9928872135356962,-0.11905873003404988,-1.0,-1.8369701987210297e-16,3,571777.0588235294,200144.79901326145,0.0,279.4117647058824,9,2025,39,13.764217263576723,235,1.3337150652652858,-0.22843964662398553,-0.47205412931655333,-1.5587199371127596,-1.3642693414219644,0.0347134666973481,-1.3408080847037418,0.20331954688973564,1.2400190120018408,-0.8086520744687207,0.04689495215267396,14.479684,1.9428838e+06,13.764217,950000.1,0.012243672,0.31131518,0.02067873,0.41859245,0.06945632,0.06927115,0.33390857654496103,648745.5473548359,1009759.827524331,3738311.833482715,992883.75,104.51407894736842
2025-09-24,655000.0,93,47.530901,-122.360805,1680.0,5600.0,1949.0,,4.0,1.5,"7929 Delridge Way SW, Seattle, WA 98106",Seattle,98106,Single Family,8728d5576ffffff,38,2025-09-21,6.717224490768608,,3.7734668313351207,17.0,-0.8762117508775269,0.03559206023271732,267,-0.9928872135356962,-0.11905873003404988,-1.0,-1.8369701987210297e-16,3,576400.5555555555,195157.30097334975,0.0,389.8809523809524,9,2025,39,13.39239051461739,235,-0.4777995925717884,-0.21065378187588885,0.6085216455163472,-1.5587199371127596,-1.3642693414219644,0.0347134666973481,-1.3408080847037418,0.20331954688973564,1.2400190120018408,-0.8086520744687207,-0.6423537355572451,13.742075,929196.0,13.39239,654999.8,0.01853918,0.37272233,0.024016239,0.3021906,0.092394695,0.086235195,0.31997593465522745,297320.3585778987,496293.18730235816,1739707.925782054,274196.0,41.861984732824425
2025-09-25,3250000.0,101,47.6167,-122.118712,4240.0,9680.0,2023.0,,5.0,4.0,"656 166th Ave NE, Bellevue, WA 98008",Bellevue,98008,Single Family,8728d558cffffff,59,2025-09-21,6.717224490768608,,3.7734668313351207,18.0,-0.9411591919491982,0.038329911019849415,268,-0.994788305609327,-0.10196189005174576,-1.0,-1.8369701987210297e-16,3,1639078.9473684211,753234.3272543983,0.0,766.5094339622641,9,2025,39,14.994165554305921,235,2.218408270255485,-0.11994587166059578,1.689097420349248,-1.556743067958947,-1.3668942013123553,0.06005620657536918,-1.3408080847037418,0.20331954688973564,1.2400190120018408,-0.8086520744687207,2.326828409626635,14.664171,2.3365152e+06,14.994165,3.2499995e+06,0.009479249,0.29010823,0.018915012,0.47873878,0.06123074,0.061117165,0.3294704207710619,769812.662555503,1224948.2965359373,4456762.8567138715,-913484.75,-28.107223076923077
2025-09-25,450000.0,102,47.544996,-122.297206,800.0,5070.0,1911.0,,2.0,1.5,"6411 28th Ave S, Seattle, WA 98108",Seattle,98108,Single Family,8728d5508ffffff,38,2025-09-21,6.717224490768608,,3.7734668313351207,19.0,-0.6484800121391523,0.038329911019849415,268,-0.994788305609327,-0.10196189005174576,-1.0,-1.8369701987210297e-16,3,583760.5,196979.65522718598,0.0,562.5,9,2025,39,13.017002861746503,235,-1.4046210454186636,-0.22243691727150292,-1.552629904149454,-1.556743067958947,-1.3668942013123553,0.06005620657536918,-1.3408080847037418,0.20331954688973564,1.2400190120018408,-0.8086520744687207,-1.3382032080546158,13.44933,693377.8,13.017003,450000.1,0.019684713,0.38777074,0.02531476,0.2631972,0.095907494,0.09104135,0.32604362752972177,226071.41723612326,365962.0139358611,1313723.2505881463,243377.8125,54.083958333333335
2025-09-25,480000.0,99,47.67604,-122.307058,620.0,2160.0,1949.0,,2.0,3.0,"1908 Ne 65th St, Seattle, WA 98115",Seattle,98115,Single Family,8728d540cffffff,9,2025-09-21,6.717224490768608,,3.7734668313351207,30.0,0.32864532494608395,0.038329911019849415,268,-0.994788305609327,-0.10196189005174576,-1.0,-1.8369701987210297e-16,3,998485.3461538461,549587.2980170856,0.0,774.1935483870968,9,2025,39,13.081541382884074,235,-1.5941981607737061,-0.2871330002927046,-1.552629904149454,-1.556743067958947,-1.3668942013123553,0.06005620657536918,-1.3408080847037418,0.20331954688973564,1.2400190120018408,-0.8086520744687207,-1.2185692895016642,13.331255,616155.7,13.081541,479999.84,0.019868338,0.38135934,0.024849933,0.27761698,0.09390585,0.09029417,0.33156121738679273,204293.32984729623,321706.5176440731,1180106.1442901017,136155.6875,28.365768229166665
2025-09-25,324375.0,100,47.656972,-122.39331,1060.0,4725.0,1947.0,,2.0,1.0,"2809 W Elmore Pl, Seattle, WA 98199",Seattle,98199,Single Family,8728d5474ffffff,9,2025-09-21,6.717224490768608,,3.7734668313351207,30.0,0.32864532494608395,0.038329911019849415,268,-0.994788305609327,-0.10196189005174576,-1.0,-1.8369701987210297e-16,3,1008651.725490196,550095.5904630059,0.0,306.0141509433962,9,2025,39,12.68965553290229,235,-1.1307874343502686,-0.2301070714441196,-1.552629904149454,-1.556743067958947,-1.3668942013123553,0.06005620657536918,-1.3408080847037418,0.20331954688973564,1.2400190120018408,-0.8086520744687207,-1.9450011790523871,13.552745,768922.06,12.689655,324374.94,0.019133918,0.3834628,0.024931313,0.27685726,0.094025396,0.089384094,0.3244199104341624,249453.62664710142,407127.5642392844,1452225.6808449633,444547.0625,137.0472639691715
2025-09-25,850000.0,103,47.543085,-122.290612,1900.0,6050.0,1966.0,,4.0,2.0,"6545 33rd Ave S, Seattle, WA 98118",Seattle,98118,Single Family,8728d5508ffffff,38,2025-09-21,6.717224490768608,,3.7734668313351207,20.0,-0.5346141427699649,0.038329911019849415,268,-0.994788305609327,-0.10196189005174576,-1.0,-1.8369701987210297e-16,3,590800.5263157894,199775.59050299093,0.0,447.36842105263156,9,2025,39,13.652991628466498,235,-0.2460942293600696,-0.20064923295508447,0.6085216455163472,-1.556743067958947,-1.3668942013123553,0.06005620657536918,-1.3408080847037418,0.20331954688973564,1.2400190120018408,-0.8086520744687207,-0.1592820462854057,13.819976,1.00447525e+06,13.652991,849999.7,0.017580312,0.36882296,0.023549175,0.3196836,0.08999779,0.08377283,0.31743120980142286,318851.79382308666,539183.200501825,1871294.5539845256,154475.25,18.17355882352941
2025-09-25,1150000.0,104,47.542045,-122.169435,2160.0,12009.0,1976.0,,3.0,1.5,"6713 128th Ave SE, Bellevue, WA 98006",Bellevue,98006,Single Family,8728d5513ffffff,7,2025-09-21,6.717224490768608,,3.7734668313351207,8.0,-1.0987177681191607,0.038329911019849415,268,-0.994788305609327,-0.10196189005174576,-1.0,-1.8369701987210297e-16,3,1150000.0,0.0,0.0,532.4074074074074,9,2025,39,13.955272500339433,235,0.02773938170832532,-0.06816677291269932,-0.47205412931655333,-1.556743067958947,-1.3668942013123553,0.06005620657536918,-1.3408080847037418,0.20331954688973564,1.2400190120018408,-0.8086520744687207,0.40105067544951345,13.971656,1.168996e+06,13.955273,1.1500002e+06,0.017350977,0.37721372,0.024307817,0.29844815,0.091652185,0.08522633,0.3210352398812034,375288.9112801673,623077.865976082,2193227.8391161417,18996.0,1.6518260869565218
2025-09-25,3688000.0,107,47.604247,-122.210095,4080.0,18744.0,1989.0,,4.0,2.0,"9610 Se 7th St, Bellevue, WA 98004",Bellevue,98004,Single Family,8728d5435ffffff,35,2025-09-21,6.717224490768608,,3.7734668313351207,1.0,,0.038329911019849415,268,-0.994788305609327,-0.10196189005174576,-1.0,-1.8369701987210297e-16,3,3688000.0,0.0,0.0,903.9215686274509,9,2025,39,15.12059486365862,235,2.0498952788287803,0.08156797593533963,0.6085216455163472,-1.556743067958947,-1.3668942013123553,0.06005620657536918,-1.3408080847037418,0.20331954688973564,1.2400190120018408,-0.8086520744687207,2.5611881909046366,14.672265,2.3555035e+06,15.120595,3.6880005e+06,0.010222411,0.28978074,0.01902841,0.4738757,0.06146536,0.062500775,0.32865311199757186,774143.5555961725,1236882.8640035249,4485789.872823541,-1332496.5,-36.13059924078091
2025-09-25,3075000.0,108,47.689321,-122.203021,3900.0,8766.0,2025.0,,5.0,3.5,"335 18th Ave, Kirkland, WA 98033",Kirkland,98033,Single Family,8728d541effffff,59,2025-09-21,6.717224490768608,,3.7734668313351207,19.0,-0.8188206097267156,0.038329911019849415,268,-0.994788305609327,-0.10196189005174576,-1.0,-1.8369701987210297e-16,3,1549583.3333333333,663026.8437915883,0.0,788.4615384615385,9,2025,39,14.938815459222756,235,1.8603181634737376,-0.14026622213529624,1.689097420349248,-1.556743067958947,-1.3668942013123553,0.06005620657536918,-1.3408080847037418,0.20331954688973564,1.2400190120018408,-0.8086520744687207,2.224226914420966,14.553487,2.0916982e+06,14.938815,3.074999e+06,0.01030709,0.30231798,0.019818686,0.44912416,0.0654137,0.064397655,0.3329097865094685,696346.8178497289,1089232.2437330182,4016775.424857233,-983301.75,-31.977292682926826
2025-09-25,948000.0,105,47.532811,-122.371579,1730.0,5650.0,1910.0,,3.0,2.0,"7729 30th Ave SW, Seattle, WA 98126",Seattle,98126,Single Family,8728d5570ffffff,9,2025-09-21,6.717224490768608,,3.7734668313351207,30.0,0.32864532494608395,0.038329911019849415,268,-0.994788305609327,-0.10196189005174576,-1.0,-1.8369701987210297e-16,3,1022793.1224489796,552497.1618828173,0.0,547.9768786127167,9,2025,39,13.762109781237159,235,-0.4251392827509432,-0.2095421653291328,-0.47205412931655333,-1.556743067958947,-1.3668942013123553,0.06005620657536918,-1.3408080847037418,0.20331954688973564,1.2400190120018408,-0.8086520744687207,0.04298834930341139,13.767566,953186.4,13.76211,948000.0,0.01847323,0.3700166,0.023721248,0.31520027,0.0898034,0.08564341,0.31850160840716335,303591.39354929357,510579.98025988607,1779474.9017166917,5186.375,0.547085970464135
2025-09-25,1000000.0,106,47.682066,-122.382913,1680.0,3825.0,1941.0,,3.0,1.5,"7322 21st Ave NW, Seattle, WA 98117",Seattle,98117,Single Family,8728d5473ffffff,9,2025-09-21,6.717224490768608,,3.7734668313351207,30.0,0.32864532494608395,0.038329911019849415,268,-0.994788305609327,-0.10196189005174576,-1.0,-1.8369701987210297e-16,3,1022337.26,546839.8751295543,0.0,595.2380952380952,9,2025,39,13.815510557964274,235,-0.4777995925717884,-0.2501161692857284,-0.47205412931655333,-1.556743067958947,-1.3668942013123553,0.06005620657536918,-1.3408080847037418,0.20331954688973564,1.2400190120018408,-0.8086520744687207,0.14197642744697578,13.738071,925483.4,13.815511,1.0000002e+06,0.018495494,0.36531273,0.02336852,0.32637358,0.08827047,0.08489962,0.32018683748964877,296327.5949904967,494105.94669571694,1733473.302611757,-74516.625,-7.4516625
2025-09-26,400000.0,110,47.49235,-122.310739,990.0,3212.0,1960.0,,2.0,1.0,"1646 S 124th St, Seattle, WA 98168",Seattle,98168,Single Family,8728d5528ffffff,38,2025-09-21,6.717224490768608,,3.7734668313351207,22.0,-0.3068824040315903,0.04106776180698152,269,-0.9963950238187231,-0.08483487790576538,-1.0,-1.8369701987210297e-16,3,589096.0869565217,195181.09792840484,0.0,404.04040404040404,9,2025,39,12.89921982609012,235,-1.2045118680994518,-0.26374458814895746,-1.552629904149454,-1.5547661988051344,-1.3691126157918552,0.08544367081744794,-1.3408080847037418,0.20331954688973564,1.2400190120018408,-0.8086520744687207,-1.5565355442511486,13.496631,726962.9,12.8992195,399999.88,0.019214366,0.38035694,0.024689756,0.28486803,0.092596695,0.08897598,0.32526557967418085,236456.00093848407,384273.62098767934,1375257.0331342618,326962.875,81.74071875
2025-09-26,635000.0,109,47.538565,-122.367079,1550.0,2190.0,2010.0,,2.0,2.0,"7121 Shinkle Pl SW, Seattle, WA 98106",Seattle,98106,Single Family,8728d5572ffffff,38,2025-09-21,6.717224490768608,,3.7734668313351207,23.0,-0.19301653466240293,0.04106776180698152,269,-0.9963950238187231,-0.08483487790576538,-1.0,-1.8369701987210297e-16,3,597691.3636363636,195268.05488854728,0.0,409.6774193548387,9,2025,39,13.36138027787483,235,-0.6147163981059859,-0.28646603036465096,-1.552629904149454,-1.5547661988051344,-1.3691126157918552,0.08544367081744794,-1.3408080847037418,0.20331954688973564,1.2400190120018408,-0.8086520744687207,-0.6998368645688187,13.70747,897591.1,13.361381,635000.2,0.017790701,0.368375,0.02370419,0.31981206,0.08753294,0.08469574,0.3211912546018334,288298.41955822107,478272.09272546746,1684542.8834963858,262591.125,41.35293307086614
2025-09-26,1400000.0,115,47.614268,-122.117214,3000.0,13477.0,1961.0,,5.0,2.0,"16721 Ne 5th Pl, Bellevue, WA 98008",Bellevue,98008,Single Family,8728d558cffffff,59,2025-09-21,6.717224490768608,,3.7734668313351207,20.0,-0.6964820275042329,0.04106776180698152,269,-0.9963950238187231,-0.08483487790576538,-1.0,-1.8369701987210297e-16,3,1597477.2727272727,706801.8257527679,0.0,466.6666666666667,9,2025,39,14.151982794585487,235,0.9124325866985243,-0.03552971109994191,1.689097420349248,-1.5547661988051344,-1.3691126157918552,0.08544367081744794,-1.3408080847037418,0.20331954688973564,1.2400190120018408,-0.8086520744687207,0.7656890790812907,14.275203,1.5835865e+06,14.151983,1.4000006e+06,0.013231716,0.34488234,0.022587704,0.35949337,0.079116024,0.07510613,0.33102172542827446,524201.53559492214,827695.1335080925,3029794.4381792033,183586.5,13.113321428571428
2025-09-26,725000.0,111,47.724963,-122.300393,950.0,6000.0,1950.0,,3.0,1.0,"2602 Ne 133rd St, Seattle, WA 98125",Seattle,98125,Single Family,8728d54e5ffffff,9,2025-09-21,6.717224490768608,,3.7734668313351207,30.0,0.32864532494608395,0.04106776180698152,269,-0.9963950238187231,-0.08483487790576538,-1.0,-1.8369701987210297e-16,3,1034791.05,637307.2991695562,0.0,763.1578947368421,9,2025,39,13.493926933836812,235,-1.246640115956128,-0.2017608495018405,-0.47205412931655333,-1.5547661988051344,-1.3691126157918552,0.08544367081744794,-1.3408080847037418,0.20331954688973564,1.2400190120018408,-0.8086520744687207,-0.45413746575518865,13.440133,687029.9,13.493927,725000.06,0.020042023,0.38099116,0.024715617,0.28029907,0.09412661,0.09017278,0.32637237742743846,224227.57366742587,362378.03265871364,1302535.040242597,-37970.125,-5.237258620689655
2025-09-26,1088000.0,114,47.522515,-122.381087,1920.0,9600.0,1911.0,,4.0,2.0,"9015 38th Ave SW, Seattle, WA 98126",Seattle,98126,Single Family,8728d5570ffffff,9,2025-09-21,6.717224490768608,,3.7734668313351207,30.0,0.32864532494608395,0.04106776180698152,269,-0.9963950238187231,-0.08483487790576538,-1.0,-1.8369701987210297e-16,3,1035663.3278688524,632010.8095104526,0.0,566.6666666666666,9,2025,39,13.899851706398024,235,-0.22503010543173155,-0.12172445813540544,0.6085216455163472,-1.5547661988051344,-1.3691126157918552,0.08544367081744794,-1.3408080847037418,0.20331954688973564,1.2400190120018408,-0.8086520744687207,0.2983181270170302,13.843342,1.0282222e+06,13.899852,1.0880001e+06,0.017747132,0.37682655,0.024142575,0.30108985,0.092199445,0.0853396,0.3172420114056712,326195.2749344392,552134.7926523852,1914823.8073297457,-59777.8125,-5.494284237132352
2025-09-26,1650000.0,113,47.587158,-122.172152,1920.0,11804.0,1960.0,,5.0,2.5,"12456 Se 26th Pl, Bellevue, WA 98005",Bellevue,98005,Single Family,8728d55a9ffffff,7,2025-09-21,6.717224490768608,,3.7734668313351207,9.0,-0.9974175483634934,0.04106776180698152,269,-0.9963950238187231,-0.08483487790576538,-1.0,-1.8369701987210297e-16,3,1823525.0,958767.6294916881,0.0,859.375,9,2025,39,14.316285845876763,235,-0.22503010543173155,-0.0727244007543991,1.689097420349248,-1.5547661988051344,-1.3691126157918552,0.08544367081744794,-1.3408080847037418,0.20331954688973564,1.2400190120018408,-0.8086520744687207,1.0702547479208733,13.814799,999289.0,14.316286,1.6500004e+06,0.017731076,0.38830757,0.025092192,0.27354467,0.09490209,0.087543875,0.31741928039883555,317193.595290472,536411.8485661176,1861589.2165053934,-650711.0,-39.437030303030305
2025-09-26,910000.0,112,47.562414,-122.29715,2010.0,2099.0,2006.0,,3.0,2.0,"4408 28th Ave S, Seattle, WA 98108",Seattle,98108,Single Family,8728d550bffffff,38,2025-09-21,6.717224490768608,,3.7734668313351207,21.0,-0.4207482734007776,0.04106776180698152,269,-0.9963950238187231,-0.08483487790576538,-1.0,-1.8369701987210297e-16,3,602467.0833333334,201817.07797084076,0.0,452.7363184079602,9,2025,39,13.721199878493033,235,-0.1302415477542102,-0.288489172479747,-0.47205412931655333,-1.5547661988051344,-1.3691126157918552,0.08544367081744794,-1.3408080847037418,0.20331954688973564,1.2400190120018408,-0.8086520744687207,-0.03284561600340668,13.859818,1.0453041e+06,13.7212,910000.1,0.017312206,0.3540903,0.022432879,0.35928524,0.08333665,0.081072524,0.317394649880286,331773.9367727937,561139.5718802213,1947217.4686180812,135304.125,14.868585164835165
2025-09-26,839000.0,116,47.529947,-122.358131,1030.0,9546.0,1920.0,,3.0,1.0,"8101 18th Ave SW, Seattle, WA 98106",Seattle,98106,Single Family,8728d5576ffffff,38,2025-09-21,6.717224490768608,,3.7734668313351207,24.0,-0.0791506652932156,0.04106776180698152,269,-0.9963950238187231,-0.08483487790576538,-1.0,-1.8369701987210297e-16,3,595914.7619047619,199907.9365012567,0.0,814.5631067961165,9,2025,39,13.639965985449344,235,-1.1623836202427758,-0.12292500400590198,-0.47205412931655333,-1.5547661988051344,-1.3691126157918552,0.08544367081744794,-1.3408080847037418,0.20331954688973564,1.2400190120018408,-0.8086520744687207,-0.1834274510506067,13.5456295,763470.3,13.639966,839000.0,0.020087756,0.3904398,0.025438333,0.25709784,0.09729214,0.09182672,0.3248839352555581,248039.2395757907,403873.4996536398,1443241.2561259307,-75529.6875,-9.002346543504173
2025-09-26,1177000.0,117,47.60446,-122.126926,1770.0,9000.0,1958.0,,3.0,2.0,"15934 Lake Hills Blvd, Bellevue, WA 98008",Bellevue,98008,Single Family,8728d55abffffff,59,2025-09-21,6.717224490768608,,3.7734668313351207,21.0,-0.5741434452817502,0.04106776180698152,269,-0.9963950238187231,-0.08483487790576538,-1.0,-1.8369701987210297e-16,3,1606880.9523809524,722844.7603870749,0.0,664.9717514124294,9,2025,39,13.978479386242414,235,-0.3830110348942671,-0.13506385669647797,-0.47205412931655333,-1.5547661988051344,-1.3691126157918552,0.08544367081744794,-1.3408080847037418,0.20331954688973564,1.2400190120018408,-0.8086520744687207,0.44406887061495337,13.805423,989962.94,13.978479,1.177e+06,0.018557603,0.37910306,0.024425142,0.2930147,0.09242182,0.08731799,0.31768503919232427,314496.414598636,531128.9455637585,1845176.4351918777,-187037.0625,-15.890999362786745
2025-09-26,1400000.0,118,47.672666,-122.35676,1350.0,3910.0,1926.0,,2.0,1.0,"6007 Palatine Ave N, Seattle, WA 98103",Seattle,98103,Single Family,8728d5476ffffff,9,2025-09-21,6.717224490768608,,3.7734668313351207,30.0,0.32864532494608395,0.04106776180698152,269,-0.9963950238187231,-0.08483487790576538,-1.0,-1.8369701987210297e-16,3,1050232.1206896552,642234.6489458774,0.0,1037.037037037037,9,2025,39,14.151982794585487,235,-0.8253576373893665,-0.2482264211562431,-1.552629904149454,-1.5547661988051344,-1.3691126157918552,0.08544367081744794,-1.3408080847037418,0.20331954688973564,1.2400190120018408,-0.8086520744687207,0.7656890790812907,13.647101,845008.0,14.151983,1.4000006e+06,0.018411694,0.37688097,0.024377901,0.29680336,0.090818524,0.08709893,0.3234573266178433,273324.02865069057,448258.36022929725,1592917.4426228185,-554992.0,-39.64228571428571
2025-09-26,1024000.0,123,47.614643,-122.144912,2260.0,8483.0,1965.0,,4.0,2.0,"14522 Ne 5th St, Bellevue, WA 98007",Bellevue,98007,Single Family,8728d558dffffff,7,2025-09-21,6.717224490768608,,3.7734668313351207,10.0,-0.8961173286078261,0.04106776180698152,269,-0.9963950238187231,-0.08483487790576538,-1.0,-1.8369701987210297e-16,3,1024000.0,0.0,0.0,453.0973451327434,9,2025,39,13.83922708458159,235,0.13306000135001567,-0.14655797178993543,0.6085216455163472,-1.5547661988051344,-1.3691126157918552,0.08544367081744794,-1.3408080847037418,0.20331954688973564,1.2400190120018408,-0.8086520744687207,0.18593933461751666,13.968729,1.1655796e+06,13.839227,1.0239996e+06,0.016099438,0.36376655,0.023131484,0.33708706,0.086733,0.080654845,0.3205432726046908,373618.7074788483,621856.2308301391,2184710.3907988295,141579.625,13.82613525390625
2025-09-26,3800000.0,122,47.626099,-122.315981,4450.0,6969.0,2003.0,,4.0,3.0,"727 13th Ave E, Seattle, WA 98102",Seattle,98102,Single Family,8728d542effffff,9,2025-09-21,6.717224490768608,,3.7734668313351207,30.0,0.32864532494608395,0.04106776180698152,269,-0.9963950238187231,-0.08483487790576538,-1.0,-1.8369701987210297e-16,3,1044095.8421052631,646225.8669566036,0.0,853.9325842696629,9,2025,39,15.150511624696614,235,2.4395815715030347,-0.18021772082570842,0.6085216455163472,-1.5547661988051344,-1.3691126157918552,0.08544367081744794,-1.3408080847037418,0.20331954688973564,1.2400190120018408,-0.8086520744687207,2.6166443632851326,14.776374,2.6139522e+06,15.150512,3.8000005e+06,0.009235084,0.27722913,0.01801889,0.5083475,0.05639737,0.058788493,0.32154907237000546,840513.9212069886,1391840.7107205018,4909143.502109303,-1186047.75,-31.211782894736846
2025-09-26,449000.0,121,47.539586,-122.272962,430.0,4000.0,1914.0,,1.0,1.0,"7007 48th Ave S, Seattle, WA 98118",Seattle,98118,Single Family,8728d550effffff,9,2025-09-21,6.717224490768608,,3.7734668313351207,30.0,0.32864532494608395,0.04106776180698152,269,-0.9963950238187231,-0.08483487790576538,-1.0,-1.8369701987210297e-16,3,1040041.7457627119,641467.5779655747,0.0,1044.1860465116279,9,2025,39,13.01477816672439,235,-1.7943073380929178,-0.2462255113720822,-2.6332056789823546,-1.5547661988051344,-1.3691126157918552,0.08544367081744794,-1.3408080847037418,0.20331954688973564,1.2400190120018408,-0.8086520744687207,-1.3423270859865761,13.373267,642593.25,13.014778,449000.0,0.019662363,0.39543647,0.026056252,0.24117182,0.09753436,0.09269762,0.32740830616909905,210390.3675381964,338252.14709693124,1220764.0044445125,193593.25,43.11653674832962
2025-09-26,522375.0,120,47.529743,-122.375657,790.0,4760.0,1940.0,,2.0,1.0,"8109 34th Ave SW, Seattle, WA 98126",Seattle,98126,Single Family,8728d5570ffffff,9,2025-09-21,6.717224490768608,,3.7734668313351207,30.0,0.32864532494608395,0.04106776180698152,269,-0.9963950238187231,-0.08483487790576538,-1.0,-1.8369701987210297e-16,3,994883.2678571428,533520.177984965,0.0,661.2341772151899,9,2025,39,13.166140999750217,235,-1.4151531073828325,-0.22932893986139036,-1.552629904149454,-1.5547661988051344,-1.3691126157918552,0.08544367081744794,-1.3408080847037418,0.20331954688973564,1.2400190120018408,-0.8086520744687207,-1.0617484715563468,13.438952,686219.25,13.166141,522374.78,0.019694652,0.38723677,0.025268124,0.26514673,0.095277846,0.09095581,0.32619343638862847,223840.21527352734,362077.41106296045,1300541.899448843,163844.25,31.365254845656853
2025-09-26,1089950.0,124,47.660418,-122.343375,1648.0,749.0,2026.0,,2.0,1.5,"4414 Midvale Ave N, Seattle, WA 98103",Seattle,98103,Townhouse,8728d542bffffff,9,2025-09-21,6.717224490768608,,3.7734668313351207,30.0,0.32864532494608395,0.04106776180698152,269,-0.9963950238187231,-0.08483487790576538,-1.0,-1.8369701987210297e-16,3,1003474.3272727273,534514.0490764262,0.0,661.377427184466,9,2025,39,13.901642381593561,235,-0.5115021908571293,-0.3185028192421601,-1.552629904149454,-1.5547661988051344,-1.3691126157918552,0.08544367081744794,-1.3408080847037418,0.20331954688973564,1.2400190120018408,-0.8086520744687207,0.30163747005002234,13.732674,920501.25,13.901643,1.0899505e+06,0.017436389,0.36222988,0.023229506,0.33578253,0.08524759,0.08312434,0.320127286940884,294677.5677881924,491503.41301047866,1723940.3458357463,-169448.75,-15.546470021560621
2025-09-26,1425000.0,119,47.663856,-122.291581,2030.0,4000.0,1927.0,,4.0,2.5,"4737 34th Ave NE, Seattle, WA 98105",Seattle,98105,Single Family,8728d5401ffffff,59,2025-09-21,6.717224490768608,,3.7734668313351207,22.0,-0.45180486305926754,0.04106776180698152,269,-0.9963950238187231,-0.08483487790576538,-1.0,-1.8369701987210297e-16,3,1628375.0,734705.5778910423,0.0,701.9704433497537,9,2025,39,14.169682371684887,235,-0.10917742382587214,-0.2462255113720822,0.6085216455163472,-1.5547661988051344,-1.3691126157918552,0.08544367081744794,-1.3408080847037418,0.20331954688973564,1.2400190120018408,-0.8086520744687207,0.7984984730340534,13.870537,1.0565684e+06,14.1696825,1.4250001e+06,0.0167801,0.36025617,0.022836972,0.34447807,0.08623393,0.08100128,0.3172838125468128,335232.04223639064,567309.6375403714,1967773.142423281,-368431.625,-25.85485087719298
2025-09-26,1089950.0,126,47.660348,-122.343326,1648.0,749.0,2026.0,,2.0,1.5,"4416 Midvale Ave N, Seattle, WA 98103",Seattle,98103,Townhouse,8728d542bffffff,9,2025-09-21,6.717224490768608,,3.7734668313351207,30.0,0.32864532494608395,0.04106776180698152,269,-0.9963950238187231,-0.08483487790576538,-1.0,-1.8369701987210297e-16,3,1001872.925925926,539399.8758825475,0.0,661.377427184466,9,2025,39,13.901642381593561,235,-0.5115021908571293,-0.3185028192421601,-1.552629904149454,-1.5547661988051344,-1.3691126157918552,0.08544367081744794,-1.3408080847037418,0.20331954688973564,1.2400190120018408,-0.8086520744687207,0.30163747005002234,13.732674,920501.25,13.901643,1.0899505e+06,0.017436389,0.36222988,0.023229506,0.33578253,0.08524759,0.08312434,0.320127286940884,294677.5677881924,491503.41301047866,1723940.3458357463,-169448.75,-15.546470021560621
2025-09-26,1089950.0,125,47.660418,-122.343375,1489.0,1106.0,2025.0,,3.0,1.5,"4410 Midvale Ave N, Seattle, WA 98103",Seattle,98103,Townhouse,8728d542bffffff,9,2025-09-21,6.717224490768608,,3.7734668313351207,30.0,0.32864532494608395,0.04106776180698152,269,-0.9963950238187231,-0.08483487790576538,-1.0,-1.8369701987210297e-16,3,1000211.0943396227,544422.1361853906,0.0,732.0013431833445,9,2025,39,13.901642381593561,235,-0.6789619760874169,-0.31056587709832195,-0.47205412931655333,-1.5547661988051344,-1.3691126157918552,0.08544367081744794,-1.3408080847037418,0.20331954688973564,1.2400190120018408,-0.8086520744687207,0.30163747005002234,13.609078,813481.44,13.901643,1.0899505e+06,0.018788207,0.35977343,0.022981528,0.33839947,0.08626701,0.08448404,0.3243988812446958,263892.4682383269,430738.561868972,1536319.5547783512,-276468.5625,-25.36525184641497
2025-09-29,1140000.0,130,47.685202,-122.280732,1350.0,6500.0,1948.0,,3.0,1.0,"7708 44th Ave NE, Seattle, WA 98115",Seattle,98115,Single Family,8728d540effffff,59,2025-09-28,6.521524851805749,,3.7734668313351207,23.0,-0.32946628083678486,0.049281314168377825,272,-0.9994446170919858,-0.033323525711631344,-1.0,-1.8369701987210297e-16,3,1577586.956521739,697108.6822168652,0.0,844.4444444444445,9,2025,40,13.946538820370678,235,-0.8253576373893665,-0.1906446840342801,-0.47205412931655333,-1.5488355913436966,-1.3733232246182367,0.1617992313053655,-1.3408080847037418,0.20331954688973564,1.126034066459041,-0.8086520744687207,0.38486120690215836,13.622506,824478.3,13.946539,1.1400001e+06,0.019465905,0.38109416,0.024577754,0.2923818,0.091798134,0.085733734,0.3241515149533094,267255.89404302306,436773.1240604116,1556333.2176761688,-315521.6875,-27.677341008771926
2025-09-29,2335000.0,129,47.68328,-122.199026,4170.0,9664.0,2007.0,,6.0,5.0,"1006 5th St, Kirkland, WA 98033",Kirkland,98033,Single Family,8728d5411ffffff,8,2025-09-28,6.521524851805749,,3.7734668313351207,1.0,-1.2649102640678578,0.049281314168377825,272,-0.9994446170919858,-0.033323525711631344,-1.0,-1.8369701987210297e-16,3,2335000.0,0.0,0.0,559.9520383693045,9,2025,40,14.663522449085134,235,2.1446838365063017,-0.12030158895555772,2.7696731951821483,-1.5488355913436966,-1.3733232246182367,0.1617992313053655,-1.3408080847037418,0.20331954688973564,1.126034066459041,-0.8086520744687207,1.7139211160777128,14.528126,2.0393175e+06,14.663523,2.3350008e+06,0.00985948,0.3067398,0.020286612,0.4421991,0.06388713,0.062203232,0.33399542645436364,681122.7180883468,1059698.219627049,3924528.5949569815,-295682.5,-12.66306209850107
2025-09-29,890000.0,131,47.676812,-122.395913,1590.0,5000.0,1945.0,,5.0,1.5,"3002 Nw 66th St, Seattle, WA 98117",Seattle,98117,Single Family,8728d5470ffffff,9,2025-09-28,6.521524851805749,,3.7734668313351207,30.0,0.32864532494608395,0.049281314168377825,272,-0.9994446170919858,-0.033323525711631344,-1.0,-1.8369701987210297e-16,3,1033313.9193548387,627081.9145736498,0.0,559.7484276729559,9,2025,40,13.698976741708323,235,-0.5725881502493098,-0.22399318043696137,1.689097420349248,-1.5488355913436966,-1.3733232246182367,0.1617992313053655,-1.3408080847037418,0.20331954688973564,1.126034066459041,-0.8086520744687207,-0.07404025277585333,13.714711,904114.44,13.6989765,889999.8,0.019109514,0.39243627,0.02552164,0.26215315,0.09554444,0.087329745,0.32110003164997286,290311.17449644743,481834.09244579414,1696481.9970030081,14114.4375,1.5858918539325844
2025-09-29,2165000.0,128,47.66131,-122.189278,2620.0,15623.0,1965.0,,4.0,2.5,"11310 Ne 60th St, Kirkland, WA 98033",Kirkland,98033,Single Family,8728d5415ffffff,7,2025-09-28,6.521524851805749,,3.7734668313351207,11.0,-0.7948171088521588,0.049281314168377825,272,-0.9994446170919858,-0.033323525711631344,-1.0,-1.8369701987210297e-16,3,1854568.1818181819,915375.4973432288,0.0,826.3358778625955,9,2025,40,14.587930919418728,235,0.512214232060101,0.012180871086827442,0.6085216455163472,-1.5488355913436966,-1.3733232246182367,0.1617992313053655,-1.3408080847037418,0.20331954688973564,1.126034066459041,-0.8086520744687207,1.5737984305248938,14.198843,1.4671658e+06,14.587931,2.1649995e+06,0.015088217,0.36543086,0.023502965,0.33418548,0.08430123,0.077056214,0.3289532763456925,482628.9804046852,769960.5668857283,2795695.368968822,-697834.25,-32.232528868360276
2025-09-29,799950.0,127,47.544935,-122.361311,1520.0,4620.0,1942.0,,3.0,2.0,"6358 Delridge Way SW, Seattle, WA 98106",Seattle,98106,Single Family,8728d5572ffffff,38,2025-09-28,6.521524851805749,,3.7734668313351207,25.0,0.03471520407597173,0.049281314168377825,272,-0.9994446170919858,-0.033323525711631344,-1.0,-1.8369701987210297e-16,3,610366.4,201477.10585159133,0.0,526.2828947368421,9,2025,40,13.592304504696857,235,-0.646312583998493,-0.2324414661923073,-0.47205412931655333,-1.5488355913436966,-1.3733232246182367,0.1617992313053655,-1.3408080847037418,0.20331954688973564,1.126034066459041,-0.8086520744687207,-0.2717766974534136,13.68417,876918.9,13.592304,799949.75,0.019011889,0.37314078,0.02393753,0.313757,0.08890812,0.083649635,0.32243242694649926,282747.0811014438,466121.7814137213,1649754.9605691016,76968.875,9.621710731920745
2025-09-30,825000.0,136,47.665555,-122.289378,990.0,4000.0,1923.0,,2.0,1.0,"5023 36th Ave NE, Seattle, WA 98105",Seattle,98105,Single Family,8728d5401ffffff,59,2025-09-28,6.521524851805749,,3.7734668313351207,25.0,-0.08478911639181953,0.05201916495550993,273,-0.9998699583618592,-0.016126573270657762,-1.0,-1.8369701987210297e-16,3,1537380.0,685592.9197903569,0.0,833.3333333333334,9,2025,40,13.623138665316818,235,-1.2045118680994518,-0.2462255113720822,-1.552629904149454,-1.546858722189884,-1.3739104982461186,0.18729036843113736,-1.3408080847037418,0.20331954688973564,1.126034066459041,-0.8086520744687207,-0.214619957645356,13.513456,739298.0,13.623138,824999.8,0.019369172,0.38580143,0.025056375,0.27966592,0.09211205,0.08670902,0.3250488246799997,240307.9459882744,390960.0454638246,1397998.3772044983,-85702.0,-10.388121212121213
2025-09-30,939000.0,133,47.664492,-122.350671,1450.0,1508.0,2019.0,,2.0,2.0,"618 N 49th St, Seattle, WA 98103",Seattle,98103,Single Family,8728d5476ffffff,9,2025-09-28,6.521524851805749,,3.7734668313351207,30.0,0.32864532494608395,0.05201916495550993,273,-0.9998699583618592,-0.016126573270657762,-1.0,-1.8369701987210297e-16,3,1036229.8985507246,605778.353559897,0.0,647.5862068965517,9,2025,40,13.7525707581904,235,-0.7200370177476763,-0.3016284800624034,-1.552629904149454,-1.546858722189884,-1.3739104982461186,0.18729036843113736,-1.3408080847037418,0.20331954688973564,1.126034066459041,-0.8086520744687207,0.02530603049387188,13.66247,858094.8,13.752571,939000.3,0.01813192,0.3712635,0.023878533,0.32017526,0.08642186,0.08231214,0.3230136557367112,277176.34235433274,455596.6231474503,1616181.181649006,-80905.1875,-8.616100905218318
2025-09-30,482500.0,137,47.530501,-122.360808,1170.0,5600.0,1949.0,,3.0,1.0,"7945 Delridge Way SW, Seattle, WA 98106",Seattle,98106,Single Family,8728d5576ffffff,38,2025-09-28,6.521524851805749,,3.7734668313351207,26.0,0.14858107344515906,0.05201916495550993,273,-0.9998699583618592,-0.016126573270657762,-1.0,-1.8369701987210297e-16,3,600894.8148148148,196557.88126519983,0.0,412.3931623931624,9,2025,40,13.086736199761178,235,-1.0149347527444093,-0.21065378187588885,-0.47205412931655333,-1.546858722189884,-1.3739104982461186,0.18729036843113736,-1.3408080847037418,0.20331954688973564,1.126034066459041,-0.8086520744687207,-1.2089397490625793,13.540686,759705.1,13.086736,482499.78,0.019767474,0.38071457,0.024582021,0.29196954,0.09151065,0.086168885,0.3249401738677555,246858.7154057249,401837.4420883065,1436282.0090869712,277205.125,57.45183937823835
2025-09-30,1040000.0,132,47.674168,-122.349664,1620.0,3276.0,1910.0,,3.0,2.0,"6208 Fremont Ave N, Seattle, WA 98103",Seattle,98103,Single Family,8728d540dffffff,9,2025-09-28,6.521524851805749,,3.7734668313351207,30.0,0.32864532494608395,0.05201916495550993,273,-0.9998699583618592,-0.016126573270657762,-1.0,-1.8369701987210297e-16,3,1037659.75,610165.0308954807,0.0,641.9753086419753,9,2025,40,13.854731271117556,235,-0.5409919643568026,-0.2623217189691097,-0.47205412931655333,-1.546858722189884,-1.3739104982461186,0.18729036843113736,-1.3408080847037418,0.20331954688973564,1.126034066459041,-0.8086520744687207,0.21467917179661272,13.711762,901452.3,13.854732,1.0400003e+06,0.01872008,0.36767438,0.023505226,0.32852662,0.08656146,0.082262635,0.32134138500797965,289673.9346173961,480188.16364746337,1692287.1969581195,-138547.6875,-13.321893028846155
2025-09-30,1000000.0,134,47.642933,-122.40403,1410.0,7684.0,1940.0,,2.0,1.0,"2545 36th Ave W, Seattle, WA 98199",Seattle,98199,Single Family,8728d555bffffff,59,2025-09-28,6.521524851805749,,3.7734668313351207,24.0,-0.2071276986143022,0.05201916495550993,273,-0.9998699583618592,-0.016126573270657762,-1.0,-1.8369701987210297e-16,3,1516711.5384615385,679958.0600754273,0.0,709.2198581560284,9,2025,40,13.815510557964274,235,-0.7621652656043524,-0.164321604207097,-1.552629904149454,-1.546858722189884,-1.3739104982461186,0.18729036843113736,-1.3408080847037418,0.20331954688973564,1.126034066459041,-0.8086520744687207,0.14197642744697578,13.708712,898706.4,13.815511,1.0000002e+06,0.018561743,0.38912222,0.025296576,0.2739097,0.0925177,0.0861081,0.32112057851858017,288593.11105833604,478932.6639704093,1686402.2272514447,-101293.625,-10.1293625
2025-09-30,800000.0,135,47.53917,-122.385883,1010.0,5920.0,1911.0,,3.0,1.0,"4160 Sw Orchard St, Seattle, WA 98136",Seattle,98136,Single Family,8728d5570ffffff,9,2025-09-28,6.521524851805749,,3.7734668313351207,30.0,0.32864532494608395,0.05201916495550993,273,-0.9998699583618592,-0.016126573270657762,-1.0,-1.8369701987210297e-16,3,1037624.8208955224,614770.0468300501,0.0,792.0792079207921,9,2025,40,13.592367006650065,235,-1.1834477441711138,-0.20353943597665017,-0.47205412931655333,-1.546858722189884,-1.3739104982461186,0.18729036843113736,-1.3408080847037418,0.20331954688973564,1.126034066459041,-0.8086520744687207,-0.27166083868491925,13.469408,707439.94,13.592367,800000.1,0.020059763,0.3833189,0.024823105,0.2836108,0.092581116,0.0871231,0.3260045916948403,230628.66797331083,373412.5186191009,1340263.8224855731,-92560.0625,-11.5700078125
2025-09-30,675000.0,138,47.662897,-122.401899,760.0,3417.0,1936.0,,3.0,1.0,"4563 34th Ave W, Seattle, WA 98199",Seattle,98199,Single Family,8728d5470ffffff,9,2025-09-28,6.521524851805749,,3.7734668313351207,30.0,0.32864532494608395,0.05201916495550993,273,-0.9998699583618592,-0.016126573270657762,-1.0,-1.8369701987210297e-16,3,1041225.196969697,618768.8122693128,0.0,888.1578947368421,9,2025,40,13.422467969854667,235,-1.4467492932753396,-0.2591869603072577,-0.47205412931655333,-1.546858722189884,-1.3739104982461186,0.18729036843113736,-1.3408080847037418,0.20331954688973564,1.126034066459041,-0.8086520744687207,-0.5865996871732363,13.325215,612445.56,13.422468,675000.1,0.020316772,0.3777064,0.024469715,0.29418173,0.09103181,0.08668532,0.33226489136582554,203494.15829154442,319328.66608683835,1174619.1516181123,-62554.4375,-9.267324074074073
2025-09-30,1325000.0,139,47.729937,-122.236994,2030.0,7700.0,1973.0,,4.0,2.0,"7725 Ne 142nd Pl, Kirkland, WA 98034",Kirkland,98034,Single Family,8728d541bffffff,59,2025-09-28,6.521524851805749,,3.7734668313351207,26.0,0.03754946583066314,0.05201916495550993,273,-0.9998699583618592,-0.016126573270657762,-1.0,-1.8369701987210297e-16,3,1567062.5,683732.5041478289,0.0,652.7093596059113,9,2025,40,14.09692301740246,235,-0.10917742382587214,-0.16396588691213507,0.6085216455163472,-1.546858722189884,-1.3739104982461186,0.18729036843113736,-1.3408080847037418,0.20331954688973564,1.126034066459041,-0.8086520744687207,0.6636257410476072,13.885982,1.0730135e+06,14.096923,1.3249998e+06,0.01716803,0.37240726,0.023698434,0.32290733,0.08797904,0.080443665,0.31772417149137755,340922.32528656325,575642.5554709235,2000126.3986985865,-251986.5,-19.017849056603772
2025-09-30,850000.0,142,47.542299,-122.271043,2020.0,5725.0,1954.0,,4.0,1.5,"4839 S Holly St, Seattle, WA 98118",Seattle,98118,Single Family,8728d550effffff,9,2025-09-28,6.521524851805749,,3.7734668313351207,30.0,0.32864532494608395,0.05201916495550993,273,-0.9998699583618592,-0.016126573270657762,-1.0,-1.8369701987210297e-16,3,1034124.421875,618190.0081067131,0.0,420.7920792079208,9,2025,40,13.652991628466498,235,-0.11970948579004118,-0.20787474050899873,0.6085216455163472,-1.546858722189884,-1.3739104982461186,0.18729036843113736,-1.3408080847037418,0.20331954688973564,1.126034066459041,-0.8086520744687207,-0.1592820462854057,13.87438,1.0606369e+06,13.652991,849999.7,0.01706342,0.36781555,0.023358632,0.33378983,0.086497545,0.079526015,0.31741204558594566,336658.92011763493,569351.0613303846,1975846.9918998731,210636.875,24.780808823529412
2025-09-30,1268500.0,143,47.643763,-122.398647,1050.0,6000.0,1949.0,,2.0,1.0,"2617 32nd Ave W, Seattle, WA 98199",Seattle,98199,Single Family,8728d5474ffffff,9,2025-09-28,6.521524851805749,,3.7734668313351207,30.0,0.32864532494608395,0.05201916495550993,273,-0.9998699583618592,-0.016126573270657762,-1.0,-1.8369701987210297e-16,3,1037047.0317460317,622709.6084356882,0.0,1208.095238095238,9,2025,40,14.053345658021474,235,-1.1413194963144377,-0.2017608495018405,-1.552629904149454,-1.546858722189884,-1.3739104982461186,0.18729036843113736,-1.3408080847037418,0.20331954688973564,1.126034066459041,-0.8086520744687207,0.5828471584112804,13.567866,780637.6,14.053346,1.2685e+06,0.01934021,0.390534,0.025425153,0.2679589,0.09361291,0.08749731,0.324388688197202,253230.0151311293,413356.00429588574,1474262.1042056235,-487862.375,-38.45978517934569
2025-09-30,1590000.0,144,47.591005,-122.116156,2950.0,18730.0,1974.0,,4.0,2.0,"2131 168th Ave SE, Bellevue, WA 98008",Bellevue,98008,Single Family,8728d55aaffffff,7,2025-09-28,6.521524851805749,,3.7734668313351207,12.0,-0.6935168890964916,0.05201916495550993,273,-0.9998699583618592,-0.016126573270657762,-1.0,-1.8369701987210297e-16,3,1832520.8333333333,876111.5696536945,0.0,538.9830508474577,9,2025,40,14.279244574196415,235,0.8597722768776791,0.08125672330224792,0.6085216455163472,-1.546858722189884,-1.3739104982461186,0.18729036843113736,-1.3408080847037418,0.20331954688973564,1.126034066459041,-0.8086520744687207,1.0015919957970916,14.328485,1.6702511e+06,14.279244,1.5899998e+06,0.013951812,0.35065615,0.02294261,0.35272714,0.07916308,0.074104086,0.33292988321194045,556076.5119808621,869733.3628050431,3207579.3251526197,80251.125,5.047240566037736
2025-09-30,925000.0,140,47.513996,-122.163756,2100.0,7588.0,1963.0,,5.0,2.0,"2513 Vashon Ct NE, Renton, WA 98059",Renton,98059,Single Family,8728d5514ffffff,10,2025-09-28,6.521524851805749,,3.7734668313351207,1.0,-0.9999990000010001,0.05201916495550993,273,-0.9998699583618592,-0.016126573270657762,-1.0,-1.8369701987210297e-16,3,925000.0,0.0,0.0,440.4761904761905,9,2025,40,13.737549016494562,235,-0.035452990076688895,-0.1664559079768686,1.689097420349248,-1.546858722189884,-1.3739104982461186,0.18729036843113736,-1.3408080847037418,0.20331954688973564,1.126034066459041,-0.8086520744687207,-0.0025395071925684784,13.8560095,1.0413302e+06,13.737549,924999.8,0.01677058,0.37914515,0.024277514,0.30815917,0.08876943,0.081241176,0.31717091731100655,330279.65079301747,559251.4574384113,1938964.220044924,116330.1875,12.576236486486486
2025-09-30,482500.0,141,47.530367,-122.36081,980.0,5600.0,1949.0,,3.0,1.0,"7949 Delridge Way SW, Seattle, WA 98106",Seattle,98106,Single Family,8728d5576ffffff,38,2025-09-28,6.521524851805749,,3.7734668313351207,27.0,0.2624469428143464,0.05201916495550993,273,-0.9998699583618592,-0.016126573270657762,-1.0,-1.8369701987210297e-16,3,605448.4615384615,198992.8197235731,0.0,492.3469387755102,9,2025,40,13.086736199761178,235,-1.2150439300636209,-0.21065378187588885,-0.47205412931655333,-1.546858722189884,-1.3739104982461186,0.18729036843113736,-1.3408080847037418,0.20331954688973564,1.126034066459041,-0.8086520744687207,-1.2089397490625793,13.447965,692431.56,13.086736,482499.78,0.020092586,0.38263202,0.024778463,0.2849481,0.092391565,0.08706846,0.32630279460479966,225942.353916318,365276.97881262493,1312596.960911301,209931.5625,43.509132124352334
2025-09-30,1861900.0,145,47.68371,-122.296292,2530.0,8165.0,1939.0,,3.0,1.5,"7521 30th Ave NE, Seattle, WA 98115",Seattle,98115,Single Family,8728d5408ffffff,9,2025-09-28,6.521524851805749,,3.7734668313351207,30.0,0.32864532494608395,0.05201916495550993,273,-0.9998699583618592,-0.016126573270657762,-1.0,-1.8369701987210297e-16,3,1046859.4307692308,621875.6972877742,0.0,735.9288537549407,9,2025,40,14.437108029684143,235,0.41742567438257966,-0.15362785302730386,-0.47205412931655333,-1.546858722189884,-1.3739104982461186,0.18729036843113736,-1.3408080847037418,0.20331954688973564,1.126034066459041,-0.8086520744687207,1.2942206994522176,14.180434,1.440404e+06,14.437108,1.8619e+06,0.01570588,0.35987014,0.023188636,0.34274647,0.08275271,0.077206805,0.32852735487218354,473212.11606731266,756547.5091090346,2742410.517545477,-421496.0,-22.637950480691764
2025-10-01,1250000.0,146,47.663789,-122.344834,2200.0,4140.0,1916.0,,3.0,1.5,"1026 N 48th St, Seattle, WA 98103",Seattle,98103,Single Family,8728d5476ffffff,9,2025-09-28,6.521524851805749,2025-10-01,3.618446516281331,30.0,0.32864532494608395,0.05475701574264202,274,-0.9999994220246925,0.001075151282798226,-0.8660254037844386,0.5000000000000001,4,1040843.1408450705,597744.7424346496,0.0,568.1818181818181,10,2025,40,14.038654109278484,235,0.06986762956500146,-0.2431129850411653,-0.47205412931655333,-1.544881853036071,-1.3740892502279651,0.21278857928547162,-1.1533470181426941,0.9340937940467628,1.126034066459041,-0.899167757985833,0.5556136935788741,13.967057,1.1636326e+06,14.038654,1.2500002e+06,0.016654339,0.35572535,0.022572398,0.36207357,0.081471786,0.07685206,0.32076231058427274,373249.48946624255,620551.0169491987,2181997.6248035207,-86367.375,-6.90939
2025-10-01,1499990.0,147,47.597758,-122.136801,1680.0,7560.0,1962.0,,4.0,2.0,"1254 151st Ave SE, Bellevue, WA 98007",Bellevue,98007,Single Family,8728d55abffffff,59,2025-09-28,6.521524851805749,2025-10-01,3.618446516281331,27.0,0.1598880480531458,0.05475701574264202,274,-0.9999994220246925,0.001075151282798226,-0.8660254037844386,0.5000000000000001,4,1516092.2222222222,666761.4998710231,0.0,892.8511904761905,10,2025,40,14.22096899938355,235,-0.4777995925717884,-0.16707841324305198,0.6085216455163472,-1.544881853036071,-1.3740892502279651,0.21278857928547162,-1.1533470181426941,0.9340937940467628,1.126034066459041,-0.899167757985833,0.8935675904047246,13.75741,943555.1,14.220969,1.4999902e+06,0.018879645,0.38025844,0.02457359,0.29210755,0.09121847,0.08426234,0.31901344730308023,301006.77314673876,504914.14945397567,1763262.6091905774,-556434.875,-37.095905639370926
2025-10-01,654950.0,148,47.695385,-122.336094,1060.0,6770.0,1951.0,,3.0,1.0,"9042 Wallingford Ave N, Seattle, WA 98103",Seattle,98103,Single Family,8728d5409ffffff,9,2025-09-28,6.521524851805749,2025-10-01,3.618446516281331,30.0,0.32864532494608395,0.05475701574264202,274,-0.9999994220246925,0.001075151282798226,-0.8660254037844386,0.5000000000000001,4,1035483.5138888889,595260.1475370028,0.0,617.877358490566,10,2025,40,13.392314175825796,235,-1.1307874343502686,-0.18464195468179745,-0.47205412931655333,-1.544881853036071,-1.3740892502279651,0.21278857928547162,-1.1533470181426941,0.9340937940467628,1.126034066459041,-0.899167757985833,-0.6424952434290555,13.512565,738639.06,13.392314,654949.9,0.020124394,0.3848088,0.024972903,0.2799281,0.092321835,0.086751044,0.32532529099656543,240297.96794924277,390399.98252737883,1397509.426812884,83689.0625,12.77793152149019
2025-10-01,3225000.0,149,47.636486,-122.22038,3900.0,36000.0,1963.0,,3.0,2.5,"8855 Points Dr NE, Clyde Hill, WA 98004",Clyde Hill,98004,Single Family,8728d5406ffffff,15,2025-09-28,6.521524851805749,2025-10-01,3.618446516281331,3.0,0.3872980346209741,0.05475701574264202,274,-0.9999994220246925,0.001075151282798226,-0.8660254037844386,0.5000000000000001,4,3225000.0,0.0,0.0,826.9230769230769,10,2025,40,14.98644350821201,235,1.8603181634737376,0.465209078551785,-0.47205412931655333,-1.544881853036071,-1.3740892502279651,0.21278857928547162,-1.1533470181426941,0.9340937940467628,1.126034066459041,-0.899167757985833,2.31251418895381,14.620985,2.237758e+06,14.9864435,3.225e+06,0.011707598,0.2954502,0.021165723,0.4042781,0.06315249,0.066094615,0.3316508969119034,742154.4477717872,1168170.3428067311,4286670.100157823,-987242.0,-30.612155038759692
2025-10-01,600000.0,150,47.555829,-122.382059,1140.0,777.0,2021.0,,2.0,1.5,"3924 Sw Dawson St, Seattle, WA 98136",Seattle,98136,Single Family,8728d5573ffffff,14,2025-09-28,6.521524851805749,2025-10-01,3.618446516281331,1.0,-1.2649102640678578,0.05475701574264202,274,-0.9999994220246925,0.001075151282798226,-0.8660254037844386,0.5000000000000001,4,600000.0,0.0,0.0,526.3157894736842,10,2025,40,13.304684934198283,235,-1.0465309386369164,-0.3178803139759767,-1.552629904149454,-1.544881853036071,-1.3740892502279651,0.21278857928547162,-1.1533470181426941,0.9340937940467628,1.126034066459041,-0.899167757985833,-0.8049320233697691,13.526389,748921.25,13.304685,599999.8,0.018953051,0.3734973,0.024124771,0.31126088,0.087290056,0.083315685,0.32471885290277275,243188.8492145107,396305.3069448367,1415280.1759988768,148921.25,24.820208333333333
2025-10-01,440000.0,151,47.484303,-122.334252,1650.0,7800.0,1942.0,,4.0,2.0,"13217 1st Ave S, Burien, WA 98168",Burien,98168,Single Family,8728d552dffffff,38,2025-09-28,6.521524851805749,2025-10-01,3.618446516281331,28.0,0.37631281218353374,0.05475701574264202,274,-0.9999994220246925,0.001075151282798226,-0.8660254037844386,0.5000000000000001,4,595148.5714285715,195265.5000290305,0.0,266.6666666666667,10,2025,40,12.994530005894443,235,-0.5093957784642955,-0.161742653818623,0.6085216455163472,-1.544881853036071,-1.3740892502279651,0.21278857928547162,-1.1533470181426941,0.9340937940467628,1.126034066459041,-0.899167757985833,-1.3798607446586337,13.751609,938097.2,12.99453,439999.88,0.019025363,0.38180435,0.024697658,0.2880657,0.09172171,0.08473521,0.3194131948312897,299640.61972162244,501600.3603503727,1754437.2539484508,498097.1875,113.20390625
2025-10-01,2995000.0,152,47.622379,-122.193885,3060.0,7724.0,1995.0,,3.0,2.5,"1240 108th Ave NE, Bellevue, WA 98004",Bellevue,98004,Single Family,8728d5430ffffff,36,2025-09-28,6.521524851805749,2025-10-01,3.618446516281331,6.0,0.3651482383368261,0.05475701574264202,274,-0.9999994220246925,0.001075151282798226,-0.8660254037844386,0.5000000000000001,4,2995000.0,0.0,0.0,978.7581699346405,10,2025,40,14.912454789531687,235,0.9756249584835385,-0.16343231096969216,-0.47205412931655333,-1.544881853036071,-1.3740892502279651,0.21278857928547162,-1.1533470181426941,0.9340937940467628,1.126034066459041,-0.899167757985833,2.175362605861736,14.385906,1.7689669e+06,14.912455,2.9949995e+06,0.013709198,0.33462644,0.022104573,0.37862474,0.0742223,0.071643226,0.33389655067820184,590651.9378264978,919393.0289507193,3403597.297046288,-1226033.125,-40.93599749582638
2025-10-01,1150000.0,153,47.53386,-122.389986,2600.0,7500.0,1962.0,,3.0,1.5,"7704 45th Ave SW, Seattle, WA 98136",Seattle,98136,Single Family,8728d5570ffffff,9,2025-09-28,6.521524851805749,2025-10-01,3.618446516281331,30.0,0.32864532494608395,0.05475701574264202,274,-0.9999994220246925,0.001075151282798226,-0.8660254037844386,0.5000000000000001,4,1037855.1857142857,601526.3538811693,0.0,442.3076923076923,10,2025,40,13.955272500339433,235,0.4911501081317629,-0.16841235309915922,-0.47205412931655333,-1.544881853036071,-1.3740892502279651,0.21278857928547162,-1.1533470181426941,0.9340937940467628,1.126034066459041,-0.899167757985833,0.40105067544951345,14.228151,1.5108022e+06,13.955273,1.1500002e+06,0.0154312365,0.3547634,0.02293033,0.35103986,0.08103551,0.07600956,0.3299647031876993,498511.4159965583,791290.5531735325,2884557.7107109497,360802.25,31.374108695652176
2025-10-02,885000.0,154,47.649336,-122.396597,930.0,6360.0,1950.0,,2.0,1.0,"3218 31st Ave W, Seattle, WA 98199",Seattle,98199,Single Family,8728d5474ffffff,9,2025-09-28,6.521524851805749,2025-10-01,3.618446516281331,30.0,0.32864532494608395,0.057494866529774126,275,-0.999832969770105,0.018276557681691223,-0.8660254037844386,0.5000000000000001,4,1033422.095890411,591374.2792684296,0.0,951.6129032258065,10,2025,40,13.693342923990066,235,-1.267704239884466,-0.193757210365197,-1.552629904149454,-1.5429049838822584,-1.373859427668189,0.2382863185375485,-1.1533470181426941,0.9340937940467628,1.126034066459041,-0.899167757985833,-0.08448356133279172,13.534693,755165.94,13.693343,885000.2,0.019712955,0.39248523,0.025655733,0.26122066,0.09335065,0.08784312,0.324700074543983,245202.4361993268,399624.49320144224,1427028.560163138,-129834.0625,-14.670515536723164
2025-10-02,940000.0,155,47.5013,-122.36888,2990.0,12224.0,1963.0,,5.0,2.0,"11251 28th Ave SW, Seattle, WA 98146",Seattle,98146,Single Family,8728d5574ffffff,9,2025-09-28,6.521524851805749,2025-10-01,3.618446516281331,30.0,0.32864532494608395,0.057494866529774126,275,-0.999832969770105,0.018276557681691223,-0.8660254037844386,0.5000000000000001,4,1032159.6351351351,587410.2029334035,0.0,314.38127090301003,10,2025,40,13.753635154246187,235,0.9019005247343552,-0.06338682176164834,1.689097420349248,-1.5429049838822584,-1.373859427668189,0.2382863185375485,-1.1533470181426941,0.9340937940467628,1.126034066459041,-0.899167757985833,0.0272790826928004,14.279936,1.5910995e+06,13.753635,940000.25,0.0133050205,0.34546086,0.022608344,0.36495766,0.076584734,0.07247275,0.33121864095777537,527001.814018596,831301.0648923016,3045343.842368666,651099.5,69.26590425531914
2025-10-03,2850000.0,158,47.619061,-122.119561,1190.0,7500.0,1959.0,,3.0,1.0,"1015 165th Pl NE, Bellevue, WA 98008",Bellevue,98008,Single Family,8728d558cffffff,59,2025-09-28,6.521524851805749,2025-10-01,3.618446516281331,30.0,0.5269037947205938,0.06023271731690623,276,-0.9993706508539969,0.03547255575312556,-0.8660254037844386,0.5000000000000001,4,1734437.1875,1078357.7876514867,0.0,2394.9579831932774,10,2025,40,14.862829552244833,235,-0.9938706288160711,-0.16841235309915922,-0.47205412931655333,-1.540928114728446,-1.3732210985749833,0.26377604099610663,-1.1533470181426941,0.9340937940467628,1.126034066459041,-0.899167757985833,2.0833731786002825,13.579628,789873.44,14.862829,2.849999e+06,0.019939672,0.3858791,0.025017597,0.27973524,0.091710806,0.086643964,0.32455537828618514,256357.6723060219,418109.8388186544,1492191.693160641,-2060126.5625,-72.28514254385965
2025-10-03,755000.0,161,47.721899,-122.353168,1710.0,7650.0,1952.0,,3.0,1.5,"12715 Dayton Ave N, Seattle, WA 98133",Seattle,98133,Single Family,8728d5450ffffff,59,2025-09-28,6.521524851805749,2025-10-01,3.618446516281331,28.0,0.2822266302756285,0.06023271731690623,276,-0.9993706508539969,0.03547255575312556,-0.8660254037844386,0.5000000000000001,4,1698451.2903225806,1076474.1233389121,0.0,441.5204678362573,10,2025,40,13.534473028231162,235,-0.44620340667928127,-0.1650775034588911,-0.47205412931655333,-1.540928114728446,-1.3732210985749833,0.26377604099610663,-1.1533470181426941,0.9340937940467628,1.126034066459041,-0.899167757985833,-0.3789778855709128,13.778951,964100.4,13.534473,755000.3,0.018833809,0.37895435,0.024397008,0.30160528,0.088884085,0.08384721,0.31792291984014387,306509.60623897763,517012.2090194849,1797809.6380107633,209100.375,27.695413907284767
2025-10-03,600000.0,156,47.488693,-122.251755,2300.0,7750.0,1960.0,,4.0,2.0,"6605 S 127th Pl, Seattle, WA 98178",Seattle,98178,Single Family,8728d5504ffffff,38,2025-09-28,6.521524851805749,2025-10-01,3.618446516281331,29.0,0.49017868155272104,0.06023271731690623,276,-0.9993706508539969,0.03547255575312556,-0.8660254037844386,0.5000000000000001,4,635880.0,301413.42606609815,0.0,260.8695652173913,10,2025,40,13.304684934198283,235,0.17518824920669182,-0.16285427036537903,0.6085216455163472,-1.540928114728446,-1.3732210985749833,0.26377604099610663,-1.1533470181426941,0.9340937940467628,1.126034066459041,-0.899167757985833,-0.8049320233697691,13.98528,1.1850316e+06,13.304685,599999.8,0.016060987,0.36349928,0.02313057,0.344203,0.08344865,0.07743475,0.3211282313428815,380547.10982163076,631509.7774143423,2223718.539488451,585031.625,97.50527083333334
2025-10-03,3400000.0,159,47.687569,-122.273862,3010.0,15375.0,1941.0,,4.0,3.0,"8048 Crest Dr NE, Seattle, WA 98115",Seattle,98115,Single Family,8728d540effffff,59,2025-09-28,6.521524851805749,2025-10-01,3.618446516281331,29.0,0.40456521249811117,0.06023271731690623,276,-0.9993706508539969,0.03547255575312556,-0.8660254037844386,0.5000000000000001,4,1729899.6666666667,1080295.7098054325,0.0,1129.5681063122925,10,2025,40,15.03928598958639,235,0.9229646486626933,0.0066672530149174715,0.6085216455163472,-1.540928114728446,-1.3732210985749833,0.26377604099610663,-1.1533470181426941,0.9340937940467628,1.126034066459041,-0.899167757985833,2.4104673648470527,14.354017,1.7134462e+06,15.039286,3.399999e+06,0.013628917,0.3439411,0.022501,0.36768132,0.07606792,0.072609134,0.33330377834209,571098.1091110853,891572.33554884,3292944.354968976,-1686553.75,-49.604522058823534
2025-10-03,1320000.0,160,47.679189,-122.310709,1050.0,5355.0,1922.0,,2.0,1.0,"1603 Ne 70th St, Seattle, WA 98115",Seattle,98115,Single Family,8728d5408ffffff,9,2025-09-28,6.521524851805749,2025-10-01,3.618446516281331,30.0,0.32864532494608395,0.06023271731690623,276,-0.9993706508539969,0.03547255575312556,-0.8660254037844386,0.5000000000000001,4,1035997.5066666667,584373.6757643935,0.0,1257.142857142857,10,2025,40,14.093142294562554,235,-1.1413194963144377,-0.21610070295499345,-1.552629904149454,-1.540928114728446,-1.3732210985749833,0.26377604099610663,-1.1533470181426941,0.9340937940467628,1.126034066459041,-0.899167757985833,0.6566174817889783,13.563074,776905.56,14.0931425,1.3200002e+06,0.0194076,0.38831487,0.02529658,0.2738021,0.09139922,0.08663358,0.3243095554215486,251957.89757890315,411443.6630104412,1466986.4793681887,-543094.4375,-41.14351799242424
2025-10-03,645000.0,157,47.519662,-122.374106,810.0,5200.0,1950.0,,3.0,1.0,"9304 32nd Ave SW, Seattle, WA 98126",Seattle,98126,Single Family,8728d5574ffffff,9,2025-09-28,6.521524851805749,2025-10-01,3.618446516281331,30.0,0.32864532494608395,0.06023271731690623,276,-0.9993706508539969,0.03547255575312556,-0.8660254037844386,0.5000000000000001,4,1030852.802631579,582194.9199403013,0.0,796.2962962962963,10,2025,40,13.37700559577791,235,-1.3940889834544945,-0.21954671424993719,-0.47205412931655333,-1.540928114728446,-1.3732210985749833,0.26377604099610663,-1.1533470181426941,0.9340937940467628,1.126034066459041,-0.899167757985833,-0.6708724883105469,13.359212,633624.56,13.377006,645000.0,0.020456808,0.38281867,0.024876928,0.2831909,0.09108349,0.08691259,0.3288184837428728,208347.46790349114,332610.5927519125,1207057.514616414,-11375.4375,-1.7636337209302324
2025-10-03,1562500.0,162,47.725432,-122.365392,2520.0,8158.0,1950.0,,3.0,4.0,"13209 7th Ave NW, Seattle, WA 98177",Seattle,98177,Single Family,8728d5450ffffff,59,2025-09-28,6.521524851805749,2025-10-01,3.618446516281331,30.0,0.5269037947205938,0.06023271731690623,276,-0.9993706508539969,0.03547255575312556,-0.8660254037844386,0.5000000000000001,4,1672310.0,1051507.5937705552,0.0,620.0396825396825,10,2025,40,14.261797660592693,235,0.4068936124184106,-0.15378347934384973,-0.47205412931655333,-1.540928114728446,-1.3732210985749833,0.26377604099610663,-1.1533470181426941,0.9340937940467628,1.126034066459041,-0.899167757985833,0.9692509597107691,14.183634,1.4450201e+06,14.261798,1.5625004e+06,0.015791964,0.35917106,0.023175199,0.34392786,0.08161438,0.07707368,0.3286789322409078,474947.6717516231,758746.5672507295,2752016.6041818145,-117479.875,-7.518712
2025-10-03,530000.0,163,47.487642,-122.200107,980.0,4120.0,1925.0,,2.0,1.0,"334 Garden Ave N, Renton, WA 98057",Renton,98057,Single Family,8728d5531ffffff,38,2025-09-28,6.521524851805749,2025-10-01,3.618446516281331,30.0,0.6040445509219083,0.06023271731690623,276,-0.9993706508539969,0.03547255575312556,-0.8660254037844386,0.5000000000000001,4,593272.0,188797.433599594,0.0,540.8163265306123,10,2025,40,13.180632285528304,235,-1.2150439300636209,-0.2435576316598677,-1.552629904149454,-1.540928114728446,-1.3732210985749833,0.26377604099610663,-1.1533470181426941,0.9340937940467628,1.126034066459041,-0.899167757985833,-1.0348862306505204,13.51485,740328.75,13.180633,530000.2,0.019498767,0.38590032,0.025110506,0.27955505,0.0907094,0.08630611,0.32495702294310796,240575.02659919244,391575.60728059255,1399695.7195007165,210328.75,39.68466981132075
2025-10-03,6000000.0,166,47.689071,-122.199775,1940.0,57230.0,1983.0,,4.0,2.0,"505 18th Ave, Kirkland, WA 98033",Kirkland,98033,Single Family,8728d541effffff,59,2025-09-28,6.521524851805749,2025-10-01,3.618446516281331,30.0,0.5269037947205938,0.06023271731690623,276,-0.9993706508539969,0.03547255575312556,-0.8660254037844386,0.5000000000000001,4,1676231.7857142857,1070586.9152844036,0.0,3092.783505154639,10,2025,40,15.60727002719233,235,-0.20396598150339346,0.9372014643044007,0.6085216455163472,-1.540928114728446,-1.3732210985749833,0.26377604099610663,-1.1533470181426941,0.9340937940467628,1.126034066459041,-0.899167757985833,3.463329359460817,14.007081,1.2111501e+06,15.60727,6.0000015e+06,0.019067649,0.39841142,0.02778249,0.18658955,0.09705141,0.091361195,0.3220472133535175,390047.52270901436,644266.9859472011,2276827.4666942074,-4788849.875,-79.81416458333334
2025-10-03,3875000.0,167,47.574512,-122.520508,3774.0,15682.0,1990.0,,4.0,1.5,"9779 Ne South Beach Dr, Bainbridge Island, WA 98110",Bainbridge Island,98110,Single Family,8728d556bffffff,-1,2025-09-28,6.521524851805749,2025-10-01,3.618446516281331,1.0,-0.9999990000010001,0.06023271731690623,276,-0.9993706508539969,0.03547255575312556,-0.8660254037844386,0.5000000000000001,4,3875000.0,0.0,0.0,1026.7620561738208,10,2025,40,15.170056220769585,235,1.7276141827252076,0.013492578611999572,0.6085216455163472,-1.540928114728446,-1.3732210985749833,0.26377604099610663,-1.1533470181426941,0.9340937940467628,1.126034066459041,-0.899167757985833,2.6528738363739244,14.575795,2.138885e+06,15.170056,3.8750005e+06,0.011147572,0.30565587,0.020143095,0.44373187,0.06385946,0.0637182,0.33231132278721665,710775.7036397358,1115111.525765081,4102574.930227662,-1736115.0,-44.80296774193548
2025-10-03,604000.0,164,47.512999,-122.262385,1480.0,4000.0,1908.0,,3.0,1.5,"9809 57th Ave S, Seattle, WA 98118",Seattle,98118,Single Family,8728d5501ffffff,38,2025-09-28,6.521524851805749,2025-10-01,3.618446516281331,30.0,0.6040445509219083,0.06023271731690623,276,-0.9993706508539969,0.03547255575312556,-0.8660254037844386,0.5000000000000001,4,595453.7931034482,191753.95923298976,0.0,408.1081081081081,10,2025,40,13.311329476916953,235,-0.6884408318551691,-0.2462255113720822,-0.47205412931655333,-1.540928114728446,-1.3732210985749833,0.26377604099610663,-1.1533470181426941,0.9340937940467628,1.126034066459041,-0.899167757985833,-0.7926151517028078,13.659053,855167.7,13.31133,604000.25,0.019172465,0.37176144,0.02386509,0.317843,0.08688797,0.082998276,0.3232855882371993,276463.3888948829,453800.5647740234,1611526.7858072447,251167.6875,41.5840542218543
2025-10-03,1950000.0,165,47.557364,-122.296071,3060.0,9505.0,1979.0,,3.0,3.5,"2816 S Hudson St, Seattle, WA 98108",Seattle,98108,Single Family,8728d5508ffffff,38,2025-09-28,6.521524851805749,2025-10-01,3.618446516281331,30.0,0.6040445509219083,0.06023271731690623,276,-0.9993706508539969,0.03547255575312556,-0.8660254037844386,0.5000000000000001,4,637037.4193548387,306323.5083585951,0.0,637.2549019607843,10,2025,40,14.48333993053993,235,0.9756249584835385,-0.12383652957424193,-0.47205412931655333,-1.540928114728446,-1.3732210985749833,0.26377604099610663,-1.1533470181426941,0.9340937940467628,1.126034066459041,-0.899167757985833,1.3799199588098905,14.385176,1.767675e+06,14.48334,1.9500006e+06,0.0138099445,0.337387,0.022389738,0.37015933,0.07431956,0.0724143,0.3339274835226466,590275.2644358943,918665.945333641,3401318.0378598613,-182325.0,-9.35
2025-10-06,3695000.0,168,47.637594,-122.283339,4360.0,9000.0,1969.0,,5.0,3.0,"3812 E Crockett St, Seattle, WA 98112",Seattle,98112,Single Family,8728d5405ffffff,7,2025-10-05,6.614439110643611,2025-10-01,3.618446516281331,13.0,-0.5922166693408243,0.06844626967830253,279,-0.9962102997023297,0.0869772313136861,-0.8660254037844386,0.5000000000000001,4,1975788.4615384615,985109.2147899655,0.0,847.4770642201835,10,2025,41,15.12249111236444,235,2.3447930138255133,-0.13506385669647797,1.689097420349248,-1.5349975072670081,-1.368857565060418,0.34012170467338027,-1.1533470181426941,0.9340937940467628,1.1801518297309153,-0.899167757985833,2.5647032336919433,14.712893,2.4531722e+06,15.122491,3.6949992e+06,0.0092071965,0.2862845,0.018614408,0.4934814,0.056476757,0.058890726,0.32610481796940827,799991.2900338537,1294619.1136608669,4648513.158483988,-1241827.75,-33.60832882273343
2025-10-06,1585000.0,169,47.580209,-122.40488,2620.0,4520.0,2012.0,,3.0,2.5,"2534 57th Ave SW, Seattle, WA 98116",Seattle,98116,Single Family,8728d5542ffffff,9,2025-10-05,6.614439110643611,2025-10-01,3.618446516281331,30.0,0.32864532494608395,0.06844626967830253,279,-0.9962102997023297,0.0869772313136861,-0.8660254037844386,0.5000000000000001,4,1038049.5194805195,581789.5536075379,0.0,604.9618320610687,10,2025,41,14.276094965293519,235,0.512214232060101,-0.23466469928581937,-0.47205412931655333,-1.5349975072670081,-1.368857565060418,0.34012170467338027,-1.1533470181426941,0.9340937940467628,1.1801518297309153,-0.899167757985833,0.9957536213143606,14.230753,1.5147379e+06,14.276095,1.5850006e+06,0.01511393,0.34600726,0.02224928,0.37318486,0.076389685,0.07538681,0.3300756691400683,499978.11766243016,793179.3435990853,2892701.088993007,-70262.125,-4.432941640378549
2025-10-06,825000.0,170,47.724489,-122.295088,1350.0,5932.0,1951.0,,3.0,1.5,"3029 Ne 133rd St, Seattle, WA 98125",Seattle,98125,Single Family,8728d54e4ffffff,9,2025-10-05,6.614439110643611,2025-10-01,3.618446516281331,30.0,0.32864532494608395,0.06844626967830253,279,-0.9962102997023297,0.0869772313136861,-0.8660254037844386,0.5000000000000001,4,1035318.1153846154,578502.5295954522,0.0,611.1111111111111,10,2025,41,13.623138665316818,235,-0.8253576373893665,-0.20327264800542874,-0.47205412931655333,-1.5349975072670081,-1.368857565060418,0.34012170467338027,-1.1533470181426941,0.9340937940467628,1.1801518297309153,-0.899167757985833,-0.214619957645356,13.622082,824128.5,13.623138,824999.8,0.01952045,0.37882417,0.024434756,0.29807818,0.08835177,0.086282,0.3241599716457096,267149.47119242116,436580.5669596817,1555698.65889722,-871.5,-0.10563636363636363
2025-10-06,1253000.0,171,47.613012,-122.130869,1280.0,8050.0,1959.0,,3.0,1.0,"326 157th Ave NE, Bellevue, WA 98008",Bellevue,98008,Single Family,8728d558dffffff,7,2025-10-05,6.614439110643611,2025-10-01,3.618446516281331,14.0,-0.49091644958515696,0.06844626967830253,279,-0.9962102997023297,0.0869772313136861,-0.8660254037844386,0.5000000000000001,4,1924160.7142857143,965974.5657144098,0.0,978.90625,10,2025,41,14.041051233878205,235,-0.8990820711385498,-0.15618457108484277,-0.47205412931655333,-1.5349975072670081,-1.368857565060418,0.34012170467338027,-1.1533470181426941,0.9340937940467628,1.1801518297309153,-0.899167757985833,0.5600572011782038,13.621667,823786.7,14.041051,1.2529996e+06,0.019768648,0.38587496,0.025002282,0.27958465,0.09064216,0.08791496,0.3241612578346678,267039.7288074544,436398.3896726386,1555057.3339452583,-429213.3125,-34.254853351955305
2025-10-06,565000.0,172,47.536038,-122.376183,2260.0,4800.0,1939.0,,2.0,1.0,"7344 35th Ave SW, Seattle, WA 98126",Seattle,98126,Single Family,8728d5570ffffff,9,2025-10-05,6.614439110643611,2025-10-01,3.618446516281331,30.0,0.32864532494608395,0.06844626967830253,279,-0.9962102997023297,0.0869772313136861,-0.8660254037844386,0.5000000000000001,4,1029364.7215189873,577212.7740636726,0.0,250.0,10,2025,41,13.244581010128577,235,0.13306000135001567,-0.22843964662398553,-1.552629904149454,-1.5349975072670081,-1.368857565060418,0.34012170467338027,-1.1533470181426941,0.9340937940467628,1.1801518297309153,-0.899167757985833,-0.9163456075382178,14.055554,1.2713049e+06,13.244581,565000.1,0.01584626,0.36169344,0.023223508,0.346205,0.079735704,0.07880655,0.3239016727481785,411777.77558541397,673812.4663671285,2398614.0960386386,706304.875,125.00971238938052
2025-10-06,945000.0,173,47.63707,-122.307489,1680.0,4664.0,1932.0,,4.0,1.5,"1919 E Eaton Pl, Seattle, WA 98112",Seattle,98112,Single Family,8728d542affffff,59,2025-10-05,6.614439110643611,2025-10-01,3.618446516281331,30.0,0.5269037947205938,0.06844626967830253,279,-0.9962102997023297,0.0869772313136861,-0.8660254037844386,0.5000000000000001,4,1710514.8484848484,1070234.3048490633,0.0,562.5,10,2025,41,13.758940206475879,235,-0.4777995925717884,-0.23146324363116197,0.6085216455163472,-1.5349975072670081,-1.368857565060418,0.34012170467338027,-1.1533470181426941,0.9340937940467628,1.1801518297309153,-0.899167757985833,0.03711296446107527,13.745381,932273.4,13.75894,944999.56,0.018657833,0.37281746,0.024005985,0.31040442,0.08701897,0.08409944,0.3198190839117746,298158.81674783834,498089.9443377607,1744933.0737873786,-12726.625,-1.3467328042328042
2025-10-07,550000.0,177,47.7136,-122.305284,870.0,8100.0,1947.0,,2.0,1.0,"11550 22nd Ave NE, Seattle, WA 98125",Seattle,98125,Single Family,8728d540bffffff,9,2025-10-05,6.614439110643611,2025-10-01,3.618446516281331,30.0,0.32864532494608395,0.07118412046543464,280,-0.9945667569706337,0.1041007489354256,-0.8660254037844386,0.5000000000000001,4,1017343.3703703703,575001.0784865852,0.0,632.183908045977,10,2025,41,13.217673557208654,235,-1.3308966116694803,-0.15507295453808673,-1.552629904149454,-1.5330206381131954,-1.3665883065355884,0.36550398896296926,-1.1533470181426941,0.9340937940467628,1.1801518297309153,-0.899167757985833,-0.9662234785267354,13.545729,763546.0,13.217673,549999.9,0.01990321,0.3977528,0.02608717,0.24697156,0.093260795,0.09060271,0.3245366642368433,247798.67183138477,404188.5765057386,1442402.2999153372,213546.0,38.82654545454545
2025-10-07,600000.0,176,47.670629,-122.36113,1710.0,3720.0,1930.0,,3.0,1.0,"5639 3rd Ave NW, Seattle, WA 98107",Seattle,98107,Single Family,8728d5476ffffff,9,2025-10-05,6.614439110643611,2025-10-01,3.618446516281331,30.0,0.32864532494608395,0.07118412046543464,280,-0.9945667569706337,0.1041007489354256,-0.8660254037844386,0.5000000000000001,4,1013311.0,569871.1583864223,0.0,350.87719298245617,10,2025,41,13.304684934198283,235,-0.44620340667928127,-0.2524505640339161,-0.47205412931655333,-1.5330206381131954,-1.3665883065355884,0.36550398896296926,-1.1533470181426941,0.9340937940467628,1.1801518297309153,-0.899167757985833,-0.8049320233697691,13.757396,943541.6,13.304685,599999.8,0.018600319,0.36699575,0.023467977,0.330889,0.08382075,0.082872555,0.31920971973810197,301187.65767748334,504712.7293550244,1763915.822978652,343541.625,57.25693750000001
2025-10-07,885000.0,180,47.679233,-122.370149,1340.0,5350.0,1925.0,,5.0,1.0,"6749 10th Ave NW, Seattle, WA 98117",Seattle,98117,Single Family,8728d5472ffffff,9,2025-10-05,6.614439110643611,2025-10-01,3.618446516281331,30.0,0.32864532494608395,0.07118412046543464,280,-0.9945667569706337,0.1041007489354256,-0.8660254037844386,0.5000000000000001,4,1011783.4880952381,566600.78127476,0.0,660.4477611940298,10,2025,41,13.693342923990066,235,-0.8358896993535356,-0.21621186460966907,1.689097420349248,-1.5330206381131954,-1.3665883065355884,0.36550398896296926,-1.1533470181426941,0.9340937940467628,1.1801518297309153,-0.899167757985833,-0.08448356133279172,13.661898,857603.94,13.693343,885000.2,0.020125499,0.39629814,0.02613721,0.24230468,0.09389323,0.0908811,0.3230806340267096,277075.2238713026,455276.2318143695,1615468.7205837767,-27396.0625,-3.0956002824858757
2025-10-07,535000.0,181,47.527625,-122.372217,1435.0,7562.0,1959.0,,3.0,2.0,"8418 31st Ave SW, Seattle, WA 98126",Seattle,98126,Single Family,8728d5570ffffff,9,2025-10-05,6.614439110643611,2025-10-01,3.618446516281331,30.0,0.32864532494608395,0.07118412046543464,280,-0.9945667569706337,0.1041007489354256,-0.8660254037844386,0.5000000000000001,4,1023185.1625,576204.9485089165,0.0,372.82229965156796,10,2025,41,13.190022025878143,235,-0.7358351106939298,-0.16703394858118173,-0.47205412931655333,-1.5330206381131954,-1.3665883065355884,0.36550398896296926,-1.1533470181426941,0.9340937940467628,1.1801518297309153,-0.899167757985833,-1.0174806345437941,13.691809,883643.25,13.190022,535000.25,0.019432962,0.38263318,0.02471428,0.28981793,0.08904305,0.08683013,0.32216422439399,284678.2422772346,469943.06156883785,1661531.9236980285,348643.25,65.16696261682243
2025-10-07,1100000.0,174,47.692161,-122.295781,3365.0,3424.0,2025.0,,5.0,2.5,"3003 Ne 88th St, Seattle, WA 98115",Seattle,98115,Single Family,8728d5408ffffff,9,2025-10-05,6.614439110643611,2025-10-01,3.618446516281331,30.0,0.32864532494608395,0.07118412046543464,280,-0.9945667569706337,0.1041007489354256,-0.8660254037844386,0.5000000000000001,4,1018351.3780487805,571513.5635684918,0.0,326.8945022288261,10,2025,41,13.9108207377686,235,1.296852848390694,-0.2590313339907118,1.689097420349248,-1.5330206381131954,-1.3665883065355884,0.36550398896296926,-1.1533470181426941,0.9340937940467628,1.1801518297309153,-0.899167757985833,0.3186512270394939,14.429242,1.847312e+06,13.910821,1.1000002e+06,0.011373806,0.31438428,0.020580165,0.42965874,0.06523588,0.066365324,0.3330374086088462,615224.0013720249,961729.7963513781,3548357.7719458095,747312.0,67.93745454545454
2025-10-07,1525000.0,178,47.681567,-122.200625,940.0,7200.0,1949.0,,2.0,1.0,"420 8th Ave, Kirkland, WA 98033",Kirkland,98033,Single Family,8728d5411ffffff,8,2025-10-05,6.614439110643611,2025-10-01,3.618446516281331,2.0,-0.6324551320339289,0.07118412046543464,280,-0.9945667569706337,0.1041007489354256,-0.8660254037844386,0.5000000000000001,4,1525000.0,0.0,0.0,1622.340425531915,10,2025,41,14.237504968023648,235,-1.2571721779202971,-0.17508205237969549,-1.552629904149454,-1.5330206381131954,-1.3665883065355884,0.36550398896296926,-1.1533470181426941,0.9340937940467628,1.1801518297309153,-0.899167757985833,0.924220023875688,13.555667,771172.2,14.237505,1.525e+06,0.019714888,0.39450324,0.025810264,0.25621533,0.092129596,0.08972792,0.3243569836393823,250135.08460408417,408369.3181900807,1456295.7490453387,-753827.8125,-49.43133196721312
2025-10-07,550000.0,179,47.557264,-122.29448,1600.0,5000.0,1969.0,,4.0,1.5,"4935 30th Ave S, Seattle, WA 98108",Seattle,98108,Single Family,8728d5508ffffff,38,2025-10-05,6.614439110643611,2025-10-01,3.618446516281331,30.0,0.6040445509219083,0.07118412046543464,280,-0.9945667569706337,0.1041007489354256,-0.8660254037844386,0.5000000000000001,4,633277.5757575758,297042.90167867905,0.0,343.75,10,2025,41,13.217673557208654,235,-0.5620560882851406,-0.22399318043696137,0.6085216455163472,-1.5330206381131954,-1.3665883065355884,0.36550398896296926,-1.1533470181426941,0.9340937940467628,1.1801518297309153,-0.899167757985833,-0.9662234785267354,13.721987,910716.4,13.217673,549999.9,0.019024432,0.37594998,0.024279037,0.30170733,0.087716565,0.08519979,0.3208971674965403,292246.305130217,485545.5204889058,1708190.564661935,360716.375,65.58479545454546
2025-10-07,16642330.0,182,47.526057,-122.158315,3707.0,6216.0,2026.0,,5.0,2.0,"8428 137th Ave SE, Newcastle, WA 98059",Newcastle,98059,Single Family,8728d5510ffffff,7,2025-10-05,6.614439110643611,2025-10-01,3.618446516281331,15.0,-0.3896162298294897,0.07118412046543464,280,-0.9945667569706337,0.1041007489354256,-0.8660254037844386,0.5000000000000001,4,2905372.0,3912555.453880312,0.0,4489.433504181278,10,2025,41,16.62746000759335,235,1.657049367565275,-0.1969586660198544,1.689097420349248,-1.5330206381131954,-1.3665883065355884,0.36550398896296926,-1.1533470181426941,0.9340937940467628,1.1801518297309153,-0.899167757985833,5.3544375359817975,14.514951,2.0126258e+06,16.62746,1.6642338e+07,0.010661026,0.30622664,0.020074353,0.4463418,0.06253594,0.06421664,0.33383706443888495,671889.0721941091,1046152.9179159097,3871960.007015151,-14629704.25,-87.90658669789627
2025-10-07,1325000.0,175,47.672345,-122.293877,2430.0,3250.0,1925.0,,4.0,1.5,"3106 Ne 60th St, Seattle, WA 98115",Seattle,98115,Single Family,8728d540effffff,59,2025-10-05,6.614439110643611,2025-10-01,3.618446516281331,30.0,0.5269037947205938,0.07118412046543464,280,-0.9945667569706337,0.1041007489354256,-0.8660254037844386,0.5000000000000001,4,1699176.1764705882,1055965.6994085375,0.0,545.2674897119341,10,2025,41,14.09692301740246,235,0.3121050547408893,-0.2628997595734229,0.6085216455163472,-1.5330206381131954,-1.3665883065355884,0.36550398896296926,-1.1533470181426941,0.9340937940467628,1.1801518297309153,-0.899167757985833,0.6636257410476072,14.037136,1.2481039e+06,14.096923,1.3249998e+06,0.015342742,0.35273913,0.022382304,0.36847785,0.078440875,0.07611156,0.3224177643923758,402410.86110696127,663442.36221332,2348001.024103413,-76896.125,-5.803481132075472
2025-10-08,1275000.0,187,47.657535,-122.361457,2260.0,4800.0,1998.0,,3.0,2.5,"311 Nw 42nd St, Seattle, WA 98107",Seattle,98107,Single Family,8728d5476ffffff,9,2025-10-05,6.614439110643611,2025-10-01,3.618446516281331,30.0,0.32864532494608395,0.07392197125256673,281,-0.9926289059345095,0.12119346147073601,-0.8660254037844386,0.5000000000000001,4,1032384.2386363636,577315.4219510385,0.0,564.1592920353983,10,2025,41,14.058456736574664,235,0.13306000135001567,-0.22843964662398553,-0.47205412931655333,-1.531043768959383,-1.3639126931190533,0.3908406107036252,-1.1533470181426941,0.9340937940467628,1.1801518297309153,-0.899167757985833,0.592321474595977,13.994602,1.1961304e+06,14.058456,1.2749996e+06,0.01648135,0.35655177,0.022673756,0.3597158,0.07916173,0.07829825,0.32161608281472787,384694.7657432115,636815.135349313,2246692.574175485,-78869.625,-6.185852941176471
2025-10-08,1260000.0,188,47.687496,-122.204157,1490.0,9375.0,1916.0,,3.0,1.5,"1506 3rd St, Kirkland, WA 98033",Kirkland,98033,Single Family,8728d541effffff,59,2025-10-05,6.614439110643611,2025-10-01,3.618446516281331,30.0,0.5269037947205938,0.07392197125256673,281,-0.9926289059345095,0.12119346147073601,-0.8660254037844386,0.5000000000000001,4,1688972.7027027027,1019665.2671414843,0.0,845.6375838926175,10,2025,41,14.04662227892766,235,-0.677908769891,-0.12672673259580763,-0.47205412931655333,-1.531043768959383,-1.3639126931190533,0.3908406107036252,-1.1533470181426941,0.9340937940467628,1.1801518297309153,-0.899167757985833,0.5703841491459252,13.72902,917144.3,14.046622,1.26e+06,0.0194125,0.38713336,0.025061082,0.27928668,0.08997565,0.08761521,0.32060584569750733,294041.82793572143,489251.847356663,1719265.2482650627,-342855.6875,-27.210768849206353
2025-10-08,2515000.0,183,47.684711,-122.295563,3520.0,4588.0,2019.0,,4.0,3.5,"7560 30th Ave NE, Seattle, WA 98115",Seattle,98115,Single Family,8728d5408ffffff,9,2025-10-05,6.614439110643611,2025-10-01,3.618446516281331,30.0,0.32864532494608395,0.07392197125256673,281,-0.9926289059345095,0.12119346147073601,-0.8660254037844386,0.5000000000000001,4,1029595.551724138,580065.7581177058,0.0,714.4886363636364,10,2025,41,14.737783361515977,235,1.460099808835314,-0.23315290078223116,0.6085216455163472,-1.531043768959383,-1.3639126931190533,0.3908406107036252,-1.1533470181426941,0.9340937940467628,1.1801518297309153,-0.899167757985833,1.8515772599252267,14.518659,2.0201021e+06,14.737783,2.5150002e+06,0.011330787,0.3064235,0.020035943,0.4467971,0.062656194,0.065001875,0.3336327533228744,673972.2339571394,1050459.7059253962,3884787.468067438,-494897.875,-19.67784791252485
2025-10-08,865000.0,184,47.653018,-122.349449,1410.0,1184.0,2014.0,,2.0,1.5,"3805 Fremont Ln N, Seattle, WA 98103",Seattle,98103,Single Family,8728d542bffffff,9,2025-10-05,6.614439110643611,2025-10-01,3.618446516281331,30.0,0.32864532494608395,0.07392197125256673,281,-0.9926289059345095,0.12119346147073601,-0.8660254037844386,0.5000000000000001,4,1012323.4069767442,560513.1882386182,0.0,613.4751773049645,10,2025,41,13.670484785914017,235,-0.7621652656043524,-0.30883175528538254,-1.552629904149454,-1.531043768959383,-1.3639126931190533,0.3908406107036252,-1.1533470181426941,0.9340937940467628,1.1801518297309153,-0.899167757985833,-0.12685528880130786,13.645973,844055.25,13.670485,864999.8,0.01828456,0.37038466,0.023843076,0.32219398,0.0834233,0.08336261,0.3234784522714818,273033.6859016186,447734.3823903035,1591187.215549565,-20944.75,-2.4213583815028903
2025-10-08,825000.0,185,47.5545,-122.298908,2090.0,6178.0,1970.0,,3.0,1.0,"5310 26th Ave S, Seattle, WA 98108",Seattle,98108,Single Family,8728d5508ffffff,38,2025-10-05,6.614439110643611,2025-10-01,3.618446516281331,30.0,0.6040445509219083,0.07392197125256673,281,-0.9926289059345095,0.12119346147073601,-0.8660254037844386,0.5000000000000001,4,644846.3157894737,279813.1779774561,0.0,394.7368421052632,10,2025,41,13.623138665316818,235,-0.045985052040857934,-0.197803494595389,-0.47205412931655333,-1.531043768959383,-1.3639126931190533,0.3908406107036252,-1.1533470181426941,0.9340937940467628,1.1801518297309153,-0.899167757985833,-0.214619957645356,13.933574,1.1253152e+06,13.623138,824999.8,0.017397255,0.36623743,0.023348754,0.33734822,0.08241549,0.081084386,0.3197331343346427,359800.571997072,601328.5759677434,2105894.059195797,300315.25,36.401848484848486
2025-10-08,820000.0,186,47.571702,-122.298829,1490.0,2280.0,2003.0,,3.0,2.5,"3526 Cheasty Blvd S, Seattle, WA 98144",Seattle,98144,Single Family,8728d550bffffff,38,2025-10-05,6.614439110643611,2025-10-01,3.618446516281331,30.0,0.6040445509219083,0.07392197125256673,281,-0.9926289059345095,0.12119346147073601,-0.8660254037844386,0.5000000000000001,4,639977.2972972973,282036.13920962374,0.0,550.3355704697987,10,2025,41,13.617059619240436,235,-0.677908769891,-0.28446512058049006,-0.47205412931655333,-1.531043768959383,-1.3639126931190533,0.3908406107036252,-1.1533470181426941,0.9340937940467628,1.1801518297309153,-0.899167757985833,-0.2258885781585412,13.642769,841354.94,13.61706,820000.06,0.019039163,0.3660146,0.023423247,0.33174175,0.08350313,0.08331422,0.3237372334898722,272377.91984929435,446075.6708631809,1586901.351963993,21354.9375,2.604260670731707
2025-10-08,2200000.0,191,47.691632,-122.199012,2320.0,7500.0,1962.0,,3.0,2.0,"522 19th Ave, Kirkland, WA 98033",Kirkland,98033,Single Family,8728d541effffff,59,2025-10-05,6.614439110643611,2025-10-01,3.618446516281331,30.0,0.5269037947205938,0.07392197125256673,281,-0.9926289059345095,0.12119346147073601,-0.8660254037844386,0.5000000000000001,4,1700888.611111111,1031513.3414195802,0.0,948.2758620689655,10,2025,41,14.603967918328545,235,0.19625237313502988,-0.16841235309915922,-0.47205412931655333,-1.531043768959383,-1.3639126931190533,0.3908406107036252,-1.1533470181426941,0.9340937940467628,1.1801518297309153,-0.899167757985833,1.6035259326057232,14.04519,1.2581965e+06,14.603968,2.1999995e+06,0.016463635,0.36277127,0.023217037,0.3423971,0.08102919,0.07951918,0.3234411527916939,406952.52639847447,667466.9787605358,2371740.2276974367,-941803.5,-42.80925
2025-10-08,623000.0,192,47.484205,-122.339562,1480.0,8100.0,1958.0,,3.0,1.0,"13223 4th Ave SW, Burien, WA 98146",Burien,98146,Single Family,8728d552dffffff,38,2025-10-05,6.614439110643611,2025-10-01,3.618446516281331,30.0,0.6040445509219083,0.07392197125256673,281,-0.9926289059345095,0.12119346147073601,-0.8660254037844386,0.5000000000000001,4,634976.6666666666,284368.4439495454,0.0,420.94594594594594,10,2025,41,13.34230179776959,235,-0.6884408318551691,-0.15507295453808673,-0.47205412931655333,-1.531043768959383,-1.3639126931190533,0.3908406107036252,-1.1533470181426941,0.9340937940467628,1.1801518297309153,-0.899167757985833,-0.7352023067077711,13.714683,904088.56,13.342301,622999.75,0.019368524,0.38371894,0.024788855,0.2879979,0.08893302,0.08692655,0.3212608374244722,290448.24869463727,481668.47139220167,1696968.2259683593,281088.5625,45.118549357945426
2025-10-08,1260000.0,193,47.687468,-122.204146,3278.0,5410.0,2025.0,,4.0,4.5,"1504 3rd St, Kirkland, WA 98033",Kirkland,98033,Single Family,8728d541effffff,59,2025-10-05,6.614439110643611,2025-10-01,3.618446516281331,30.0,0.5269037947205938,0.07392197125256673,281,-0.9926289059345095,0.12119346147073601,-0.8660254037844386,0.5000000000000001,4,1686628.2857142857,1042966.1097096382,0.0,384.38071995118975,10,2025,41,14.04662227892766,235,1.2052239093024235,-0.21487792475356182,0.6085216455163472,-1.531043768959383,-1.3639126931190533,0.3908406107036252,-1.1533470181426941,0.9340937940467628,1.1801518297309153,-0.899167757985833,0.5703841491459252,14.446162,1.8788345e+06,14.046622,1.26e+06,0.012073926,0.3175666,0.020703234,0.42529,0.06615195,0.0675985,0.33338699476768574,626378.9876208474,977470.8154426109,3611380.739720834,618834.5,49.11384920634921
2025-10-08,623000.0,194,47.484201,-122.339566,1480.0,6062.5,1958.0,,4.0,2.0,"13223 4th Ave SW, Seattle, WA 98146",Seattle,98146,Single Family,8728d552dffffff,38,2025-10-05,6.614439110643611,2025-10-01,3.618446516281331,30.0,0.6040445509219083,0.07392197125256673,281,-0.9926289059345095,0.12119346147073601,-0.8660254037844386,0.5000000000000001,4,635318.8571428572,288512.5075357008,0.0,420.94594594594594,10,2025,41,13.34230179776959,235,-0.6884408318551691,-0.20037132881839545,0.6085216455163472,-1.531043768959383,-1.3639126931190533,0.3908406107036252,-1.1533470181426941,0.9340937940467628,1.1801518297309153,-0.899167757985833,-0.7352023067077711,13.695043,886505.5,13.342301,622999.75,0.01956997,0.3821425,0.024779137,0.28584468,0.08932165,0.0870706,0.3220570848537717,285505.3770368353,471564.29001256503,1666563.8610901337,263505.5,42.296227929374
2025-10-08,715000.0,189,47.471654,-122.349514,1630.0,7860.0,1942.0,,4.0,1.5,"14614 12th Ave SW, Burien, WA 98166",Burien,98166,Single Family,8728d5cd3ffffff,38,2025-10-05,6.614439110643611,2025-10-01,3.618446516281331,30.0,0.6040445509219083,0.07392197125256673,281,-0.9926289059345095,0.12119346147073601,-0.8660254037844386,0.5000000000000001,4,635681.1764705882,292843.202463156,0.0,438.6503067484663,10,2025,41,13.480037821676145,235,-0.5304599023926335,-0.16040871396251574,0.6085216455163472,-1.531043768959383,-1.3639126931190533,0.3908406107036252,-1.1533470181426941,0.9340937940467628,1.1801518297309153,-0.899167757985833,-0.47988346804520343,13.751669,938153.56,13.480038,714999.9,0.019106247,0.38298082,0.024770925,0.28661132,0.089404844,0.08647684,0.3194547065799157,299697.57103534014,501589.68563313194,1754685.427015775,223153.5625,31.21028846153846
2025-10-08,1205000.0,190,47.679027,-122.371215,2080.0,5633.0,1924.0,,5.0,2.0,"6743 11th Ave NW, Seattle, WA 98117",Seattle,98117,Single Family,8728d5472ffffff,9,2025-10-05,6.614439110643611,2025-10-01,3.618446516281331,30.0,0.32864532494608395,0.07392197125256673,281,-0.9926289059345095,0.12119346147073601,-0.8660254037844386,0.5000000000000001,4,1014056.6235294117,563607.8336896222,0.0,579.3269230769231,10,2025,41,14.001990124906893,235,-0.056517114005026965,-0.20992011495502985,1.689097420349248,-1.531043768959383,-1.3639126931190533,0.3908406107036252,-1.1533470181426941,0.9340937940467628,1.1801518297309153,-0.899167757985833,0.4876503122862065,13.8527775,1.03797006e+06,14.00199,1.2050002e+06,0.016817208,0.3761357,0.02406913,0.31556353,0.084988184,0.08204153,0.3171270261128079,329168.35911475035,557494.8306507011,1932541.3420600786,-167029.9375,-13.86140560165975
2025-10-09,740000.0,198,47.723329,-122.327458,2010.0,6900.0,1957.0,,3.0,1.5,"132 Ne 130th St, Seattle, WA 98125",Seattle,98125,Single Family,8728d54e5ffffff,9,2025-10-05,6.614439110643611,2025-10-01,3.618446516281331,30.0,0.32864532494608395,0.07665982203969883,282,-0.9903973200352558,0.13825031091098192,-0.8660254037844386,0.5000000000000001,4,1048230.7,588891.1821943293,0.0,368.1592039800995,10,2025,41,13.514405465180353,235,-0.1302415477542102,-0.18175175166023175,-0.47205412931655333,-1.5290668998055703,-1.360831516567869,0.4161240723813466,-1.1533470181426941,0.9340937940467628,1.1801518297309153,-0.899167757985833,-0.4161767733244635,13.90257,1.0909612e+06,13.514405,739999.8,0.017863385,0.37130088,0.023733364,0.32496068,0.08375935,0.082585916,0.3184655629616097,347433.58865055145,584421.2191015731,2036538.8326518808,350961.25,47.42719594594595
2025-10-09,1050000.0,196,47.611762,-122.289016,1575.0,505.0,2026.0,,2.0,2.0,"3400 E Spring St, Seattle, WA 98122",Seattle,98122,Townhouse,8728d5423ffffff,7,2025-10-05,6.614439110643611,2025-10-01,3.618446516281331,17.0,-0.18701579031815507,0.07665982203969883,282,-0.9903973200352558,0.13825031091098192,-0.8660254037844386,0.5000000000000001,4,2771798.8235294116,3688028.7009405214,0.0,666.6666666666666,10,2025,41,13.864300722133706,235,-0.5883862431955633,-0.3239275079903296,-1.552629904149454,-1.5290668998055703,-1.360831516567869,0.4161240723813466,-1.1533470181426941,0.9340937940467628,1.1801518297309153,-0.899167757985833,0.23241789439644076,13.711132,900884.25,13.864301,1.05e+06,0.017794825,0.36541653,0.023449548,0.33607432,0.08121725,0.081826836,0.3210895492099635,289264.5177228561,480122.4877336956,1690386.1738153088,-149115.75,-14.2015
2025-10-09,1000000.0,199,47.611696,-122.130035,1030.0,8400.0,1959.0,,3.0,1.0,"15728 Ne 1st St, Bellevue, WA 98008",Bellevue,98008,Single Family,8728d558cffffff,59,2025-10-05,6.614439110643611,2025-10-01,3.618446516281331,30.0,0.5269037947205938,0.07665982203969883,282,-0.9903973200352558,0.13825031091098192,-0.8660254037844386,0.5000000000000001,4,1648424.75,992567.8332899908,0.0,970.8737864077669,10,2025,41,13.815510557964274,235,-1.1623836202427758,-0.14840325525755046,-0.47205412931655333,-1.5290668998055703,-1.360831516567869,0.4161240723813466,-1.1533470181426941,0.9340937940467628,1.1801518297309153,-0.899167757985833,0.14197642744697578,13.534397,754942.7,13.815511,1.0000002e+06,0.020252924,0.39022917,0.02538635,0.26760817,0.0911355,0.08941161,0.3249646757674093,245329.70566641408,399299.2284288458,1427346.7935563624,-245057.3125,-24.50573125
2025-10-09,950000.0,195,47.687009,-122.287078,1010.0,6000.0,1945.0,,3.0,1.0,"8008 38th Ave NE, Seattle, WA 98115",Seattle,98115,Single Family,8728d540effffff,59,2025-10-05,6.614439110643611,2025-10-01,3.618446516281331,30.0,0.5269037947205938,0.07665982203969883,282,-0.9903973200352558,0.13825031091098192,-0.8660254037844386,0.5000000000000001,4,1665051.0256410257,999884.331449327,0.0,940.5940594059406,10,2025,41,13.764217263576723,235,-1.1834477441711138,-0.2017608495018405,-0.47205412931655333,-1.5290668998055703,-1.360831516567869,0.4161240723813466,-1.1533470181426941,0.9340937940467628,1.1801518297309153,-0.899167757985833,0.04689495215267396,13.477705,713334.0,13.764217,950000.1,0.02016586,0.38338357,0.024853244,0.28464174,0.089062914,0.08805731,0.32575735402234973,232373.7963741788,376706.10042981873,1350775.4807998803,-236666.0,-24.91221052631579
2025-10-09,2490000.0,197,47.547765,-122.18978,3990.0,7445.0,2020.0,,5.0,3.5,"6190 112th Ln SE, Bellevue, WA 98006",Bellevue,98006,Single Family,8728d551effffff,7,2025-10-05,6.614439110643611,2025-10-01,3.618446516281331,16.0,-0.28831601007382235,0.07665982203969883,282,-0.9903973200352558,0.13825031091098192,-0.8660254037844386,0.5000000000000001,4,2879411.25,3781313.819696138,0.0,624.0601503759399,10,2025,41,14.727793268440891,235,1.9551067211512587,-0.16963513130059088,1.689097420349248,-1.5290668998055703,-1.360831516567869,0.4161240723813466,-1.1533470181426941,0.9340937940467628,1.1801518297309153,-0.899167757985833,1.8330588005584,14.599577,2.190361e+06,14.727794,2.490001e+06,0.010063701,0.29893196,0.019572966,0.46343094,0.05946304,0.06224824,0.3317589046296685,726671.7661035453,1143185.814577973,4196764.39052402,-299639.0,-12.033694779116466
2025-10-09,1495000.0,200,47.66701,-122.289849,2550.0,6000.0,1913.0,,3.0,1.5,"5210 35th Ave NE, Seattle, WA 98105",Seattle,98105,Single Family,8728d5401ffffff,59,2025-10-05,6.614439110643611,2025-10-01,3.618446516281331,30.0,0.5269037947205938,0.07665982203969883,282,-0.9903973200352558,0.13825031091098192,-0.8660254037844386,0.5000000000000001,4,1683868.1578947369,1006283.7238877411,0.0,586.2745098039215,10,2025,41,14.217636764806924,235,0.4384897983109177,-0.2017608495018405,-0.47205412931655333,-1.5290668998055703,-1.360831516567869,0.4161240723813466,-1.1533470181426941,0.9340937940467628,1.1801518297309153,-0.899167757985833,0.8873906859310454,14.197141,1.4646702e+06,14.217637,1.4950005e+06,0.015503731,0.3527153,0.022678299,0.3605011,0.07736343,0.07692857,0.3291480375086884,482093.33838485996,768357.6087495915,2792005.8752597454,-30329.75,-2.0287458193979933
2025-10-09,1100000.0,201,47.657264,-122.392971,1050.0,4375.0,1947.0,,3.0,1.5,"2800 W Elmore Pl, Seattle, WA 98199",Seattle,98199,Single Family,8728d5474ffffff,9,2025-10-05,6.614439110643611,2025-10-01,3.618446516281331,30.0,0.32864532494608395,0.07665982203969883,282,-0.9903973200352558,0.13825031091098192,-0.8660254037844386,0.5000000000000001,4,1030886.8111111111,571237.8521705316,0.0,1047.6190476190477,10,2025,41,13.9108207377686,235,-1.1413194963144377,-0.2378883872714119,-0.47205412931655333,-1.5290668998055703,-1.360831516567869,0.4161240723813466,-1.1533470181426941,0.9340937940467628,1.1801518297309153,-0.899167757985833,0.3186512270394939,13.46358,703329.06,13.910821,1.1000002e+06,0.020015042,0.3780327,0.024429254,0.29834244,0.0873872,0.08687873,0.3259582567376211,229255.91512540533,371276.35197285475,1332354.6051522952,-396670.9375,-36.06099431818181
2025-10-09,1200000.0,204,47.578832,-122.408429,870.0,4440.0,1918.0,,2.0,1.0,"2737 59th Ave SW, Seattle, WA 98116",Seattle,98116,Single Family,8728d5542ffffff,9,2025-10-05,6.614439110643611,2025-10-01,3.618446516281331,30.0,0.32864532494608395,0.07665982203969883,282,-0.9903973200352558,0.13825031091098192,-0.8660254037844386,0.5000000000000001,4,1032008.4777777778,571723.302458104,0.0,1379.3103448275863,10,2025,41,13.997832114758229,235,-1.3308966116694803,-0.23644328576062904,-1.552629904149454,-1.5290668998055703,-1.360831516567869,0.4161240723813466,-1.1533470181426941,0.9340937940467628,1.1801518297309153,-0.899167757985833,0.47994268219646014,13.476215,712272.2,13.997832,1.2000002e+06,0.019730248,0.3882936,0.025305353,0.27305055,0.08950457,0.08857983,0.3255318529432528,231867.284996819,376311.64824518457,1348168.812337059,-487727.8125,-40.643984374999995
2025-10-09,879950.0,205,47.540154,-122.268262,1500.0,5000.0,1917.0,,3.0,2.0,"5136 S Frontenac St, Seattle, WA 98118",Seattle,98118,Single Family,8728d550effffff,9,2025-10-05,6.614439110643611,2025-10-01,3.618446516281331,30.0,0.32864532494608395,0.07665982203969883,282,-0.9903973200352558,0.13825031091098192,-0.8660254037844386,0.5000000000000001,4,1028119.588888889,571758.1342222042,0.0,586.6333333333333,10,2025,41,13.687620366658358,235,-0.667376707926831,-0.22399318043696137,-0.47205412931655333,-1.5290668998055703,-1.360831516567869,0.4161240723813466,-1.1533470181426941,0.9340937940467628,1.1801518297309153,-0.899167757985833,-0.09509136494634006,13.689248,881383.5,13.68762,879949.8,0.019166037,0.37448156,0.024059946,0.31181657,0.08570899,0.0849718,0.3222720070286874,284045.2295069691,468642.2444086508,1657632.9662637017,1433.5,0.16290698335132678
2025-10-09,500000.0,202,47.534146,-122.385276,550.0,5100.0,1941.0,,1.0,1.0,"4113 Sw Ida St, Seattle, WA 98136",Seattle,98136,Single Family,8728d5570ffffff,9,2025-10-05,6.614439110643611,2025-10-01,3.618446516281331,30.0,0.32864532494608395,0.07665982203969883,282,-0.9903973200352558,0.13825031091098192,-0.8660254037844386,0.5000000000000001,4,1024275.7,573924.2555442009,0.0,909.0909090909091,10,2025,41,13.122363377404328,235,-1.6679225945228895,-0.2217699473434493,-2.6332056789823546,-1.5290668998055703,-1.360831516567869,0.4161240723813466,-1.1533470181426941,0.9340937940467628,1.1801518297309153,-0.899167757985833,-1.1428982781192536,13.455501,697669.4,13.122363,499999.84,0.019665845,0.39955693,0.026352778,0.24123925,0.09228924,0.09091277,0.32570275530107407,227232.8377266783,368473.17849517433,1320971.4926095195,197669.375,39.533875
2025-10-09,830000.0,203,47.518688,-122.385246,1920.0,10730.0,1952.0,,5.0,2.0,"9338 Forest Ct SW, Seattle, WA 98136",Seattle,98136,Single Family,8728d5574ffffff,9,2025-10-05,6.614439110643611,2025-10-01,3.618446516281331,30.0,0.32864532494608395,0.07665982203969883,282,-0.9903973200352558,0.13825031091098192,-0.8660254037844386,0.5000000000000001,4,1030110.2584269663,574426.5772277628,0.0,432.2916666666667,10,2025,41,13.62918097977278,235,-0.22503010543173155,-0.09660192417871888,1.689097420349248,-1.5290668998055703,-1.360831516567869,0.4161240723813466,-1.1533470181426941,0.9340937940467628,1.1801518297309153,-0.899167757985833,-0.20341942588921197,13.823146,1.0076645e+06,13.629181,829999.94,0.017843109,0.3894901,0.025147963,0.28014177,0.089124806,0.085857674,0.3173633311791537,319795.7624309763,540967.0970853644,1876986.2602911687,177664.5,21.405361445783132
2025-10-09,2395000.0,206,47.647312,-122.404357,3680.0,5670.0,2000.0,,4.0,3.5,"3016 37th Ave W, Seattle, WA 98199",Seattle,98199,Single Family,8728d5474ffffff,9,2025-10-05,6.614439110643611,2025-10-01,3.618446516281331,30.0,0.32864532494608395,0.07665982203969883,282,-0.9903973200352558,0.13825031091098192,-0.8660254037844386,0.5000000000000001,4,1051397.3666666667,587980.6652260922,0.0,650.8152173913044,10,2025,41,14.688893788827153,235,1.6286128002620188,-0.2090975187104304,0.6085216455163472,-1.5290668998055703,-1.360831516567869,0.4161240723813466,-1.1533470181426941,0.9340937940467628,1.1801518297309153,-0.899167757985833,1.7609515211563473,14.558335,2.1018642e+06,14.688893,2.3949988e+06,0.011023115,0.3031367,0.019836295,0.45395952,0.061146475,0.06412319,0.33264557114272963,699175.833905735,1095093.148590325,4034208.2654816937,-293135.75,-12.239488517745304
2025-10-10,805000.0,211,47.722496,-122.337219,1370.0,10313.0,1955.0,,3.0,1.0,"1552 N 128th St, Seattle, WA 98133",Seattle,98133,Single Family,8728d5456ffffff,9,2025-10-05,6.614439110643611,2025-10-01,3.618446516281331,30.0,0.32864532494608395,0.07939767282683094,283,-0.9878726596350429,0.15526624985999563,-0.8660254037844386,0.5000000000000001,4,1062337.7777777778,591214.0388408705,0.0,587.5912408759124,10,2025,41,13.5985975564007,235,-0.8042935134610285,-0.10587280617866428,-0.47205412931655333,-1.5270900306517576,-1.3573456886517488,0.44134689221305134,-1.1533470181426941,0.9340937940467628,1.1801518297309153,-0.899167757985833,-0.26011137848240423,13.701541,892285.06,13.598598,805000.0,0.019721117,0.3917485,0.025437895,0.26752177,0.09079392,0.08888104,0.32180631016164607,287142.96357547876,474872.00286139426,1676604.7342076555,87285.0625,10.842864906832299
2025-10-10,980000.0,212,47.465362,-122.284898,1960.0,15375.0,1946.0,,3.0,2.0,"3736 Southcenter Blvd, Tukwila, WA 98188",Tukwila,98188,Single Family,8728d5521ffffff,38,2025-10-05,6.614439110643611,2025-10-01,3.618446516281331,30.0,0.6040445509219083,0.07939767282683094,283,-0.9878726596350429,0.15526624985999563,-0.8660254037844386,0.5000000000000001,4,657241.9047619047,271272.3830867265,0.0,500.0,10,2025,41,13.795307850646754,235,-0.1829018575750554,0.0066672530149174715,-0.47205412931655333,-1.5270900306517576,-1.3573456886517488,0.44134689221305134,-1.1533470181426941,0.9340937940467628,1.1801518297309153,-0.899167757985833,0.10452702514937291,13.919773,1.1098918e+06,13.795308,980000.25,0.018580666,0.3943661,0.025666727,0.26255083,0.090697125,0.08795537,0.3193165698858047,354406.82655455306,593571.3025052347,2075335.901491928,129891.75,13.254260204081634
2025-10-10,1357000.0,207,47.68846,-122.39271,1700.0,3920.0,1957.0,,3.0,1.5,"8056 28th Ave NW, Seattle, WA 98117",Seattle,98117,Single Family,8728d5473ffffff,9,2025-10-05,6.614439110643611,2025-10-01,3.618446516281331,30.0,0.32864532494608395,0.07939767282683094,283,-0.9878726596350429,0.15526624985999563,-0.8660254037844386,0.5000000000000001,4,1071082.2222222222,589668.3222662823,0.0,798.2352941176471,10,2025,41,14.120786938817005,235,-0.4567354686434503,-0.2480040978468919,-0.47205412931655333,-1.5270900306517576,-1.3573456886517488,0.44134689221305134,-1.1533470181426941,0.9340937940467628,1.1801518297309153,-0.899167757985833,0.7078618713545926,13.756998,943166.44,14.120787,1.3569996e+06,0.018646795,0.36825317,0.023552831,0.32923415,0.08316523,0.08313632,0.3192394950124844,301095.9772202239,504482.6117655207,1763317.387920456,-413833.5625,-30.496209469417835
2025-10-10,1388000.0,208,47.590598,-122.15562,2290.0,9296.0,1968.0,,3.0,3.0,"2230 137th Pl SE, Bellevue, WA 98005",Bellevue,98005,Single Family,8728d55a9ffffff,7,2025-10-05,6.614439110643611,2025-10-01,3.618446516281331,18.0,-0.08571557056248777,0.07939767282683094,283,-0.9878726596350429,0.15526624985999563,-0.8660254037844386,0.5000000000000001,4,2723609.4736842103,3493763.3375113714,0.0,606.1135371179039,10,2025,41,14.143374420048886,235,0.1646561872425228,-0.12848308673968217,-0.47205412931655333,-1.5270900306517576,-1.3573456886517488,0.44134689221305134,-1.1533470181426941,0.9340937940467628,1.1801518297309153,-0.899167757985833,0.7497318870038671,14.040562,1.2523868e+06,14.143374,1.388e+06,0.016705967,0.36876234,0.023649607,0.32925895,0.082120314,0.08085449,0.323299382613776,404895.8630686734,664569.5960428369,2360132.8456528103,-135613.25,-9.770407060518732
2025-10-10,915000.0,218,47.495664,-122.369241,1800.0,6900.0,1953.0,,3.0,1.0,"11988 Marine View Dr SW, Seattle, WA 98146",Seattle,98146,Single Family,8728d5cdaffffff,30,2025-10-05,6.614439110643611,2025-10-01,3.618446516281331,1.0,-0.7071057811879616,0.07939767282683094,283,-0.9878726596350429,0.15526624985999563,-0.8660254037844386,0.5000000000000001,4,915000.0,0.0,0.0,508.3333333333333,10,2025,41,13.726679344257658,235,-0.35141484900175995,-0.18175175166023175,-0.47205412931655333,-1.5270900306517576,-1.3573456886517488,0.44134689221305134,-1.1533470181426941,0.9340937940467628,1.1801518297309153,-0.899167757985833,-0.022688426941056914,13.814998,999487.25,13.72668,915000.44,0.018558469,0.37552854,0.02410255,0.31214836,0.08518172,0.084314644,0.31760696752256135,317444.11454996414,536320.9331196558,1862643.604552301,84487.25,9.233579234972677
2025-10-10,1150500.0,214,47.700115,-122.197438,990.0,3489.0,1908.0,,2.0,1.0,"11136 108th Ave NE, Kirkland, WA 98033",Kirkland,98033,Single Family,8728d541effffff,59,2025-10-05,6.614439110643611,2025-10-01,3.618446516281331,30.0,0.5269037947205938,0.07939767282683094,283,-0.9878726596350429,0.15526624985999563,-0.8660254037844386,0.5000000000000001,4,1625416.4285714286,973647.4291356925,0.0,1162.121212121212,10,2025,41,13.955707188457557,235,-1.2045118680994518,-0.25758623247992896,-1.552629904149454,-1.5270900306517576,-1.3573456886517488,0.44134689221305134,-1.1533470181426941,0.9340937940467628,1.1801518297309153,-0.899167757985833,0.40185644914874025,13.511417,737792.1,13.955708,1.1505004e+06,0.019432561,0.3841643,0.024953559,0.28526628,0.08767628,0.08739447,0.32496126736667,239753.86399314864,390230.6700302383,1394911.4199177949,-412707.875,-35.87204476314646
2025-10-10,2380000.0,213,47.634904,-122.22498,2260.0,19552.0,1968.0,,3.0,2.0,"8505 Ne 27th Pl, Clyde Hill, WA 98004",Clyde Hill,98004,Single Family,8728d5406ffffff,15,2025-10-05,6.614439110643611,2025-10-01,3.618446516281331,4.0,1.1618941038629222,0.07939767282683094,283,-0.9878726596350429,0.15526624985999563,-0.8660254037844386,0.5000000000000001,4,2380000.0,0.0,0.0,1053.0973451327434,10,2025,41,14.682611045647658,235,0.13306000135001567,0.09953169933091727,-0.47205412931655333,-1.5270900306517576,-1.3573456886517488,0.44134689221305134,-1.1533470181426941,0.9340937940467628,1.1801518297309153,-0.899167757985833,1.7493053109151384,14.073308,1.2940766e+06,14.682611,2.380001e+06,0.017429858,0.38987947,0.02550438,0.26947188,0.08865425,0.086037025,0.32440248257377874,419801.6697906969,685208.962304082,2443976.189687491,-1085923.375,-45.62703256302521
2025-10-10,2000000.0,219,47.679994,-122.397432,2770.0,4500.0,2003.0,,4.0,2.5,"3039 Nw 71st St, Seattle, WA 98117",Seattle,98117,Single Family,8728d5473ffffff,9,2025-10-05,6.614439110643611,2025-10-01,3.618446516281331,30.0,0.32864532494608395,0.07939767282683094,283,-0.9878726596350429,0.15526624985999563,-0.8660254037844386,0.5000000000000001,4,1057619.588888889,594973.2586133485,0.0,722.0216606498195,10,2025,41,14.508657738524219,235,0.6701951615226365,-0.2351093459045218,0.6085216455163472,-1.5270900306517576,-1.3573456886517488,0.44134689221305134,-1.1533470181426941,0.9340937940467628,1.1801518297309153,-0.899167757985833,1.426851133013205,14.265044,1.567581e+06,14.508657,1.9999994e+06,0.014008472,0.34571457,0.022026423,0.38408393,0.073997654,0.07353325,0.3310509219176257,518949.1352305536,819282.6386048164,2999343.589825276,-432419.0,-21.62095
2025-10-10,1180000.0,215,47.603525,-122.125279,1810.0,7300.0,1956.0,,3.0,1.5,"16205 Se 7th St, Bellevue, WA 98008",Bellevue,98008,Single Family,8728d55abffffff,59,2025-10-05,6.614439110643611,2025-10-01,3.618446516281331,30.0,0.5269037947205938,0.07939767282683094,283,-0.9878726596350429,0.15526624985999563,-0.8660254037844386,0.5000000000000001,4,1636999.756097561,982808.6695804219,0.0,651.9337016574585,10,2025,41,13.981024996441848,235,-0.34088278703759095,-0.1728588192861834,-0.47205412931655333,-1.5270900306517576,-1.3573456886517488,0.44134689221305134,-1.1533470181426941,0.9340937940467628,1.1801518297309153,-0.899167757985833,0.44878762335205813,13.82204,1.00655044e+06,13.981025,1.1799998e+06,0.018554455,0.37651154,0.024178952,0.3097508,0.08546166,0.08448801,0.31756002162558694,319640.178699744,540160.6972666272,1875633.9118590318,-173449.5625,-14.699115466101695
2025-10-10,3240000.0,221,47.528834,-122.151472,5110.0,12406.0,2018.0,,5.0,3.5,"14146 Se 83rd St, Newcastle, WA 98059",Newcastle,98059,Single Family,8728d5510ffffff,7,2025-10-05,6.614439110643611,2025-10-01,3.618446516281331,19.0,0.015584649193179529,0.07939767282683094,283,-0.9878726596350429,0.15526624985999563,-0.8660254037844386,0.5000000000000001,4,2797810.0,3579614.8746313974,0.0,634.0508806262231,10,2025,41,14.991083887768513,235,3.134697661138191,-0.059340537531456336,1.689097420349248,-1.5270900306517576,-1.3573456886517488,0.44134689221305134,-1.1533470181426941,0.9340937940467628,1.1801518297309153,-0.899167757985833,2.321115978708707,14.959743,3.1400288e+06,14.991084,3.2400008e+06,0.0075034127,0.25501642,0.016272351,0.5686712,0.045991313,0.0511406,0.314339211545903,987034.1615064674,1695753.41294322,5814395.6015681,-99971.25,-3.0855324074074075
2025-10-10,680000.0,210,47.562864,-122.320029,1960.0,4018.0,1950.0,,2.0,2.0,"4525 10th Ave S, Seattle, WA 98108",Seattle,98108,Single Family,8728d5509ffffff,38,2025-10-05,6.614439110643611,2025-10-01,3.618446516281331,30.0,0.6040445509219083,0.07939767282683094,283,-0.9878726596350429,0.15526624985999563,-0.8660254037844386,0.5000000000000001,4,648354.0,273098.61391455523,0.0,346.9387755102041,10,2025,41,13.42984807715229,235,-0.1829018575750554,-0.24582532941525004,-1.552629904149454,-1.5270900306517576,-1.3573456886517488,0.44134689221305134,-1.1533470181426941,0.9340937940467628,1.1801518297309153,-0.899167757985833,-0.5729193124173008,13.8979,1.0858782e+06,13.429848,679999.75,0.016818544,0.36761075,0.023627445,0.33301336,0.08068267,0.081004374,0.3181477135153138,345469.6823935103,582060.7537752587,2025787.6506407685,405878.25,59.68797794117647
2025-10-10,825000.0,220,47.663097,-122.361824,1307.0,620.0,2025.0,,2.0,2.5,"322 Nw 47th St, Unit C, Seattle, WA 98107",Seattle,98107,Townhouse,8728d5476ffffff,9,2025-10-05,6.614439110643611,2025-10-01,3.618446516281331,30.0,0.32864532494608395,0.07939767282683094,283,-0.9878726596350429,0.15526624985999563,-0.8660254037844386,0.5000000000000001,4,1041286.2555555556,588959.1320851427,0.0,631.2165263963275,10,2025,41,13.623138665316818,235,-0.8706455038352934,-0.32137078993279067,-1.552629904149454,-1.5270900306517576,-1.3573456886517488,0.44134689221305134,-1.1533470181426941,0.9340937940467628,1.1801518297309153,-0.899167757985833,-0.214619957645356,13.594843,801983.2,13.623138,824999.8,0.018530365,0.37079027,0.023874518,0.32139322,0.08303571,0.08374838,0.3242519020014971,260044.57392009828,424772.5732205076,1514167.950839809,-23016.8125,-2.7899166666666666
2025-10-10,800000.0,216,47.536208,-122.381619,1610.0,10148.0,1912.0,,2.0,1.5,"7318 39th Ave SW, Seattle, WA 98136",Seattle,98136,Single Family,8728d5570ffffff,9,2025-10-05,6.614439110643611,2025-10-01,3.618446516281331,30.0,0.32864532494608395,0.07939767282683094,283,-0.9878726596350429,0.15526624985999563,-0.8660254037844386,0.5000000000000001,4,1042286.2555555556,588664.1031947506,0.0,496.8944099378882,10,2025,41,13.592367006650065,235,-0.5515240263209716,-0.10954114078295922,-1.552629904149454,-1.5270900306517576,-1.3573456886517488,0.44134689221305134,-1.1533470181426941,0.9340937940467628,1.1801518297309153,-0.899167757985833,-0.27166083868491925,13.792321,977077.44,13.592367,800000.1,0.018212194,0.3909245,0.025506299,0.2704156,0.08865456,0.08712709,0.3176206332802422,310339.95446258626,524281.883309627,1820929.5061909747,177077.4375,22.1346796875
2025-10-10,750000.0,217,47.528961,-122.353004,2090.0,8480.0,1962.0,,4.0,1.5,"8139 14th Ave SW, Seattle, WA 98106",Seattle,98106,Single Family,8728d5576ffffff,38,2025-10-05,6.614439110643611,2025-10-01,3.618446516281331,30.0,0.6040445509219083,0.07939767282683094,283,-0.9878726596350429,0.15526624985999563,-0.8660254037844386,0.5000000000000001,4,647542.5641025641,276619.8282244723,0.0,358.85167464114835,10,2025,41,13.527828485512494,235,-0.045985052040857934,-0.1466246687827408,0.6085216455163472,-1.5270900306517576,-1.3573456886517488,0.44134689221305134,-1.1533470181426941,0.9340937940467628,1.1801518297309153,-0.899167757985833,-0.39129475723787077,13.920575,1.1107824e+06,13.527828,749999.8,0.016939528,0.37118623,0.02360687,0.32840502,0.0836856,0.08108723,0.3189559868113725,354290.68855080503,594467.5487022691,2075533.6847703652,360782.375,48.10431666666667
2025-10-10,690000.0,209,47.494545,-122.231112,2580.0,10500.0,1979.0,,3.0,2.0,"8113 S 121st St, Seattle, WA 98178",Seattle,98178,Single Family,8728d5504ffffff,38,2025-10-05,6.614439110643611,2025-10-01,3.618446516281331,30.0,0.6040445509219083,0.07939767282683094,283,-0.9878726596350429,0.15526624985999563,-0.8660254037844386,0.5000000000000001,4,649369.756097561,269741.6982549028,0.0,267.4418604651163,10,2025,41,13.444446876573442,235,0.4700859842034248,-0.10171536029379669,-0.47205412931655333,-1.5270900306517576,-1.3573456886517488,0.44134689221305134,-1.1533470181426941,0.9340937940467628,1.1801518297309153,-0.899167757985833,-0.5458577753672315,14.235337,1.5216979e+06,13.444447,689999.8,0.015700767,0.36341405,0.02357916,0.33207646,0.08021525,0.07925932,0.3302785654482248,502584.1912006121,796507.0576381523,2907148.4530092934,831697.875,120.53592391304349
2025-10-14,637500.0,228,47.69163,-122.339908,1350.0,5125.0,1955.0,,2.0,1.5,"8536 Interlake Ave N, Seattle, WA 98103",Seattle,98103,Single Family,8728d5409ffffff,9,2025-10-12,6.749241495043788,2025-10-01,3.618446516281331,30.0,0.32864532494608395,0.09034907597535935,287,-0.9748595108374125,0.22282040779479959,-0.8660254037844386,0.5000000000000001,4,1044476.1111111111,526698.0186633705,0.0,472.22222222222223,10,2025,42,13.365309556014719,235,-0.8253576373893665,-0.22121413907007126,-1.552629904149454,-1.5191825540365074,-1.339378283074514,0.5414827918291489,-1.1533470181426941,0.9340937940467628,1.258667265560666,-0.899167757985833,-0.6925532309702522,13.679492,872826.44,13.36531,637500.1,0.018612253,0.3822561,0.024776079,0.2908471,0.08538291,0.08823517,0.3224881832378374,281476.21211132884,463895.7631645807,1642235.261129532,235326.4375,36.91395098039216
2025-10-14,1825000.0,229,47.585039,-122.39814,2090.0,1438.0,2008.0,,3.0,2.5,"2119 Bonair Dr SW, Seattle, WA 98116",Seattle,98116,Single Family,8728d5551ffffff,9,2025-10-12,6.749241495043788,2025-10-01,3.618446516281331,30.0,0.32864532494608395,0.09034907597535935,287,-0.9748595108374125,0.22282040779479959,-0.8660254037844386,0.5000000000000001,4,1050392.7777777778,525063.2655466072,0.0,873.2057416267943,10,2025,42,14.417090544998729,235,-0.045985052040857934,-0.3031847432278618,-0.47205412931655333,-1.5191825540365074,-1.339378283074514,0.5414827918291489,-1.1533470181426941,0.9340937940467628,1.258667265560666,-0.899167757985833,1.2571146410815102,13.910421,1.0995608e+06,14.41709,1.8249998e+06,0.016963156,0.3508617,0.022167515,0.37410635,0.076043755,0.07999547,0.3186784915436402,350406.36117059365,588782.1488188426,2053448.6682891871,-725439.25,-39.75009589041096
2025-10-14,660000.0,222,47.532234,-122.356784,920.0,5160.0,1916.0,,3.0,1.0,"7749 17th Ave SW, Seattle, WA 98106",Seattle,98106,Single Family,8728d5572ffffff,38,2025-10-12,6.749241495043788,2025-10-01,3.618446516281331,30.0,0.6040445509219083,0.09034907597535935,287,-0.9748595108374125,0.22282040779479959,-0.8660254037844386,0.5000000000000001,4,657480.9090909091,264891.4749505539,0.0,717.3913043478261,10,2025,42,13.399995114002609,235,-1.2782363018486351,-0.22043600748734202,-0.47205412931655333,-1.5191825540365074,-1.339378283074514,0.5414827918291489,-1.1533470181426941,0.9340937940467628,1.258667265560666,-0.899167757985833,-0.628257223777251,13.417677,671773.75,13.399995,659999.8,0.020222953,0.38079304,0.024682745,0.28818446,0.08708103,0.090053245,0.3265312860732244,219355.14653773274,354220.75694947946,1274007.8112344772,11773.75,1.7839015151515152
2025-10-14,1275000.0,223,47.53511,-122.16023,1790.0,9543.0,1985.0,,3.0,2.0,"7504 134th Ave SE, Newcastle, WA 98059",Newcastle,98059,Single Family,8728d5510ffffff,7,2025-10-12,6.749241495043788,2025-10-01,3.618446516281331,20.0,0.11688486894884682,0.09034907597535935,287,-0.9748595108374125,0.22282040779479959,-0.8660254037844386,0.5000000000000001,4,2617789.523809524,3332991.6485126032,0.0,712.2905027932961,10,2025,42,14.058456736574664,235,-0.361946910965929,-0.12299170099870733,-0.47205412931655333,-1.5191825540365074,-1.339378283074514,0.5414827918291489,-1.1533470181426941,0.9340937940467628,1.258667265560666,-0.899167757985833,0.592321474595977,13.830973,1.01558225e+06,14.058456,1.2749996e+06,0.018678067,0.38233262,0.024648545,0.29288572,0.08615478,0.08798027,0.31748973139902115,322436.9357661136,545082.6960284634,1892203.4320724264,-259417.75,-20.34649019607843
2025-10-14,1950000.0,224,47.58283,-122.193584,1880.0,9981.0,1954.0,,3.0,1.5,"11006 Se 31st St, Bellevue, WA 98004",Bellevue,98004,Single Family,8728d551affffff,7,2025-10-12,6.749241495043788,2025-10-01,3.618446516281331,21.0,0.2181850887045141,0.09034907597535935,287,-0.9748595108374125,0.22282040779479959,-0.8660254037844386,0.5000000000000001,4,2684929.0,3404976.4562952947,0.0,1037.2340425531916,10,2025,42,14.48333993053993,235,-0.2671583532884077,-0.1132539400491244,-0.47205412931655333,-1.5191825540365074,-1.339378283074514,0.5414827918291489,-1.1533470181426941,0.9340937940467628,1.258667265560666,-0.899167757985833,1.3799199588098905,13.8656435,1.0514109e+06,14.48334,1.9500006e+06,0.018470034,0.38190612,0.024613079,0.29446483,0.08585484,0.087623924,0.3177561975964368,334092.3217515425,564017.9487466591,1959981.6101198206,-898589.125,-46.08149358974359
2025-10-14,537000.0,225,47.704999,-122.207216,1135.0,110149.0,1978.0,,2.0,2.0,"11644 100th Ave NE, Apt 308, Kirkland, WA 98034",Kirkland,98034,Single Family,8728d541effffff,59,2025-10-12,6.749241495043788,2025-10-01,3.618446516281331,30.0,0.5269037947205938,0.09034907597535935,287,-0.9748595108374125,0.22282040779479959,-0.8660254037844386,0.5000000000000001,4,1600822.7083333333,950864.1675523702,0.0,473.12775330396477,10,2025,42,13.193753373491,235,-1.0517969696190008,2.1137141850600614,-1.552629904149454,-1.5191825540365074,-1.339378283074514,0.5414827918291489,-1.1533470181426941,0.9340937940467628,1.258667265560666,-0.899167757985833,-1.010563901272856,13.875261,1.0615719e+06,13.193753,536999.94,0.018900247,0.4166766,0.030207984,0.11020596,0.097758725,0.09986113,0.31804960945252686,337632.52024953667,569141.3338934743,1980061.655425408,524571.875,97.68563780260708
2025-10-14,960000.0,226,47.685284,-122.28983,1000.0,5000.0,1946.0,,2.0,1.0,"7713 36th Ave NE, Seattle, WA 98115",Seattle,98115,Single Family,8728d540effffff,59,2025-10-12,6.749241495043788,2025-10-01,3.618446516281331,30.0,0.5269037947205938,0.09034907597535935,287,-0.9748595108374125,0.22282040779479959,-0.8660254037844386,0.5000000000000001,4,1623457.2340425532,947983.0692872244,0.0,960.0,10,2025,42,13.77468856344402,235,-1.1939798061352829,-0.22399318043696137,-1.552629904149454,-1.5191825540365074,-1.339378283074514,0.5414827918291489,-1.1533470181426941,0.9340937940467628,1.258667265560666,-0.899167757985833,0.06630541606456512,13.547142,764625.94,13.774689,960000.1,0.019438457,0.38737538,0.025215723,0.2749906,0.08759569,0.090317704,0.3243957943911961,248041.43840742556,404872.0101420522,1444043.5912352896,-195374.0625,-20.35146484375
2025-10-14,899950.0,227,47.66046,-122.343458,790.0,3600.0,1916.0,,1.0,1.0,"1207 N Allen Pl, Seattle, WA 98103",Seattle,98103,Single Family,8728d542bffffff,9,2025-10-12,6.749241495043788,2025-10-01,3.618446516281331,30.0,0.32864532494608395,0.09034907597535935,287,-0.9748595108374125,0.22282040779479959,-0.8660254037844386,0.5000000000000001,4,1070948.3333333333,588151.326415273,0.0,1139.1772151898733,10,2025,42,13.710094485207625,235,-1.4151531073828325,-0.2551184437461306,-2.6332056789823546,-1.5191825540365074,-1.339378283074514,0.5414827918291489,-1.1533470181426941,0.9340937940467628,1.258667265560666,-0.899167757985833,-0.05343148770277551,13.51763,742389.75,13.710094,899950.0,0.018980239,0.3913528,0.025664635,0.26324797,0.08779071,0.09076579,0.32461891602072035,240993.75590989357,392925.9882343146,1402662.3942657004,-157560.25,-17.507667092616256
2025-10-14,2905000.0,232,47.699691,-122.185849,1250.0,9702.0,1961.0,,3.0,1.0,"11618 Ne 111th St, Kirkland, WA 98033",Kirkland,98033,Single Family,8728d541effffff,59,2025-10-12,6.749241495043788,2025-10-01,3.618446516281331,30.0,0.5269037947205938,0.09034907597535935,287,-0.9748595108374125,0.22282040779479959,-0.8660254037844386,0.5000000000000001,4,1634833.111111111,963775.0491587806,0.0,2324.0,10,2025,42,14.881943948268148,235,-0.9306782570310569,-0.11945676038002312,-0.47205412931655333,-1.5191825540365074,-1.339378283074514,0.5414827918291489,-1.1533470181426941,0.9340937940467628,1.258667265560666,-0.899167757985833,2.118805197443227,13.644891,843142.1,14.881944,2.9049992e+06,0.019877957,0.39073223,0.025382414,0.26706022,0.08956142,0.09122746,0.32365289164893807,272885.3868272804,447097.1186122134,1590009.3470854107,-2061857.875,-70.97617469879518
2025-10-14,912000.0,233,47.660118,-122.399662,1550.0,1080.0,2017.0,,3.0,1.5,"3236 W Government Way, Seattle, WA 98199",Seattle,98199,Single Family,8728d5470ffffff,9,2025-10-12,6.749241495043788,2025-10-01,3.618446516281331,30.0,0.32864532494608395,0.09034907597535935,287,-0.9748595108374125,0.22282040779479959,-0.8660254037844386,0.5000000000000001,4,1077337.7777777778,589395.0386902207,0.0,588.3870967741935,10,2025,42,13.723395269056468,235,-0.6147163981059859,-0.3111439177026351,-0.47205412931655333,-1.5191825540365074,-1.339378283074514,0.5414827918291489,-1.1533470181426941,0.9340937940467628,1.258667265560666,-0.899167757985833,-0.028776059229739994,13.661257,857054.5,13.723395,912000.06,0.018798847,0.36055103,0.023005664,0.34396854,0.080226764,0.08434151,0.32327459132160663,277063.9432278439,454811.6204304703,1615047.6020393507,-54945.5,-6.024725877192982
2025-10-14,1320000.0,234,47.699098,-122.360346,2260.0,5900.0,2015.0,,4.0,3.0,"9544 3rd Ave NW, Seattle, WA 98117",Seattle,98117,Single Family,8728d5454ffffff,9,2025-10-12,6.749241495043788,2025-10-01,3.618446516281331,30.0,0.32864532494608395,0.09034907597535935,287,-0.9748595108374125,0.22282040779479959,-0.8660254037844386,0.5000000000000001,4,1076648.888888889,589626.6454256817,0.0,584.070796460177,10,2025,42,14.093142294562554,235,0.13306000135001567,-0.2039840825953526,0.6085216455163472,-1.5191825540365074,-1.339378283074514,0.5414827918291489,-1.1533470181426941,0.9340937940467628,1.258667265560666,-0.899167757985833,0.6566174817889783,13.97419,1.1719619e+06,14.0931425,1.3200002e+06,0.016092446,0.36164021,0.022941897,0.34935242,0.079177454,0.0805247,0.32082916025537533,375999.54420756514,624911.0535058504,2197904.3856851384,-148038.125,-11.21500946969697
2025-10-14,1235000.0,235,47.721602,-122.360007,2280.0,8160.0,1949.0,,4.0,1.5,"12705 2nd Ave NW, Seattle, WA 98177",Seattle,98177,Single Family,8728d5450ffffff,59,2025-10-12,6.749241495043788,2025-10-01,3.618446516281331,30.0,0.5269037947205938,0.09034907597535935,287,-0.9748595108374125,0.22282040779479959,-0.8660254037844386,0.5000000000000001,4,1605965.6818181819,955035.0391511826,0.0,541.6666666666666,10,2025,42,14.026581528044215,235,0.15412412527835376,-0.15373901468197948,0.6085216455163472,-1.5191825540365074,-1.339378283074514,0.5414827918291489,-1.1533470181426941,0.9340937940467628,1.258667265560666,-0.899167757985833,0.5332349626342059,13.987729,1.1879374e+06,14.026582,1.2350002e+06,0.016107205,0.3646964,0.023182128,0.3421099,0.07992613,0.08111121,0.3213629929824775,381759.1103057478,632767.0388693807,2230197.1304103285,-47062.625,-3.8107388663967607
2025-10-14,665000.0,236,47.465362,-122.285277,1750.0,1284.0,2016.0,,4.0,3.5,"3732 Southcenter Blvd, Tukwila, WA 98188",Tukwila,98188,Single Family,8728d5521ffffff,38,2025-10-12,6.749241495043788,2025-10-01,3.618446516281331,30.0,0.6040445509219083,0.09034907597535935,287,-0.9748595108374125,0.22282040779479959,-0.8660254037844386,0.5000000000000001,4,657422.3255813953,268026.1060120576,0.0,380.0,10,2025,42,13.407542319637992,235,-0.40407515882260514,-0.30660852219187046,0.6085216455163472,-1.5191825540365074,-1.339378283074514,0.5414827918291489,-1.1533470181426941,0.9340937940467628,1.258667265560666,-0.899167757985833,-0.6142671017792405,13.750381,936946.5,13.407542,664999.94,0.018067598,0.36198246,0.023136927,0.33851725,0.08104427,0.08352703,0.3194608481321911,299317.723544488,500938.29428786016,1752448.8876366648,271946.5,40.89421052631579
2025-10-14,1305000.0,237,47.540471,-122.211712,2370.0,11326.0,1976.0,,4.0,1.0,"6907 96th Ave SE, Mercer Island, WA 98040",Mercer Island,98040,Single Family,8728d551cffffff,29,2025-10-12,6.749241495043788,2025-10-01,3.618446516281331,1.0,-0.9999990000010001,0.09034907597535935,287,-0.9748595108374125,0.22282040779479959,-0.8660254037844386,0.5000000000000001,4,1305000.0,0.0,0.0,550.632911392405,10,2025,42,14.081713598738931,235,0.24891268295587507,-0.08335145494138686,0.6085216455163472,-1.5191825540365074,-1.339378283074514,0.5414827918291489,-1.1533470181426941,0.9340937940467628,1.258667265560666,-0.899167757985833,0.6354323098756751,14.047178,1.2607008e+06,14.081714,1.3050001e+06,0.015883632,0.36704183,0.02341389,0.33577403,0.080214575,0.0813545,0.32322767757935617,407493.3755450525,669075.3880147598,2375466.783328403,-44299.25,-3.3945785440613023
2025-10-14,1160000.0,230,47.693328,-122.182214,1420.0,6075.0,1987.0,,3.0,1.5,"11849 Ne 105th Ln, Kirkland, WA 98033",Kirkland,98033,Single Family,8728d5413ffffff,59,2025-10-12,6.749241495043788,2025-10-01,3.618446516281331,30.0,0.5269037947205938,0.09034907597535935,287,-0.9748595108374125,0.22282040779479959,-0.8660254037844386,0.5000000000000001,4,1614592.7906976745,964601.2859980902,0.0,816.9014084507043,10,2025,42,13.963930563082547,235,-0.7516332036401833,-0.20009342468170646,-0.47205412931655333,-1.5191825540365074,-1.339378283074514,0.5414827918291489,-1.1533470181426941,0.9340937940467628,1.258667265560666,-0.899167757985833,0.4170999736791423,13.668113,862950.6,13.96393,1.1599995e+06,0.019350592,0.37805632,0.024351597,0.30065826,0.08554837,0.088176705,0.3230071604824723,278739.2310178248,458180.60538849875,1625306.2042307784,-297049.375,-25.60770474137931
2025-10-14,1775000.0,231,47.70138,-122.183895,2560.0,8576.0,2012.0,,4.0,2.5,"11722 Ne 112th St, Kirkland, WA 98033",Kirkland,98033,Single Family,8728d54adffffff,59,2025-10-12,6.749241495043788,2025-10-01,3.618446516281331,30.0,0.5269037947205938,0.09034907597535935,287,-0.9748595108374125,0.22282040779479959,-0.8660254037844386,0.5000000000000001,4,1637880.2173913044,953230.3306837792,0.0,693.359375,10,2025,42,14.389310980891652,235,0.4490218602750867,-0.1444903650129692,0.6085216455163472,-1.5191825540365074,-1.339378283074514,0.5414827918291489,-1.1533470181426941,0.9340937940467628,1.258667265560666,-0.899167757985833,1.2056201529642767,14.156782,1.4067352e+06,14.389311,1.7749998e+06,0.015008444,0.3575908,0.022799846,0.35669607,0.076879546,0.07873571,0.3273914249390227,460553.0580094523,740510.4001719618,2672351.469965526,-368264.75,-20.74730985915493
2025-10-15,1170000.0,240,47.613963,-122.293914,2100.0,2200.0,1919.0,,3.0,2.5,"1433 30th Ave, Seattle, WA 98122",Seattle,98122,Single Family,8728d5421ffffff,9,2025-10-12,6.749241495043788,2025-10-01,3.618446516281331,30.0,0.32864532494608395,0.09308692676249145,288,-0.9708824104813836,0.2395565591209271,-0.8660254037844386,0.5000000000000001,4,1040476.1111111111,522398.7913902009,0.0,557.1428571428571,10,2025,42,13.972514306773938,235,-0.035452990076688895,-0.2862437070552997,-0.47205412931655333,-1.5172056848826945,-1.3338870544541859,0.5662908809296054,-1.1533470181426941,0.9340937940467628,1.258667265560666,-0.899167757985833,0.43301150799314225,13.9217825,1.1121242e+06,13.972514,1.1699999e+06,0.016977154,0.35312977,0.022334052,0.36919758,0.07637498,0.08040169,0.31923332130548504,355027.11803187156,594862.2730289105,2079170.9767342703,-57875.75,-4.946645299145299
2025-10-15,749888.0,241,47.660716,-122.345838,1010.0,656.0,2022.0,,2.0,1.5,"972 N Allen Pl, Seattle, WA 98103",Seattle,98103,Single Family,8728d542bffffff,9,2025-10-12,6.749241495043788,2025-10-01,3.618446516281331,30.0,0.32864532494608395,0.09308692676249145,288,-0.9708824104813836,0.2395565591209271,-0.8660254037844386,0.5000000000000001,4,1043335.9777777778,525283.0621770413,0.0,742.4633663366336,10,2025,42,13.527679141027827,235,-1.1834477441711138,-0.32057042601912633,-1.552629904149454,-1.5172056848826945,-1.3338870544541859,0.5662908809296054,-1.1533470181426941,0.9340937940467628,1.258667265560666,-0.899167757985833,-0.39157159447554,13.465907,704967.56,13.527679,749888.25,0.019193169,0.37454474,0.024207031,0.30761233,0.08345702,0.08768412,0.3255791203874668,229522.71890044652,372417.9488159502,1334466.537826044,-44920.4375,-5.990286216074934
2025-10-15,1667500.0,238,47.578038,-122.408449,1760.0,4678.0,1914.0,,4.0,2.0,"2767 59th Ave SW, Seattle, WA 98116",Seattle,98116,Single Family,8728d5542ffffff,9,2025-10-12,6.749241495043788,2025-10-01,3.618446516281331,30.0,0.32864532494608395,0.09308692676249145,288,-0.9708824104813836,0.2395565591209271,-0.8660254037844386,0.5000000000000001,4,1050559.4444444445,525672.2366926593,0.0,947.4431818181819,10,2025,42,14.326836056771915,235,-0.3935430968584361,-0.23115199099807027,0.6085216455163472,-1.5172056848826945,-1.3338870544541859,0.5662908809296054,-1.1533470181426941,0.9340937940467628,1.258667265560666,-0.899167757985833,1.089811487813575,13.772136,957552.44,14.326836,1.6674992e+06,0.01827874,0.37119806,0.02379788,0.3179508,0.083383605,0.08535654,0.31808797003820527,304585.9110495104,513334.6821500196,1786177.028903131,-709947.5625,-42.575565967016495
2025-10-15,617500.0,239,47.501334,-122.247477,1620.0,6600.0,1945.0,,3.0,1.5,"11424 69th Pl S, Seattle, WA 98178",Seattle,98178,Single Family,8728d5500ffffff,38,2025-10-12,6.749241495043788,2025-10-01,3.618446516281331,30.0,0.6040445509219083,0.09308692676249145,288,-0.9708824104813836,0.2395565591209271,-0.8660254037844386,0.5000000000000001,4,661514.3478260869,261147.51885265642,0.0,381.17283950617286,10,2025,42,13.33343434748427,235,-0.5409919643568026,-0.188421450940768,-0.47205412931655333,-1.5172056848826945,-1.3338870544541859,0.5662908809296054,-1.1533470181426941,0.9340937940467628,1.258667265560666,-0.899167757985833,-0.7516397429320234,13.753556,939925.8,13.333434,617499.9,0.018937381,0.37688693,0.024226664,0.305878,0.08453548,0.08735478,0.3194013618928742,300213.58459076635,502589.7863290125,1757816.4104108945,322425.8125,52.2147064777328
2025-10-15,1000000.0,242,47.642203,-122.403607,1700.0,5807.0,1947.0,,3.0,1.0,"2518 36th Ave W, Seattle, WA 98199",Seattle,98199,Single Family,8728d555bffffff,59,2025-10-12,6.749241495043788,2025-10-01,3.618446516281331,30.0,0.5269037947205938,0.09308692676249145,288,-0.9708824104813836,0.2395565591209271,-0.8660254037844386,0.5000000000000001,4,1559990.0,937067.2008452755,0.0,588.2352941176471,10,2025,42,13.815510557964274,235,-0.4567354686434503,-0.20605168937231882,-0.47205412931655333,-1.5172056848826945,-1.3338870544541859,0.5662908809296054,-1.1533470181426941,0.9340937940467628,1.258667265560666,-0.899167757985833,0.14197642744697578,13.77198,957403.56,13.815511,1.0000002e+06,0.018704366,0.37323952,0.0239353,0.31553155,0.08332183,0.086378574,0.31827250599898343,304715.23108922935,513069.28519171407,1786545.450847721,-42596.4375,-4.25964375
2025-10-15,995000.0,243,47.710867,-122.230253,2000.0,8165.0,1976.0,,3.0,1.5,"8318 Ne 122nd Pl, Kirkland, WA 98034",Kirkland,98034,Single Family,8728d5418ffffff,59,2025-10-12,6.749241495043788,2025-10-01,3.618446516281331,30.0,0.5269037947205938,0.09308692676249145,288,-0.9708824104813836,0.2395565591209271,-0.8660254037844386,0.5000000000000001,4,1571189.8,943126.437396538,0.0,497.5,10,2025,42,13.81049801614073,235,-0.14077360971837924,-0.15362785302730386,-0.47205412931655333,-1.5172056848826945,-1.3338870544541859,0.5662908809296054,-1.1533470181426941,0.9340937940467628,1.258667265560666,-0.899167757985833,0.13268476706041749,13.91077,1.0999446e+06,13.810498,995000.25,0.017974643,0.37484682,0.024011847,0.31496826,0.08306545,0.0856106,0.3189415171855927,350818.00751763786,588684.1333121905,2055224.7964781674,104944.625,10.547198492462313
2025-10-15,900000.0,244,47.672563,-122.357866,1660.0,4000.0,1910.0,,4.0,1.5,"106 Nw 60th St, Seattle, WA 98107",Seattle,98107,Single Family,8728d5476ffffff,9,2025-10-12,6.749241495043788,2025-10-01,3.618446516281331,30.0,0.32864532494608395,0.09308692676249145,288,-0.9708824104813836,0.2395565591209271,-0.8660254037844386,0.5000000000000001,4,1045809.4444444445,526172.6036733853,0.0,542.1686746987951,10,2025,42,13.710150042306449,235,-0.49886371650012645,-0.2462255113720822,0.6085216455163472,-1.5172056848826945,-1.3338870544541859,0.5662908809296054,-1.1533470181426941,0.9340937940467628,1.258667265560666,-0.899167757985833,-0.05332850248838642,13.739499,926805.56,13.71015,899999.75,0.01866879,0.3714853,0.023907138,0.31358314,0.08380422,0.08609681,0.3201284123562224,296696.79328604066,494868.5268177364,1735751.0860673196,26805.5625,2.9783958333333334
2025-10-15,725000.0,247,47.733938,-122.291058,1710.0,1020.0,2018.0,,3.0,3.0,"14528 35th Ave NE, Lake Forest Park, WA 98155",Lake Forest Park,98155,Single Family,8728d54e0ffffff,59,2025-10-12,6.749241495043788,2025-10-01,3.618446516281331,30.0,0.5269037947205938,0.09308692676249145,288,-0.9708824104813836,0.2395565591209271,-0.8660254037844386,0.5000000000000001,4,1582948.775510204,949189.5257877302,0.0,423.9766081871345,10,2025,42,13.493926933836812,235,-0.44620340667928127,-0.31247785755874236,-0.47205412931655333,-1.5172056848826945,-1.3338870544541859,0.5662908809296054,-1.1533470181426941,0.9340937940467628,1.258667265560666,-0.899167757985833,-0.45413746575518865,13.73925,926574.94,13.493927,725000.06,0.018419258,0.35800874,0.022789737,0.3518787,0.078908436,0.08334795,0.32017883096338395,296669.6802887205,494696.47636409977,1735490.589293639,201574.9375,27.80343965517241
2025-10-15,1863000.0,248,47.616212,-122.17298,2910.0,10960.0,1956.0,,4.0,3.0,"12442 Ne 6th Pl, Bellevue, WA 98005",Bellevue,98005,Single Family,8728d5436ffffff,7,2025-10-12,6.749241495043788,2025-10-01,3.618446516281331,23.0,0.4207855282158487,0.09308692676249145,288,-0.9708824104813836,0.2395565591209271,-0.8660254037844386,0.5000000000000001,4,2530025.217391304,3192080.958308986,0.0,640.2061855670103,10,2025,42,14.437698649583725,235,0.817644029021003,-0.09148848806364109,0.6085216455163472,-1.5172056848826945,-1.3338870544541859,0.5662908809296054,-1.1533470181426941,0.9340937940467628,1.258667265560666,-0.899167757985833,1.2953155211450118,14.327163,1.6680449e+06,14.437698,1.8629995e+06,0.013746822,0.34518048,0.02230118,0.3743776,0.07221672,0.07573263,0.3329328736012683,555346.9735296183,868579.4242157844,3203361.146699636,-194955.125,-10.464579978529255
2025-10-15,883000.0,245,47.546065,-122.304175,2220.0,5000.0,2003.0,,5.0,3.0,"2305 S Graham St, Seattle, WA 98108",Seattle,98108,Single Family,8728d5508ffffff,38,2025-10-12,6.749241495043788,2025-10-01,3.618446516281331,30.0,0.6040445509219083,0.09308692676249145,288,-0.9708824104813836,0.2395565591209271,-0.8660254037844386,0.5000000000000001,4,662492.4444444445,264013.209209446,0.0,397.7477477477477,10,2025,42,13.691080479586097,235,0.09093175349333953,-0.22399318043696137,1.689097420349248,-1.5172056848826945,-1.3338870544541859,0.5662908809296054,-1.1533470181426941,0.9340937940467628,1.258667265560666,-0.899167757985833,-0.08867741462822328,13.893804,1.0814395e+06,13.69108,882999.7,0.016204307,0.37123102,0.02373638,0.3270051,0.080695085,0.08260277,0.31793497786162705,343827.44349118904,579923.2463508131,2016665.8837291717,198439.5,22.473329558323897
2025-10-15,1354000.0,246,47.546832,-122.188315,2440.0,9135.0,1986.0,,4.0,2.5,"6218 113th Pl SE, Bellevue, WA 98006",Bellevue,98006,Single Family,8728d551effffff,7,2025-10-12,6.749241495043788,2025-10-01,3.618446516281331,22.0,0.3194853084601814,0.09308692676249145,288,-0.9708824104813836,0.2395565591209271,-0.8660254037844386,0.5000000000000001,4,2560344.5454545454,3263807.535319282,0.0,554.9180327868852,10,2025,42,14.118573732454358,235,0.3226371167050583,-0.13206249202023665,0.6085216455163472,-1.5172056848826945,-1.3338870544541859,0.5662908809296054,-1.1533470181426941,0.9340937940467628,1.258667265560666,-0.899167757985833,0.703759289748091,14.076295,1.2979478e+06,14.118574,1.3540005e+06,0.015519697,0.36203095,0.023063423,0.34771037,0.0782104,0.08004506,0.32421412020084994,420812.9878329227,687512.4540861244,2450382.210356067,-56052.25,-4.13975258493353
2025-10-16,3050000.0,259,47.640496,-122.172041,4220.0,14992.0,1989.0,,5.0,3.0,"3385 126th Ave NE, Bellevue, WA 98005",Bellevue,98005,Single Family,8728d5414ffffff,29,2025-10-12,6.749241495043788,2025-10-01,3.618446516281331,2.0,0.0,0.09582477754962354,289,-0.9666180104000972,0.2562218218071163,-0.8660254037844386,0.5000000000000001,4,3050000.0,0.0,0.0,722.7488151658767,10,2025,42,14.930652148583594,235,2.1973441463271466,-0.0018477297332338148,1.689097420349248,-1.5152288157288818,-1.3279991477687558,0.590993891409444,-1.1533470181426941,0.9340937940467628,1.258667265560666,-0.899167757985833,2.2090947294419174,14.675964,2.3642332e+06,14.930652,3.0499985e+06,0.009577409,0.2915035,0.01903592,0.48051018,0.05513847,0.062167853,0.3286542695676342,777015.3518662639,1241464.1251235444,4502425.114093022,-685766.75,-22.484155737704917
2025-10-16,1635000.0,256,47.655363,-122.356344,1520.0,5500.0,1978.0,,3.0,2.0,"117 N 40th St, Seattle, WA 98103",Seattle,98103,Single Family,8728d5476ffffff,9,2025-10-12,6.749241495043788,2025-10-01,3.618446516281331,30.0,0.32864532494608395,0.09582477754962354,289,-0.9666180104000972,0.2562218218071163,-0.8660254037844386,0.5000000000000001,4,1049267.6444444444,526851.6181880392,0.0,1075.657894736842,10,2025,42,14.30715336231349,235,-0.646312583998493,-0.21287701496940095,-0.47205412931655333,-1.5152288157288818,-1.3279991477687558,0.590993891409444,-1.1533470181426941,0.9340937940467628,1.258667265560666,-0.899167757985833,1.0533260241829094,13.709505,899419.75,14.307154,1.6350005e+06,0.019109458,0.37522003,0.024108008,0.3095107,0.08392241,0.08730701,0.3215519341404375,289210.1602166087,478907.7601253324,1689168.3616649034,-735580.25,-44.98961773700306
2025-10-16,879950.0,249,47.6827,-122.383977,920.0,5100.0,1910.0,,2.0,1.0,"7346 22nd Ave NW, Seattle, WA 98117",Seattle,98117,Single Family,8728d5473ffffff,9,2025-10-12,6.749241495043788,2025-10-01,3.618446516281331,30.0,0.32864532494608395,0.09582477754962354,289,-0.9666180104000972,0.2562218218071163,-0.8660254037844386,0.5000000000000001,4,1044267.6444444444,523354.0784283429,0.0,956.4673913043479,10,2025,42,13.687620366658358,235,-1.2782363018486351,-0.2217699473434493,-1.552629904149454,-1.5152288157288818,-1.3279991477687558,0.590993891409444,-1.1533470181426941,0.9340937940467628,1.258667265560666,-0.899167757985833,-0.09509136494634006,13.515303,740664.25,13.68762,879949.8,0.019620247,0.38906825,0.025352642,0.27092963,0.08758375,0.0908716,0.3248915559251354,240635.5606006235,391803.3005273896,1400150.2464139275,-139285.75,-15.828825501448945
2025-10-16,749950.0,250,47.720844,-122.302551,2500.0,3698.0,2025.0,,4.0,3.0,"2349 Ne 127th St, Seattle, WA 98125",Seattle,98125,Single Family,8728d54e5ffffff,9,2025-10-12,6.749241495043788,2025-10-01,3.618446516281331,30.0,0.32864532494608395,0.09582477754962354,289,-0.9666180104000972,0.2562218218071163,-0.8660254037844386,0.5000000000000001,4,1050168.2,524473.128643847,0.0,299.98,10,2025,42,13.527761816623505,235,0.38582948849007254,-0.2529396753144887,0.6085216455163472,-1.5152288157288818,-1.3279991477687558,0.590993891409444,-1.1533470181426941,0.9340937940467628,1.258667265560666,-0.899167757985833,-0.39141834018174276,14.086463,1.3112126e+06,13.527761,749949.75,0.015055122,0.35190922,0.022330794,0.37131166,0.07490489,0.07769517,0.32453537804788507,425534.88495553477,694101.6049323658,2476984.164715198,561262.625,74.84000600040002
2025-10-16,1788000.0,251,47.590485,-122.176969,2350.0,18800.0,1959.0,,4.0,1.5,"12115 Se 22nd St, Bellevue, WA 98005",Bellevue,98005,Single Family,8728d55a9ffffff,7,2025-10-12,6.749241495043788,2025-10-01,3.618446516281331,24.0,0.522085747971516,0.09582477754962354,289,-0.9666180104000972,0.2562218218071163,-0.8660254037844386,0.5000000000000001,4,2468143.2,3063694.0597282774,0.0,760.8510638297872,10,2025,42,14.396608234715597,235,0.227848559027537,0.08281298646770639,0.6085216455163472,-1.5152288157288818,-1.3279991477687558,0.590993891409444,-1.1533470181426941,0.9340937940467628,1.258667265560666,-0.899167757985833,1.2191469436971025,14.070008,1.2898136e+06,14.396608,1.7880002e+06,0.01626019,0.3782637,0.024286887,0.3091407,0.08262549,0.08389989,0.3241142476282455,418046.972647535,683337.6315785875,2434549.2958120345,-498186.375,-27.86277265100671
2025-10-16,570000.0,252,47.730155,-122.340032,660.0,7560.0,1945.0,,2.0,1.0,"13753 Ashworth Ave N, Seattle, WA 98133",Seattle,98133,Single Family,8728d5452ffffff,59,2025-10-12,6.749241495043788,2025-10-01,3.618446516281331,30.0,0.5269037947205938,0.09582477754962354,289,-0.9666180104000972,0.2562218218071163,-0.8660254037844386,0.5000000000000001,4,1571311.1320754718,954807.3309426204,0.0,863.6363636363636,10,2025,42,13.253391639810733,235,-1.5520699129170301,-0.16707841324305198,-1.552629904149454,-1.5152288157288818,-1.3279991477687558,0.590993891409444,-1.1533470181426941,0.9340937940467628,1.258667265560666,-0.899167757985833,-0.900013498664071,13.459571,700514.9,13.253391,569999.8,0.020246107,0.39890817,0.026193408,0.24285612,0.09094495,0.093596086,0.3258137855628909,228237.40326686535,369895.51949530543,1326647.8491151487,130514.875,22.89734649122807
2025-10-16,1245000.0,255,47.656637,-122.337933,2310.0,4050.0,1921.0,,5.0,1.5,"1615 N 41st St, Seattle, WA 98103",Seattle,98103,Single Family,8728d542bffffff,9,2025-10-12,6.749241495043788,2025-10-01,3.618446516281331,30.0,0.32864532494608395,0.09582477754962354,289,-0.9666180104000972,0.2562218218071163,-0.8660254037844386,0.5000000000000001,4,1050668.7555555555,523648.8323920503,0.0,538.961038961039,10,2025,42,14.034646087880946,235,0.18572031117086085,-0.24511389482532617,1.689097420349248,-1.5152288157288818,-1.3279991477687558,0.590993891409444,-1.1533470181426941,0.9340937940467628,1.258667265560666,-0.899167757985833,0.5481840949921707,13.917068,1.106893e+06,14.034646,1.2449999e+06,0.015799318,0.36735132,0.023475375,0.3363593,0.078927726,0.081450775,0.31850225150164246,352547.9126714075,592913.0944195467,2066427.7311716801,-138107.0,-11.092931726907631
2025-10-16,880000.0,260,47.647282,-122.397873,1330.0,6200.0,1947.0,,3.0,1.0,"3010 32nd Ave W, Seattle, WA 98199",Seattle,98199,Single Family,8728d5474ffffff,9,2025-10-12,6.749241495043788,2025-10-01,3.618446516281331,30.0,0.32864532494608395,0.09582477754962354,289,-0.9666180104000972,0.2562218218071163,-0.8660254037844386,0.5000000000000001,4,1044168.7555555556,524838.9353174058,0.0,661.6541353383459,10,2025,42,13.687677186454389,235,-0.8464217613177046,-0.19731438331481635,-0.47205412931655333,-1.5152288157288818,-1.3279991477687558,0.590993891409444,-1.1533470181426941,0.9340937940467628,1.258667265560666,-0.899167757985833,-0.09498603909240445,13.6242075,825882.25,13.687677,880000.2,0.01954816,0.37990883,0.02450376,0.2960934,0.0856087,0.08878757,0.3241021896067623,267670.24558235944,437559.1628522951,1558832.6351066106,-54117.75,-6.149744318181819
2025-10-16,1185000.0,253,47.679911,-122.299909,2370.0,6000.0,1959.0,,4.0,2.0,"7015 26th Ave NE, Seattle, WA 98115",Seattle,98115,Single Family,8728d5408ffffff,9,2025-10-12,6.749241495043788,2025-10-01,3.618446516281331,30.0,0.32864532494608395,0.09582477754962354,289,-0.9666180104000972,0.2562218218071163,-0.8660254037844386,0.5000000000000001,4,1051613.2,523815.4309134666,0.0,500.0,10,2025,42,13.985253332551368,235,0.24891268295587507,-0.2017608495018405,0.6085216455163472,-1.5152288157288818,-1.3279991477687558,0.590993891409444,-1.1533470181426941,0.9340937940467628,1.258667265560666,-0.899167757985833,0.45662561543530644,14.022299,1.2297221e+06,13.985253,1.185e+06,0.015672427,0.35924205,0.022809071,0.355251,0.07739817,0.079652905,0.32212698922365,396126.685707959,654044.0049211204,2312102.199525752,44722.125,3.774018987341772
2025-10-16,3150000.0,258,47.642065,-122.40198,4280.0,6000.0,2024.0,,6.0,3.5,"2526 35th Ave W, Seattle, WA 98199",Seattle,98199,Single Family,8728d555bffffff,59,2025-10-12,6.749241495043788,2025-10-01,3.618446516281331,30.0,0.5269037947205938,0.09582477754962354,289,-0.9666180104000972,0.2562218218071163,-0.8660254037844386,0.5000000000000001,4,1590567.1153846155,953674.6354554701,0.0,735.981308411215,10,2025,42,14.962913010801817,235,2.260536518112161,-0.2017608495018405,2.7696731951821483,-1.5152288157288818,-1.3279991477687558,0.590993891409444,-1.1533470181426941,0.9340937940467628,1.258667265560666,-0.899167757985833,2.268896120844053,14.580845,2.149713e+06,14.962913,3.1499985e+06,0.00937254,0.2975722,0.019599002,0.46485764,0.056051835,0.06323768,0.33261386658490993,715024.3529778465,1120092.356065079,4125789.930237292,-1000287.0,-31.75514285714286
2025-10-16,875000.0,261,47.712263,-122.283447,2120.0,5397.0,1985.0,,4.0,1.0,"11503 Bartlett Ave NE, Seattle, WA 98125",Seattle,98125,Single Family,8728d54e4ffffff,9,2025-10-12,6.749241495043788,2025-10-01,3.618446516281331,30.0,0.32864532494608395,0.09582477754962354,289,-0.9666180104000972,0.2562218218071163,-0.8660254037844386,0.5000000000000001,4,1041613.2,525511.0478319154,0.0,412.7358490566038,10,2025,42,13.681979165339751,235,-0.014388866148350825,-0.21516694505571837,0.6085216455163472,-1.5152288157288818,-1.3279991477687558,0.590993891409444,-1.1533470181426941,0.9340937940467628,1.258667265560666,-0.899167757985833,-0.1055483603530436,13.92616,1.1170031e+06,13.681979,875000.0,0.016564833,0.36364952,0.02302382,0.34643635,0.07948542,0.081361264,0.3191344776840471,356474.2088683234,597587.671425313,2087887.6831945262,242003.125,27.657500000000002
2025-10-16,517000.0,262,47.528682,-122.351449,550.0,4001.0,1943.0,,2.0,1.0,"8150 13th Ave SW, Seattle, WA 98106",Seattle,98106,Single Family,8728d5576ffffff,38,2025-10-12,6.749241495043788,2025-10-01,3.618446516281331,30.0,0.6040445509219083,0.09582477754962354,289,-0.9666180104000972,0.2562218218071163,-0.8660254037844386,0.5000000000000001,4,658439.5744680851,259152.09756767942,0.0,940.0,10,2025,42,13.155798153490567,235,-1.6679225945228895,-0.24620327904114708,-1.552629904149454,-1.5152288157288818,-1.3279991477687558,0.590993891409444,-1.1533470181426941,0.9340937940467628,1.258667265560666,-0.899167757985833,-1.0809208232809109,13.343437,623707.75,13.155798,516999.9,0.02026352,0.39005795,0.02550992,0.26429877,0.0885005,0.09205107,0.33001557196099623,205833.26985275606,326637.63114580355,1190956.967006077,106707.75,20.639796905222436
2025-10-16,1725000.0,263,47.559651,-122.190044,2790.0,6062.5,1958.0,,4.0,3.0,"4740 Lakehurst Ln, Bellevue, WA 98006",Bellevue,98006,Single Family,8728d551effffff,7,2025-10-12,6.749241495043788,2025-10-01,3.618446516281331,25.0,0.6233859677271834,0.09582477754962354,289,-0.9666180104000972,0.2562218218071163,-0.8660254037844386,0.5000000000000001,4,2496482.5,3126238.4776767306,0.0,618.2795698924731,10,2025,42,14.360737608447597,235,0.6912592854509746,-0.20037132881839545,0.6085216455163472,-1.5152288157288818,-1.3279991477687558,0.590993891409444,-1.1533470181426941,0.9340937940467628,1.258667265560666,-0.899167757985833,1.152654196330893,14.280558,1.5920891e+06,14.360738,1.7250004e+06,0.01396607,0.3469389,0.022135844,0.38018847,0.07237956,0.07576538,0.3316095780916211,527952.0030255083,831180.9995001472,3049573.813391935,-132910.875,-7.704978260869565
2025-10-16,749950.0,264,47.720842,-122.302552,1100.0,2500.0,2025.0,,3.0,2.5,"2349B Ne 127th St, Seattle, WA 98125",Seattle,98125,Townhouse,8728d54e5ffffff,9,2025-10-12,6.749241495043788,2025-10-01,3.618446516281331,30.0,0.32864532494608395,0.09582477754962354,289,-0.9666180104000972,0.2562218218071163,-0.8660254037844386,0.5000000000000001,4,1044002.088888889,525233.7454704462,0.0,681.7727272727273,10,2025,42,13.527761816623505,235,-1.0886591864935924,-0.2795740077747635,-0.47205412931655333,-1.5152288157288818,-1.3279991477687558,0.590993891409444,-1.1533470181426941,0.9340937940467628,1.258667265560666,-0.899167757985833,-0.39141834018174276,13.453524,696291.5,13.527761,749949.75,0.019789713,0.37097752,0.023877576,0.3150345,0.083394736,0.08764394,0.32604192332935217,227020.21985787962,367501.05417662166,1319239.2538578983,-53658.5,-7.154943662910861
2025-10-16,1320000.0,265,47.685442,-122.199961,1530.0,7000.0,1967.0,,3.0,1.5,"405 13th Ave, Kirkland, WA 98033",Kirkland,98033,Single Family,8728d5411ffffff,8,2025-10-12,6.749241495043788,2025-10-01,3.618446516281331,3.0,0.0,0.09582477754962354,289,-0.9666180104000972,0.2562218218071163,-0.8660254037844386,0.5000000000000001,4,1320000.0,0.0,0.0,862.7450980392157,10,2025,42,14.093142294562554,235,-0.6357805220343239,-0.17952851856671967,-0.47205412931655333,-1.5152288157288818,-1.3279991477687558,0.590993891409444,-1.1533470181426941,0.9340937940467628,1.258667265560666,-0.899167757985833,0.6566174817889783,13.726821,915129.56,14.0931425,1.3200002e+06,0.019166714,0.37958443,0.024444226,0.298869,0.08516823,0.08815715,0.3207460081392275,293524.1541020727,488042.98734961037,1715959.782000304,-404870.4375,-30.67200284090909
2025-10-16,970000.0,257,47.61513,-122.304331,1500.0,1985.0,1995.0,,3.0,1.5,"2111 E Pine St, Seattle, WA 98122",Seattle,98122,Single Family,8728d5421ffffff,9,2025-10-12,6.749241495043788,2025-10-01,3.618446516281331,30.0,0.32864532494608395,0.09582477754962354,289,-0.9666180104000972,0.2562218218071163,-0.8660254037844386,0.5000000000000001,4,1044335.9777777778,525054.2381346171,0.0,646.6666666666666,10,2025,42,13.785051350479566,235,-0.667376707926831,-0.29102365820635073,-0.47205412931655333,-1.5152288157288818,-1.3279991477687558,0.590993891409444,-1.1533470181426941,0.9340937940467628,1.258667265560666,-0.899167757985833,0.08551473165377009,13.648715,846372.6,13.785051,970000.0,0.018965412,0.36445054,0.023298018,0.33508527,0.08086583,0.08524167,0.3236097721641143,273894.45234219334,448848.1285685211,1595966.6689667006,-123627.375,-12.745090206185566
2025-10-16,1350000.0,254,47.543265,-122.267488,2160.0,9600.0,1952.0,,4.0,1.5,"6533 52nd Ave S, Seattle, WA 98118",Seattle,98118,Single Family,8728d550effffff,9,2025-10-12,6.749241495043788,2025-10-01,3.618446516281331,30.0,0.32864532494608395,0.09582477754962354,289,-0.9666180104000972,0.2562218218071163,-0.8660254037844386,0.5000000000000001,4,1042168.7555555556,525813.6185174045,0.0,625.0,10,2025,42,14.115615150414612,235,0.02773938170832532,-0.12172445813540544,0.6085216455163472,-1.5152288157288818,-1.3279991477687558,0.590993891409444,-1.1533470181426941,0.9340937940467628,1.258667265560666,-0.899167757985833,0.698275018392993,13.954875,1.149543e+06,14.115615,1.3499996e+06,0.0166245,0.3704185,0.023544509,0.3305076,0.081219345,0.08266295,0.3203452959692994,368250.69256443635,613538.4487207253,2153816.1333007365,-200457.0,-14.848666666666666
2025-10-17,2850000.0,266,47.620367,-122.118698,1500.0,7300.0,1959.0,,3.0,2.0,"16648 Ne 12th St, Bellevue, WA 98008",Bellevue,98008,Single Family,8728d558cffffff,59,2025-10-12,6.749241495043788,2025-10-01,3.618446516281331,30.0,0.5269037947205938,0.09856262833675565,290,-0.9620675724981452,0.27281126433401914,-0.8660254037844386,0.5000000000000001,4,1647698.357142857,1006899.6803389994,0.0,1900.0,10,2025,42,14.862829552244833,235,-0.667376707926831,-0.1728588192861834,-0.47205412931655333,-1.5132519465750691,-1.3217163053445393,0.6155845132504295,-1.1533470181426941,0.9340937940467628,1.258667265560666,-0.899167757985833,2.0833731786002825,13.720027,908933.25,14.862829,2.849999e+06,0.01925154,0.38105863,0.02455936,0.29539678,0.08533892,0.08853504,0.3210867839037034,291846.4540256408,484414.81453356275,1705479.8505235405,-1941066.75,-68.1076052631579
2025-10-17,997000.0,267,47.723444,-122.224549,1300.0,10272.0,1966.0,,3.0,1.5,"8717 Ne 137th Pl, Kirkland, WA 98034",Kirkland,98034,Single Family,8728d541bffffff,59,2025-10-12,6.749241495043788,2025-10-01,3.618446516281331,30.0,0.5269037947205938,0.09856262833675565,290,-0.9620675724981452,0.27281126433401914,-0.8660254037844386,0.5000000000000001,4,1636282.596491228,1001584.1316916036,0.0,766.9230769230769,10,2025,42,13.812506048943975,235,-0.8780179472102118,-0.10678433174700423,-0.47205412931655333,-1.5132519465750691,-1.3217163053445393,0.6155845132504295,-1.1533470181426941,0.9340937940467628,1.258667265560666,-0.899167757985833,0.1364070220579087,13.676244,869995.9,13.812506,996999.7,0.019819241,0.39220712,0.02547677,0.26529503,0.088921264,0.09137644,0.3226997934761857,280747.4891876335,462199.63486571045,1637588.6415271705,-127004.125,-12.738628385155467
2025-10-17,2050000.0,274,47.691568,-122.39531,3490.0,8065.0,2010.0,,4.0,2.5,"8534 30th Ave NW, Seattle, WA 98117",Seattle,98117,Single Family,8728d5473ffffff,9,2025-10-12,6.749241495043788,2025-10-01,3.618446516281331,30.0,0.32864532494608395,0.09856262833675565,290,-0.9620675724981452,0.27281126433401914,-0.8660254037844386,0.5000000000000001,4,1056305.9777777777,519444.52015047683,0.0,587.3925501432665,10,2025,42,14.53335035111459,235,1.428503622942807,-0.15585108612081594,0.6085216455163472,-1.5132519465750691,-1.3217163053445393,0.6155845132504295,-1.1533470181426941,0.9340937940467628,1.258667265560666,-0.899167757985833,1.4726233935395832,14.501192,1.9851242e+06,14.53335,2.0499992e+06,0.011626463,0.31334063,0.020517725,0.43204123,0.06196127,0.06845754,0.3342273906329756,663482.8981597427,1031068.7125173298,3821974.6783928447,-64875.75,-3.164670731707317
2025-10-17,1345000.0,273,47.693331,-122.39457,2430.0,7057.0,1964.0,,4.0,2.0,"8751 29th Ave NW, Seattle, WA 98117",Seattle,98117,Single Family,8728d5473ffffff,9,2025-10-12,6.749241495043788,2025-10-01,3.618446516281331,30.0,0.32864532494608395,0.09856262833675565,290,-0.9620675724981452,0.27281126433401914,-0.8660254037844386,0.5000000000000001,4,1069594.8666666667,522650.5356700659,0.0,553.4979423868313,10,2025,42,14.111904571018076,235,0.3121050547408893,-0.17826127570341777,0.6085216455163472,-1.5132519465750691,-1.3217163053445393,0.6155845132504295,-1.1533470181426941,0.9340937940467628,1.258667265560666,-0.899167757985833,0.6913967827984215,14.065866,1.2844825e+06,14.111904,1.3449994e+06,0.015479497,0.35946894,0.022853265,0.35483867,0.07687006,0.07950093,0.32384334407892396,415971.10821085644,680874.6604179322,2423199.723843518,-60517.5,-4.499442379182156
2025-10-17,1820000.0,270,47.525643,-122.385672,3040.0,7800.0,1968.0,,5.0,2.0,"4224 Sw Donovan St, Seattle, WA 98136",Seattle,98136,Single Family,8728d5570ffffff,9,2025-10-12,6.749241495043788,2025-10-01,3.618446516281331,30.0,0.32864532494608395,0.09856262833675565,290,-0.9620675724981452,0.27281126433401914,-0.8660254037844386,0.5000000000000001,4,1062694.8666666667,526038.4247214246,0.0,598.6842105263158,10,2025,42,14.414347059052979,235,0.9545608345552005,-0.161742653818623,1.689097420349248,-1.5132519465750691,-1.3217163053445393,0.6155845132504295,-1.1533470181426941,0.9340937940467628,1.258667265560666,-0.899167757985833,1.2520290895628226,14.309763,1.6392722e+06,14.414347,1.8199994e+06,0.012844691,0.3391066,0.022036985,0.3847859,0.06919199,0.073844105,0.3319953383149102,544230.745228994,855167.0351740058,3142325.9051770796,-180727.75,-9.930096153846153
2025-10-17,825000.0,271,47.689796,-122.390087,1150.0,3960.0,1947.0,,2.0,1.0,"8325 26th Ave NW, Seattle, WA 98117",Seattle,98117,Single Family,8728d5473ffffff,9,2025-10-12,6.749241495043788,2025-10-01,3.618446516281331,30.0,0.32864532494608395,0.09856262833675565,290,-0.9620675724981452,0.27281126433401914,-0.8660254037844386,0.5000000000000001,4,1067428.2,521899.65601929725,0.0,717.3913043478261,10,2025,42,13.623138665316818,235,-1.0359988766727473,-0.24711480460948704,-1.552629904149454,-1.5132519465750691,-1.3217163053445393,0.6155845132504295,-1.1533470181426941,0.9340937940467628,1.258667265560666,-0.899167757985833,-0.214619957645356,13.584492,793724.5,13.623138,824999.8,0.019053262,0.38271922,0.024812922,0.28964826,0.08495505,0.088903904,0.32421711059017777,257339.06399463356,420427.0220761617,1498473.1782202478,-31275.5,-3.7909696969696967
2025-10-17,750000.0,272,47.5422,-122.274379,1940.0,9315.0,1903.0,,5.0,1.5,"4623 S Holly St, Seattle, WA 98118",Seattle,98118,Single Family,8728d550effffff,9,2025-10-12,6.749241495043788,2025-10-01,3.618446516281331,30.0,0.32864532494608395,0.09856262833675565,290,-0.9620675724981452,0.27281126433401914,-0.8660254037844386,0.5000000000000001,4,1039917.088888889,510939.4989372854,0.0,386.5979381443299,10,2025,42,13.527828485512494,235,-0.20396598150339346,-0.12806067245191488,1.689097420349248,-1.5132519465750691,-1.3217163053445393,0.6155845132504295,-1.1533470181426941,0.9340937940467628,1.258667265560666,-0.899167757985833,-0.39129475723787077,13.82932,1.0139052e+06,13.527828,749999.8,0.017632203,0.38689485,0.024896419,0.28851748,0.08547795,0.08719438,0.3173063208535814,321718.5247399856,544378.2327568737,1888399.7642091194,263905.1875,35.187358333333336
2025-10-17,860000.0,269,47.73314,-122.302357,1090.0,9151.0,1944.0,,2.0,1.0,"14330 24th Pl NE, Seattle, WA 98125",Seattle,98125,Single Family,8728d54e5ffffff,9,2025-10-12,6.749241495043788,2025-10-01,3.618446516281331,30.0,0.32864532494608395,0.09856262833675565,290,-0.9620675724981452,0.27281126433401914,-0.8660254037844386,0.5000000000000001,4,1053639.3111111112,519833.5852566676,0.0,788.9908256880734,10,2025,42,13.664687668229691,235,-1.0991912484577615,-0.1317067747252747,-1.552629904149454,-1.5132519465750691,-1.3217163053445393,0.6155845132504295,-1.1533470181426941,0.9340937940467628,1.258667265560666,-0.899167757985833,-0.13760130362569703,13.633074,833237.3,13.664688,860000.4,0.019456139,0.3976371,0.026029887,0.25035584,0.08947805,0.09220401,0.32385881050114634,269851.244891422,441666.58250536793,1571965.138729938,-26762.6875,-3.111940406976744
2025-10-17,1800000.0,268,47.597366,-122.172978,2230.0,11205.0,1961.0,,4.0,2.5,"12514 Se 16th St, Bellevue, WA 98005",Bellevue,98005,Single Family,8728d55a9ffffff,7,2025-10-12,6.749241495043788,2025-10-01,3.618446516281331,26.0,0.7246861874828506,0.09856262833675565,290,-0.9620675724981452,0.27281126433401914,-0.8660254037844386,0.5000000000000001,4,2442445.3846153845,3004653.4343504324,0.0,807.1748878923767,10,2025,42,14.403297222866392,235,0.10146381545750857,-0.08604156698453648,0.6085216455163472,-1.5132519465750691,-1.3217163053445393,0.6155845132504295,-1.1533470181426941,0.9340937940467628,1.258667265560666,-0.899167757985833,1.2315462030778395,13.981897,1.1810299e+06,14.403297,1.8000004e+06,0.016428065,0.3712293,0.023639718,0.32856745,0.0808191,0.082624555,0.3212978475117445,379462.3566845647,629167.9889031734,2216946.009281695,-618970.125,-34.387229166666664
2025-10-17,825000.0,279,47.533169,-122.378476,2180.0,7627.0,1965.0,,3.0,2.0,"3609 Sw Holden St, Seattle, WA 98126",Seattle,98126,Single Family,8728d5570ffffff,9,2025-10-12,6.749241495043788,2025-10-01,3.618446516281331,30.0,0.32864532494608395,0.09856262833675565,290,-0.9620675724981452,0.27281126433401914,-0.8660254037844386,0.5000000000000001,4,1041694.8666666667,510197.23391731654,0.0,378.4403669724771,10,2025,42,13.623138665316818,235,0.048803505636663386,-0.1655888470703989,-0.47205412931655333,-1.5132519465750691,-1.3217163053445393,0.6155845132504295,-1.1533470181426941,0.9340937940467628,1.258667265560666,-0.899167757985833,-0.214619957645356,13.982389,1.1816111e+06,13.623138,824999.8,0.017012268,0.36727217,0.023430053,0.3354132,0.07967852,0.08296786,0.3215398118095064,379935.01876451913,629179.2170872564,2219089.381578217,356611.125,43.22559090909091
2025-10-17,1950000.0,276,47.498293,-122.247854,1710.0,32768.0,1959.0,,4.0,1.5,"6837 S 116th Pl, Seattle, WA 98178",Seattle,98178,Single Family,8728d5504ffffff,38,2025-10-12,6.749241495043788,2025-10-01,3.618446516281331,30.0,0.6040445509219083,0.09856262833675565,290,-0.9620675724981452,0.27281126433401914,-0.8660254037844386,0.5000000000000001,4,685347.0833333334,316991.40548761596,0.0,1140.3508771929824,10,2025,42,14.48333993053993,235,-0.44620340667928127,0.3933541849694744,0.6085216455163472,-1.5132519465750691,-1.3217163053445393,0.6155845132504295,-1.1533470181426941,0.9340937940467628,1.258667265560666,-0.899167757985833,1.3799199588098905,13.867616,1.0534865e+06,14.48334,1.9500006e+06,0.0198725,0.41557622,0.027512398,0.20055649,0.09559098,0.09601928,0.3180107987007131,335020.08328541875,564849.4612235032,1964831.1389600725,-896513.5,-45.97505128205128
2025-10-17,850000.0,277,47.58038,-122.292641,2130.0,5000.0,1919.0,,4.0,1.5,"2518 31st Ave S, Seattle, WA 98144",Seattle,98144,Single Family,8728d5425ffffff,9,2025-10-12,6.749241495043788,2025-10-01,3.618446516281331,30.0,0.32864532494608395,0.09856262833675565,290,-0.9620675724981452,0.27281126433401914,-0.8660254037844386,0.5000000000000001,4,1041305.9777777778,510377.56883780274,0.0,399.0610328638498,10,2025,42,13.652991628466498,235,-0.0038568041841817893,-0.22399318043696137,0.6085216455163472,-1.5132519465750691,-1.3217163053445393,0.6155845132504295,-1.1533470181426941,0.9340937940467628,1.258667265560666,-0.899167757985833,-0.1592820462854057,13.928327,1.119426e+06,13.652991,849999.7,0.016506521,0.36270028,0.022955418,0.34902307,0.07884881,0.08112468,0.31920689012239395,357328.49218215095,598798.9045460945,2092713.5087603198,269426.0,31.697176470588236
2025-10-17,1616000.0,278,47.700171,-122.363854,2450.0,5768.0,2015.0,,3.0,2.5,"9715 6th Ave NW, Seattle, WA 98117",Seattle,98117,Single Family,8728d5454ffffff,9,2025-10-12,6.749241495043788,2025-10-01,3.618446516281331,30.0,0.32864532494608395,0.09856262833675565,290,-0.9620675724981452,0.27281126433401914,-0.8660254037844386,0.5000000000000001,4,1058417.088888889,529354.2267230565,0.0,659.5918367346939,10,2025,42,14.295464518063177,235,0.33316917866922735,-0.20691875027878856,-0.47205412931655333,-1.5132519465750691,-1.3217163053445393,0.6155845132504295,-1.1533470181426941,0.9340937940467628,1.258667265560666,-0.899167757985833,1.0316586197185378,14.12925,1.3685325e+06,14.2954645,1.616e+06,0.015833512,0.35470927,0.022706319,0.3592705,0.07560034,0.079601645,0.32663717157920846,447013.5850142231,721466.1330528378,2595937.884286074,-247467.5,-15.31358292079208
2025-10-17,3500000.0,275,47.684877,-122.207731,3030.0,5996.0,2013.0,,4.0,2.5,"116 12th Ave, Kirkland, WA 98033",Kirkland,98033,Single Family,8728d5411ffffff,8,2025-10-12,6.749241495043788,2025-10-01,3.618446516281331,4.0,0.6324551320339289,0.09856262833675565,290,-0.9620675724981452,0.27281126433401914,-0.8660254037844386,0.5000000000000001,4,3500000.0,0.0,0.0,1155.1155115511551,10,2025,42,15.068273526459642,235,0.9440287725910315,-0.201849778825581,0.6085216455163472,-1.5132519465750691,-1.3217163053445393,0.6155845132504295,-1.1533470181426941,0.9340937940467628,1.258667265560666,-0.899167757985833,2.464201050779415,14.370643,1.7421711e+06,15.068274,3.5e+06,0.01303005,0.33318833,0.021470744,0.40158278,0.06796192,0.072794095,0.3333824287968841,580809.2410323,906379.2553794822,3348664.683808587,-1757828.875,-50.22368214285714
2025-10-17,4298000.0,283,47.573955,-122.519883,3480.0,16988.0,2003.0,,4.0,3.5,"9889 Ne South Beach Dr, Bainbridge Island, WA 98110",Bainbridge Island,98110,Single Family,8728d556bffffff,-1,2025-10-12,6.749241495043788,2025-10-01,3.618446516281331,2.0,0.0,0.09856262833675565,290,-0.9620675724981452,0.27281126433401914,-0.8660254037844386,0.5000000000000001,4,4298000.0,0.0,0.0,1235.057471264368,10,2025,42,15.273660356184593,235,1.417971560978638,0.04252800281326741,0.6085216455163472,-1.5132519465750691,-1.3217163053445393,0.6155845132504295,-1.1533470181426941,0.9340937940467628,1.258667265560666,-0.899167757985833,2.8449229952253896,14.486832,1.9568208e+06,15.273661,4.2980015e+06,0.012015941,0.32038334,0.021099575,0.41340896,0.06406661,0.07032338,0.3339178371054601,653417.3524430842,1016984.7748934185,3765196.562790254,-2341179.25,-54.47136458818055
2025-10-17,1941618.0,281,47.699305,-122.186052,2770.0,8569.0,2006.0,,4.0,2.5,"11609 Ne 111th St, Kirkland, WA 98033",Kirkland,98033,Single Family,8728d541effffff,59,2025-10-12,6.749241495043788,2025-10-01,3.618446516281331,30.0,0.5269037947205938,0.09856262833675565,290,-0.9620675724981452,0.27281126433401914,-0.8660254037844386,0.5000000000000001,4,1578168.6666666667,947098.3872682861,0.0,700.9451263537907,10,2025,42,14.47903220405613,235,0.6701951615226365,-0.14464599132951506,0.6085216455163472,-1.5132519465750691,-1.3217163053445393,0.6155845132504295,-1.1533470181426941,0.9340937940467628,1.258667265560666,-0.899167757985833,1.3719348021898186,14.2748,1.5829492e+06,14.4790325,1.9416186e+06,0.014173593,0.35090706,0.022453303,0.3703805,0.07322223,0.07678005,0.33145639298669916,524678.6486860007,826657.5245040443,3031156.6304024663,-358668.75,-18.472673306489742
2025-10-17,632450.0,282,47.581733,-122.312474,1180.0,1139.0,2025.0,,2.0,1.0,"2339 16th Ave S Unit A, Seattle, WA 98144",Seattle,98144,Townhouse,8728d5425ffffff,9,2025-10-12,6.749241495043788,2025-10-01,3.618446516281331,30.0,0.32864532494608395,0.09856262833675565,290,-0.9620675724981452,0.27281126433401914,-0.8660254037844386,0.5000000000000001,4,1047128.2,528161.8844190299,0.0,535.9745762711865,10,2025,42,13.357356445075688,235,-1.0044026907802401,-0.309832210177463,-1.552629904149454,-1.5132519465750691,-1.3217163053445393,0.6155845132504295,-1.1533470181426941,0.9340937940467628,1.258667265560666,-0.899167757985833,-0.7072957724718536,13.559358,774023.6,13.357356,632449.75,0.018832203,0.37384582,0.024119351,0.3119115,0.08231349,0.08702111,0.32417415187897375,250918.45216866382,410026.1862095117,1461156.7592122762,141573.625,22.384951379555694
2025-10-17,4200000.0,280,47.668297,-122.162956,1430.0,12096.0,1956.0,,3.0,1.0,"13222 Ne 70th St, Kirkland, WA 98033",Kirkland,98033,Single Family,8728d5410ffffff,59,2025-10-12,6.749241495043788,2025-10-01,3.618446516281331,30.0,0.5269037947205938,0.09856262833675565,290,-0.9620675724981452,0.27281126433401914,-0.8660254037844386,0.5000000000000001,4,1625838.3272727274,1002679.4801415125,0.0,2937.062937062937,10,2025,42,15.250595083253597,235,-0.7411011416760143,-0.0662325601213438,-0.47205412931655333,-1.5132519465750691,-1.3217163053445393,0.6155845132504295,-1.1533470181426941,0.9340937940467628,1.258667265560666,-0.899167757985833,2.8021673055288994,13.739267,926590.8,15.250595,4.2e+06,0.019647285,0.3953429,0.025716394,0.25816676,0.08962594,0.091699176,0.3200820452442792,296585.0823695584,494798.8229038212,1735191.184212385,-3273409.1875,-77.93831398809525
2025-10-20,665000.0,285,47.509838,-122.256753,1370.0,6102.0,1944.0,,3.0,1.5,"10062 61st Ave S, Seattle, WA 98178",Seattle,98178,Single Family,8728d5500ffffff,38,2025-10-19,6.755806035250525,2025-10-01,3.618446516281331,30.0,0.6040445509219083,0.10677618069815195,293,-0.9467139181463862,0.3220757010206104,-0.8660254037844386,0.5000000000000001,4,687973.725490196,310644.70674364164,0.0,485.4014598540146,10,2025,43,13.407542319637992,235,-0.8042935134610285,-0.19949315174645818,-0.47205412931655333,-1.5073213391136313,-1.3005173365844986,0.6886094585314149,-1.1533470181426941,0.9340937940467628,1.2624907716332576,-0.899167757985833,-0.6142671017792405,13.64768,845497.3,13.407542,664999.94,0.019468497,0.37959427,0.02445706,0.29881382,0.08430369,0.08870105,0.32361732852424374,273617.5815456777,448377.2884448848,1594339.7306181819,180497.3125,27.142453007518796
2025-10-20,540000.0,286,47.567997,-122.314489,1240.0,1338.0,1948.0,,3.0,2.0,"3932 14th Ave S, Seattle, WA 98108",Seattle,98108,Single Family,8728d550bffffff,38,2025-10-19,6.755806035250525,2025-10-01,3.618446516281331,30.0,0.6040445509219083,0.10677618069815195,293,-0.9467139181463862,0.3220757010206104,-0.8660254037844386,0.5000000000000001,4,685128.0769230769,308267.83088888,0.0,435.48387096774195,10,2025,43,13.199324418540456,235,-0.941210318995226,-0.3054079763213739,-0.47205412931655333,-1.5073213391136313,-1.3005173365844986,0.6886094585314149,-1.1533470181426941,0.9340937940467628,1.2624907716332576,-0.899167757985833,-1.0002369533051345,13.509508,736384.8,13.199325,540000.1,0.019475471,0.36608034,0.023464998,0.3295832,0.080757245,0.08640855,0.32524040252532405,239502.09283103526,389273.2989791373,1393012.6333445997,196384.8125,36.36755787037037
2025-10-20,1333000.0,284,47.608812,-122.12695,2990.0,7920.0,1961.0,,5.0,2.0,"15931 Se 1st St, Bellevue, WA 98008",Bellevue,98008,Single Family,8728d558cffffff,59,2025-10-19,6.755806035250525,2025-10-01,3.618446516281331,30.0,0.5269037947205938,0.10677618069815195,293,-0.9467139181463862,0.3220757010206104,-0.8660254037844386,0.5000000000000001,4,1616205.220338983,991536.7702088209,0.0,445.81939799331104,10,2025,43,14.102942599160846,235,0.9019005247343552,-0.15907477410640847,1.689097420349248,-1.5073213391136313,-1.3005173365844986,0.6886094585314149,-1.1533470181426941,0.9340937940467628,1.2624907716332576,-0.899167757985833,0.6747841336031242,14.290028,1.6072378e+06,14.102942,1.3329999e+06,0.013055092,0.34263578,0.022220619,0.379903,0.06924045,0.07469392,0.33149571821409624,532792.432277058,839276.9368880658,3077903.453047521,274237.75,20.572974493623406
2025-10-20,550000.0,287,47.521464,-122.346512,740.0,6600.0,1918.0,,2.0,1.0,"9046 9th Ave SW, Seattle, WA 98106",Seattle,98106,Single Family,8728d5576ffffff,38,2025-10-19,6.755806035250525,2025-10-01,3.618446516281331,30.0,0.6040445509219083,0.10677618069815195,293,-0.9467139181463862,0.3220757010206104,-0.8660254037844386,0.5000000000000001,4,688433.2,313781.0345164348,0.0,743.2432432432432,10,2025,43,13.217673557208654,235,-1.4678134172036776,-0.188421450940768,-1.552629904149454,-1.5073213391136313,-1.3005173365844986,0.6886094585314149,-1.1533470181426941,0.9340937940467628,1.2624907716332576,-0.899167757985833,-0.9662234785267354,13.47262,709715.9,13.217673,549999.9,0.02005965,0.39601097,0.02592281,0.25302315,0.08872408,0.09286683,0.32558092105200825,231069.94826773196,374925.0450525502,1343459.5728126671,159715.875,29.03925
2025-10-20,975000.0,288,47.525696,-122.3614,2150.0,7662.0,2013.0,,4.0,3.0,"8628 22nd Ave SW, Seattle, WA 98106",Seattle,98106,Single Family,8728d5576ffffff,38,2025-10-19,6.755806035250525,2025-10-01,3.618446516281331,30.0,0.6040445509219083,0.10677618069815195,293,-0.9467139181463862,0.3220757010206104,-0.8660254037844386,0.5000000000000001,4,691258.3673469388,316389.57709303923,0.0,453.48837209302326,10,2025,43,13.790192749979985,235,0.01720731974415628,-0.16481071548766965,0.6085216455163472,-1.5073213391136313,-1.3005173365844986,0.6886094585314149,-1.1533470181426941,0.9340937940467628,1.2624907716332576,-0.899167757985833,0.09504525324366117,13.947008,1.1405351e+06,13.790193,974999.9,0.016591039,0.3683008,0.02336106,0.33731973,0.07938619,0.08230059,0.3200458068703818,365023.4843446368,609088.1924941347,2135684.82513751,165535.125,16.97796153846154
2025-10-20,2042000.0,291,47.609755,-122.156523,2738.0,20038.0,1952.0,,3.0,2.0,"13649 Main St, Bellevue, WA 98005",Bellevue,98005,Single Family,8728d5436ffffff,7,2025-10-19,6.755806035250525,2025-10-01,3.618446516281331,27.0,0.8259864072385179,0.10677618069815195,293,-0.9467139181463862,0.3220757010206104,-0.8660254037844386,0.5000000000000001,4,2427614.074074074,2947312.8171141036,0.0,745.799853907962,10,2025,43,14.529440277706748,235,0.6364925632372955,0.110336612165386,-0.47205412931655333,-1.5073213391136313,-1.3005173365844986,0.6886094585314149,-1.1533470181426941,0.9340937940467628,1.2624907716332576,-0.899167757985833,1.4653753594141528,14.302064,1.6267e+06,14.52944,2.0419992e+06,0.015461467,0.36588836,0.02445569,0.30398494,0.0778397,0.08288029,0.33264399556125585,541111.9875794948,847530.1651117222,3122192.924325156,-415300.0,-20.33790401567091
2025-10-20,755000.0,289,47.683674,-122.29447,1280.0,6120.0,1942.0,,3.0,2.0,"7520 31st Ave NE, Seattle, WA 98115",Seattle,98115,Single Family,8728d540effffff,59,2025-10-19,6.755806035250525,2025-10-01,3.618446516281331,30.0,0.5269037947205938,0.10677618069815195,293,-0.9467139181463862,0.3220757010206104,-0.8660254037844386,0.5000000000000001,4,1621088.0689655172,999480.8443805435,0.0,589.84375,10,2025,43,13.534473028231162,235,-0.8990820711385498,-0.199092969789626,-0.47205412931655333,-1.5073213391136313,-1.3005173365844986,0.6886094585314149,-1.1533470181426941,0.9340937940467628,1.2624907716332576,-0.899167757985833,-0.3789778855709128,13.600943,806890.0,13.534473,755000.3,0.019649653,0.38077182,0.024566408,0.2949515,0.084798366,0.08918665,0.3244069842351325,261760.75150948606,427241.5924930048,1523895.2828011294,51890.0,6.872847682119206
2025-10-20,1750000.0,290,47.679197,-122.400179,2810.0,5000.0,1941.0,,5.0,2.0,"3309 Nw 70th St, Seattle, WA 98117",Seattle,98117,Single Family,8728d5473ffffff,9,2025-10-19,6.755806035250525,2025-10-01,3.618446516281331,30.0,0.32864532494608395,0.10677618069815195,293,-0.9467139181463862,0.3220757010206104,-0.8660254037844386,0.5000000000000001,4,1079594.8666666667,526993.6792237881,0.0,622.7758007117437,10,2025,43,14.375126345899696,235,0.7123234093793126,-0.22399318043696137,1.689097420349248,-1.5073213391136313,-1.3005173365844986,0.6886094585314149,-1.1533470181426941,0.9340937940467628,1.2624907716332576,-0.899167757985833,1.1793263452131857,14.201785,1.4714886e+06,14.375126,1.7499992e+06,0.0136352535,0.35005778,0.02245492,0.372698,0.07138923,0.07616672,0.3288477445416719,483895.7154499761,772388.9383436043,2803352.7425763058,-278511.375,-15.914935714285713
2025-10-21,2850000.0,292,47.619738,-122.120123,940.0,7979.0,1959.0,,3.0,1.0,"1039 165th Pl NE, Bellevue, WA 98008",Bellevue,98008,Single Family,8728d558cffffff,59,2025-10-19,6.755806035250525,2025-10-01,3.618446516281331,30.0,0.5269037947205938,0.10951403148528405,294,-0.9410336347451197,0.3383130181923075,-0.8660254037844386,0.5000000000000001,4,1636768.4666666666,995917.9259591773,0.0,3031.9148936170213,10,2025,43,14.862829552244833,235,-1.2571721779202971,-0.15776306658123634,-0.47205412931655333,-1.5053444699598189,-1.2926745033662406,0.7126781230229327,-1.1533470181426941,0.9340937940467628,1.2624907716332576,-0.899167757985833,2.0833731786002825,13.49206,723647.5,14.862829,2.849999e+06,0.020348512,0.39006925,0.0253708,0.26836553,0.08770628,0.0919341,0.32547207731142036,235527.05506621607,382366.34108540043,1369539.3209455346,-2126352.5,-74.6088596491228
2025-10-21,1300000.0,293,47.675856,-122.170775,1400.0,12000.0,1975.0,,3.0,2.0,"12709 Ne 80th Ln, Kirkland, WA 98033",Kirkland,98033,Single Family,8728d5410ffffff,59,2025-10-19,6.755806035250525,2025-10-01,3.618446516281331,30.0,0.5269037947205938,0.10951403148528405,294,-0.9410336347451197,0.3383130181923075,-0.8660254037844386,0.5000000000000001,4,1631247.6721311475,988524.5922602148,0.0,928.5714285714286,10,2025,43,14.077874822431765,235,-0.7726973275685214,-0.0683668638911154,-0.47205412931655333,-1.5053444699598189,-1.2926745033662406,0.7126781230229327,-1.1533470181426941,0.9340937940467628,1.2624907716332576,-0.899167757985833,0.6283164379285078,13.731967,919851.0,14.077875,1.3000004e+06,0.019711586,0.39612353,0.025762277,0.2577529,0.088658825,0.092012346,0.32045201749810626,294768.1087476505,490843.6960215932,1723819.3281329894,-380149.0,-29.24223076923077
2025-10-21,1150000.0,294,47.679945,-122.291141,1330.0,3800.0,1947.0,,3.0,1.5,"7016 34th Ave NE, Seattle, WA 98115",Seattle,98115,Single Family,8728d540effffff,59,2025-10-19,6.755806035250525,2025-10-01,3.618446516281331,30.0,0.5269037947205938,0.10951403148528405,294,-0.9410336347451197,0.3383130181923075,-0.8660254037844386,0.5000000000000001,4,1623485.6129032257,982291.7000164253,0.0,864.6616541353384,10,2025,43,13.955272500339433,235,-0.8464217613177046,-0.25067197755910636,-0.47205412931655333,-1.5053444699598189,-1.2926745033662406,0.7126781230229327,-1.1533470181426941,0.9340937940467628,1.2624907716332576,-0.899167757985833,0.40105067544951345,13.591884,799613.44,13.955273,1.1500002e+06,0.019430265,0.37305796,0.023963407,0.31452388,0.08228569,0.087511435,0.32444499111884734,259430.5746281985,423357.17063577997,1510265.2293694415,-350386.5625,-30.468396739130434
2025-10-21,1280000.0,295,47.671689,-122.287661,1890.0,4013.0,1929.0,,3.0,2.5,"5746 37th Ave NE, Seattle, WA 98105",Seattle,98105,Single Family,8728d540effffff,59,2025-10-19,6.755806035250525,2025-10-01,3.618446516281331,30.0,0.5269037947205938,0.10951403148528405,294,-0.9410336347451197,0.3383130181923075,-0.8660254037844386,0.5000000000000001,4,1618033.4603174604,975298.3468223193,0.0,677.2486772486773,10,2025,43,14.0623706358958,235,-0.25662629132423864,-0.24593649106992566,-0.47205412931655333,-1.5053444699598189,-1.2926745033662406,0.7126781230229327,-1.1533470181426941,0.9340937940467628,1.2624907716332576,-0.899167757985833,0.5995766007494117,13.836519,1.02123094e+06,14.06237,1.2799996e+06,0.018102637,0.36549082,0.023280967,0.33916837,0.07890576,0.08421795,0.31739960170777504,324138.2928141577,548211.2706336349,1902391.7355388033,-258769.0625,-20.2163330078125
2025-10-21,1540336.0,296,47.660439,-122.189756,2220.0,8602.0,1976.0,,3.0,1.5,"5906 112th Pl NE, Kirkland, WA 98033",Kirkland,98033,Single Family,8728d5415ffffff,7,2025-10-19,6.755806035250525,2025-10-01,3.618446516281331,28.0,0.9272866269941852,0.10951403148528405,294,-0.9410336347451197,0.3383130181923075,-0.8660254037844386,0.5000000000000001,4,2395925.5714285714,2897074.640475872,0.0,693.845045045045,10,2025,43,14.247511132409802,235,0.09093175349333953,-0.14391232440865606,-0.47205412931655333,-1.5053444699598189,-1.2926745033662406,0.7126781230229327,-1.1533470181426941,0.9340937940467628,1.2624907716332576,-0.899167757985833,0.9427682743484376,14.00367,1.2070256e+06,14.247511,1.5403356e+06,0.01688197,0.36912215,0.02357178,0.33230615,0.07886945,0.08322839,0.32209075084975264,388771.789851142,642018.1588620968,2269267.4098575613,-333310.375,-21.638809649323264
2025-10-21,435000.0,297,47.524195,-122.332129,1490.0,2550.0,2002.0,,3.0,2.5,"8811 2nd Ave S, Seattle, WA 98108",Seattle,98108,Single Family,8728d550dffffff,38,2025-10-19,6.755806035250525,2025-10-01,3.618446516281331,30.0,0.6040445509219083,0.10951403148528405,294,-0.9410336347451197,0.3383130181923075,-0.8660254037844386,0.5000000000000001,4,680408.679245283,307216.5809141926,0.0,291.9463087248322,10,2025,43,12.983101310070822,235,-0.677908769891,-0.2784623912280075,-0.47205412931655333,-1.5053444699598189,-1.2926745033662406,0.7126781230229327,-1.1533470181426941,0.9340937940467628,1.2624907716332576,-0.899167757985833,-1.4010459165719336,13.654289,851103.7,12.983101,434999.8,0.019025799,0.36694095,0.023471732,0.3307852,0.08027889,0.085848585,0.3234683556881599,275305.1103157545,451482.2187529458,1604443.0143420203,416103.6875,95.65602011494254
2025-10-21,3875000.0,298,47.670903,-122.411454,3010.0,40223.0,1952.0,,4.0,2.0,"4223 W Semple St, Seattle, WA 98199",Seattle,98199,Single Family,8728d5471ffffff,59,2025-10-19,6.755806035250525,2025-10-01,3.618446516281331,30.0,0.5269037947205938,0.10951403148528405,294,-0.9410336347451197,0.3383130181923075,-0.8660254037844386,0.5000000000000001,4,1653298.5625,1007819.6759773896,0.0,1287.375415282392,10,2025,43,15.170056220769585,235,0.9229646486626933,0.5590962120908004,0.6085216455163472,-1.5053444699598189,-1.2926745033662406,0.7126781230229327,-1.1533470181426941,0.9340937940467628,1.2624907716332576,-0.899167757985833,2.6528738363739244,14.400726,1.7953784e+06,15.170056,3.8750005e+06,0.013879953,0.33543748,0.022968661,0.34892103,0.069517575,0.07686043,0.33369349359642553,599106.0822812234,933491.4388607842,3453040.0185552305,-2079621.625,-53.66765483870968
2025-10-21,635000.0,299,47.73247,-122.298808,1350.0,8876.0,1949.0,,4.0,1.0,"14314 27th Ave NE, Seattle, WA 98125",Seattle,98125,Single Family,8728d54e0ffffff,59,2025-10-19,6.755806035250525,2025-10-01,3.618446516281331,30.0,0.5269037947205938,0.10951403148528405,294,-0.9410336347451197,0.3383130181923075,-0.8660254037844386,0.5000000000000001,4,1637632.4307692307,1007860.5947288476,0.0,470.3703703703704,10,2025,43,13.36138027787483,235,-0.8253576373893665,-0.13782066573243296,0.6085216455163472,-1.5053444699598189,-1.2926745033662406,0.7126781230229327,-1.1533470181426941,0.9340937940467628,1.2624907716332576,-0.899167757985833,-0.6998368645688187,13.68426,876998.3,13.361381,635000.2,0.020091144,0.39177755,0.025555555,0.2615813,0.08844747,0.09192143,0.3224574111670124,282794.6054465885,466141.1864617329,1649985.2298563947,241998.3125,38.10997047244095
2025-10-22,2150000.0,300,47.689916,-122.296995,1938.0,3398.0,2025.0,,3.0,1.5,"8314 28th Ave NE, Seattle, WA 98115",Seattle,98115,Single Family,8728d5408ffffff,9,2025-10-19,6.755806035250525,2025-10-01,3.618446516281331,30.0,0.32864532494608395,0.11225188227241616,295,-0.9350748843515574,0.3544502230989869,-0.8660254037844386,0.5000000000000001,4,1108605.9777777777,568617.3815945463,0.0,1109.391124871001,10,2025,43,14.580978400103845,235,-0.20607239389622728,-0.259609374595025,-0.47205412931655333,-1.5033676008060062,-1.2844471875397947,0.7365983905537506,-1.1533470181426941,0.9340937940467628,1.2624907716332576,-0.899167757985833,1.5609106680724274,13.852157,1.0373258e+06,14.580978,2.15e+06,0.017901447,0.36313894,0.023067277,0.34675616,0.07777308,0.08347824,0.3174389269351721,329287.59280215553,556808.3266186357,1932522.9513727152,-1112674.1875,-51.75228779069767
2025-10-22,950000.0,301,47.539663,-122.362506,2410.0,7700.0,1941.0,,5.0,1.5,"6968 24th Ave SW, Seattle, WA 98106",Seattle,98106,Single Family,8728d5572ffffff,38,2025-10-19,6.755806035250525,2025-10-01,3.618446516281331,30.0,0.6040445509219083,0.11225188227241616,295,-0.9350748843515574,0.3544502230989869,-0.8660254037844386,0.5000000000000001,4,685939.2727272727,303682.9232071,0.0,394.1908713692946,10,2025,43,13.764217263576723,235,0.2910409308125512,-0.16396588691213507,1.689097420349248,-1.5033676008060062,-1.2844471875397947,0.7365983905537506,-1.1533470181426941,0.9340937940467628,1.2624907716332576,-0.899167757985833,0.04689495215267396,13.965547,1.1618761e+06,13.764217,950000.1,0.015530951,0.37035823,0.023739476,0.33095223,0.077372745,0.08181861,0.3204645899951727,372340.156023305,619975.9782921837,2177432.97029347,211876.125,22.30275
2025-10-22,625000.0,302,47.723439,-122.332489,1320.0,7129.0,1948.0,,3.0,1.5,"2138 N 130th St, Seattle, WA 98133",Seattle,98133,Single Family,8728d5456ffffff,9,2025-10-19,6.755806035250525,2025-10-01,3.618446516281331,30.0,0.32864532494608395,0.11225188227241616,295,-0.9350748843515574,0.3544502230989869,-0.8660254037844386,0.5000000000000001,4,1094078.2,558321.1741756138,0.0,473.4848484848485,10,2025,43,13.345506928718539,235,-0.8569538232818736,-0.17666054787608906,-0.47205412931655333,-1.5033676008060062,-1.2844471875397947,0.7365983905537506,-1.1533470181426941,0.9340937940467628,1.2624907716332576,-0.899167757985833,-0.7292610119873552,13.64102,839884.6,13.345507,624999.8,0.019627197,0.38360584,0.024769954,0.28924882,0.08498494,0.08963211,0.32375790897737533,271919.28997224703,445278.1043631926,1584192.4223939984,214884.625,34.38154
2025-10-22,715000.0,303,47.535694,-122.36508,1270.0,2509.0,2004.0,,3.0,2.5,"2490 Sw Webster St, Seattle, WA 98106",Seattle,98106,Single Family,8728d5572ffffff,38,2025-10-19,6.755806035250525,2025-10-01,3.618446516281331,30.0,0.6040445509219083,0.11225188227241616,295,-0.9350748843515574,0.3544502230989869,-0.8660254037844386,0.5000000000000001,4,681049.2592592592,304340.91595441,0.0,562.992125984252,10,2025,43,13.480037821676145,235,-0.9096141331027189,-0.27937391679634743,-0.47205412931655333,-1.5033676008060062,-1.2844471875397947,0.7365983905537506,-1.1533470181426941,0.9340937940467628,1.2624907716332576,-0.899167757985833,-0.47988346804520343,13.549065,766097.44,13.480038,714999.9,0.019482765,0.3697583,0.023726363,0.32198745,0.081241295,0.08703004,0.3246316492914066,248699.47465354527,405463.68953943765,1447491.5761713719,51097.4375,7.146494755244754
2025-10-22,661500.0,304,47.555069,-122.396773,1390.0,7500.0,1927.0,,5.0,1.0,"4939 Sw Bruce St, Seattle, WA 98136",Seattle,98136,Single Family,8728d5546ffffff,9,2025-10-19,6.755806035250525,2025-10-01,3.618446516281331,30.0,0.32864532494608395,0.11225188227241616,295,-0.9350748843515574,0.3544502230989869,-0.8660254037844386,0.5000000000000001,4,1095455.9777777777,557302.6858603574,0.0,475.8992805755396,10,2025,43,13.402265262537147,235,-0.7832293895326904,-0.16841235309915922,1.689097420349248,-1.5033676008060062,-1.2844471875397947,0.7365983905537506,-1.1533470181426941,0.9340937940467628,1.2624907716332576,-0.899167757985833,-0.6240490894708391,13.706225,896474.75,13.402266,661500.2,0.020069163,0.40164208,0.026447926,0.23482418,0.090447985,0.09394393,0.32155096949871886,288262.3249936216,477340.5684013505,1683634.3113458168,234974.75,35.521504157218445
2025-10-22,2750000.0,305,47.500953,-122.383314,3100.0,26049.0,1954.0,,3.0,1.5,"11259 Arroyo Beach Pl SW, Seattle, WA 98146",Seattle,98146,Single Family,8728d5574ffffff,9,2025-10-19,6.755806035250525,2025-10-01,3.618446516281331,30.0,0.32864532494608395,0.11225188227241616,295,-0.9350748843515574,0.3544502230989869,-0.8660254037844386,0.5000000000000001,4,1099494.8666666667,555436.4349843436,0.0,887.0967741935484,10,2025,43,14.827111469642754,235,1.0177532063402146,0.24397515341639744,-0.47205412931655333,-1.5033676008060062,-1.2844471875397947,0.7365983905537506,-1.1533470181426941,0.9340937940467628,1.2624907716332576,-0.899167757985833,2.0171631987376184,14.407205,1.8070471e+06,14.827111,2.7499995e+06,0.013982575,0.3386201,0.02346989,0.33380395,0.06994461,0.07810465,0.3340299284731675,603607.821911393,938939.1641541452,3477775.029026667,-942952.875,-34.28919545454546
2025-10-23,1421525.0,308,47.679043,-122.309107,2050.0,4590.0,1925.0,,5.0,1.0,"6847 18th Ave NE, Seattle, WA 98115",Seattle,98115,Single Family,8728d5408ffffff,9,2025-10-19,6.755806035250525,2025-10-01,3.618446516281331,30.0,0.32864532494608395,0.11498973305954825,296,-0.9288394302558068,0.3704825404820963,-0.8660254037844386,0.5000000000000001,4,1114256.2555555555,559795.4379628444,0.0,693.4268292682926,10,2025,43,14.167240796974468,235,-0.08811329989753407,-0.23310843612036092,1.689097420349248,-1.5013907316521935,-1.2758378237002772,0.76036318273187,-1.1533470181426941,0.9340937940467628,1.2624907716332576,-0.899167757985833,0.7939725690483612,13.847575,1.03258425e+06,14.167241,1.4215254e+06,0.01687717,0.37689197,0.02405418,0.31818572,0.08025008,0.0843773,0.31717265366610015,327507.4867063198,554552.5140385269,1922685.7388260101,-388940.75,-27.36080969381474
2025-10-23,1050000.0,311,47.691109,-122.390882,1940.0,2940.0,1987.0,,3.0,2.5,"2613 Nw 86th St, Seattle, WA 98117",Seattle,98117,Single Family,8728d5473ffffff,9,2025-10-19,6.755806035250525,2025-10-01,3.618446516281331,30.0,0.32864532494608395,0.11498973305954825,296,-0.9288394302558068,0.3704825404820963,-0.8660254037844386,0.5000000000000001,4,1109572.6444444444,558958.4930806744,0.0,541.2371134020618,10,2025,43,13.864300722133706,235,-0.20396598150339346,-0.26979178216331035,-0.47205412931655333,-1.5013907316521935,-1.2758378237002772,0.76036318273187,-1.1533470181426941,0.9340937940467628,1.2624907716332576,-0.899167757985833,0.23241789439644076,13.8499365,1.0350254e+06,13.864301,1.05e+06,0.017856829,0.36172557,0.022956831,0.35053694,0.077118814,0.0831652,0.3173952608200411,328512.1488534858,555621.0488718514,1928072.190192983,-14974.625,-1.426154761904762
2025-10-23,900000.0,306,47.548839,-122.38146,2000.0,6450.0,1949.0,,3.0,2.0,"5946 39th Ave SW, Seattle, WA 98136",Seattle,98136,Single Family,8728d5573ffffff,14,2025-10-19,6.755806035250525,2025-10-01,3.618446516281331,2.0,-0.6324551320339289,0.11498973305954825,296,-0.9288394302558068,0.3704825404820963,-0.8660254037844386,0.5000000000000001,4,900000.0,0.0,0.0,450.0,10,2025,43,13.710150042306449,235,-0.14077360971837924,-0.19175630058103613,-0.47205412931655333,-1.5013907316521935,-1.2758378237002772,0.76036318273187,-1.1533470181426941,0.9340937940467628,1.2624907716332576,-0.899167757985833,-0.05332850248838642,13.902546,1.0909352e+06,13.71015,899999.75,0.017851563,0.37091756,0.023664042,0.32848698,0.079520315,0.08478123,0.31851328057195905,347477.3653690903,584352.630558384,2036680.7531094821,190935.25,21.215027777777777
2025-10-23,630000.0,309,47.729199,-122.304354,800.0,7800.0,1946.0,,2.0,1.0,"13726 23rd Ave NE, Seattle, WA 98125",Seattle,98125,Single Family,8728d54e5ffffff,9,2025-10-19,6.755806035250525,2025-10-01,3.618446516281331,30.0,0.32864532494608395,0.11498973305954825,296,-0.9288394302558068,0.3704825404820963,-0.8660254037844386,0.5000000000000001,4,1113994.8666666667,558870.2816509493,0.0,787.5,10,2025,43,13.353475098367715,235,-1.4046210454186636,-0.161742653818623,-1.552629904149454,-1.5013907316521935,-1.2758378237002772,0.76036318273187,-1.1533470181426941,0.9340937940467628,1.2624907716332576,-0.899167757985833,-0.7144905564203041,13.522303,745867.06,13.353476,630000.3,0.020009868,0.3990311,0.026141725,0.24721482,0.08862532,0.09331123,0.3248300117834854,242280.00670078865,394603.1299390458,1409815.5675729285,115867.0625,18.391597222222224
2025-10-23,680200.0,310,47.512285,-122.258546,1410.0,8475.0,1904.0,,3.0,1.5,"9835 60th Ave S, Seattle, WA 98118",Seattle,98118,Single Family,8728d5500ffffff,38,2025-10-19,6.755806035250525,2025-10-01,3.618446516281331,30.0,0.6040445509219083,0.11498973305954825,296,-0.9288394302558068,0.3704825404820963,-0.8660254037844386,0.5000000000000001,4,685471.2280701754,298224.45015140483,0.0,482.4113475177305,10,2025,43,13.430142151555232,235,-0.7621652656043524,-0.1467358304374164,-0.47205412931655333,-1.5013907316521935,-1.2758378237002772,0.76036318273187,-1.1533470181426941,0.9340937940467628,1.2624907716332576,-0.899167757985833,-0.572374191882308,13.703775,894281.06,13.430142,680200.2,0.019515282,0.38655102,0.024980115,0.28327852,0.08537105,0.08997348,0.3217841234021171,287765.4477716764,475954.96815203794,1680282.1567973278,214081.0625,31.473252352249336
2025-10-23,830000.0,307,47.594032,-122.295667,1780.0,1514.0,2015.0,,3.0,2.5,"909 29th Ave S, Seattle, WA 98144",Seattle,98144,Single Family,8728d5425ffffff,9,2025-10-19,6.755806035250525,2025-10-01,3.618446516281331,30.0,0.32864532494608395,0.11498973305954825,296,-0.9288394302558068,0.3704825404820963,-0.8660254037844386,0.5000000000000001,4,1108439.3111111112,559183.9996998766,0.0,466.29213483146066,10,2025,43,13.62918097977278,235,-0.372478972930098,-0.30149508607679265,-0.47205412931655333,-1.5013907316521935,-1.2758378237002772,0.76036318273187,-1.1533470181426941,0.9340937940467628,1.2624907716332576,-0.899167757985833,-0.20341942588921197,13.771806,957236.5,13.629181,829999.94,0.018284444,0.35931528,0.02285544,0.35220054,0.07707142,0.08345464,0.3183418958932785,304728.4822282463,512909.98826899845,1786476.637645372,127236.5,15.329698795180724
2025-10-23,2750000.0,312,47.715654,-122.241052,2840.0,61873.0,1953.0,,4.0,2.5,"7435 Ne 129th St, Kirkland, WA 98034",Kirkland,98034,Single Family,8728d541bffffff,59,2025-10-19,6.755806035250525,2025-10-01,3.618446516281331,30.0,0.5269037947205938,0.11498973305954825,296,-0.9288394302558068,0.3704825404820963,-0.8660254037844386,0.5000000000000001,4,1654486.4848484849,1009407.4752734777,0.0,968.3098591549295,10,2025,43,14.827111469642754,235,0.7439195952718197,1.040426176836167,0.6085216455163472,-1.5013907316521935,-1.2758378237002772,0.76036318273187,-1.1533470181426941,0.9340937940467628,1.2624907716332576,-0.899167757985833,2.0171631987376184,14.373079,1.7464214e+06,14.827111,2.7499995e+06,0.014818364,0.33628875,0.024188656,0.30386758,0.07166419,0.08033955,0.3338647175014863,583068.4790029322,907731.994364805,3360008.784026835,-1003578.625,-36.49376818181818
2025-10-23,1325000.0,313,47.674325,-122.379929,2061.0,1442.0,2025.0,,3.0,3.0,"1723 Nw 63rd St, Seattle, WA 98107",Seattle,98107,Townhouse,8728d5470ffffff,9,2025-10-19,6.755806035250525,2025-10-01,3.618446516281331,30.0,0.32864532494608395,0.11498973305954825,296,-0.9288394302558068,0.3704825404820963,-0.8660254037844386,0.5000000000000001,4,1113105.9777777777,559711.7168282336,0.0,642.8918000970402,10,2025,43,14.09692301740246,235,-0.07652803173694814,-0.3030958139041214,-0.47205412931655333,-1.5013907316521935,-1.2758378237002772,0.76036318273187,-1.1533470181426941,0.9340937940467628,1.2624907716332576,-0.899167757985833,0.6636257410476072,13.897578,1.0855292e+06,14.096923,1.3249998e+06,0.017130576,0.35294107,0.022295665,0.3722986,0.07426505,0.08064902,0.3181302535002062,345339.6954843887,581893.629356288,2025067.3886228187,-239470.75,-18.073264150943398
2025-10-23,1750000.0,316,47.558841,-122.399915,3260.0,9960.0,1990.0,,3.0,2.5,"5225 Sw Jacobsen Rd, Seattle, WA 98116",Seattle,98116,Single Family,8728d5546ffffff,9,2025-10-19,6.755806035250525,2025-10-01,3.618446516281331,30.0,0.32864532494608395,0.11498973305954825,296,-0.9288394302558068,0.3704825404820963,-0.8660254037844386,0.5000000000000001,4,1104439.3111111112,562426.0915770567,0.0,536.8098159509202,10,2025,43,14.375126345899696,235,1.1862661977669193,-0.11372081899876194,-0.47205412931655333,-1.5013907316521935,-1.2758378237002772,0.76036318273187,-1.1533470181426941,0.9340937940467628,1.2624907716332576,-0.899167757985833,1.1793263452131857,14.445261,1.8771421e+06,14.375126,1.7499992e+06,0.013041606,0.3280984,0.02197288,0.38571143,0.06523576,0.07373524,0.333922885397121,626820.7146804832,975565.0750082147,3611919.32126893,127142.125,7.265264285714286
2025-10-23,665000.0,317,47.494903,-122.347053,1650.0,9198.0,1976.0,,3.0,2.0,"12025 9th Ct SW, Seattle, WA 98146",Seattle,98146,Single Family,8728d5529ffffff,38,2025-10-19,6.755806035250525,2025-10-01,3.618446516281331,30.0,0.6040445509219083,0.11498973305954825,296,-0.9288394302558068,0.3704825404820963,-0.8660254037844386,0.5000000000000001,4,685565.3571428572,300922.5145627678,0.0,403.030303030303,10,2025,43,13.407542319637992,235,-0.5093957784642955,-0.13066185517132403,-0.47205412931655333,-1.5013907316521935,-1.2758378237002772,0.76036318273187,-1.1533470181426941,0.9340937940467628,1.2624907716332576,-0.899167757985833,-0.6142671017792405,13.783628,968620.8,13.407542,664999.94,0.019019809,0.38510078,0.02483498,0.28904495,0.08446717,0.088993646,0.3178878390363089,307912.77693121874,519472.05669720616,1806114.892881205,303620.8125,45.65726503759399
2025-10-23,1100000.0,314,47.602201,-122.119836,1360.0,8288.0,1957.0,,4.0,2.0,"912 165th Ave SE, Bellevue, WA 98008",Bellevue,98008,Single Family,8728d55aaffffff,7,2025-10-19,6.755806035250525,2025-10-01,3.618446516281331,29.0,1.0285868467498525,0.11498973305954825,296,-0.9288394302558068,0.3704825404820963,-0.8660254037844386,0.5000000000000001,4,2351238.4827586208,2855030.846111507,0.0,808.8235294117648,10,2025,43,13.9108207377686,235,-0.8148255754251975,-0.150893276322284,0.6085216455163472,-1.5013907316521935,-1.2758378237002772,0.76036318273187,-1.1533470181426941,0.9340937940467628,1.2624907716332576,-0.899167757985833,0.3186512270394939,13.682572,875519.2,13.910821,1.1000002e+06,0.020039773,0.39052302,0.025444701,0.26574832,0.087522484,0.091605484,0.3225225566377454,282374.68673790153,465295.587099165,1647412.7349912813,-224480.8125,-20.40734659090909
2025-10-23,2050000.0,315,47.639112,-122.311546,2730.0,6279.0,1955.0,,2.0,2.5,"1522 E Interlaken Blvd, Seattle, WA 98112",Seattle,98112,Single Family,8728d542affffff,59,2025-10-19,6.755806035250525,2025-10-01,3.618446516281331,30.0,0.5269037947205938,0.11498973305954825,296,-0.9288394302558068,0.3704825404820963,-0.8660254037844386,0.5000000000000001,4,1660389.671641791,1002895.9618122635,0.0,750.9157509157509,10,2025,43,14.53335035111459,235,0.6280669136659603,-0.19555802917094178,-1.552629904149454,-1.5013907316521935,-1.2758378237002772,0.76036318273187,-1.1533470181426941,0.9340937940467628,1.2624907716332576,-0.899167757985833,1.4726233935395832,14.3383465,1.6868045e+06,14.53335,2.0499992e+06,0.014850607,0.35773346,0.023412324,0.34327096,0.07279642,0.08000326,0.33379246583675926,563042.6334395418,876869.316504293,3244850.1047205515,-363195.5,-17.716853658536586
2025-10-24,1250000.0,322,47.683537,-122.296834,2900.0,8044.0,1951.0,,7.0,2.5,"7516 28th Ave NE, Seattle, WA 98115",Seattle,98115,Single Family,8728d5408ffffff,9,2025-10-19,6.755806035250525,2025-10-01,3.618446516281331,30.0,0.32864532494608395,0.11772758384668036,297,-0.9223291176290545,0.3864052261209853,-0.8660254037844386,0.5000000000000001,4,1119309.3111111112,554492.703183885,0.0,431.0344827586207,10,2025,43,14.038654109278484,235,0.807111967056834,-0.15631796507045348,3.8502489700150493,-1.499413862498381,-1.2668489594969605,0.7839654671729438,-1.1533470181426941,0.9340937940467628,1.2624907716332576,-0.899167757985833,0.5556136935788741,14.02359,1.2313111e+06,14.038654,1.2500002e+06,0.013346961,0.3605581,0.023889454,0.3311812,0.071967736,0.078976795,0.32213014038659765,396642.4255558295,654885.0563523642,2315103.9864541134,-18688.875,-1.49511
2025-10-24,1210000.0,318,47.682297,-122.385044,2250.0,5100.0,1915.0,,4.0,3.0,"7332 23rd Ave NW, Seattle, WA 98117",Seattle,98117,Single Family,8728d5473ffffff,9,2025-10-19,6.755806035250525,2025-10-01,3.618446516281331,30.0,0.32864532494608395,0.11772758384668036,297,-0.9223291176290545,0.3864052261209853,-0.8660254037844386,0.5000000000000001,4,1095838.4777777777,471604.7099956887,0.0,537.7777777777778,10,2025,43,14.006130917572923,235,0.12252793938584663,-0.2217699473434493,0.6085216455163472,-1.499413862498381,-1.2668489594969605,0.7839654671729438,-1.1533470181426941,0.9340937940467628,1.2624907716332576,-0.899167757985833,0.49532602663200864,13.971906,1.1692881e+06,14.006131,1.2100002e+06,0.01611411,0.3621661,0.022935644,0.352618,0.07620205,0.08066456,0.3207876806614733,375093.22564375284,623536.0456481403,2192711.7162257526,-40711.875,-3.3646177685950414
2025-10-24,6000000.0,325,47.590265,-122.199695,5190.0,20000.0,2016.0,,5.0,4.0,"10452 Se 23rd St, Bellevue, WA 98004",Bellevue,98004,Single Family,8728d5434ffffff,36,2025-10-19,6.755806035250525,2025-10-01,3.618446516281331,7.0,0.7302964766736522,0.11772758384668036,297,-0.9223291176290545,0.3864052261209853,-0.8660254037844386,0.5000000000000001,4,6000000.0,0.0,0.0,1156.0693641618498,10,2025,43,15.60727002719233,235,3.218954156851543,0.10949178358985141,1.689097420349248,-1.499413862498381,-1.2668489594969605,0.7839654671729438,-1.1533470181426941,0.9340937940467628,1.2624907716332576,-0.899167757985833,3.463329359460817,14.999371,3.2669605e+06,15.60727,6.0000015e+06,0.0073387036,0.25037864,0.015964938,0.5791255,0.04144696,0.051984344,0.3131690368317299,1023110.8731523068,1768353.1766183376,6035576.216884133,-2733039.5,-45.55065833333333
2025-10-24,823500.0,319,47.537366,-122.168348,1150.0,6745.0,1963.0,,3.0,1.0,"7235 129th Ave SE, Newcastle, WA 98056",Newcastle,98056,Single Family,8728d5510ffffff,7,2025-10-19,6.755806035250525,2025-10-01,3.618446516281331,30.0,1.1298870665055198,0.11772758384668036,297,-0.9223291176290545,0.3864052261209853,-0.8660254037844386,0.5000000000000001,4,2270787.6129032257,2776692.2213546303,0.0,716.0869565217391,10,2025,43,13.621318828599833,235,-1.0359988766727473,-0.18519776295517548,-0.47205412931655333,-1.499413862498381,-1.2668489594969605,0.7839654671729438,-1.1533470181426941,0.9340937940467628,1.2624907716332576,-0.899167757985833,-0.21799335687641913,13.5657425,778981.44,13.621319,823500.0,0.019933708,0.38468453,0.02488405,0.28543755,0.085091874,0.09029268,0.324446695319217,252737.95311188817,412432.1431828445,1471301.6093314914,-44518.5625,-5.406018518518518
2025-10-24,437000.0,320,47.55209,-122.279078,890.0,4120.0,1925.0,,2.0,1.0,"4236 S Findlay St, Seattle, WA 98118",Seattle,98118,Single Family,8728d550affffff,38,2025-10-19,6.755806035250525,2025-10-01,3.618446516281331,30.0,0.6040445509219083,0.11772758384668036,297,-0.9223291176290545,0.3864052261209853,-0.8660254037844386,0.5000000000000001,4,681187.2413793104,297391.92561977106,0.0,491.0112359550562,10,2025,43,12.987688474077727,235,-1.3098324877411422,-0.2435576316598677,-1.552629904149454,-1.499413862498381,-1.2668489594969605,0.7839654671729438,-1.1533470181426941,0.9340937940467628,1.2624907716332576,-0.899167757985833,-1.392542771542916,13.485983,719263.4,12.987688,436999.8,0.019646555,0.38774014,0.025218133,0.2773386,0.08499509,0.090733305,0.3253157731982747,233987.72097132562,380166.266499784,1360825.1618359804,282263.375,64.59116132723112
2025-10-24,1385000.0,321,47.544074,-122.140487,2365.0,13129.0,1988.0,,4.0,2.5,"6512 150th Pl SE, Bellevue, WA 98006",Bellevue,98006,Single Family,8728d5512ffffff,7,2025-10-19,6.755806035250525,2025-10-01,3.618446516281331,30.0,1.1298870665055198,0.11772758384668036,297,-0.9223291176290545,0.3864052261209853,-0.8660254037844386,0.5000000000000001,4,2319030.533333333,2810915.47210542,0.0,585.6236786469344,10,2025,43,14.141210697603576,235,0.24364665197379054,-0.04326656226536396,0.6085216455163472,-1.499413862498381,-1.2668489594969605,0.7839654671729438,-1.1533470181426941,0.9340937940467628,1.2624907716332576,-0.899167757985833,0.7457210328623282,14.0578985,1.2742885e+06,14.141211,1.3849998e+06,0.015994951,0.3716495,0.023717172,0.32968014,0.07813483,0.08234316,0.32369131654406436,412476.122221961,675672.3451492374,2403252.2973197885,-110711.5,-7.993610108303249
2025-10-24,790000.0,324,47.52907,-122.37621,1220.0,4800.0,1945.0,,3.0,1.0,"8222 35th Ave SW, Seattle, WA 98126",Seattle,98126,Single Family,8728d5570ffffff,9,2025-10-19,6.755806035250525,2025-10-01,3.618446516281331,30.0,0.32864532494608395,0.11772758384668036,297,-0.9223291176290545,0.3864052261209853,-0.8660254037844386,0.5000000000000001,4,1117530.9777777777,554325.4767594432,0.0,647.5409836065573,10,2025,43,13.579788224443204,235,-0.962274442923564,-0.22843964662398553,-0.47205412931655333,-1.499413862498381,-1.2668489594969605,0.7839654671729438,-1.1533470181426941,0.9340937940467628,1.2624907716332576,-0.899167757985833,-0.294977905446073,13.5647,778169.9,13.579788,790000.0,0.0197029,0.3778856,0.02434525,0.3027556,0.083096504,0.08875196,0.32444958924437295,252476.89630609503,412000.1249997125,1469777.110233258,-11830.125,-1.49748417721519
2025-10-24,1000000.0,323,47.649487,-122.391868,900.0,5250.0,1938.0,,2.0,1.0,"3225 27th Ave W, Seattle, WA 98199",Seattle,98199,Single Family,8728d5474ffffff,9,2025-10-19,6.755806035250525,2025-10-01,3.618446516281331,30.0,0.32864532494608395,0.11772758384668036,297,-0.9223291176290545,0.3864052261209853,-0.8660254037844386,0.5000000000000001,4,1124616.2555555555,550989.9310065856,0.0,1111.111111111111,10,2025,43,13.815510557964274,235,-1.2993004257769731,-0.21843509770318115,-1.552629904149454,-1.499413862498381,-1.2668489594969605,0.7839654671729438,-1.1533470181426941,0.9340937940467628,1.2624907716332576,-0.899167757985833,0.14197642744697578,13.513293,739177.44,13.815511,1.0000002e+06,0.019683773,0.39088935,0.02546504,0.26954165,0.085855275,0.09134762,0.32491136323509173,240167.14889074682,391001.6247601243,1397393.8698106422,-260822.5625,-26.08225625
2025-10-24,2800000.0,326,47.600333,-122.126681,1260.0,7752.0,1956.0,,3.0,1.0,"1053 160th Ave SE, Bellevue, WA 98008",Bellevue,98008,Single Family,8728d55abffffff,59,2025-10-19,6.755806035250525,2025-10-01,3.618446516281331,30.0,0.5269037947205938,0.11772758384668036,297,-0.9223291176290545,0.3864052261209853,-0.8660254037844386,0.5000000000000001,4,1665649.4084507043,987874.9893808799,0.0,2222.222222222222,10,2025,43,14.845129975145433,235,-0.9201461950668879,-0.16280980570350878,-0.47205412931655333,-1.499413862498381,-1.2668489594969605,0.7839654671729438,-1.1533470181426941,0.9340937940467628,1.2624907716332576,-0.899167757985833,2.0505637846475198,13.618878,821492.75,14.84513,2.8e+06,0.019780202,0.38646418,0.024997339,0.28232926,0.085380554,0.09035754,0.3241430261061853,266281.1459092919,435198.7200225397,1550671.6160591366,-1978507.25,-70.66097321428572
2025-10-24,1050000.0,329,47.669955,-122.286106,1110.0,5350.0,1942.0,,2.0,1.0,"5549 39th Ave NE, Seattle, WA 98105",Seattle,98105,Single Family,8728d540effffff,59,2025-10-19,6.755806035250525,2025-10-01,3.618446516281331,30.0,0.5269037947205938,0.11772758384668036,297,-0.9223291176290545,0.3864052261209853,-0.8660254037844386,0.5000000000000001,4,1649444.4,985456.97631532,0.0,945.9459459459459,10,2025,43,13.864300722133706,235,-1.0781271245294235,-0.21621186460966907,-1.552629904149454,-1.499413862498381,-1.2668489594969605,0.7839654671729438,-1.1533470181426941,0.9340937940467628,1.2624907716332576,-0.899167757985833,0.23241789439644076,13.5911,798986.8,13.864301,1.05e+06,0.019230273,0.38827017,0.025227135,0.2781955,0.084655054,0.09021591,0.32422148363263564,259048.68975166048,423210.7797304751,1508420.820028265,-251013.1875,-23.906017857142857
2025-10-24,1230000.0,330,47.599004,-122.127259,1830.0,9039.0,1956.0,,3.0,2.0,"15851 Se 12th Pl, Bellevue, WA 98008",Bellevue,98008,Single Family,8728d55abffffff,59,2025-10-19,6.755806035250525,2025-10-01,3.618446516281331,30.0,0.5269037947205938,0.11772758384668036,297,-0.9223291176290545,0.3864052261209853,-0.8660254037844386,0.5000000000000001,4,1658132.0,989972.6294327535,0.0,672.1311475409836,10,2025,43,14.0225247273486,235,-0.31981866310925283,-0.13419679579000823,-0.47205412931655333,-1.499413862498381,-1.2668489594969605,0.7839654671729438,-1.1533470181426941,0.9340937940467628,1.2624907716332576,-0.899167757985833,0.5257149427228383,13.846209,1.03117406e+06,14.022525,1.2300001e+06,0.018569654,0.38176367,0.02455381,0.29919863,0.08285698,0.08775905,0.3174315313486624,327327.16174639633,553514.2471701249,1921034.4478352694,-198825.9375,-16.164710365853658
2025-10-24,760000.0,331,47.533352,-122.381695,1280.0,5380.0,1942.0,,3.0,1.5,"3823 Sw Holden St, Seattle, WA 98126",Seattle,98126,Single Family,8728d5570ffffff,9,2025-10-19,6.755806035250525,2025-10-01,3.618446516281331,30.0,0.32864532494608395,0.11772758384668036,297,-0.9223291176290545,0.3864052261209853,-0.8660254037844386,0.5000000000000001,4,1120529.8666666667,553244.3506468108,0.0,593.75,10,2025,43,13.541073712262515,235,-0.8990820711385498,-0.21554489468161545,-0.47205412931655333,-1.499413862498381,-1.2668489594969605,0.7839654671729438,-1.1533470181426941,0.9340937940467628,1.2624907716332576,-0.899167757985833,-0.3667423139792211,13.593823,801166.0,13.541074,760000.06,0.019617856,0.37900245,0.024416395,0.30077997,0.08328831,0.088807955,0.32442720955650023,259920.04977154307,424193.9683765523,1513144.9082842777,41166.0,5.4165789473684205
2025-10-24,1935000.0,333,47.70974,-122.225988,3260.0,14872.0,1996.0,,3.0,2.5,"8626 Ne 121st Pl, Kirkland, WA 98034",Kirkland,98034,Single Family,8728d5418ffffff,59,2025-10-19,6.755806035250525,2025-10-01,3.618446516281331,30.0,0.5269037947205938,0.11772758384668036,297,-0.9223291176290545,0.3864052261209853,-0.8660254037844386,0.5000000000000001,4,1664428.0588235294,995940.4340223931,0.0,593.5582822085889,10,2025,43,14.475617884446018,235,1.1862661977669193,-0.004515609445448317,-0.47205412931655333,-1.499413862498381,-1.2668489594969605,0.7839654671729438,-1.1533470181426941,0.9340937940467628,1.2624907716332576,-0.899167757985833,1.3656057381370619,14.435926,1.8597012e+06,14.475617,1.9349991e+06,0.013305353,0.3341816,0.022581525,0.3661214,0.066885084,0.075434215,0.3339856835730053,621113.5932228224,966382.0168280255,3578800.9681565803,-75298.75,-3.89140826873385
2025-10-24,609000.0,332,47.511054,-122.376301,1180.0,4500.0,1948.0,,2.0,1.0,"10229 35th Ave SW, Seattle, WA 98146",Seattle,98146,Single Family,8728d5574ffffff,9,2025-10-19,6.755806035250525,2025-10-01,3.618446516281331,30.0,0.32864532494608395,0.11772758384668036,297,-0.9223291176290545,0.3864052261209853,-0.8660254037844386,0.5000000000000001,4,1117418.7555555555,556074.567990263,0.0,516.1016949152543,10,2025,43,13.319573546692034,235,-1.0044026907802401,-0.2351093459045218,-1.552629904149454,-1.499413862498381,-1.2668489594969605,0.7839654671729438,-1.1533470181426941,0.9340937940467628,1.2624907716332576,-0.899167757985833,-0.777333264937622,13.602973,808529.94,13.319573,608999.94,0.019021653,0.38477322,0.024942342,0.28763348,0.08351001,0.08929217,0.32422440971251554,262145.1417208346,428263.15822239226,1526446.1707483835,199529.9375,32.76353653530378
2025-10-24,695000.0,328,47.513184,-122.171877,1700.0,9750.0,1962.0,,3.0,1.5,"10012 126th Ave SE, Renton, WA 98056",Renton,98056,Single Family,8728d5514ffffff,10,2025-10-19,6.755806035250525,2025-10-01,3.618446516281331,2.0,0.0,0.11772758384668036,297,-0.9223291176290545,0.3864052261209853,-0.8660254037844386,0.5000000000000001,4,695000.0,0.0,0.0,408.8235294117647,10,2025,43,13.45166712454693,235,-0.4567354686434503,-0.11838960849513731,-0.47205412931655333,-1.499413862498381,-1.2668489594969605,0.7839654671729438,-1.1533470181426941,0.9340937940467628,1.2624907716332576,-0.899167757985833,-0.5324737290214678,13.806997,991522.9,13.451667,694999.8,0.018931136,0.3859881,0.024897408,0.28760666,0.08433594,0.08902249,0.31766214502886825,314969.2833176904,531989.7466574424,1848001.0575499972,296522.875,42.665161870503596
2025-10-24,1120000.0,327,47.679789,-122.39008,2790.0,5100.0,1915.0,,4.0,1.5,"7007 26th Ave NW, Seattle, WA 98117",Seattle,98117,Single Family,8728d5470ffffff,9,2025-10-19,6.755806035250525,2025-10-01,3.618446516281331,30.0,0.32864532494608395,0.11772758384668036,297,-0.9223291176290545,0.3864052261209853,-0.8660254037844386,0.5000000000000001,4,1120863.7555555555,553234.7556723749,0.0,401.4336917562724,10,2025,43,13.928839243271277,235,0.6912592854509746,-0.2217699473434493,0.6085216455163472,-1.499413862498381,-1.2668489594969605,0.7839654671729438,-1.1533470181426941,0.9340937940467628,1.2624907716332576,-0.899167757985833,0.3520518129493923,14.283168,1.5962502e+06,13.92884,1.1200005e+06,0.013930739,0.3471898,0.0221019,0.38383362,0.06991138,0.075765274,0.331719193545584,529506.8456269369,833174.363940213,3058201.201394075,476250.25,42.522343750000005
2025-10-27,553000.0,334,47.496028,-122.328979,1000.0,6400.0,1954.0,,3.0,1.0,"320 S 120th St, Seattle, WA 98168",Seattle,98168,Single Family,8728d5528ffffff,38,2025-10-26,6.653143382541731,2025-10-01,3.618446516281331,30.0,0.6040445509219083,0.12594113620807665,300,-0.9011686968561569,0.4334685453485363,-0.8660254037844386,0.5000000000000001,4,679014.5762711865,295289.0178039021,0.0,553.0,10,2025,44,13.223113280504473,235,-1.1939798061352829,-0.19286791712779217,-0.47205412931655333,-1.4934832550369432,-1.2376325209451455,0.8537276839460197,-1.1533470181426941,0.9340937940467628,1.202695071752012,-0.899167757985833,-0.9561399593779875,13.489355,721693.0,13.223113,552999.9,0.020229666,0.38675943,0.025054447,0.28270614,0.08501025,0.08929513,0.32553053459957065,234933.10810676793,381289.8932510476,1365996.743436057,168693.0,30.50506329113924
2025-10-27,971000.0,335,47.691768,-122.339483,1220.0,5125.0,1917.0,,4.0,2.0,"8543 Ashworth Ave N, Seattle, WA 98103",Seattle,98103,Single Family,8728d5409ffffff,9,2025-10-26,6.653143382541731,2025-10-01,3.618446516281331,30.0,0.32864532494608395,0.12594113620807665,300,-0.9011686968561569,0.4334685453485363,-0.8660254037844386,0.5000000000000001,4,1091071.8111111112,470662.98846848763,0.0,795.9016393442623,10,2025,44,13.786081747273462,235,-0.962274442923564,-0.22121413907007126,0.6085216455163472,-1.4934832550369432,-1.2376325209451455,0.8537276839460197,-1.1533470181426941,0.9340937940467628,1.202695071752012,-0.899167757985833,0.08742476002047785,13.580981,790943.06,13.786081,970999.56,0.020239543,0.38461035,0.02512988,0.27792895,0.08520998,0.08933191,0.3247834195884745,256885.1925385305,418488.944745589,1494880.393070172,-180056.9375,-18.543453913491245
2025-10-27,625000.0,336,47.518833,-122.365534,1020.0,8320.0,1957.0,,4.0,1.0,"9408 26th Ave SW, Seattle, WA 98106",Seattle,98106,Single Family,8728d5576ffffff,38,2025-10-26,6.653143382541731,2025-10-01,3.618446516281331,30.0,0.6040445509219083,0.12594113620807665,300,-0.9011686968561569,0.4334685453485363,-0.8660254037844386,0.5000000000000001,4,678114.3333333334,292858.90575940977,0.0,612.7450980392157,10,2025,44,13.345506928718539,235,-1.1729156822069446,-0.15018184173236013,0.6085216455163472,-1.4934832550369432,-1.2376325209451455,0.8537276839460197,-1.1533470181426941,0.9340937940467628,1.202695071752012,-0.899167757985833,-0.7292610119873552,13.546815,764375.9,13.345507,624999.8,0.020800695,0.39339072,0.02600177,0.24893665,0.088178456,0.09200433,0.3250634872341232,248470.68748513426,404210.26664366224,1445461.7136329783,139375.875,22.30014
2025-10-27,1600000.0,337,47.671034,-122.402954,2060.0,6400.0,1948.0,,4.0,2.0,"3441 Nw 59th St, Seattle, WA 98107",Seattle,98107,Single Family,8728d5470ffffff,9,2025-10-26,6.653143382541731,2025-10-01,3.618446516281331,30.0,0.32864532494608395,0.12594113620807665,300,-0.9011686968561569,0.4334685453485363,-0.8660254037844386,0.5000000000000001,4,1103860.7,468653.7786217665,0.0,776.6990291262136,10,2025,44,14.28551418721001,235,-0.07758123793336504,-0.19286791712779217,0.6085216455163472,-1.4934832550369432,-1.2376325209451455,0.8537276839460197,-1.1533470181426941,0.9340937940467628,1.202695071752012,-0.899167757985833,1.01321386688131,13.907332,1.0961695e+06,14.285514,1.5999995e+06,0.016990548,0.37055224,0.023494612,0.33655548,0.078209534,0.08151692,0.3184552412952201,349080.9226229608,587223.1309259627,2046219.8909219978,-503830.5,-31.489406250000002
2025-10-28,274000.0,343,47.523446,-122.378414,1700.0,6415.0,1952.0,,3.0,1.5,"8841 36th Ave SW, Seattle, WA 98126",Seattle,98126,Single Family,8728d5570ffffff,9,2025-10-26,6.653143382541731,2025-10-01,3.618446516281331,30.0,0.32864532494608395,0.12867898699520877,301,-0.8935790198239952,0.4489059314938798,-0.8660254037844386,0.5000000000000001,4,1100260.7,476155.05628702056,0.0,161.1764705882353,10,2025,44,12.520883385370206,235,-0.4567354686434503,-0.19253443216376537,-0.47205412931655333,-1.4915063858831303,-1.2271533657800326,0.8766106062803776,-1.1533470181426941,0.9340937940467628,1.202695071752012,-0.899167757985833,-2.2578511327849933,13.780649,965739.3,12.520884,274000.06,0.018804139,0.37796968,0.024234492,0.31208417,0.08094872,0.085605845,0.31791886834492555,307026.74934620643,517895.2098680119,1800851.5010269799,691739.3125,252.4596031021898
2025-10-28,1305000.0,339,47.66076,-122.326513,1680.0,4080.0,1919.0,,4.0,1.0,"4417 Thackeray Pl NE, Seattle, WA 98105",Seattle,98105,Single Family,8728d542bffffff,9,2025-10-26,6.653143382541731,2025-10-01,3.618446516281331,30.0,0.32864532494608395,0.12867898699520877,301,-0.8935790198239952,0.4489059314938798,-0.8660254037844386,0.5000000000000001,4,1107105.1444444444,468510.5539886288,0.0,776.7857142857143,10,2025,44,14.081713598738931,235,-0.4777995925717884,-0.24444692489727254,0.6085216455163472,-1.4915063858831303,-1.2271533657800326,0.8766106062803776,-1.1533470181426941,0.9340937940467628,1.202695071752012,-0.899167757985833,0.6354323098756751,13.750357,936923.25,14.081714,1.3050001e+06,0.018654238,0.37416315,0.02403044,0.3158186,0.08078236,0.08481544,0.3195196912770289,299365.4275902706,500868.10367636726,1752607.5563396667,-368076.75,-28.205114942528738
2025-10-28,815000.0,344,47.518734,-122.164928,1120.0,21154.0,1936.0,,2.0,1.0,"13128 Se 95th Way, Newcastle, WA 98056",Newcastle,98056,Single Family,8728d5510ffffff,7,2025-10-26,6.653143382541731,2025-10-01,3.618446516281331,30.0,1.1298870665055198,0.12867898699520877,301,-0.8935790198239952,0.4489059314938798,-0.8660254037844386,0.5000000000000001,4,2225294.25,2743635.918569689,0.0,727.6785714285714,10,2025,44,13.610943392223,235,-1.0675950625652544,0.13514789348898087,-1.552629904149454,-1.4915063858831303,-1.2271533657800326,0.8766106062803776,-1.1533470181426941,0.9340937940467628,1.202695071752012,-0.899167757985833,-0.23722612032650678,13.756443,942643.1,13.610944,815000.3,0.02004413,0.4241202,0.028397389,0.17964157,0.09381378,0.09669295,0.3190178203455381,300719.9551012066,504421.79697271046,1761573.411681912,127643.125,15.661733128834356
2025-10-28,2850000.0,340,47.602038,-122.128148,1310.0,7000.0,1956.0,,3.0,1.0,"15659 Se 9th St, Bellevue, WA 98008",Bellevue,98008,Single Family,8728d55abffffff,59,2025-10-26,6.653143382541731,2025-10-01,3.618446516281331,30.0,0.5269037947205938,0.12867898699520877,301,-0.8935790198239952,0.4489059314938798,-0.8660254037844386,0.5000000000000001,4,1704261.7534246575,1001926.9014589918,0.0,2175.5725190839694,10,2025,44,14.862829552244833,235,-0.8674858852460428,-0.17952851856671967,-0.47205412931655333,-1.4915063858831303,-1.2271533657800326,0.8766106062803776,-1.1533470181426941,0.9340937940467628,1.202695071752012,-0.899167757985833,2.0833731786002825,13.634722,834611.6,14.862829,2.849999e+06,0.019696498,0.3853332,0.024864905,0.29025167,0.08381817,0.08819798,0.32392041895224427,270347.7472324134,442341.6095509426,1574747.9365177178,-2015388.375,-70.71538157894737
2025-10-28,620000.0,342,47.4947,-122.347289,1390.0,9198.0,1964.0,,4.0,2.0,"12102 10th Ave SW, Seattle, WA 98146",Seattle,98146,Single Family,8728d5529ffffff,38,2025-10-26,6.653143382541731,2025-10-01,3.618446516281331,30.0,0.6040445509219083,0.12867898699520877,301,-0.8935790198239952,0.4489059314938798,-0.8660254037844386,0.5000000000000001,4,677161.6393442623,290503.4679321421,0.0,446.0431654676259,10,2025,44,13.337474757021274,235,-0.7832293895326904,-0.13066185517132403,0.6085216455163472,-1.4915063858831303,-1.2271533657800326,0.8766106062803776,-1.1533470181426941,0.9340937940467628,1.202695071752012,-0.899167757985833,-0.7441501070223273,13.7056,895914.06,13.337475,620000.06,0.020072402,0.3945244,0.025678696,0.26241356,0.0870692,0.09048865,0.3217042189130887,288219.3336898146,476898.76554361323,1683086.8126374327,275914.0625,44.50226814516129
2025-10-28,3300000.0,341,47.721663,-122.368078,3730.0,8786.0,1959.0,,4.0,3.0,"12703 9th Ave NW, Seattle, WA 98177",Seattle,98177,Single Family,8728d5450ffffff,59,2025-10-26,6.653143382541731,2025-10-01,3.618446516281331,30.0,0.5269037947205938,0.12867898699520877,301,-0.8935790198239952,0.4489059314938798,-0.8660254037844386,0.5000000000000001,4,1688348.7222222222,999625.2314947516,0.0,884.7184986595174,10,2025,44,15.009433026436708,235,1.681273110082864,-0.13982157551659383,0.6085216455163472,-1.4915063858831303,-1.2271533657800326,0.8766106062803776,-1.1533470181426941,0.9340937940467628,1.202695071752012,-0.899167757985833,2.355129453487103,14.565993,2.1180222e+06,15.009433,3.2999992e+06,0.011138318,0.30905804,0.020224683,0.44704777,0.05731349,0.06575838,0.3326352173216161,704528.7914207684,1103533.9644779244,4065138.350594038,-1181977.75,-35.817507575757574
2025-10-28,800000.0,338,47.682337,-122.305729,1330.0,6800.0,1941.0,,3.0,1.5,"7335 21st Ave NE, Seattle, WA 98115",Seattle,98115,Single Family,8728d5408ffffff,9,2025-10-26,6.653143382541731,2025-10-01,3.618446516281331,30.0,0.32864532494608395,0.12867898699520877,301,-0.8935790198239952,0.4489059314938798,-0.8660254037844386,0.5000000000000001,4,1104694.0333333334,468038.8177777531,0.0,601.5037593984962,10,2025,44,13.592367006650065,235,-0.8464217613177046,-0.18397498475374383,-0.47205412931655333,-1.4915063858831303,-1.2271533657800326,0.8766106062803776,-1.1533470181426941,0.9340937940467628,1.202695071752012,-0.899167757985833,-0.27166083868491925,13.642615,841225.75,13.592367,800000.1,0.01964606,0.384475,0.02479449,0.2925652,0.08354544,0.08797078,0.323733825089133,272333.22981097474,446010.1645099861,1586647.1157750161,41225.75,5.15321875
2025-10-29,765000.0,347,47.572804,-122.305947,1010.0,3916.0,1918.0,,2.0,1.0,"3411 20th Ave S, Seattle, WA 98144",Seattle,98144,Single Family,8728d550bffffff,38,2025-10-26,6.653143382541731,2025-10-01,3.618446516281331,30.0,0.6040445509219083,0.13141683778234087,302,-0.8857249183835637,0.4642104791518923,-0.8660254037844386,0.5000000000000001,4,678413.2307692308,283239.1786111811,0.0,757.4257425742575,10,2025,44,13.547631112808673,235,-1.1834477441711138,-0.24809302717063236,-1.552629904149454,-1.4895295167293177,-1.2163091167654765,0.8992966213948219,-1.1533470181426941,0.9340937940467628,1.202695071752012,-0.899167757985833,-0.3545869762207679,13.537351,757175.75,13.547631,765000.1,0.01943501,0.38745946,0.025135575,0.2843917,0.083256066,0.08851375,0.3245234808000217,245721.30996736704,400826.7757296173,1430331.3332489145,-7824.25,-1.0227777777777778
2025-10-29,1200000.0,349,47.524619,-122.389101,2360.0,4000.0,1993.0,,3.0,3.0,"4337 Sw Trenton St, Seattle, WA 98136",Seattle,98136,Single Family,8728d5570ffffff,9,2025-10-26,6.653143382541731,2025-10-01,3.618446516281331,30.0,0.32864532494608395,0.13141683778234087,302,-0.8857249183835637,0.4642104791518923,-0.8660254037844386,0.5000000000000001,4,1102950.7555555555,483026.7745090472,0.0,508.47457627118644,10,2025,44,13.997832114758229,235,0.23838062099170604,-0.2462255113720822,-0.47205412931655333,-1.4895295167293177,-1.2163091167654765,0.8992966213948219,-1.1533470181426941,0.9340937940467628,1.202695071752012,-0.899167757985833,0.47994268219646014,14.057696,1.2740309e+06,13.997832,1.2000002e+06,0.016089313,0.3543819,0.022533875,0.37010324,0.07223871,0.07807085,0.32397890839511856,412759.13214417774,675155.0735178894,2404121.232654994,74030.875,6.169239583333333
2025-10-29,700000.0,345,47.659159,-122.392006,1340.0,1520.0,2006.0,,2.0,2.5,"4252 Williams Ave W, Seattle, WA 98199",Seattle,98199,Single Family,8728d5474ffffff,9,2025-10-26,6.653143382541731,2025-10-01,3.618446516281331,30.0,0.32864532494608395,0.13141683778234087,302,-0.8857249183835637,0.4642104791518923,-0.8660254037844386,0.5000000000000001,4,1101172.9777777777,482960.0068674816,0.0,522.3880597014926,10,2025,44,13.458835614025542,235,-0.8358896993535356,-0.3013616920911819,-1.552629904149454,-1.4895295167293177,-1.2163091167654765,0.8992966213948219,-1.1533470181426941,0.9340937940467628,1.202695071752012,-0.899167757985833,-0.5191856264849386,13.628,829020.56,13.458836,700000.0,0.018516194,0.37510645,0.02413931,0.3177827,0.07905741,0.08503547,0.3239267212781395,268541.9126827839,439372.9543394356,1564218.0884428716,129020.5625,18.43150892857143
2025-10-29,682605.0,348,47.544481,-122.269189,1100.0,9828.0,1911.0,,2.0,1.0,"5114 S Morgan St, Seattle, WA 98118",Seattle,98118,Single Family,8728d550effffff,9,2025-10-26,6.653143382541731,2025-10-01,3.618446516281331,30.0,0.32864532494608395,0.13141683778234087,302,-0.8857249183835637,0.4642104791518923,-0.8660254037844386,0.5000000000000001,4,1101450.7555555555,482821.08929022605,0.0,620.55,10,2025,44,13.433671640361991,235,-1.0886591864935924,-0.1166554866821979,-1.552629904149454,-1.4895295167293177,-1.2163091167654765,0.8992966213948219,-1.1533470181426941,0.9340937940467628,1.202695071752012,-0.899167757985833,-0.5658316407206336,13.651745,848940.9,13.433672,682605.2,0.019534234,0.40236259,0.026327882,0.24696939,0.087132305,0.09139514,0.32340292082491134,274549.95858265593,450392.6864213254,1600160.616278988,166335.875,24.36780788303631
2025-10-29,750000.0,346,47.666707,-122.337511,1420.0,3745.0,1920.0,,4.0,2.0,"1620 N 52nd St, Seattle, WA 98103",Seattle,98103,Single Family,8728d540dffffff,9,2025-10-26,6.653143382541731,2025-10-01,3.618446516281331,30.0,0.32864532494608395,0.13141683778234087,302,-0.8857249183835637,0.4642104791518923,-0.8660254037844386,0.5000000000000001,4,1102284.088888889,482141.02401158115,0.0,528.169014084507,10,2025,44,13.527828485512494,235,-0.7516332036401833,-0.25189475576053805,0.6085216455163472,-1.4895295167293177,-1.2163091167654765,0.8992966213948219,-1.1533470181426941,0.9340937940467628,1.202695071752012,-0.899167757985833,-0.39129475723787077,13.653292,850255.1,13.527828,749999.8,0.019663827,0.37953526,0.024565864,0.29770982,0.08278946,0.08734776,0.3234832433253511,275043.28548900184,451018.90941387374,1602890.0822059046,100255.125,13.36735
2025-10-29,535000.0,350,47.519012,-122.350213,1690.0,8320.0,1965.0,,3.0,1.0,"9400 12th Ave SW, Seattle, WA 98106",Seattle,98106,Single Family,8728d5576ffffff,38,2025-10-26,6.653143382541731,2025-10-01,3.618446516281331,30.0,0.6040445509219083,0.13141683778234087,302,-0.8857249183835637,0.4642104791518923,-0.8660254037844386,0.5000000000000001,4,678045.3968253968,287448.0776891345,0.0,316.56804733727813,10,2025,44,13.190022025878143,235,-0.46726753060761933,-0.15018184173236013,-0.47205412931655333,-1.4895295167293177,-1.2163091167654765,0.8992966213948219,-1.1533470181426941,0.9340937940467628,1.202695071752012,-0.899167757985833,-1.0174806345437941,13.792888,977631.1,13.190022,535000.25,0.018931646,0.3839482,0.024695393,0.29773176,0.08236284,0.086843625,0.31781793466643055,310708.705013119,524376.1428940168,1822666.0314153908,442631.125,82.73478971962616
2025-10-29,2115000.0,353,47.68107,-122.400776,3110.0,4295.0,1990.0,,3.0,2.5,"7200 34th Ave NW, Seattle, WA 98117",Seattle,98117,Single Family,8728d5473ffffff,9,2025-10-26,6.653143382541731,2025-10-01,3.618446516281331,30.0,0.32864532494608395,0.13141683778234087,302,-0.8857249183835637,0.4642104791518923,-0.8660254037844386,0.5000000000000001,4,1114554.0333333334,487307.9089818213,0.0,680.0643086816721,10,2025,44,14.564565370462516,235,1.0282852683043837,-0.23966697374622156,-0.47205412931655333,-1.4895295167293177,-1.2163091167654765,0.8992966213948219,-1.1533470181426941,0.9340937940467628,1.202695071752012,-0.899167757985833,1.5304861244555625,14.409869,1.8118685e+06,14.564566,2.1150005e+06,0.013352089,0.33054957,0.02161815,0.40133163,0.06417329,0.07201494,0.3339404418764005,605056.1675119309,941609.5036401231,3486442.5933859027,-303131.5,-14.332458628841607
2025-10-29,1289900.0,354,47.623933,-122.299113,2300.0,2500.0,2002.0,,4.0,2.5,"445 26th Ave E, Seattle, WA 98112",Seattle,98112,Single Family,8728d542effffff,9,2025-10-26,6.653143382541731,2025-10-01,3.618446516281331,30.0,0.32864532494608395,0.13141683778234087,302,-0.8857249183835637,0.4642104791518923,-0.8660254037844386,0.5000000000000001,4,1100498.4777777777,476245.3487042968,0.0,560.8260869565217,10,2025,44,14.070075253953227,235,0.17518824920669182,-0.2795740077747635,0.6085216455163472,-1.4895295167293177,-1.2163091167654765,0.8992966213948219,-1.1533470181426941,0.9340937940467628,1.202695071752012,-0.899167757985833,0.6138585153783377,13.97946,1.1781545e+06,14.070075,1.2898998e+06,0.01579843,0.35655135,0.022531023,0.3693508,0.07300654,0.07769125,0.320903823524399,378074.28375247656,628121.1045289685,2209841.2905426244,-111745.5,-8.663113419644935
2025-10-29,875000.0,351,47.528479,-122.353168,2600.0,8104.0,1969.0,,5.0,2.0,"1400 Sw Thistle St, Seattle, WA 98106",Seattle,98106,Single Family,8728d5576ffffff,38,2025-10-26,6.653143382541731,2025-10-01,3.618446516281331,30.0,0.6040445509219083,0.13141683778234087,302,-0.8857249183835637,0.4642104791518923,-0.8660254037844386,0.5000000000000001,4,680352.5806451613,289205.9399880622,0.0,336.53846153846155,10,2025,44,13.681979165339751,235,0.4911501081317629,-0.15498402521434623,1.689097420349248,-1.4895295167293177,-1.2163091167654765,0.8992966213948219,-1.1533470181426941,0.9340937940467628,1.202695071752012,-0.899167757985833,-0.1055483603530436,14.072641,1.2932142e+06,13.681979,875000.0,0.0147538865,0.3656207,0.023455717,0.34536582,0.073289335,0.0784992,0.3239318981886962,418913.34676717117,685384.2111759806,2440095.883785047,418214.25,47.79591428571429
2025-10-29,615000.0,352,47.53643,-122.364856,1320.0,1957.0,2004.0,,2.0,2.5,"2452 Sw Webster St, Seattle, WA 98106",Seattle,98106,Single Family,8728d5572ffffff,38,2025-10-26,6.653143382541731,2025-10-01,3.618446516281331,30.0,0.6040445509219083,0.13141683778234087,302,-0.8857249183835637,0.4642104791518923,-0.8660254037844386,0.5000000000000001,4,677060.3125,285266.49344506004,0.0,465.90909090909093,10,2025,44,13.329377546788654,235,-0.8569538232818736,-0.29164616347253414,-1.552629904149454,-1.4895295167293177,-1.2163091167654765,0.8992966213948219,-1.1533470181426941,0.9340937940467628,1.202695071752012,-0.899167757985833,-0.759159762843391,13.62566,827082.7,13.329377,614999.75,0.018591613,0.37679458,0.024270277,0.3135278,0.07956678,0.08543663,0.32396501755436996,267945.857374853,438312.9834331466,1560678.7441955828,212082.6875,34.48498983739837
2025-10-30,1850000.0,355,47.584601,-122.398386,2750.0,3822.0,1995.0,,3.0,2.5,"2134 Bonair Dr SW, Seattle, WA 98116",Seattle,98116,Single Family,8728d5551ffffff,9,2025-10-26,6.653143382541731,2025-10-01,3.618446516281331,30.0,0.32864532494608395,0.13415468856947296,303,-0.8776087166898392,0.4793776594606945,-0.8660254037844386,0.5000000000000001,4,1126961.8666666667,506302.53422881616,0.0,672.7272727272727,10,2025,44,14.430696197054507,235,0.6491310375942985,-0.25018286627853376,-0.47205412931655333,-1.487552647575505,-1.2051029828892281,0.9217790161324964,-1.1533470181426941,0.9340937940467628,1.202695071752012,-0.899167757985833,1.2823351983736608,14.300582,1.6242909e+06,14.4306965,1.8500005e+06,0.014585598,0.3436456,0.022115346,0.3846398,0.068279475,0.07496326,0.3325696216847478,540189.801804738,846398.4201786028,3117114.8068987653,-225709.125,-12.200493243243244
2025-10-30,465000.0,358,47.710339,-122.315757,1520.0,3300.0,1984.0,,3.0,2.5,"1039 Ne 113th St, Seattle, WA 98125",Seattle,98125,Single Family,8728d540bffffff,9,2025-10-26,6.653143382541731,2025-10-01,3.618446516281331,30.0,0.32864532494608395,0.13415468856947296,303,-0.8776087166898392,0.4793776594606945,-0.8660254037844386,0.5000000000000001,4,1155017.9777777777,547357.1650951196,0.0,305.92105263157896,10,2025,44,13.049792684569493,235,-0.646312583998493,-0.2617881430266668,-0.47205412931655333,-1.487552647575505,-1.2051029828892281,0.9217790161324964,-1.1533470181426941,0.9340937940467628,1.202695071752012,-0.899167757985833,-1.2774212917071772,13.68568,878244.56,13.049792,464999.8,0.019056506,0.37110695,0.0237379,0.32714352,0.07917598,0.08476217,0.3224313658406088,283173.5938289629,466827.41735188203,1652245.5606071476,413244.5625,88.86979838709678
2025-10-30,1500000.0,360,47.523297,-122.38703,2800.0,7200.0,1952.0,,3.0,1.5,"8877 42nd Ave SW, Seattle, WA 98136",Seattle,98136,Single Family,8728d5570ffffff,9,2025-10-26,6.653143382541731,2025-10-01,3.618446516281331,30.0,0.32864532494608395,0.13415468856947296,303,-0.8776087166898392,0.4793776594606945,-0.8660254037844386,0.5000000000000001,4,1160295.7555555555,542900.957991839,0.0,535.7142857142857,10,2025,44,14.22097566607244,235,0.7017913474151436,-0.17508205237969549,-0.47205412931655333,-1.487552647575505,-1.2051029828892281,0.9217790161324964,-1.1533470181426941,0.9340937940467628,1.202695071752012,-0.899167757985833,0.8935799483283585,14.32363,1.662163e+06,14.220976,1.5000004e+06,0.014669823,0.3503257,0.022762656,0.3639704,0.0701229,0.07652444,0.3333512065599238,554084.0415492626,864807.2840527142,3194683.876813543,162163.0,10.810866666666668
2025-10-30,865000.0,364,47.499369,-122.286255,2550.0,9368.0,2005.0,,4.0,3.5,"3545 S 116th St, Tukwila, WA 98168",Tukwila,98168,Single Family,8728d552affffff,38,2025-10-26,6.653143382541731,2025-10-01,3.618446516281331,30.0,0.6040445509219083,0.13415468856947296,303,-0.8776087166898392,0.4793776594606945,-0.8660254037844386,0.5000000000000001,4,687893.5294117647,281894.666623793,0.0,339.2156862745098,10,2025,44,13.670484785914017,235,0.4384897983109177,-0.12688235891235347,0.6085216455163472,-1.487552647575505,-1.2051029828892281,0.9217790161324964,-1.1533470181426941,0.9340937940467628,1.202695071752012,-0.899167757985833,-0.12685528880130786,14.165831,1.4195218e+06,13.670485,864999.8,0.015145723,0.3628698,0.023108417,0.35427994,0.07323084,0.07819957,0.32786056236152716,465405.1992394192,746554.5069353681,2699122.5978717967,554521.75,64.10656069364163
2025-10-30,1075000.0,359,47.575737,-122.303032,2180.0,4000.0,1993.0,,7.0,3.0,"3100 23rd Ave S, Seattle, WA 98144",Seattle,98144,Single Family,8728d550bffffff,38,2025-10-26,6.653143382541731,2025-10-01,3.618446516281331,30.0,0.6040445509219083,0.13415468856947296,303,-0.8776087166898392,0.4793776594606945,-0.8660254037844386,0.5000000000000001,4,685250.1492537314,283171.7955935484,0.0,493.1192660550459,10,2025,44,13.8878312195439,235,0.048803505636663386,-0.2462255113720822,3.8502489700150493,-1.487552647575505,-1.2051029828892281,0.9217790161324964,-1.1533470181426941,0.9340937940467628,1.202695071752012,-0.899167757985833,0.276035962506198,13.819873,1.0043718e+06,13.887832,1.0750005e+06,0.016279422,0.38642323,0.025321629,0.2868999,0.07894295,0.084816284,0.3169204641661205,318305.98101286776,539667.6393535032,1869229.6758366867,-70628.1875,-6.570063953488373
2025-10-30,2350000.0,367,47.622197,-122.303251,3630.0,5775.0,1923.0,,6.0,3.5,"326 22nd Ave E, Seattle, WA 98112",Seattle,98112,Single Family,8728d542effffff,9,2025-10-26,6.653143382541731,2025-10-01,3.618446516281331,30.0,0.32864532494608395,0.13415468856947296,303,-0.8776087166898392,0.4793776594606945,-0.8660254037844386,0.5000000000000001,4,1120295.2,500593.0756637337,0.0,647.3829201101928,10,2025,44,14.669925886120343,235,1.5759524904411735,-0.2067631239622427,2.7696731951821483,-1.487552647575505,-1.2051029828892281,0.9217790161324964,-1.1533470181426941,0.9340937940467628,1.202695071752012,-0.899167757985833,1.725791054390928,14.414013,1.819392e+06,14.669926,2.3499995e+06,0.010868685,0.32016647,0.021184076,0.41966927,0.058870252,0.067652985,0.3328225507433784,605534.6862420967,947593.3272249564,3493257.0404773657,-530608.0,-22.579063829787234
2025-10-30,3040000.0,357,47.656555,-122.333529,3150.0,3800.0,2017.0,,4.0,3.0,"4030 Meridian Ave N, Seattle, WA 98103",Seattle,98103,Single Family,8728d542bffffff,9,2025-10-26,6.653143382541731,2025-10-01,3.618446516281331,30.0,0.32864532494608395,0.13415468856947296,303,-0.8776087166898392,0.4793776594606945,-0.8660254037844386,0.5000000000000001,4,1153462.4222222222,542447.3810354345,0.0,965.0793650793651,10,2025,44,14.927368073382404,235,1.0704135161610597,-0.25067197755910636,0.6085216455163472,-1.487552647575505,-1.2051029828892281,0.9217790161324964,-1.1533470181426941,0.9340937940467628,1.202695071752012,-0.899167757985833,2.2030070971532343,14.412486,1.8166161e+06,14.927368,3.0400002e+06,0.012502989,0.32633197,0.021044217,0.42081475,0.062202174,0.06964299,0.3335344563317437,605904.071615354,944828.3426105963,3492797.7156654727,-1223383.875,-40.242890625
2025-10-30,2225000.0,362,47.661731,-122.275754,3560.0,6254.0,1954.0,,4.0,3.5,"4510 48th Ave NE, Seattle, WA 98105",Seattle,98105,Single Family,8728d5401ffffff,59,2025-10-26,6.653143382541731,2025-10-01,3.618446516281331,30.0,0.5269037947205938,0.13415468856947296,303,-0.8776087166898392,0.4793776594606945,-0.8660254037844386,0.5000000000000001,4,1711298.7567567567,996880.3738781397,0.0,625.0,10,2025,44,14.615267473582477,235,1.5022280566919903,-0.19611383744431982,0.6085216455163472,-1.487552647575505,-1.2051029828892281,0.9217790161324964,-1.1533470181426941,0.9340937940467628,1.202695071752012,-0.899167757985833,1.624471718922271,14.530286,2.0437274e+06,14.615268,2.2250005e+06,0.0113731865,0.3106676,0.020288259,0.44489884,0.05758437,0.0662258,0.3334671243397818,681515.8906757409,1063089.9487383463,3928944.603185854,-181272.625,-8.14708426966292
2025-10-30,3400000.0,363,47.637851,-122.278805,1390.0,3300.0,1918.0,,2.0,1.5,"2029 42nd Ave E, Seattle, WA 98112",Seattle,98112,Single Family,8728d5405ffffff,7,2025-10-26,6.653143382541731,2025-10-01,3.618446516281331,30.0,1.1298870665055198,0.13415468856947296,303,-0.8776087166898392,0.4793776594606945,-0.8660254037844386,0.5000000000000001,4,2260891.393939394,2708157.7980534798,0.0,2446.043165467626,10,2025,44,15.03928598958639,235,-0.7832293895326904,-0.2617881430266668,-1.552629904149454,-1.487552647575505,-1.2051029828892281,0.9217790161324964,-1.1533470181426941,0.9340937940467628,1.202695071752012,-0.899167757985833,2.4104673648470527,13.679493,872827.25,15.039286,3.399999e+06,0.018482905,0.37977907,0.024490608,0.3072279,0.07996591,0.08581446,0.32249464633735236,281482.11530235386,463890.3291210982,1642257.6307421164,-2527172.75,-74.32861029411765
2025-10-30,1830000.0,366,47.643042,-122.183294,3040.0,36342.0,1980.0,,4.0,2.5,"11750 Ne 36th Pl, Bellevue, WA 98005",Bellevue,98005,Single Family,8728d5414ffffff,29,2025-10-26,6.653143382541731,2025-10-01,3.618446516281331,3.0,0.9999990000010001,0.13415468856947296,303,-0.8776087166898392,0.4793776594606945,-0.8660254037844386,0.5000000000000001,4,1830000.0,0.0,0.0,601.9736842105264,10,2025,44,14.419826524817603,235,0.9545608345552005,0.4728125357315963,0.6085216455163472,-1.487552647575505,-1.2051029828892281,0.9217790161324964,-1.1533470181426941,0.9340937940467628,1.202695071752012,-0.899167757985833,1.2621862786251723,14.406623,1.8059961e+06,14.4198265,1.83e+06,0.013754524,0.33760163,0.02285197,0.35850337,0.06723778,0.07507126,0.33372439428614636,602704.9628987524,938955.225478343,3473671.6310682516,-24003.875,-1.3116871584699454
2025-10-30,2200000.0,356,47.63621,-122.281707,2870.0,6000.0,1951.0,,4.0,2.0,"1852 40th Ave E, Seattle, WA 98112",Seattle,98112,Single Family,8728d5405ffffff,7,2025-10-26,6.653143382541731,2025-10-01,3.618446516281331,30.0,1.1298870665055198,0.13415468856947296,303,-0.8776087166898392,0.4793776594606945,-0.8660254037844386,0.5000000000000001,4,2259100.470588235,2666829.8954006573,0.0,766.5505226480836,10,2025,44,14.603967918328545,235,0.7755157811643268,-0.2017608495018405,0.6085216455163472,-1.487552647575505,-1.2051029828892281,0.9217790161324964,-1.1533470181426941,0.9340937940467628,1.202695071752012,-0.899167757985833,1.6035259326057232,14.317152,1.6514298e+06,14.603968,2.1999995e+06,0.013705989,0.3455189,0.022081368,0.38834727,0.067604646,0.073822096,0.3327322281237886,549483.9003074112,860265.9427593092,3170206.1980391163,-548570.25,-24.935011363636363
2025-10-30,1300000.0,361,47.694437,-122.392001,1970.0,9785.0,1976.0,,3.0,2.0,"2738 Nw 90th St, Seattle, WA 98117",Seattle,98117,Single Family,8728d5473ffffff,9,2025-10-26,6.653143382541731,2025-10-01,3.618446516281331,30.0,0.32864532494608395,0.13415468856947296,303,-0.8776087166898392,0.4793776594606945,-0.8660254037844386,0.5000000000000001,4,1106961.8666666667,483148.8885696335,0.0,659.8984771573604,10,2025,44,14.077874822431765,235,-0.17236979561088636,-0.11761147691240809,-0.47205412931655333,-1.487552647575505,-1.2051029828892281,0.9217790161324964,-1.1533470181426941,0.9340937940467628,1.202695071752012,-0.899167757985833,0.6283164379285078,13.910947,1.1001388e+06,14.077875,1.3000004e+06,0.018277775,0.3833671,0.02462256,0.30194998,0.0812121,0.085846156,0.3190433833510824,350991.98895563063,588670.4595537287,2055997.886061421,-199861.25,-15.373942307692307
2025-10-30,739900.0,365,47.506215,-122.249906,1670.0,12430.0,1955.0,,3.0,1.5,"6701 S Bangor St, Seattle, WA 98178",Seattle,98178,Single Family,8728d5500ffffff,38,2025-10-26,6.653143382541731,2025-10-01,3.618446516281331,30.0,0.6040445509219083,0.13415468856947296,303,-0.8776087166898392,0.4793776594606945,-0.8660254037844386,0.5000000000000001,4,679344.8484848485,281153.85899616993,0.0,443.05389221556885,10,2025,44,13.514270320913642,235,-0.48833165453595745,-0.05880696158901344,-0.47205412931655333,-1.487552647575505,-1.2051029828892281,0.9217790161324964,-1.1533470181426941,0.9340937940467628,1.202695071752012,-0.899167757985833,-0.4164272878685156,13.816415,1.0009047e+06,13.514271,739900.3,0.019195221,0.39577776,0.025642388,0.26788026,0.08539972,0.08937316,0.3176140094071075,317901.350831243,537074.1117257683,1865310.884941643,261004.6875,35.27567069874307
2025-10-31,775000.0,371,47.690449,-122.394676,1510.0,1443.0,2009.0,,3.0,2.0,"8363 29th Ave NW, Seattle, WA 98117",Seattle,98117,Single Family,8728d5473ffffff,9,2025-10-26,6.653143382541731,2025-10-01,3.618446516281331,30.0,0.32864532494608395,0.13689253935660506,304,-0.8692328164574792,0.4944029842076182,-0.8660254037844386,0.5000000000000001,4,1143840.2,545385.2922882929,0.0,513.2450331125827,10,2025,44,13.560618308335483,235,-0.656844645962662,-0.30307358157318626,-0.47205412931655333,-1.4855757784216925,-1.1935382802265897,0.9440511375910937,-1.1533470181426941,0.9340937940467628,1.202695071752012,-0.899167757985833,-0.3305128408904323,13.651253,848523.25,13.560618,775000.06,0.018977987,0.36524013,0.02330361,0.340863,0.07749966,0.08364246,0.3235524402913024,274541.7681814069,450039.19754612446,1599842.1555351682,73523.25,9.486870967741936
2025-10-31,899000.0,372,47.674514,-122.359852,1630.0,4434.0,1923.0,,4.0,1.0,"206 Nw 62nd St, Seattle, WA 98107",Seattle,98107,Single Family,8728d5472ffffff,9,2025-10-26,6.653143382541731,2025-10-01,3.618446516281331,30.0,0.32864532494608395,0.13689253935660506,304,-0.8692328164574792,0.4944029842076182,-0.8660254037844386,0.5000000000000001,4,1150340.2,547730.1976989702,0.0,551.5337423312883,10,2025,44,13.709038313453757,235,-0.5304599023926335,-0.23657667974623978,0.6085216455163472,-1.4855757784216925,-1.1935382802265897,0.9440511375910937,-1.1533470181426941,0.9340937940467628,1.202695071752012,-0.899167757985833,-0.05538929465826581,13.737909,925333.3,13.709039,899000.4,0.018893886,0.37655053,0.024236541,0.30955034,0.081021726,0.08560066,0.3202115966270942,296302.4574078629,494001.8729835245,1733276.3969068874,26333.3125,2.929178253615128
2025-10-31,831000.0,373,47.73975,-122.335698,500.0,7504.0,1979.0,,1.0,2.0,"2007 N 153rd Pl, Shoreline, WA 98133",Shoreline,98133,Single Family,8728d5452ffffff,59,2025-10-26,6.653143382541731,2025-10-01,3.618446516281331,30.0,0.5269037947205938,0.13689253935660506,304,-0.8692328164574792,0.4944029842076182,-0.8660254037844386,0.5000000000000001,4,1699561.44,995325.8232175171,0.0,1662.0,10,2025,44,13.630385073837585,235,-1.7205829043437346,-0.16832342377541876,-2.6332056789823546,-1.4855757784216925,-1.1935382802265897,0.9440511375910937,-1.1533470181426941,0.9340937940467628,1.202695071752012,-0.899167757985833,-0.2011874179544168,13.4995985,729123.56,13.630385,831000.25,0.019922383,0.40956607,0.02706757,0.22436593,0.088608816,0.093587205,0.3250510433559526,237002.3747260341,385577.8735250949,1378764.7506917713,-101876.4375,-12.259499097472924
2025-10-31,820000.0,374,47.545337,-122.280607,2100.0,7670.0,1968.0,,3.0,2.5,"6320 42nd Ave S, Seattle, WA 98118",Seattle,98118,Single Family,8728d550effffff,9,2025-10-26,6.653143382541731,2025-10-01,3.618446516281331,30.0,0.32864532494608395,0.13689253935660506,304,-0.8692328164574792,0.4944029842076182,-0.8660254037844386,0.5000000000000001,4,1152284.6444444444,546224.6372398287,0.0,390.4761904761905,10,2025,44,13.617059619240436,235,-0.035452990076688895,-0.1646328568401887,-0.47205412931655333,-1.4855757784216925,-1.1935382802265897,0.9440511375910937,-1.1533470181426941,0.9340937940467628,1.202695071752012,-0.899167757985833,-0.2258885781585412,13.953099,1.1475035e+06,13.61706,820000.06,0.017500808,0.37343326,0.023823611,0.3286101,0.07772718,0.08299099,0.32061681045837603,367908.9121598231,612124.0899485752,2151139.370046275,327503.5,39.93945121951219
2025-10-31,1390500.0,368,47.677138,-122.278256,2290.0,5782.0,1951.0,,4.0,2.0,"6545 47th Ave NE, Seattle, WA 98115",Seattle,98115,Single Family,8728d540effffff,59,2025-10-26,6.653143382541731,2025-10-01,3.618446516281331,30.0,0.5269037947205938,0.13689253935660506,304,-0.8692328164574792,0.4944029842076182,-0.8660254037844386,0.5000000000000001,4,1695494.8421052631,989303.4635742605,0.0,607.2052401746724,10,2025,44,14.145173952656156,235,0.1646561872425228,-0.20660749764569686,0.6085216455163472,-1.4855757784216925,-1.1935382802265897,0.9440511375910937,-1.1533470181426941,0.9340937940467628,1.202695071752012,-0.899167757985833,0.7530676488647976,13.988158,1.1884472e+06,14.145174,1.3905001e+06,0.016037,0.36439565,0.023081727,0.35261595,0.074639075,0.07931095,0.3213721570788047,381933.85630687344,633027.2809967187,2231194.508113728,-202052.75,-14.5309421071557
2025-10-31,1825000.0,369,47.548546,-122.380036,3290.0,6550.0,2016.0,,4.0,2.5,"5956 38th Ave SW, Seattle, WA 98126",Seattle,98126,Single Family,8728d5573ffffff,14,2025-10-26,6.653143382541731,2025-10-01,3.618446516281331,3.0,0.0,0.13689253935660506,304,-0.8692328164574792,0.4944029842076182,-0.8660254037844386,0.5000000000000001,4,1825000.0,0.0,0.0,554.7112462006079,10,2025,44,14.417090544998729,235,1.2178623836594262,-0.18953306748752405,0.6085216455163472,-1.4855757784216925,-1.1935382802265897,0.9440511375910937,-1.1533470181426941,0.9340937940467628,1.202695071752012,-0.899167757985833,1.2571146410815102,14.455347,1.8961709e+06,14.41709,1.8249998e+06,0.012112604,0.32131338,0.020941855,0.4240159,0.060592968,0.068779826,0.3334734909751249,632322.7211716071,986322.8547136064,3645321.430430499,71170.875,3.8997739726027394
2025-10-31,875000.0,370,47.700102,-122.353091,1700.0,5099.0,1976.0,,3.0,1.5,"9713 Dayton Ave N, Seattle, WA 98103",Seattle,98103,Single Family,8728d5454ffffff,9,2025-10-26,6.653143382541731,2025-10-01,3.618446516281331,30.0,0.32864532494608395,0.13689253935660506,304,-0.8692328164574792,0.4944029842076182,-0.8660254037844386,0.5000000000000001,4,1144395.7555555555,545030.7033839041,0.0,514.7058823529412,10,2025,44,13.681979165339751,235,-0.4567354686434503,-0.2217921796743844,-0.47205412931655333,-1.4855757784216925,-1.1935382802265897,0.9440511375910937,-1.1533470181426941,0.9340937940467628,1.202695071752012,-0.899167757985833,-0.1055483603530436,13.771703,957137.94,13.681979,875000.0,0.018733978,0.3742177,0.023939624,0.32200438,0.079352275,0.084832355,0.31829009463298685,304647.52470369684,512909.23616091104,1786111.2917715688,82137.9375,9.387192857142857
2025-10-31,950000.0,375,47.529607,-122.379533,2610.0,4353.0,1963.0,,5.0,2.5,"3701 Sw Southern St, Seattle, WA 98126",Seattle,98126,Single Family,8728d5570ffffff,9,2025-10-26,6.653143382541731,2025-10-01,3.618446516281331,30.0,0.32864532494608395,0.13689253935660506,304,-0.8692328164574792,0.4944029842076182,-0.8660254037844386,0.5000000000000001,4,1148117.9777777777,542295.2315717522,0.0,363.9846743295019,10,2025,44,13.764217263576723,235,0.501682170095932,-0.23837749855198456,1.689097420349248,-1.4855757784216925,-1.1935382802265897,0.9440511375910937,-1.1533470181426941,0.9340937940467628,1.202695071752012,-0.899167757985833,0.04689495215267396,14.063416,1.2813381e+06,13.764217,950000.1,0.014562115,0.36026347,0.023031833,0.359135,0.071368165,0.077259295,0.3233167140099878,414278.032110719,679909.3557396762,2414774.0673579522,331338.125,34.87769736842105
2025-11-03,575000.0,381,47.511535,-122.256326,2160.0,7203.0,2022.0,,3.0,2.5,"6115 S Cooper St, Seattle, WA 98178",Seattle,98178,Single Family,8728d5500ffffff,38,2025-11-02,6.824844142068189,2025-11-01,4.290050467821795,30.0,0.6040445509219083,0.14510609171800137,307,-0.8425720899866032,0.5385835804920232,-0.5000000000000004,0.8660254037844384,4,704602.2535211268,306800.100210438,0.0,266.2037037037037,11,2025,45,13.262125319779487,235,0.02773938170832532,-0.17501535538689011,-0.47205412931655333,-1.4796451709602547,-1.156727505760292,1.0095402783007468,-0.6411938598568615,1.4690576718286024,1.3027019078811017,-0.5070211499403949,-0.8838240301167158,13.967414,1.1640478e+06,13.262125,574999.8,0.01692124,0.36930233,0.02349348,0.33733657,0.078147754,0.081613965,0.32105067414870186,373718.3148787796,620421.6341388411,2184010.063386831,589047.75,102.44308695652174
2025-11-03,1615000.0,389,47.67876,-122.369057,1510.0,5350.0,1912.0,,3.0,2.0,"6733 9th Ave NW, Seattle, WA 98117",Seattle,98117,Single Family,8728d5472ffffff,9,2025-11-02,6.824844142068189,2025-11-01,4.290050467821795,30.0,0.32864532494608395,0.14510609171800137,307,-0.8425720899866032,0.5385835804920232,-0.5000000000000004,0.8660254037844384,4,1160395.7555555555,548237.7676914352,0.0,1069.5364238410596,11,2025,45,14.294845514638894,235,-0.656844645962662,-0.21621186460966907,-0.47205412931655333,-1.4796451709602547,-1.156727505760292,1.0095402783007468,-0.6411938598568615,1.4690576718286024,1.3027019078811017,-0.5070211499403949,1.0305111839865218,13.706928,897105.06,14.294846,1.6150001e+06,0.018883597,0.37619603,0.02412841,0.3115829,0.08212237,0.08694328,0.321550133475896,288464.25258877705,477676.9716809048,1684815.3223564702,-717894.9375,-44.45169891640867
2025-11-03,1152000.0,377,47.610065,-122.134076,1510.0,8250.0,1961.0,,5.0,2.0,"15327 Ne 1st St, Bellevue, WA 98007",Bellevue,98007,Single Family,8728d55abffffff,59,2025-11-02,6.824844142068189,2025-11-01,4.290050467821795,30.0,0.5269037947205938,0.14510609171800137,307,-0.8425720899866032,0.5385835804920232,-0.5000000000000004,0.8660254037844384,4,1685121.6202531646,972280.4565944939,0.0,762.9139072847682,11,2025,45,13.957010120237973,235,-0.656844645962662,-0.1517381048978186,1.689097420349248,-1.4796451709602547,-1.156727505760292,1.0095402783007468,-0.6411938598568615,1.4690576718286024,1.3027019078811017,-0.5070211499403949,0.4042716708140462,13.732214,920078.25,13.95701,1.1520001e+06,0.019400002,0.40195632,0.02627499,0.24389689,0.08891674,0.09206578,0.3202989610120801,294700.1075248129,491112.2572173119,1723727.9869792059,-231921.75,-20.132096354166666
2025-11-03,950000.0,387,47.697342,-122.352276,1090.0,8245.0,1916.0,,2.0,1.5,"9244 Dayton Ave N, Seattle, WA 98103",Seattle,98103,Single Family,8728d5409ffffff,9,2025-11-02,6.824844142068189,2025-11-01,4.290050467821795,30.0,0.32864532494608395,0.14510609171800137,307,-0.8425720899866032,0.5385835804920232,-0.5000000000000004,0.8660254037844384,4,1157562.4222222222,548663.4237558421,0.0,871.559633027523,11,2025,45,13.764217263576723,235,-1.0991912484577615,-0.1518492665524942,-1.552629904149454,-1.4796451709602547,-1.156727505760292,1.0095402783007468,-0.6411938598568615,1.4690576718286024,1.3027019078811017,-0.5070211499403949,0.04689495215267396,13.622739,824670.2,13.764217,950000.1,0.019180316,0.3976965,0.025928073,0.2573169,0.08694094,0.09112353,0.3239836672942639,267179.67165449826,437018.51880109054,1556183.373535338,-125329.8125,-13.192611842105261
2025-11-03,875000.0,376,47.549382,-122.309622,1850.0,6720.0,1907.0,,3.0,1.5,"5916 18th Ave S, Seattle, WA 98108",Seattle,98108,Single Family,8728d5508ffffff,38,2025-11-02,6.824844142068189,2025-11-01,4.290050467821795,30.0,0.6040445509219083,0.14510609171800137,307,-0.8425720899866032,0.5385835804920232,-0.5000000000000004,0.8660254037844384,4,706453.7142857143,308615.52476363623,0.0,472.97297297297297,11,2025,45,13.681979165339751,235,-0.29875453918091477,-0.1857535712285535,-0.47205412931655333,-1.4796451709602547,-1.156727505760292,1.0095402783007468,-0.6411938598568615,1.4690576718286024,1.3027019078811017,-0.5070211499403949,-0.1055483603530436,13.836858,1.02157675e+06,13.681979,875000.0,0.018171178,0.37548298,0.02401825,0.3174858,0.0810505,0.08522886,0.31736731836492416,324215.0736514545,548431.6024878407,1902915.4961779362,146576.75,16.75162857142857
2025-11-03,770000.0,380,47.502439,-122.328657,3400.0,18700.0,1992.0,,5.0,3.0,"11219 4th Pl S, Seattle, WA 98168",Seattle,98168,Single Family,8728d5528ffffff,38,2025-11-02,6.824844142068189,2025-11-01,4.290050467821795,30.0,0.6040445509219083,0.14510609171800137,307,-0.8425720899866032,0.5385835804920232,-0.5000000000000004,0.8660254037844384,4,705510.5555555555,304729.3550663008,0.0,226.47058823529412,11,2025,45,13.554145793829866,235,1.3337150652652858,0.0805897533741943,1.689097420349248,-1.4796451709602547,-1.156727505760292,1.0095402783007468,-0.6411938598568615,1.4690576718286024,1.3027019078811017,-0.5070211499403949,-0.34251082689242385,14.415448,1.8220051e+06,13.554146,770000.0,0.012047045,0.3346777,0.022060184,0.39033884,0.06471186,0.06962914,0.33347390898653634,607591.1712272528,947743.644210354,3502743.408397697,1052005.125,136.6240422077922
2025-11-03,50000.0,382,47.687668,-122.39731,1660.0,5080.0,1927.0,,4.0,1.0,"8031 31st Ave NW, Seattle, WA 98117",Seattle,98117,Single Family,8728d5473ffffff,9,2025-11-02,6.824844142068189,2025-11-01,4.290050467821795,30.0,0.32864532494608395,0.14510609171800137,307,-0.8425720899866032,0.5385835804920232,-0.5000000000000004,0.8660254037844384,4,1152284.6444444444,546834.7174973135,0.0,30.120481927710845,11,2025,45,10.819778284410283,235,-0.49886371650012645,-0.2222145939621517,0.6085216455163472,-1.4796451709602547,-1.156727505760292,1.0095402783007468,-0.6411938598568615,1.4690576718286024,1.3027019078811017,-0.5070211499403949,-5.411159660949837,13.748841,935504.56,10.819778,50000.008,0.018524565,0.37637177,0.024198405,0.30803,0.082518436,0.0861822,0.3194995302651091,298893.2682796164,500129.4312403678,1749884.5372788021,885504.5625,1771.009125
2025-11-03,1615000.0,379,47.68321,-122.293815,2810.0,5100.0,1953.0,,5.0,3.0,"7503 32nd Ave NE, Seattle, WA 98115",Seattle,98115,Single Family,8728d540effffff,59,2025-11-02,6.824844142068189,2025-11-01,4.290050467821795,30.0,0.5269037947205938,0.14510609171800137,307,-0.8425720899866032,0.5385835804920232,-0.5000000000000004,0.8660254037844384,4,1694449.4545454546,982816.1470682969,0.0,574.7330960854092,11,2025,45,14.294845514638894,235,0.7123234093793126,-0.2217699473434493,1.689097420349248,-1.4796451709602547,-1.156727505760292,1.0095402783007468,-0.6411938598568615,1.4690576718286024,1.3027019078811017,-0.5070211499403949,1.0305111839865218,14.196403,1.4635895e+06,14.294846,1.6150001e+06,0.013580899,0.35417938,0.022649897,0.3720531,0.07067486,0.073331475,0.3287036592236292,481087.2242512819,768459.682246579,2787516.8005123055,-151410.5,-9.375263157894736
2025-11-03,1010000.0,384,47.713196,-122.226708,1090.0,8889.0,1986.0,,3.0,1.5,"12443 86th Pl NE, Kirkland, WA 98034",Kirkland,98034,Single Family,8728d5418ffffff,59,2025-11-02,6.824844142068189,2025-11-01,4.290050467821795,30.0,0.5269037947205938,0.14510609171800137,307,-0.8425720899866032,0.5385835804920232,-0.5000000000000004,0.8660254037844384,4,1676682.6,969051.3184579565,0.0,926.605504587156,11,2025,45,13.825460888817442,235,-1.0991912484577615,-0.13753164543027638,-0.47205412931655333,-1.4796451709602547,-1.156727505760292,1.0095402783007468,-0.6411938598568615,1.4690576718286024,1.3027019078811017,-0.5070211499403949,0.16042118028420688,13.573433,784995.25,13.82546,1.00999956e+06,0.019864716,0.3920942,0.025442328,0.26822954,0.08706916,0.09146404,0.32455058723231583,254770.66936207857,415531.52855097863,1482962.1131240772,-225004.75,-22.27769801980198
2025-11-03,1330000.0,386,47.678526,-122.396882,2320.0,2500.0,2014.0,,4.0,2.5,"3027 Nw 69th St, Seattle, WA 98117",Seattle,98117,Single Family,8728d5470ffffff,9,2025-11-02,6.824844142068189,2025-11-01,4.290050467821795,30.0,0.32864532494608395,0.14510609171800137,307,-0.8425720899866032,0.5385835804920232,-0.5000000000000004,0.8660254037844384,4,1163284.6444444444,534779.1410046068,0.0,573.2758620689655,11,2025,45,14.100689500197937,235,0.19625237313502988,-0.2795740077747635,0.6085216455163472,-1.4796451709602547,-1.156727505760292,1.0095402783007468,-0.6411938598568615,1.4690576718286024,1.3027019078811017,-0.5070211499403949,0.6706076037869888,13.978425,1.176936e+06,14.10069,1.3300005e+06,0.01555017,0.3564998,0.022500731,0.36948305,0.074258745,0.07674733,0.320838002804463,377605.79566867347,627552.4552029332,2207271.0940669645,-153064.0,-11.508571428571429
2025-11-03,1120000.0,388,47.673638,-122.371609,1260.0,3240.0,1930.0,,3.0,1.0,"1101 Nw 62nd St, Seattle, WA 98107",Seattle,98107,Single Family,8728d5472ffffff,9,2025-11-02,6.824844142068189,2025-11-01,4.290050467821795,30.0,0.32864532494608395,0.14510609171800137,307,-0.8425720899866032,0.5385835804920232,-0.5000000000000004,0.8660254037844384,4,1154617.9777777777,538355.3918331249,0.0,888.8888888888889,11,2025,45,13.928839243271277,235,-0.9201461950668879,-0.26312208288277406,-0.47205412931655333,-1.4796451709602547,-1.156727505760292,1.0095402783007468,-0.6411938598568615,1.4690576718286024,1.3027019078811017,-0.5070211499403949,0.3520518129493923,13.556777,772028.7,13.92884,1.1200005e+06,0.019268895,0.37222624,0.023893481,0.3171851,0.081682034,0.0873577,0.3246035782173938,250603.2744489781,408625.3445096936,1458618.0637075298,-347971.3125,-31.0688671875
2025-11-03,1500000.0,383,47.688834,-122.203235,1820.0,7794.0,1968.0,,4.0,2.0,"314 17th Ave, Kirkland, WA 98033",Kirkland,98033,Single Family,8728d541effffff,59,2025-11-02,6.824844142068189,2025-11-01,4.290050467821795,30.0,0.5269037947205938,0.14510609171800137,307,-0.8425720899866032,0.5385835804920232,-0.5000000000000004,0.8660254037844384,4,1691956.5128205128,976661.5668104365,0.0,824.1758241758242,11,2025,45,14.22097566607244,235,-0.3303507250734219,-0.1618760478042337,0.6085216455163472,-1.4796451709602547,-1.156727505760292,1.0095402783007468,-0.6411938598568615,1.4690576718286024,1.3027019078811017,-0.5070211499403949,0.8935799483283585,13.81599,1.00048e+06,14.220976,1.5000004e+06,0.018036738,0.38059992,0.024362506,0.30516234,0.082908824,0.085353166,0.3174970305213589,317649.4290960092,536969.3353215086,1864091.9973661124,-499520.0,-33.30133333333333
2025-11-03,1800000.0,385,47.558009,-122.297677,3680.0,5001.0,2020.0,,5.0,3.5,"2709 S Ferdinand St, Seattle, WA 98108",Seattle,98108,Single Family,8728d550bffffff,38,2025-11-02,6.824844142068189,2025-11-01,4.290050467821795,30.0,0.6040445509219083,0.14510609171800137,307,-0.8425720899866032,0.5385835804920232,-0.5000000000000004,0.8660254037844384,4,704011.0144927537,310194.07701491035,0.0,489.1304347826087,11,2025,45,14.403297222866392,235,1.6286128002620188,-0.22397094810602625,1.689097420349248,-1.4796451709602547,-1.156727505760292,1.0095402783007468,-0.6411938598568615,1.4690576718286024,1.3027019078811017,-0.5070211499403949,1.2315462030778395,14.5132475,2.0092006e+06,14.403297,1.8000004e+06,0.0106147975,0.30959523,0.02018278,0.44993103,0.05766417,0.06309812,0.33385928335313786,670790.2807751767,1044327.0812321053,3865538.993654762,209200.625,11.622256944444445
2025-11-03,660000.0,378,47.690309,-122.371135,1350.0,1138.0,2019.0,,3.0,1.5,"8356 12th Ave NW, Seattle, WA 98117",Seattle,98117,Single Family,8728d5472ffffff,9,2025-11-02,6.824844142068189,2025-11-01,4.290050467821795,30.0,0.32864532494608395,0.14510609171800137,307,-0.8425720899866032,0.5385835804920232,-0.5000000000000004,0.8660254037844384,4,1158395.7555555555,537369.1250667212,0.0,488.8888888888889,11,2025,45,13.399995114002609,235,-0.8253576373893665,-0.3098544425083981,-0.47205412931655333,-1.4796451709602547,-1.156727505760292,1.0095402783007468,-0.6411938598568615,1.4690576718286024,1.3027019078811017,-0.5070211499403949,-0.628257223777251,13.565507,778797.94,13.399995,659999.8,0.018983345,0.36409345,0.023273326,0.33685437,0.079438195,0.08562339,0.3245516804929303,252760.1793800531,412250.1652841019,1471257.7848886058,118797.9375,17.9996875
2025-11-04,1229000.0,392,47.662164,-122.330979,1350.0,5700.0,1902.0,,3.0,1.0,"4524 Corliss Ave N, Seattle, WA 98103",Seattle,98103,Single Family,8728d542bffffff,9,2025-11-02,6.824844142068189,2025-11-01,4.290050467821795,30.0,0.32864532494608395,0.14784394250513347,308,-0.8331829385891785,0.5529974600700271,-0.5000000000000004,0.8660254037844384,4,1140717.4222222222,531729.4376110862,0.0,910.3703703703703,11,2025,45,14.021711388548171,235,-0.8253576373893665,-0.20843054878237677,-0.47205412931655333,-1.477668301806442,-1.14376379545412,1.030906051224665,-0.6411938598568615,1.4690576718286024,1.3027019078811017,-0.5070211499403949,0.5242072709309945,13.63007,830738.0,14.021711,1.229e+06,0.019226307,0.3793798,0.024402037,0.30216205,0.08321082,0.08817928,0.32395070870221,269118.1638458565,440262.4668463671,1567532.2441720725,-398262.0,-32.4053702196908
2025-11-04,1420000.0,393,47.653585,-122.35521,1510.0,5000.0,1908.0,,3.0,1.5,"3636 Greenwood Ave N, Seattle, WA 98103",Seattle,98103,Single Family,8728d5476ffffff,9,2025-11-02,6.824844142068189,2025-11-01,4.290050467821795,30.0,0.32864532494608395,0.14784394250513347,308,-0.8331829385891785,0.5529974600700271,-0.5000000000000004,0.8660254037844384,4,1147272.9777777777,531492.5665992816,0.0,940.3973509933775,11,2025,45,14.166167429577444,235,-0.656844645962662,-0.22399318043696137,-0.47205412931655333,-1.477668301806442,-1.14376379545412,1.030906051224665,-0.6411938598568615,1.4690576718286024,1.3027019078811017,-0.5070211499403949,0.7919828868323817,13.703326,893879.5,14.166167,1.4199998e+06,0.01886258,0.3751123,0.02404565,0.3142469,0.0817585,0.08674811,0.3216987204552924,287559.89139121654,475820.86730291054,1679246.4639130002,-526120.5,-37.050739436619715
2025-11-04,1730000.0,390,47.530366,-122.145012,3210.0,7796.0,1989.0,,4.0,2.5,"14702 Se 80th Ct, Newcastle, WA 98059",Newcastle,98059,Single Family,8728d5510ffffff,7,2025-11-02,6.824844142068189,2025-11-01,4.290050467821795,30.0,1.1298870665055198,0.14784394250513347,308,-0.8331829385891785,0.5529974600700271,-0.5000000000000004,0.8660254037844384,4,2243983.314285714,2628840.8573795385,0.0,538.9408099688474,11,2025,45,14.363631966473962,235,1.133605887946074,-0.16183158314236346,0.6085216455163472,-1.477668301806442,-1.14376379545412,1.030906051224665,-0.6411938598568615,1.4690576718286024,1.3027019078811017,-0.5070211499403949,1.1580194167649214,14.424798,1.8391205e+06,14.363632,1.7300004e+06,0.012390341,0.32847092,0.021326859,0.41187257,0.06374512,0.06875086,0.3336447791896336,613612.9531256285,956326.1018288101,3536831.3273351816,109120.5,6.307543352601155
2025-11-04,1365000.0,391,47.666889,-122.169018,1310.0,9498.0,1955.0,,3.0,1.5,"6816 128th Ave NE, Kirkland, WA 98033",Kirkland,98033,Single Family,8728d5410ffffff,59,2025-11-02,6.824844142068189,2025-11-01,4.290050467821795,30.0,0.5269037947205938,0.14784394250513347,308,-0.8331829385891785,0.5529974600700271,-0.5000000000000004,0.8660254037844384,4,1685970.8292682928,964991.2569951765,0.0,1041.9847328244275,11,2025,45,14.126664986601197,235,-0.8674858852460428,-0.12399215589078777,-0.47205412931655333,-1.477668301806442,-1.14376379545412,1.030906051224665,-0.6411938598568615,1.4690576718286024,1.3027019078811017,-0.5070211499403949,0.7187579048779728,13.672751,866962.9,14.126665,1.3650001e+06,0.019502306,0.39167765,0.025352925,0.2724251,0.086422876,0.09050788,0.3227023658541021,279770.9708701742,460585.9626247076,1631887.802656741,-498037.125,-36.48623626373627
2025-11-04,2750000.0,395,47.603831,-122.134177,1460.0,8470.0,1960.0,,3.0,2.0,"627 155th Ave SE, Bellevue, WA 98007",Bellevue,98007,Single Family,8728d55abffffff,59,2025-11-02,6.824844142068189,2025-11-01,4.290050467821795,30.0,0.5269037947205938,0.14784394250513347,308,-0.8331829385891785,0.5529974600700271,-0.5000000000000004,0.8660254037844384,4,1689933.4320987654,970332.1857686796,0.0,1883.5616438356165,11,2025,45,14.827111469642754,235,-0.7095049557835071,-0.146846992092092,-0.47205412931655333,-1.477668301806442,-1.14376379545412,1.030906051224665,-0.6411938598568615,1.4690576718286024,1.3027019078811017,-0.5070211499403949,2.0171631987376184,13.720189,909080.6,14.827111,2.7499995e+06,0.01915269,0.38673982,0.024938505,0.286264,0.084825665,0.088995606,0.32097134844470465,291788.8340512049,484602.9871937432,1705370.4835418279,-1840919.375,-66.94252272727272
2025-11-04,1310000.0,394,47.693224,-122.39157,2580.0,6150.0,1971.0,,4.0,3.0,"8814 Earl Ave NW, Seattle, WA 98117",Seattle,98117,Single Family,8728d5473ffffff,9,2025-11-02,6.824844142068189,2025-11-01,4.290050467821795,30.0,0.32864532494608395,0.14784394250513347,308,-0.8331829385891785,0.5529974600700271,-0.5000000000000004,0.8660254037844384,4,1162506.8666666667,548002.012882287,0.0,507.7519379844961,11,2025,45,14.085537695177335,235,0.4700859842034248,-0.1984259998615724,0.6085216455163472,-1.477668301806442,-1.14376379545412,1.030906051224665,-0.6411938598568615,1.4690576718286024,1.3027019078811017,-0.5070211499403949,0.6425209700089842,14.156675,1.406585e+06,14.085538,1.3100002e+06,0.014741508,0.35772464,0.022689302,0.36704582,0.07312992,0.07555716,0.32743808144348147,460569.49378717935,740363.6024119111,2672310.410202712,96585.0,7.372900763358779
2025-11-04,555000.0,397,47.507766,-122.186033,2010.0,10816.0,1945.0,,3.0,1.0,"1717 Ne Edmonds Ave, Renton, WA 98056",Renton,98056,Single Family,8728d5515ffffff,10,2025-11-02,6.824844142068189,2025-11-01,4.290050467821795,3.0,0.9999990000010001,0.14784394250513347,308,-0.8331829385891785,0.5529974600700271,-0.5000000000000004,0.8660254037844384,4,555000.0,0.0,0.0,276.1194029850746,11,2025,45,13.226723392728571,235,-0.1302415477542102,-0.09468994371829849,-0.47205412931655333,-1.477668301806442,-1.14376379545412,1.030906051224665,-0.6411938598568615,1.4690576718286024,1.3027019078811017,-0.5070211499403949,-0.9494479580093134,13.922576,1.113007e+06,13.226724,555000.1,0.017949231,0.38507682,0.024728935,0.29701775,0.08285821,0.08607207,0.3195226495116328,355630.9455649939,594996.9494737545,2082001.6978889902,558007.0,100.54180180180181
2025-11-04,599950.0,396,47.581764,-122.312363,1180.0,6062.5,1958.0,,2.0,2.0,"2341D 16th Ave S, Seattle, WA 98144",Seattle,98144,Single Family,8728d5425ffffff,9,2025-11-02,6.824844142068189,2025-11-01,4.290050467821795,30.0,0.32864532494608395,0.14784394250513347,308,-0.8331829385891785,0.5529974600700271,-0.5000000000000004,0.8660254037844384,4,1141228.5333333334,531837.3476245527,0.0,508.43220338983053,11,2025,45,13.304601597392535,235,-1.0044026907802401,-0.20037132881839545,-1.552629904149454,-1.477668301806442,-1.14376379545412,1.030906051224665,-0.6411938598568615,1.4690576718286024,1.3027019078811017,-0.5070211499403949,-0.8050865033370129,13.624543,826159.56,13.304602,599950.06,0.018865293,0.39031762,0.02532675,0.27691182,0.08468233,0.0893472,0.323952798759267,267636.7024936066,437834.2549711301,1558899.4906604257,226209.5625,37.704735811317605
2025-11-05,900000.0,398,47.651399,-122.334219,1440.0,4800.0,1909.0,,3.0,1.5,"3631 Meridian Ave N, Seattle, WA 98103",Seattle,98103,Single Family,8728d542bffffff,9,2025-11-02,6.824844142068189,2025-11-01,4.290050467821795,30.0,0.32864532494608395,0.15058179329226556,309,-0.8235472349556007,0.5672476988027229,-0.5000000000000004,0.8660254037844384,4,1145050.7555555555,532110.1912350575,0.0,625.0,11,2025,45,13.710150042306449,235,-0.7305690797118453,-0.22843964662398553,-0.47205412931655333,-1.4756914326526294,-1.1304596676139733,1.052029258424136,-0.6411938598568615,1.4690576718286024,1.3027019078811017,-0.5070211499403949,-0.05332850248838642,13.663333,858835.75,13.71015,899999.75,0.018995827,0.37541127,0.024081806,0.3127547,0.08191584,0.08710083,0.32306545699700284,277460.1640591137,455943.7125256862,1617740.9114131092,-41164.25,-4.5738055555555555
2025-11-05,1250000.0,399,47.647827,-122.40136,1750.0,6000.0,1941.0,,3.0,1.5,"3031 34th Ave W, Seattle, WA 98199",Seattle,98199,Single Family,8728d5474ffffff,9,2025-11-02,6.824844142068189,2025-11-01,4.290050467821795,30.0,0.32864532494608395,0.15058179329226556,309,-0.8235472349556007,0.5672476988027229,-0.5000000000000004,0.8660254037844384,4,1153384.088888889,527749.5747687949,0.0,714.2857142857143,11,2025,45,14.038654109278484,235,-0.40407515882260514,-0.2017608495018405,-0.47205412931655333,-1.4756914326526294,-1.1304596676139733,1.052029258424136,-0.6411938598568615,1.4690576718286024,1.3027019078811017,-0.5070211499403949,0.5556136935788741,13.794538,979245.4,14.038654,1.2500002e+06,0.018372828,0.3749469,0.023987578,0.31789982,0.08099702,0.08559722,0.3177216634229091,311127.4694441904,525341.1205172294,1825331.1937464331,-270754.625,-21.66037
2025-11-05,973500.0,400,47.644708,-122.324876,1290.0,1045.0,2014.0,,3.0,2.5,"2705 Franklin Ave E, Seattle, WA 98102",Seattle,98102,Single Family,8728d5428ffffff,9,2025-11-02,6.824844142068189,2025-11-01,4.290050467821795,30.0,0.32864532494608395,0.15058179329226556,309,-0.8235472349556007,0.5672476988027229,-0.5000000000000004,0.8660254037844384,4,1154423.5333333334,527296.9065442431,0.0,754.6511627906976,11,2025,45,13.788653103794392,235,-0.8885500091743808,-0.3119220492853643,-0.47205412931655333,-1.4756914326526294,-1.1304596676139733,1.052029258424136,-0.6411938598568615,1.4690576718286024,1.3027019078811017,-0.5070211499403949,0.09219123825972636,13.533054,753929.7,13.788653,973500.25,0.01909057,0.36457533,0.023325726,0.33500725,0.07955249,0.08595463,0.32496010979660767,244997.0740289221,398766.988517117,1425418.7198413764,-219570.3125,-22.55473163841808
2025-11-05,1800000.0,401,47.557683,-122.400872,3120.0,6875.0,1968.0,,4.0,2.5,"4878 Beach Dr SW, Seattle, WA 98116",Seattle,98116,Single Family,8728d5546ffffff,9,2025-11-02,6.824844142068189,2025-11-01,4.290050467821795,30.0,0.32864532494608395,0.15058179329226556,309,-0.8235472349556007,0.5672476988027229,-0.5000000000000004,0.8660254037844384,4,1161090.2,531654.5323877449,0.0,576.9230769230769,11,2025,45,14.403297222866392,235,1.0388173302685528,-0.18230755993360978,0.6085216455163472,-1.4756914326526294,-1.1304596676139733,1.052029258424136,-0.6411938598568615,1.4690576718286024,1.3027019078811017,-0.5070211499403949,1.2315462030778395,14.398271,1.7909748e+06,14.403297,1.8000004e+06,0.012682285,0.33286363,0.021490991,0.4069594,0.06490382,0.06955127,0.33367867026868225,597610.0730647857,931228.9210149654,3444470.676083149,-9025.25,-0.5014027777777778
2025-11-06,1720000.0,402,47.685495,-122.266894,2720.0,5952.0,1968.0,,5.0,3.5,"7734 57th Ave NE, Seattle, WA 98115",Seattle,98115,Single Family,8728d541dffffff,58,2025-11-02,6.824844142068189,2025-11-01,4.290050467821795,2.0,0.7071057811879616,0.15331964407939766,310,-0.8136678304455991,0.5813300798152042,-0.5000000000000004,0.8660254037844384,4,1720000.0,0.0,0.0,632.3529411764706,11,2025,45,14.357834848789636,235,0.6175348517017913,-0.20282800138672633,1.689097420349248,-1.473714563498817,-1.1168190591453233,1.0729036492023085,-0.6411938598568615,1.4690576718286024,1.3027019078811017,-0.5070211499403949,1.1472734019405322,14.126512,1.3647906e+06,14.357835,1.72e+06,0.014008825,0.359444,0.022981454,0.36164325,0.07188596,0.07480163,0.325951118388903,444855.03058543993,720461.5892433914,2585361.14949068,-355209.375,-20.65170784883721
2025-11-06,836000.0,403,47.533125,-122.387908,1420.0,5248.0,1944.0,,2.0,2.0,"4308 Sw Portland St, Seattle, WA 98136",Seattle,98136,Single Family,8728d5570ffffff,9,2025-11-02,6.824844142068189,2025-11-01,4.290050467821795,30.0,0.32864532494608395,0.15331964407939766,310,-0.8136678304455991,0.5813300798152042,-0.5000000000000004,0.8660254037844384,4,1143767.9777777777,516171.9197977623,0.0,588.7323943661971,11,2025,45,13.636383892066839,235,-0.7516332036401833,-0.2184795623650514,-1.552629904149454,-1.473714563498817,-1.1168190591453233,1.0729036492023085,-0.6411938598568615,1.4690576718286024,1.3027019078811017,-0.5070211499403949,-0.1900675143867063,13.707978,898047.5,13.636384,836000.1,0.018236535,0.38429362,0.024824461,0.29471672,0.082223244,0.087105766,0.3211763991193662,288431.662288149,478529.1972606789,1685350.2958426916,62047.5,7.421949760765551
2025-11-06,650000.0,404,47.647721,-122.38993,630.0,2696.0,1931.0,,1.0,1.0,"3028 26th Ave W, Seattle, WA 98199",Seattle,98199,Single Family,8728d5474ffffff,9,2025-11-02,6.824844142068189,2025-11-01,4.290050467821795,30.0,0.32864532494608395,0.15331964407939766,310,-0.8136678304455991,0.5813300798152042,-0.5000000000000004,0.8660254037844384,4,1142767.9777777777,517049.37886140624,0.0,1031.7460317460318,11,2025,45,13.38472764187182,235,-1.5836660988095372,-0.2752164709114798,-2.6332056789823546,-1.473714563498817,-1.1168190591453233,1.0729036492023085,-0.6411938598568615,1.4690576718286024,1.3027019078811017,-0.5070211499403949,-0.6565582676377215,13.440064,686982.75,13.3847275,649999.9,0.019093934,0.3942523,0.025791984,0.26306817,0.08524874,0.090907454,0.32591690576261484,223899.292192292,362676.77694320504,1301283.399118188,36982.75,5.689653846153846
2025-11-06,750000.0,405,47.498954,-122.374027,1950.0,17573.0,1985.0,,3.0,2.0,"11616 Seola Beach Dr SW, Burien, WA 98146",Burien,98146,Single Family,8728d5cdaffffff,30,2025-11-02,6.824844142068189,2025-11-01,4.290050467821795,2.0,0.7071057811879616,0.15331964407939766,310,-0.8136678304455991,0.5813300798152042,-0.5000000000000004,0.8660254037844384,4,750000.0,0.0,0.0,384.61538461538464,11,2025,45,13.527828485512494,235,-0.19343391953922442,0.055533916410313106,-0.47205412931655333,-1.473714563498817,-1.1168190591453233,1.0729036492023085,-0.6411938598568615,1.4690576718286024,1.3027019078811017,-0.5070211499403949,-0.39129475723787077,13.922774,1.1132279e+06,13.527828,749999.8,0.018478496,0.40318835,0.026249912,0.24886179,0.08754877,0.09005706,0.3196040009632391,355792.0828338046,595020.1044761179,2082746.7986723422,363227.875,48.43038333333333
2025-11-06,1225000.0,406,47.687495,-122.286027,1910.0,6000.0,1945.0,,4.0,1.5,"8026 39th Ave NE, Seattle, WA 98115",Seattle,98115,Single Family,8728d540effffff,59,2025-11-02,6.824844142068189,2025-11-01,4.290050467821795,30.0,0.5269037947205938,0.15331964407939766,310,-0.8136678304455991,0.5813300798152042,-0.5000000000000004,0.8660254037844384,4,1680416.9638554216,960422.8752808158,0.0,641.3612565445026,11,2025,45,14.018451401960965,235,-0.23556216739590058,-0.2017608495018405,0.6085216455163472,-1.473714563498817,-1.1168190591453233,1.0729036492023085,-0.6411938598568615,1.4690576718286024,1.3027019078811017,-0.5070211499403949,0.5181642912812713,13.839437,1.0242145e+06,14.018452,1.2250004e+06,0.017476426,0.37389126,0.023787893,0.32479244,0.08036302,0.083079144,0.31722940675388084,324910.9582237227,549996.3351535586,1907313.3147933057,-200785.5,-16.390653061224487
2025-11-06,1325000.0,407,47.623963,-122.298429,2570.0,2500.0,1998.0,,3.0,3.0,"444 26th Ave E, Seattle, WA 98112",Seattle,98112,Single Family,8728d542effffff,9,2025-11-02,6.824844142068189,2025-11-01,4.290050467821795,30.0,0.32864532494608395,0.15331964407939766,310,-0.8136678304455991,0.5813300798152042,-0.5000000000000004,0.8660254037844384,4,1148601.3111111112,516099.4752063858,0.0,515.5642023346303,11,2025,45,14.09692301740246,235,0.4595539222392558,-0.2795740077747635,-0.47205412931655333,-1.473714563498817,-1.1168190591453233,1.0729036492023085,-0.6411938598568615,1.4690576718286024,1.3027019078811017,-0.5070211499403949,0.6636257410476072,14.191606,1.4565855e+06,14.096923,1.3249998e+06,0.015018107,0.34448346,0.02196572,0.3876382,0.070065066,0.0750431,0.32902411320256547,479251.75244121545,764302.0214417527,2775920.133409018,131585.5,9.930981132075472
2025-11-06,865000.0,408,47.653996,-122.358002,1284.0,6062.5,1958.0,,3.0,2.0,"105 Nw 39th St, Unit C, Seattle, WA 98107",Seattle,98107,Townhouse,8728d5476ffffff,9,2025-11-02,6.824844142068189,2025-11-01,4.290050467821795,30.0,0.32864532494608395,0.15331964407939766,310,-0.8136678304455991,0.5813300798152042,-0.5000000000000004,0.8660254037844384,4,1149045.7555555555,515834.82676440466,0.0,673.6760124610591,11,2025,45,13.670484785914017,235,-0.8948692463528822,-0.20037132881839545,-0.47205412931655333,-1.473714563498817,-1.1168190591453233,1.0729036492023085,-0.6411938598568615,1.4690576718286024,1.3027019078811017,-0.5070211499403949,-0.12685528880130786,13.601598,807418.8,13.670485,864999.8,0.019367153,0.38141263,0.024568187,0.29681325,0.08369692,0.08878636,0.3244540587510027,261970.31082753983,427482.15799241717,1525034.7293394313,-57581.1875,-6.656784682080925
2025-11-07,685000.0,411,47.69968,-122.311002,750.0,6062.5,1958.0,,1.0,1.0,"1522 Ne 97th St, Unit Lower, Seattle, WA 98115",Seattle,98115,Single Family,8728d540bffffff,9,2025-11-02,6.824844142068189,2025-11-01,4.290050467821795,30.0,0.32864532494608395,0.15605749486652978,311,-0.8035476485339116,0.5952404359043674,-0.5000000000000004,0.8660254037844384,4,1134434.6444444444,510051.96169278567,0.0,913.3333333333334,11,2025,45,13.437174117244362,235,-1.4572813552395087,-0.20037132881839545,-2.6332056789823546,-1.4717376943450042,-1.1028460065236707,1.0935230464911165,-0.6411938598568615,1.4690576718286024,1.3027019078811017,-0.5070211499403949,-0.5593391610868659,13.5493555,766320.3,13.437174,684999.8,0.018987723,0.4018489,0.026386242,0.24547699,0.08676629,0.09178939,0.32428424965379593,248505.60753352492,405857.90010388294,1446927.1173206766,81320.3125,11.871578467153284
2025-11-07,855000.0,409,47.701516,-122.280449,1860.0,9448.0,1961.0,,4.0,1.0,"10009 45th Ave NE, Seattle, WA 98125",Seattle,98125,Single Family,8728d540affffff,59,2025-11-02,6.824844142068189,2025-11-01,4.290050467821795,30.0,0.5269037947205938,0.15605749486652978,311,-0.8035476485339116,0.5952404359043674,-0.5000000000000004,0.8660254037844384,4,1670590.5714285714,958858.4731741124,0.0,459.6774193548387,11,2025,45,13.658856747918897,235,-0.28822247721674576,-0.1251037724375438,0.6085216455163472,-1.4717376943450042,-1.1028460065236707,1.0935230464911165,-0.6411938598568615,1.4690576718286024,1.3027019078811017,-0.5070211499403949,-0.14840997778269155,13.838484,1.0232392e+06,13.658856,854999.7,0.017970033,0.38425666,0.024594542,0.29903233,0.08321051,0.08561233,0.3172928801789682,324666.5089138622,549404.2373356557,1905734.1170217253,168239.1875,19.677097953216375
2025-11-07,1300000.0,410,47.575998,-122.118649,2500.0,13419.0,1983.0,,3.0,2.0,"3830 165th Pl SE, Bellevue, WA 98008",Bellevue,98008,Single Family,8728d55aeffffff,7,2025-11-02,6.824844142068189,2025-11-01,4.290050467821795,30.0,1.1298870665055198,0.15605749486652978,311,-0.8035476485339116,0.5952404359043674,-0.5000000000000004,0.8660254037844384,4,2217761.5555555555,2595786.1248651706,0.0,520.0,11,2025,45,14.077874822431765,235,0.38582948849007254,-0.036819186294178914,-0.47205412931655333,-1.4717376943450042,-1.1028460065236707,1.0935230464911165,-0.6411938598568615,1.4690576718286024,1.3027019078811017,-0.5070211499403949,0.6283164379285078,14.20852,1.4814322e+06,14.077875,1.3000004e+06,0.01600406,0.3758217,0.024339782,0.31352782,0.0781805,0.08149536,0.3296289114054365,488322.89988840645,776418.7417273725,2826621.109258714,181432.25,13.956326923076922
2025-11-10,730000.0,412,47.579014,-122.398976,1170.0,7140.0,1949.0,,3.0,1.0,"5137 Sw Admiral Way, Seattle, WA 98116",Seattle,98116,Single Family,8728d5542ffffff,9,2025-11-09,6.541404159609275,2025-11-01,4.290050467821795,30.0,0.32864532494608395,0.16427104722792607,314,-0.7717727365467837,0.6358984534680745,-0.5000000000000004,0.8660254037844384,4,1133601.3111111112,510657.1555902236,0.0,623.9316239316239,11,2025,46,13.500799813124575,235,-1.0149347527444093,-0.17641599223580273,-0.47205412931655333,-1.4658070868835664,-1.0589740167591624,1.1537906494013344,-0.6411938598568615,1.4690576718286024,1.137612737883384,-0.5070211499403949,-0.4413973306166141,13.576381,787312.7,13.5008,730000.25,0.019694468,0.3878952,0.025060466,0.2843017,0.084974654,0.088323265,0.3245955073816811,255558.16126709743,416721.55136315484,1487471.0055480164,57312.6875,7.851053082191781
2025-11-10,3075000.0,413,47.689158,-122.203154,960.0,14055.0,1972.0,,3.0,1.0,"325 18th Ave, Kirkland, WA 98033",Kirkland,98033,Single Family,8728d541effffff,59,2025-11-09,6.541404159609275,2025-11-01,4.290050467821795,30.0,0.5269037947205938,0.16427104722792607,314,-0.7717727365467837,0.6358984534680745,-0.5000000000000004,0.8660254037844384,4,1687113.0352941176,965229.7776028261,0.0,3203.125,11,2025,46,14.938815459222756,235,-1.2361080539919589,-0.022679423819442053,-0.47205412931655333,-1.4658070868835664,-1.0589740167591624,1.1537906494013344,-0.6411938598568615,1.4690576718286024,1.137612737883384,-0.5070211499403949,2.224226914420966,13.5990715,805381.6,14.938815,3.074999e+06,0.02038333,0.4101504,0.026860774,0.22709575,0.090961605,0.09324519,0.32450762852111187,261352.48118322942,426358.81130191643,1521346.6500648882,-2269618.375,-73.80872764227642
2025-11-10,875000.0,414,47.700131,-122.356357,730.0,7620.0,1948.0,,2.0,1.0,"9714 Palatine Ave N, Seattle, WA 98103",Seattle,98103,Single Family,8728d5454ffffff,9,2025-11-09,6.541404159609275,2025-11-01,4.290050467821795,30.0,0.32864532494608395,0.16427104722792607,314,-0.7717727365467837,0.6358984534680745,-0.5000000000000004,0.8660254037844384,4,1128245.7555555555,510815.4013143274,0.0,1198.6301369863013,11,2025,46,13.681979165339751,235,-1.4783454791678468,-0.16574447338694473,-1.552629904149454,-1.4658070868835664,-1.0589740167591624,1.1537906494013344,-0.6411938598568615,1.4690576718286024,1.137612737883384,-0.5070211499403949,-0.1055483603530436,13.491812,723468.1,13.681979,875000.0,0.019921701,0.40248433,0.026325004,0.24640065,0.08805346,0.09141588,0.3254426235842775,235447.36467959802,382293.6119769792,1369120.7378088874,-151531.875,-17.31792857142857
2025-11-10,500000.0,415,47.53443,-122.271149,1620.0,8160.0,1940.0,,3.0,1.0,"4833 S Austin St, Seattle, WA 98118",Seattle,98118,Single Family,8728d550effffff,9,2025-11-09,6.541404159609275,2025-11-01,4.290050467821795,30.0,0.32864532494608395,0.16427104722792607,314,-0.7717727365467837,0.6358984534680745,-0.5000000000000004,0.8660254037844384,4,1119134.6444444444,514655.2596955334,0.0,308.641975308642,11,2025,46,13.122363377404328,235,-0.5409919643568026,-0.15373901468197948,-0.47205412931655333,-1.4658070868835664,-1.0589740167591624,1.1537906494013344,-0.6411938598568615,1.4690576718286024,1.137612737883384,-0.5070211499403949,-1.1428982781192536,13.764961,950707.06,13.122363,499999.84,0.01885025,0.3855353,0.024782129,0.29586023,0.08327462,0.08605812,0.31853263771578,302831.2283131459,509220.9423435828,1774954.2618693241,450707.0625,90.1414125
2025-11-10,560000.0,416,47.517074,-122.3463,1410.0,1786.0,2014.0,,3.0,1.5,"826 Sw 96th Pl, Seattle, WA 98106",Seattle,98106,Single Family,8728d5576ffffff,38,2025-11-09,6.541404159609275,2025-11-01,4.290050467821795,30.0,0.6040445509219083,0.16427104722792607,314,-0.7717727365467837,0.6358984534680745,-0.5000000000000004,0.8660254037844384,4,703517.2602739726,303084.64725340833,0.0,397.16312056737587,11,2025,46,13.235692062711331,235,-0.7621652656043524,-0.29544789206243977,-0.47205412931655333,-1.4658070868835664,-1.0589740167591624,1.1537906494013344,-0.6411938598568615,1.4690576718286024,1.137612737883384,-0.5070211499403949,-0.9328228926168369,13.595983,802897.7,13.235692,560000.0,0.018953698,0.36749506,0.023481332,0.3345372,0.07939135,0.083780006,0.3245576612715859,260586.59569536464,425002.16222523403,1516803.2720204047,242897.6875,43.37458705357143
2025-11-10,1430000.0,417,47.589028,-122.170858,2780.0,10001.0,1958.0,,4.0,3.0,"2404 127th Ave SE, Bellevue, WA 98005",Bellevue,98005,Single Family,8728d55a9ffffff,7,2025-11-09,6.541404159609275,2025-11-01,4.290050467821795,30.0,1.1298870665055198,0.16427104722792607,314,-0.7717727365467837,0.6358984534680745,-0.5000000000000004,0.8660254037844384,4,2196470.7027027025,2562754.011066446,0.0,514.3884892086331,11,2025,46,14.17318500223609,235,0.6807272234868055,-0.11280929343042198,0.6085216455163472,-1.4658070868835664,-1.0589740167591624,1.1537906494013344,-0.6411938598568615,1.4690576718286024,1.137612737883384,-0.5070211499403949,0.8049912375210259,14.276247,1.585241e+06,14.173185,1.4300005e+06,0.014185287,0.3579481,0.022874912,0.36672753,0.07115135,0.07328622,0.33160176449370005,525668.7127477576,827618.4898456966,3036410.086388067,155241.0,10.856013986013986
2025-11-10,2040000.0,418,47.685296,-122.206893,1600.0,9000.0,1950.0,,4.0,1.0,"137 13th Ave, Kirkland, WA 98033",Kirkland,98033,Single Family,8728d5411ffffff,8,2025-11-09,6.541404159609275,2025-11-01,4.290050467821795,5.0,1.2649102640678578,0.16427104722792607,314,-0.7717727365467837,0.6358984534680745,-0.5000000000000004,0.8660254037844384,4,2040000.0,0.0,0.0,1275.0,11,2025,46,14.528460365820399,235,-0.5620560882851406,-0.13506385669647797,0.6085216455163472,-1.4658070868835664,-1.0589740167591624,1.1537906494013344,-0.6411938598568615,1.4690576718286024,1.137612737883384,-0.5070211499403949,1.463558914030308,13.75605,942272.8,14.5284605,2.0400002e+06,0.019094896,0.39100128,0.025244534,0.27893478,0.08546609,0.08737791,0.31903778842911423,300620.63419688144,504203.9079716618,1760950.318851082,-1097727.1875,-53.81015625
2025-11-10,5750000.0,419,47.587392,-122.198682,2340.0,10682.0,1954.0,,5.0,1.5,"10648 Woodhaven Ln, Bellevue, WA 98004",Bellevue,98004,Single Family,8728d5434ffffff,36,2025-11-09,6.541404159609275,2025-11-01,4.290050467821795,8.0,1.0954447150104782,0.16427104722792607,314,-0.7717727365467837,0.6358984534680745,-0.5000000000000004,0.8660254037844384,4,5750000.0,0.0,0.0,2457.264957264957,11,2025,46,15.564710412773533,235,0.21731649706336795,-0.09766907606360468,1.689097420349248,-1.4658070868835664,-1.0589740167591624,1.1537906494013344,-0.6411938598568615,1.4690576718286024,1.137612737883384,-0.5070211499403949,3.384437352713867,13.942427,1.1353218e+06,15.564711,5.750001e+06,0.015880868,0.38234615,0.024482667,0.31531453,0.078339964,0.079641074,0.31978667195002786,363060.76402498153,606612.0898161209,2124843.176961886,-4614678.25,-80.25527391304348
2025-11-12,1500000.0,423,47.599908,-122.177255,2200.0,16374.0,1959.0,,3.0,1.5,"12207 Se 12th St, Bellevue, WA 98005",Bellevue,98005,Single Family,8728d5436ffffff,7,2025-11-09,6.541404159609275,2025-11-01,4.290050467821795,30.0,1.1298870665055198,0.1697467488021903,316,-0.7494423368521953,0.6620696215153815,-0.5000000000000004,0.8660254037844384,4,2178142.5263157897,2530408.57061193,0.0,681.8181818181819,11,2025,46,14.22097566607244,235,0.06986762956500146,0.028877351619103202,-0.47205412931655333,-1.4618533485759408,-1.028142174731237,1.1925843156468727,-0.6411938598568615,1.4690576718286024,1.137612737883384,-0.5070211499403949,0.8935799483283585,14.015481,1.2213666e+06,14.220976,1.5000004e+06,0.017460676,0.39402166,0.025498092,0.27857834,0.08309847,0.08477208,0.32248307063672854,393870.05960321776,649146.8080995394,2297995.57919314,-278633.375,-18.575558333333333
2025-11-12,710000.0,424,47.681494,-122.386911,820.0,3000.0,1906.0,,2.0,1.0,"2358 Nw 73rd St, Seattle, WA 98117",Seattle,98117,Single Family,8728d5473ffffff,9,2025-11-09,6.541404159609275,2025-11-01,4.290050467821795,30.0,0.32864532494608395,0.1697467488021903,316,-0.7494423368521953,0.6620696215153815,-0.5000000000000004,0.8660254037844384,4,1119429.6444444444,512492.09475078946,0.0,865.8536585365854,11,2025,46,13.473020249017498,235,-1.3835569214903254,-0.26845784230720304,-1.552629904149454,-1.4618533485759408,-1.028142174731237,1.1925843156468727,-0.6411938598568615,1.4690576718286024,1.137612737883384,-0.5070211499403949,-0.4928918187338476,13.428172,678861.3,13.473021,710000.2,0.01951487,0.3876992,0.025153462,0.28367656,0.08396786,0.08831679,0.32632883993120326,221532.02458229905,358100.01047784445,1286938.4200652612,-31138.6875,-4.385730633802817
2025-11-12,1361000.0,420,47.627405,-122.321612,1430.0,5000.0,1936.0,,2.0,1.0,"917 Broadway E, Seattle, WA 98102",Seattle,98102,Single Family,8728d542effffff,9,2025-11-09,6.541404159609275,2025-11-01,4.290050467821795,30.0,0.32864532494608395,0.1697467488021903,316,-0.7494423368521953,0.6620696215153815,-0.5000000000000004,0.8660254037844384,4,1121540.7555555555,511176.22374419763,0.0,951.7482517482517,11,2025,46,14.123730281633604,235,-0.7411011416760143,-0.22399318043696137,-1.552629904149454,-1.4618533485759408,-1.028142174731237,1.1925843156468727,-0.6411938598568615,1.4690576718286024,1.137612737883384,-0.5070211499403949,0.7133178940304725,13.707902,897979.0,14.123731,1.3610005e+06,0.018255554,0.38538185,0.024870396,0.29708457,0.08157909,0.085236646,0.3211526046236394,288388.2947473311,478515.0058581504,1685143.1265150222,-463021.0,-34.020646583394566
2025-11-12,690000.0,421,47.682006,-122.290632,1220.0,896.0,2015.0,,1.0,1.5,"7327 35th Ave NE, Seattle, WA 98115",Seattle,98115,Single Family,8728d540effffff,59,2025-11-09,6.541404159609275,2025-11-01,4.290050467821795,30.0,0.5269037947205938,0.1697467488021903,316,-0.7494423368521953,0.6620696215153815,-0.5000000000000004,0.8660254037844384,4,1674650.6666666667,959944.6873665784,0.0,565.5737704918033,11,2025,46,13.444446876573442,235,-0.962274442923564,-0.31523466659469734,-2.6332056789823546,-1.4618533485759408,-1.028142174731237,1.1925843156468727,-0.6411938598568615,1.4690576718286024,1.137612737883384,-0.5070211499403949,-0.5458577753672315,13.620192,822572.25,13.444447,689999.8,0.017549362,0.38133222,0.024689987,0.30633265,0.07909247,0.08368535,0.32384090031990337,266382.53801816865,436028.7277387692,1551790.1201579985,132572.25,19.21336956521739
2025-11-12,1600000.0,422,47.727608,-122.361249,2150.0,9608.0,1961.0,,4.0,2.0,"13526 Sherman Rd NW, Seattle, WA 98177",Seattle,98177,Single Family,8728d5450ffffff,59,2025-11-09,6.541404159609275,2025-11-01,4.290050467821795,30.0,0.5269037947205938,0.1697467488021903,316,-0.7494423368521953,0.6620696215153815,-0.5000000000000004,0.8660254037844384,4,1686100.0930232557,959581.1366879471,0.0,744.1860465116279,11,2025,46,14.28551418721001,235,0.01720731974415628,-0.12154659948792448,0.6085216455163472,-1.4618533485759408,-1.028142174731237,1.1925843156468727,-0.6411938598568615,1.4690576718286024,1.137612737883384,-0.5070211499403949,1.01321386688131,13.9454,1.1387028e+06,14.285514,1.5999995e+06,0.01656886,0.37646022,0.02384487,0.33043292,0.078607015,0.079478115,0.3200556462159121,364448.24449908617,608097.9022688512,2132294.748803989,-461297.25,-28.831078124999998
2025-11-12,590000.0,427,47.510844,-122.371935,820.0,6300.0,1953.0,,2.0,1.0,"10237 31st Ave SW, Seattle, WA 98146",Seattle,98146,Single Family,8728d5574ffffff,9,2025-11-09,6.541404159609275,2025-11-01,4.290050467821795,30.0,0.32864532494608395,0.1697467488021903,316,-0.7494423368521953,0.6620696215153815,-0.5000000000000004,0.8660254037844384,4,1122390.7555555555,518405.3467243459,0.0,719.5121951219512,11,2025,46,13.287877815881902,235,-1.3835569214903254,-0.19509115022130424,-1.552629904149454,-1.4618533485759408,-1.028142174731237,1.1925843156468727,-0.6411938598568615,1.4690576718286024,1.137612737883384,-0.5070211499403949,-0.8360870822141712,13.500841,730030.2,13.287878,590000.1,0.019684752,0.3978264,0.025933199,0.2594326,0.08648579,0.09016816,0.3252666407800714,237454.46675617067,385894.20278068987,1381062.5942555163,140030.1875,23.733930084745765
2025-11-12,1515000.0,428,47.676031,-122.397211,1640.0,5000.0,1924.0,,3.0,1.5,"3032 Nw 65th St, Seattle, WA 98117",Seattle,98117,Single Family,8728d5470ffffff,9,2025-11-09,6.541404159609275,2025-11-01,4.290050467821795,30.0,0.32864532494608395,0.1697467488021903,316,-0.7494423368521953,0.6620696215153815,-0.5000000000000004,0.8660254037844384,4,1125834.6444444444,515852.05779591197,0.0,923.780487804878,11,2025,46,14.230925996925606,235,-0.5199278404284645,-0.22399318043696137,-0.47205412931655333,-1.4618533485759408,-1.028142174731237,1.1925843156468727,-0.6411938598568615,1.4690576718286024,1.137612737883384,-0.5070211499403949,0.9120247011655863,13.750082,936666.0,14.230926,1.5149994e+06,0.018629014,0.37531358,0.024003094,0.320304,0.08052479,0.08410916,0.3195320708457516,299294.82667080674,500718.40547720157,1752168.7684250837,-578334.0,-38.17386138613861
2025-11-12,580000.0,429,47.477192,-122.269815,1790.0,19410.0,1948.0,,3.0,2.0,"13958 51st Ave S, Tukwila, WA 98168",Tukwila,98168,Single Family,8728d5523ffffff,38,2025-11-09,6.541404159609275,2025-11-01,4.290050467821795,30.0,0.6040445509219083,0.1697467488021903,316,-0.7494423368521953,0.6620696215153815,-0.5000000000000004,0.8660254037844384,4,698890.1333333333,300395.0676012693,0.0,324.0223463687151,11,2025,46,13.270783382522602,235,-0.361946910965929,0.09637470833813011,-0.47205412931655333,-1.4618533485759408,-1.028142174731237,1.1925843156468727,-0.6411938598568615,1.4690576718286024,1.137612737883384,-0.5070211499403949,-0.867774731887087,13.875971,1.0623254e+06,13.270783,580000.0,0.019022087,0.41217542,0.026957907,0.22906242,0.0893192,0.09072775,0.31807465798248785,337898.78031924315,569517.340934795,1981564.357167396,482325.375,83.1595474137931
2025-11-12,480000.0,425,47.530861,-122.358777,760.0,5120.0,1942.0,,2.0,1.0,"7934 20th Ave SW, Seattle, WA 98106",Seattle,98106,Single Family,8728d5576ffffff,38,2025-11-09,6.541404159609275,2025-11-01,4.290050467821795,30.0,0.6040445509219083,0.1697467488021903,316,-0.7494423368521953,0.6620696215153815,-0.5000000000000004,0.8660254037844384,4,700496.7567567568,302120.9654277258,0.0,631.578947368421,11,2025,46,13.081541382884074,235,-1.4467492932753396,-0.22132530072474688,-1.552629904149454,-1.4618533485759408,-1.028142174731237,1.1925843156468727,-0.6411938598568615,1.4690576718286024,1.137612737883384,-0.5070211499403949,-1.2185692895016642,13.450082,693899.06,13.081541,479999.84,0.019736554,0.39493898,0.025722977,0.26558584,0.085915536,0.08986807,0.3260344312786706,226234.9862069902,366243.7374117492,1314687.1815768948,213899.0625,44.562304687499996
2025-11-12,1025000.0,426,47.645176,-122.400316,1150.0,4880.0,1921.0,,3.0,1.0,"3314 W Armour St, Seattle, WA 98199",Seattle,98199,Single Family,8728d5474ffffff,9,2025-11-09,6.541404159609275,2025-11-01,4.290050467821795,30.0,0.32864532494608395,0.1697467488021903,316,-0.7494423368521953,0.6620696215153815,-0.5000000000000004,0.8660254037844384,4,1113501.8666666667,513053.6396862278,0.0,891.304347826087,11,2025,46,13.840203170554645,235,-1.0359988766727473,-0.22666106014917586,-0.47205412931655333,-1.4618533485759408,-1.028142174731237,1.1925843156468727,-0.6411938598568615,1.4690576718286024,1.137612737883384,-0.5070211499403949,0.18774868797335384,13.53175,752946.7,13.840203,1.0250001e+06,0.01960528,0.38087025,0.02453372,0.30065072,0.08314064,0.08713122,0.32503490168452714,244733.9525452529,398188.710165835,1423768.9913854522,-272053.3125,-26.541786585365855
2025-11-13,675000.0,430,47.501688,-122.264458,2020.0,10830.0,1957.0,,4.0,1.5,"5514 S Avon St, Seattle, WA 98178",Seattle,98178,Single Family,8728d5505ffffff,38,2025-11-09,6.541404159609275,2025-11-01,4.290050467821795,30.0,0.6040445509219083,0.17248459958932238,317,-0.7379428103031386,0.6748632518680403,-0.5000000000000004,0.8660254037844384,4,698575.7894736842,298398.29713662085,0.0,334.15841584158414,11,2025,46,13.422467969854667,235,-0.11970948579004118,-0.0943786910852068,0.6085216455163472,-1.4598764794221284,-1.0122646449599104,1.211548384238412,-0.6411938598568615,1.4690576718286024,1.137612737883384,-0.5070211499403949,-0.5865996871732363,13.896787,1.0846704e+06,13.422468,675000.1,0.017299602,0.38335598,0.024406778,0.3110505,0.08104599,0.082030654,0.3181991932283659,345141.2382437091,581354.654849687,2023738.5142635838,409670.375,60.691907407407406
2025-11-13,1270000.0,431,47.673935,-122.394829,1106.0,1729.0,2025.0,,2.0,1.0,"2842 Nw 62nd St, Seattle, WA 98107",Seattle,98107,Single Family,8728d5470ffffff,9,2025-11-09,6.541404159609275,2025-11-01,4.290050467821795,30.0,0.32864532494608395,0.17248459958932238,317,-0.7379428103031386,0.6748632518680403,-0.5000000000000004,0.8660254037844384,4,1120540.7555555555,512711.32183871535,0.0,1148.2820976491862,11,2025,46,14.054527458434775,235,-1.0823399493150911,-0.2967151349257417,-1.552629904149454,-1.4598764794221284,-1.0122646449599104,1.211548384238412,-0.6411938598568615,1.4690576718286024,1.137612737883384,-0.5070211499403949,0.5850378409974106,13.537864,757564.3,14.054527,1.2699998e+06,0.018854426,0.38018104,0.02451936,0.30548882,0.08123919,0.08575337,0.324585539417255,245894.42101607443,400983.70683395397,1431239.4694127832,-512435.6875,-40.34926673228346
2025-11-13,500000.0,432,47.544917,-122.374588,1050.0,1176.0,2005.0,,3.0,2.5,"6348 34th Ave Sw Unit C, Seattle, WA 98126",Seattle,98126,Townhouse,8728d5573ffffff,14,2025-11-09,6.541404159609275,2025-11-01,4.290050467821795,4.0,0.6324551320339289,0.17248459958932238,317,-0.7379428103031386,0.6748632518680403,-0.5000000000000004,0.8660254037844384,4,500000.0,0.0,0.0,476.1904761904762,11,2025,46,13.122363377404328,235,-1.1413194963144377,-0.3090096139328635,-0.47205412931655333,-1.4598764794221284,-1.0122646449599104,1.211548384238412,-0.6411938598568615,1.4690576718286024,1.137612737883384,-0.5070211499403949,-1.1428982781192536,13.398813,659220.44,13.122363,499999.84,0.019578073,0.36940506,0.023725271,0.32495683,0.080522865,0.08555106,0.32689267301575553,215494.33092099082,347355.35355533106,1251086.4437619462,159220.4375,31.8440875
2025-11-14,1295000.0,433,47.669479,-122.264227,2000.0,6600.0,1947.0,,4.0,2.0,"5606 59th Ave NE, Seattle, WA 98105",Seattle,98105,Single Family,8728d5403ffffff,59,2025-11-09,6.541404159609275,2025-11-01,4.290050467821795,30.0,0.5269037947205938,0.17522245037645448,318,-0.7262249146041543,0.6874571793269664,-0.5000000000000004,0.8660254037844384,4,1670336.4545454546,955269.4978488714,0.0,647.5,11,2025,46,14.074021253115776,235,-0.14077360971837924,-0.188421450940768,0.6085216455163472,-1.4578996102683157,-0.9960856103688571,1.2302164321329103,-0.6411938598568615,1.4690576718286024,1.137612737883384,-0.5070211499403949,0.6211731444417464,13.877645,1.0641049e+06,14.074021,1.2950001e+06,0.017138971,0.3752896,0.023801234,0.3295541,0.07905546,0.08052621,0.3176532381703327,338016.3592965871,570942.7335289058,1983244.8723712633,-230895.125,-17.82973938223938
2025-11-14,700000.0,434,47.691188,-122.365571,730.0,4650.0,1942.0,,2.0,1.0,"653 Nw 86th St, Seattle, WA 98117",Seattle,98117,Single Family,8728d5472ffffff,9,2025-11-09,6.541404159609275,2025-11-01,4.290050467821795,30.0,0.32864532494608395,0.17522245037645448,318,-0.7262249146041543,0.6874571793269664,-0.5000000000000004,0.8660254037844384,4,1109790.7555555555,511255.0930622131,0.0,958.9041095890411,11,2025,46,13.458835614025542,235,-1.4783454791678468,-0.23177449626425367,-1.552629904149454,-1.4578996102683157,-0.9960856103688571,1.2302164321329103,-0.6411938598568615,1.4690576718286024,1.137612737883384,-0.5070211499403949,-0.5191856264849386,13.4263,677591.6,13.458836,700000.0,0.019761544,0.39393216,0.025648553,0.26790684,0.085581616,0.08977506,0.3263730526766415,221147.64711937614,357399.27943745226,1284642.7628214783,-22408.375,-3.201196428571428
2025-11-19,985000.0,435,47.621456,-122.32618,1410.0,6062.5,2025.0,,3.0,3.0,"318 Bellevue Ave E # A, Seattle, WA 98102",Seattle,98102,Townhouse,8728d542cffffff,9,2025-11-16,6.685531244282788,2025-11-01,4.290050467821795,30.0,0.32864532494608395,0.188911704312115,323,-0.6644834655228552,0.7473029667054297,-0.5000000000000004,0.8660254037844384,4,1112403.111111111,509994.5592271903,0.0,698.581560283688,11,2025,47,13.800396920154226,235,-0.7621652656043524,-0.20037132881839545,-0.47205412931655333,-1.4480152644992528,-0.9108384750427869,1.3189261717045244,-0.6411938598568615,1.4690576718286024,1.2215593306559476,-0.5070211499403949,0.11396054355413147,13.670095,864663.3,13.800397,985000.0,0.01912374,0.38144183,0.024506193,0.30230772,0.08226329,0.08712241,0.3228358722679636,279144.3347090443,459244.0899511587,1627985.2305680024,-120336.6875,-12.216922588832487
2025-11-21,775000.0,439,47.690964,-122.381402,1418.0,575.0,2025.0,,3.0,1.5,"8513 19th Ave Nw Unit B, Seattle, WA 98117",Seattle,98117,Townhouse,8728d5473ffffff,9,2025-11-16,6.685531244282788,2025-11-01,4.290050467821795,30.0,0.32864532494608395,0.1943874058863792,325,-0.6383844591746642,0.769717664006921,-0.5000000000000004,0.8660254037844384,4,1114625.3333333333,511035.5580362446,0.0,546.5444287729196,11,2025,47,13.560618308335483,235,-0.7537396160330171,-0.3223712448248711,-0.47205412931655333,-1.4440615261916274,-0.8748032740692794,1.3521516007162147,-0.6411938598568615,1.4690576718286024,1.2215593306559476,-0.5070211499403949,-0.3305128408904323,13.587755,796319.06,13.560618,775000.06,0.018809663,0.36284432,0.02315081,0.34372973,0.07793168,0.08396658,0.32457528206031333,258465.4843209418,421505.3083980236,1504427.1554277644,21319.0625,2.7508467741935485
2025-11-21,1300000.0,440,47.690214,-122.354244,1277.0,1028.0,2025.0,,2.0,1.0,"322B N 84th St, Seattle, WA 98103",Seattle,98103,Single Family,8728d5472ffffff,9,2025-11-16,6.685531244282788,2025-11-01,4.290050467821795,30.0,0.32864532494608395,0.1943874058863792,325,-0.6383844591746642,0.769717664006921,-0.5000000000000004,0.8660254037844384,4,1115736.4444444445,510397.14898525085,0.0,1018.0109631949882,11,2025,47,14.077874822431765,235,-0.9022416897278005,-0.31229999891126137,-1.552629904149454,-1.4440615261916274,-0.8748032740692794,1.3521516007162147,-0.6411938598568615,1.4690576718286024,1.2215593306559476,-0.5070211499403949,0.6283164379285078,13.593934,801254.6,14.077875,1.3000004e+06,0.018367345,0.37495178,0.024095573,0.3189033,0.0791868,0.08501267,0.3243218706808234,259864.39887166166,424328.497546715,1512999.8984882743,-498745.375,-38.36502884615385
2025-11-21,2650000.0,437,47.553598,-122.326205,1100.0,3300.0,1915.0,,3.0,1.0,"612 S Lucile St, Seattle, WA 98108",Seattle,98108,Single Family,8728d5509ffffff,38,2025-11-16,6.685531244282788,2025-11-01,4.290050467821795,30.0,0.6040445509219083,0.1943874058863792,325,-0.6383844591746642,0.769717664006921,-0.5000000000000004,0.8660254037844384,4,723918.9610389611,370574.18021008966,0.0,2409.090909090909,11,2025,47,14.790070197962406,235,-1.0886591864935924,-0.2617881430266668,-0.47205412931655333,-1.4440615261916274,-0.8748032740692794,1.3521516007162147,-0.6411938598568615,1.4690576718286024,1.2215593306559476,-0.5070211499403949,1.9485004466138365,13.475473,711743.9,14.790071,2.650001e+06,0.019545712,0.37550384,0.024150174,0.31107435,0.08175423,0.087371215,0.32581381771761486,231895.98915087886,375824.78679758374,1347913.6178092526,-1938256.125,-73.14174056603774
2025-11-21,585000.0,438,47.556083,-122.392016,1850.0,3876.0,1900.0,,3.0,1.0,"5106 47th Ave SW, Seattle, WA 98136",Seattle,98136,Single Family,8728d5573ffffff,14,2025-11-16,6.685531244282788,2025-11-01,4.290050467821795,5.0,1.2649102640678578,0.1943874058863792,325,-0.6383844591746642,0.769717664006921,-0.5000000000000004,0.8660254037844384,4,585000.0,0.0,0.0,316.2162162162162,11,2025,47,13.279367126213993,235,-0.29875453918091477,-0.2489823204080372,-0.47205412931655333,-1.4440615261916274,-0.8748032740692794,1.3521516007162147,-0.6411938598568615,1.4690576718286024,1.2215593306559476,-0.5070211499403949,-0.851863197573087,13.820092,1.0045921e+06,13.279367,585000.2,0.01800502,0.36800712,0.023418829,0.33909333,0.077738486,0.08276762,0.31753330104998023,318991.4536600644,539138.045486654,1871886.8134496137,419592.125,71.72514957264957
2025-11-21,719950.0,436,47.533154,-122.373508,2000.0,6150.0,1961.0,,5.0,2.0,"7716 32nd Ave SW, Seattle, WA 98126",Seattle,98126,Single Family,8728d5570ffffff,9,2025-11-16,6.685531244282788,2025-11-01,4.290050467821795,30.0,0.32864532494608395,0.1943874058863792,325,-0.6383844591746642,0.769717664006921,-0.5000000000000004,0.8660254037844384,4,1109624.7777777778,511458.06296605,0.0,359.975,11,2025,47,13.486937044136416,235,-0.14077360971837924,-0.1984259998615724,1.689097420349248,-1.4440615261916274,-0.8748032740692794,1.3521516007162147,-0.6411938598568615,1.4690576718286024,1.2215593306559476,-0.5070211499403949,-0.4670945010322873,13.836529,1.0212407e+06,13.4869375,719950.4,0.016986348,0.3854332,0.02455125,0.30903956,0.0799746,0.08269183,0.3171709816204545,323907.9113251228,548462.2071304249,1901557.6081496286,301290.6875,41.84883498854087
2025-11-24,599000.0,441,47.716654,-122.292353,1590.0,1385.0,2022.0,,3.0,2.5,"12038 33rd Ave NE, Seattle, WA 98125",Seattle,98125,Single Family,8728d54e4ffffff,9,2025-11-23,6.786466848528101,2025-11-01,4.290050467821795,30.0,0.32864532494608395,0.2026009582477755,328,-0.5978291414589552,0.801623551065242,-0.5000000000000004,0.8660254037844384,4,1106280.888888889,513275.5023111825,0.0,376.7295597484277,11,2025,48,13.303016877097587,235,-0.5725881502493098,-0.30436305676742326,-0.47205412931655333,-1.4381309187301896,-0.8188080762087551,1.3994458724724843,-0.6411938598568615,1.4690576718286024,1.2803491138880727,-0.5070211499403949,-0.8080240714026173,13.695655,887048.44,13.303017,598999.9,0.01846087,0.36270532,0.02309545,0.3454848,0.07768743,0.083884396,0.32200730934108923,285636.08061459236,471899.13409099256,1667421.8604734063,288048.4375,48.08821994991653
2025-11-25,1500000.0,442,47.628289,-122.297986,2030.0,5070.0,1984.0,,3.0,2.5,"2610 E Helen St, Seattle, WA 98112",Seattle,98112,Single Family,8728d542effffff,9,2025-11-23,6.786466848528101,2025-11-01,4.290050467821795,30.0,0.32864532494608395,0.2053388090349076,329,-0.5839514998576998,0.8117885474764613,-0.5000000000000004,0.8660254037844384,4,1113169.7777777778,514363.85451434,0.0,738.9162561576354,11,2025,48,14.22097566607244,235,-0.10917742382587214,-0.22243691727150292,-0.47205412931655333,-1.436154049576377,-0.7996470553841363,1.4145135025244229,-0.6411938598568615,1.4690576718286024,1.2803491138880727,-0.5070211499403949,0.8935799483283585,13.902795,1.0912069e+06,14.220976,1.5000004e+06,0.017374566,0.36792243,0.023350207,0.3421981,0.07721543,0.082026586,0.31858987312442005,347647.45985874487,584410.3602001026,2037493.6128109368,-408793.125,-27.252875
2025-11-25,770000.0,443,47.731501,-122.359989,1120.0,2056.0,2025.0,,3.0,2.5,"14035 2nd Ave Nw Unit B, Seattle, WA 98177",Seattle,98177,Single Family,8728d5450ffffff,59,2025-11-23,6.786466848528101,2025-11-01,4.290050467821795,30.0,0.5269037947205938,0.2053388090349076,329,-0.5839514998576998,0.8117885474764613,-0.5000000000000004,0.8660254037844384,4,1660220.3146067415,954608.8059924623,0.0,687.5,11,2025,48,13.554145793829866,235,-1.0675950625652544,-0.2894451627099571,-0.47205412931655333,-1.436154049576377,-0.7996470553841363,1.4145135025244229,-0.6411938598568615,1.4690576718286024,1.2803491138880727,-0.5070211499403949,-0.34251082689242385,13.459277,700309.1,13.554146,770000.0,0.019417543,0.3703971,0.02377675,0.32120794,0.08092655,0.08718723,0.32603131227044696,228322.7030187185,369629.2595129186,1326823.801692193,-69690.875,-9.050762987012988
2025-11-26,865000.0,444,47.649967,-122.365857,2660.0,4665.0,1958.0,,4.0,3.5,"650 W Cremona St, Seattle, WA 98119",Seattle,98119,Single Family,8728d5429ffffff,9,2025-11-23,6.786466848528101,2025-11-01,4.290050467821795,30.0,0.32864532494608395,0.2080766598220397,330,-0.5699010576127624,0.821713322596059,-0.5000000000000004,0.8660254037844384,4,1108947.5555555555,514828.97942115006,0.0,325.187969924812,11,2025,48,13.670484785914017,235,0.5543424799167771,-0.23144101130022685,0.6085216455163472,-1.4341771804225643,-0.7802474467052383,1.4292250512354217,-0.6411938598568615,1.4690576718286024,1.2803491138880727,-0.5070211499403949,-0.12685528880130786,14.208242,1.4810212e+06,13.670485,864999.8,0.014356177,0.35443404,0.022450317,0.3771942,0.07058695,0.07410623,0.32929646371446497,487695.0603109766,776709.2374208433,2823996.068054111,616021.25,71.21632947976877
2025-11-26,775000.0,445,47.724358,-122.286814,2431.0,2309.0,2025.0,,4.0,1.5,"13047 39th Ave Ne Unit A, Seattle, WA 98125",Seattle,98125,Single Family,8728d54e4ffffff,9,2025-11-23,6.786466848528101,2025-11-01,4.290050467821795,30.0,0.32864532494608395,0.2080766598220397,330,-0.5699010576127624,0.821713322596059,-0.5000000000000004,0.8660254037844384,4,1104392.0,515961.18837999296,0.0,318.7988482106129,11,2025,48,13.560618308335483,235,0.3131582609373062,-0.2838203829833716,0.6085216455163472,-1.4341771804225643,-0.7802474467052383,1.4292250512354217,-0.6411938598568615,1.4690576718286024,1.2803491138880727,-0.5070211499403949,-0.3305128408904323,14.037256,1.2482539e+06,13.560618,775000.06,0.015140569,0.35570967,0.022449788,0.37414998,0.07224135,0.07559177,0.32245255580369514,402502.6522856162,663476.8434015592,2348443.3214466292,473253.875,61.06501612903226
2025-11-26,1200000.0,446,47.555802,-122.183661,1880.0,8377.0,1960.0,,3.0,1.5,"5227 116th Pl SE, Bellevue, WA 98006",Bellevue,98006,Single Family,8728d551effffff,7,2025-11-23,6.786466848528101,2025-11-01,4.290050467821795,30.0,1.1298870665055198,0.2080766598220397,330,-0.5699010576127624,0.821713322596059,-0.5000000000000004,0.8660254037844384,4,2153061.9487179485,2501799.505980003,0.0,638.2978723404256,11,2025,48,13.997832114758229,235,-0.2671583532884077,-0.14891459886905825,-0.47205412931655333,-1.4341771804225643,-0.7802474467052383,1.4292250512354217,-0.6411938598568615,1.4690576718286024,1.2803491138880727,-0.5070211499403949,0.47994268219646014,13.857449,1.0428298e+06,13.997832,1.2000002e+06,0.018159384,0.3812227,0.02441737,0.3069316,0.08152942,0.08565754,0.31763114787497554,331235.23038262053,559551.879979099,1943508.9370914036,-157170.1875,-13.097515625
2025-12-01,335000.0,447,47.73126,-122.343105,1940.0,2548.0,1979.0,,4.0,2.5,"14026 Lenora Pl N, Seattle, WA 98133",Seattle,98133,Single Family,8728d5452ffffff,59,2025-11-30,6.339701057747184,2025-12-01,3.598423628719541,30.0,0.5269037947205938,0.22176591375770022,335,-0.4972040784469378,0.8676336233547726,-2.4492935982947064e-16,1.0,4,1645495.6444444444,959454.1813765059,0.0,172.68041237113403,12,2025,49,12.721885810807203,235,-0.20396598150339346,-0.27850685588987767,0.6085216455163472,-1.424292834653501,-0.6798738838401154,1.4972929654495744,0.058420364990019645,1.6648680412037897,1.020131084859345,-0.9108590344034617,-1.8852564812525061,13.831789,1.0164117e+06,12.721886,334999.97,0.017113555,0.36109596,0.022949608,0.34756273,0.086214796,0.075657025,0.3172451304138949,322451.6583551445,545789.451892545,1892841.0744490877,681411.6875,203.406473880597
2025-12-02,945000.0,448,47.530744,-122.369511,2430.0,7680.0,1924.0,,5.0,3.0,"7936 29th Ave SW, Seattle, WA 98126",Seattle,98126,Single Family,8728d5570ffffff,9,2025-11-30,6.339701057747184,2025-12-01,3.598423628719541,30.0,0.32864532494608395,0.2245037645448323,336,-0.4822058478963526,0.8760579434344281,-2.4492935982947064e-16,1.0,4,1106559.2222222222,514864.15057810355,0.0,388.8888888888889,12,2025,49,13.758940206475879,235,0.3121050547408893,-0.16441053353083748,1.689097420349248,-1.4223159654996886,-0.6591656528474515,1.5097803814076622,0.058420364990019645,1.6648680412037897,1.020131084859345,-0.9108590344034617,0.03711296446107527,13.967003,1.1635694e+06,13.75894,944999.56,0.0153695885,0.36881387,0.023692701,0.33153045,0.084947154,0.07536741,0.3203100543918446,372702.9697949347,621067.5691766652,2179945.8069529,218569.375,23.129034391534393
2025-12-02,345896.0,449,47.596847,-122.50424,2036.0,6062.5,1958.0,,2.0,2.5,"10941 Ne Seaborn Rd, Bainbridge Island, WA 98110",Bainbridge Island,98110,Single Family,8728d5548ffffff,-1,2025-11-30,6.339701057747184,2025-12-01,3.598423628719541,3.0,0.9999990000010001,0.2245037645448323,336,-0.4822058478963526,0.8760579434344281,-2.4492935982947064e-16,1.0,4,345896.0,0.0,0.0,169.88998035363457,12,2025,49,12.753893430822547,235,-0.10285818664737072,-0.20037132881839545,-1.552629904149454,-1.4223159654996886,-0.6591656528474515,1.5097803814076622,0.058420364990019645,1.6648680412037897,1.020131084859345,-0.9108590344034617,-1.8259245204561447,13.940766,1.1334384e+06,12.753894,345896.16,0.016554754,0.37130633,0.02395628,0.3229856,0.08632797,0.077275306,0.3198269296644196,362504.11544007907,605557.9554304006,2121485.516678063,787542.375,227.68183933899206
2025-12-03,808000.0,450,47.484481,-122.299355,950.0,31521.0,1928.0,,1.0,1.0,"2608 S 133rd St, Seatac, WA 98168",Seatac,98168,Single Family,8728d552effffff,38,2025-11-30,6.339701057747184,2025-12-01,3.598423628719541,30.0,0.6040445509219083,0.2272416153319644,337,-0.46706492487743034,0.8842230238742036,-2.4492935982947064e-16,1.0,4,724996.9230769231,368283.06335134193,0.0,850.5263157894736,12,2025,49,13.602317337503232,235,-1.246640115956128,0.3656304682933787,-2.6332056789823546,-1.420339096345876,-0.6382604047076467,1.5218835250226534,0.058420364990019645,1.6648680412037897,1.020131084859345,-0.9108590344034617,-0.25321608584769145,13.772979,958360.0,13.602318,808000.4,0.019767595,0.43127078,0.029925454,0.12484782,0.10674523,0.094880715,0.3178909258898086,304653.947735757,513966.08918352675,1786993.2152318317,150360.0,18.60891089108911
2025-12-05,1047000.0,451,47.672798,-122.383675,1809.0,1220.0,2025.0,,4.0,2.0,"2037 Nw 61st St, Unit A, Seattle, WA 98107",Seattle,98107,Townhouse,8728d5470ffffff,9,2025-11-30,6.339701057747184,2025-12-01,3.598423628719541,30.0,0.32864532494608395,0.2327173169062286,339,-0.4363729641045924,0.8997658785476209,-2.4492935982947064e-16,1.0,4,1108415.3333333333,514338.87775320583,0.0,578.7728026533997,12,2025,49,13.861439489852675,235,-0.3419359932340078,-0.3080313913717182,0.6085216455163472,-1.4163853580382506,-0.5958836582535854,1.5449227839358795,0.058420364990019645,1.6648680412037897,1.020131084859345,-0.9108590344034617,0.2271140785723952,13.766935,952585.7,13.86144,1.04700025e+06,0.01763586,0.36032894,0.023000136,0.34361464,0.08760433,0.0763252,0.3182052704711934,303117.78633792524,510554.67839710135,1777320.904523279,-94414.3125,-9.017603868194843
2025-12-09,650000.0,452,47.551587,-122.312657,1010.0,4320.0,1968.0,,3.0,1.0,"5561 16th Ave S, Seattle, WA 98108",Seattle,98108,Single Family,8728d5508ffffff,38,2025-12-07,6.919161852484689,2025-12-01,3.598423628719541,30.0,0.6040445509219083,0.243668720054757,343,-0.37347653741307074,0.9276396261490467,-2.4492935982947064e-16,1.0,4,724047.5949367088,366011.9319486141,0.0,643.5643564356436,12,2025,50,13.38472764187182,235,-1.1834477441711138,-0.23911116547284356,-0.47205412931655333,-1.4084778814230003,-0.5090418319362561,1.5862401932126635,0.058420364990019645,1.6648680412037897,1.3576371093077466,-0.9108590344034617,-0.6565582676377215,13.444,689691.9,13.3847275,649999.9,0.019528367,0.3695768,0.023952428,0.2966081,0.09444192,0.09028378,0.32603118365155115,224861.05836110766,364025.47272480285,1306707.7502180457,39691.875,6.106442307692308
2025-12-09,1370000.0,453,47.612163,-122.120578,1840.0,8250.0,1961.0,,3.0,2.0,"201 165th Ave NE, Bellevue, WA 98008",Bellevue,98008,Single Family,8728d558cffffff,59,2025-12-07,6.919161852484689,2025-12-01,3.598423628719541,30.0,0.5269037947205938,0.243668720054757,343,-0.37347653741307074,0.9276396261490467,-2.4492935982947064e-16,1.0,4,1650162.3111111112,957051.7737335603,0.0,744.5652173913044,12,2025,50,14.130321297804308,235,-0.30928660114508383,-0.1517381048978186,-0.47205412931655333,-1.4084778814230003,-0.5090418319362561,1.5862401932126635,0.058420364990019645,1.6648680412037897,1.3576371093077466,-0.9108590344034617,0.7255355444793634,13.844229,1.0291345e+06,14.1303215,1.3700002e+06,0.018060626,0.37065837,0.023880579,0.30300957,0.092858754,0.088164344,0.31732969733789673,326574.9394049877,552529.739306516,1916852.2610872192,-340865.5,-24.880693430656933
2025-12-10,1274000.0,454,47.694801,-122.367747,2497.0,3006.0,2025.0,,4.0,1.5,"9015 Dibble Ave NW, Seattle, WA 98117",Seattle,98117,Townhouse,8728d5454ffffff,9,2025-12-07,6.919161852484689,2025-12-01,3.598423628719541,30.0,0.32864532494608395,0.2464065708418891,344,-0.3574644155648614,0.9339267592294762,-2.4492935982947064e-16,1.0,4,1104404.2222222222,511586.4033862956,0.0,510.2122547056468,12,2025,50,14.057672115114245,235,0.3826698699008218,-0.26832444832159236,0.6085216455163472,-1.4065010122691874,-0.4869337094616045,1.5955596451348164,0.058420364990019645,1.6648680412037897,1.3576371093077466,-0.9108590344034617,0.5908670356309049,14.082149,1.3055678e+06,14.0576725,1.2740005e+06,0.014751168,0.3445064,0.021889288,0.37097377,0.08282718,0.078871004,0.32425836510101214,423341.26414360694,691488.7467975789,2464981.7148949564,31567.75,2.4778453689167974
2025-12-10,2279950.0,455,47.668678,-122.170527,1308.0,1542.0,2025.0,,2.0,1.5,"7020 127th Ave NE, Kirkland, WA 98033",Kirkland,98033,Townhouse,8728d5410ffffff,59,2025-12-07,6.919161852484689,2025-12-01,3.598423628719541,30.0,0.5269037947205938,0.2464065708418891,344,-0.3574644155648614,0.9339267592294762,-2.4492935982947064e-16,1.0,4,1659550.6444444444,959059.615068274,0.0,1743.0810397553516,12,2025,50,14.6396640708656,235,-0.8695922976388765,-0.30087258081060925,-1.552629904149454,-1.4065010122691874,-0.4869337094616045,1.5955596451348164,0.058420364990019645,1.6648680412037897,1.3576371093077466,-0.9108590344034617,1.6696952610935691,13.60809,812678.1,14.639664,2.2799492e+06,0.018095559,0.36511868,0.023593076,0.3131265,0.09115425,0.08765353,0.3240855977692015,263377.27593457885,430577.50826350454,1533860.2764729296,-1467271.875,-64.35544090879186
2025-12-12,1349000.0,456,47.690067,-122.354447,1278.0,897.0,2025.0,,2.0,1.0,"318B N 84th St, Seattle, WA 98103",Seattle,98103,Single Family,8728d5472ffffff,9,2025-12-07,6.919161852484689,2025-12-01,3.598423628719541,30.0,0.32864532494608395,0.2518822724161533,346,-0.3251276029999093,0.9456701548465688,-2.4492935982947064e-16,1.0,4,1112365.888888889,509731.35751164245,0.0,1055.5555555555557,12,2025,50,14.114874135189893,235,-0.9011884835313836,-0.3152124342637622,-1.552629904149454,-1.4025472739615623,-0.442285897047801,1.6129669450052435,0.058420364990019645,1.6648680412037897,1.3576371093077466,-0.9108590344034617,0.6969014115380799,13.589508,797716.1,14.114874,1.3489996e+06,0.01812055,0.3632627,0.023461528,0.31614637,0.091652185,0.0873802,0.32411498718689646,258551.75163315568,422625.90515557874,1505707.479155415,-551283.875,-40.866113787991104
2025-12-15,527500.0,457,47.560589,-122.362612,1420.0,1059.0,2015.0,,3.0,1.0,"4714 Delridge Way SW, Seattle, WA 98106",Seattle,98106,Townhouse,8728d5554ffffff,9,2025-12-14,6.662711568221278,2025-12-01,3.598423628719541,30.0,0.32864532494608395,0.2600958247775496,349,-0.27591294500296043,0.9611826292540837,-2.4492935982947064e-16,1.0,4,1100271.4444444445,510560.1137202628,0.0,371.4788732394366,12,2025,51,13.175904144332359,235,-0.7516332036401833,-0.31161079665227265,-0.47205412931655333,-1.3966166665001245,-0.3743346475595069,1.635961171083338,0.058420364990019645,1.6648680412037897,1.2082680463850084,-0.9108590344034617,-1.0436507026088548,13.587703,796277.3,13.175904,527500.06,0.018696051,0.35697976,0.022872034,0.3363168,0.09206042,0.082213484,0.32445511985689324,258356.25086651233,421582.47868110886,1503993.9879032508,268777.3125,50.95304502369669
2025-12-15,490000.0,458,47.732589,-122.34379,1200.0,703.0,2017.0,,2.0,2.0,"14308 Midvale Ave N, Seattle, WA 98133",Seattle,98133,Townhouse,8728d5452ffffff,59,2025-12-14,6.662711568221278,2025-12-01,3.598423628719541,30.0,0.5269037947205938,0.2600958247775496,349,-0.27591294500296043,0.9611826292540837,-2.4492935982947064e-16,1.0,4,1653883.9777777777,964491.7004729087,0.0,408.3333333333333,12,2025,51,13.102160670086809,235,-0.9833385668519021,-0.3195255064651757,-1.552629904149454,-1.3966166665001245,-0.3743346475595069,1.635961171083338,0.058420364990019645,1.6648680412037897,1.2082680463850084,-0.9108590344034617,-1.1803476804168564,13.556499,771813.75,13.10216,489999.9,0.01839047,0.36635447,0.023678266,0.31362906,0.09368318,0.083744615,0.32415958578902215,250190.8255062719,408867.2210389136,1456943.5139276444,281813.75,57.513010204081624
2025-12-19,536000.0,459,47.505117,-122.254701,1020.0,7150.0,1959.0,,3.0,1.0,"10664 63rd Ave S, Seattle, WA 98178",Seattle,98178,Single Family,8728d5500ffffff,38,2025-12-14,6.662711568221278,2025-12-01,3.598423628719541,30.0,0.6040445509219083,0.27104722792607805,353,-0.20917350564635637,0.9778785428342386,-2.4492935982947064e-16,1.0,4,721697.0,364295.212598974,0.0,525.4901960784314,12,2025,51,13.19188944005294,235,-1.1729156822069446,-0.17619366892645152,-0.47205412931655333,-1.388709189884874,-0.28218672905297915,1.660709615551774,0.058420364990019645,1.6648680412037897,1.2082680463850084,-0.9108590344034617,-1.0140190418181718,13.500718,729940.4,13.19189,536000.2,0.01969665,0.37894225,0.024678694,0.274464,0.10184319,0.08765988,0.32532972834847124,237471.3039093312,385799.02382827154,1381063.4610759225,193940.375,36.18290578358209
2025-12-22,1150000.0,460,47.607799,-122.126356,4055.0,8276.0,2026.0,,5.0,3.5,"142 160th Ave SE, Bellevue, WA 98008",Bellevue,98008,Single Family,8728d558cffffff,59,2025-12-21,6.915926242992046,2025-12-01,3.598423628719541,30.0,0.5269037947205938,0.2792607802874743,356,-0.15845177496083632,0.9873667175937016,-2.4492935982947064e-16,1.0,4,1650550.6444444444,965721.8745620889,0.0,283.6004932182491,12,2025,52,13.955272500339433,235,2.0235651239183574,-0.15116006429350545,1.689097420349248,-1.3827785824234362,-0.2121546468122875,1.6747739891491848,0.058420364990019645,1.6648680412037897,1.3557525336704523,-0.9108590344034617,0.40105067544951345,14.614134,2.222479e+06,13.955273,1.1500002e+06,0.009766389,0.29105031,0.019110246,0.46107173,0.06790364,0.0648941,0.33140973648224037,736551.1797273131,1160742.8561298219,4255389.76884899,1072479.0,93.25904347826088
2025-12-22,1100000.0,461,47.672705,-122.16251,1940.0,12449.0,1967.0,,4.0,1.0,"13307 Ne 77th St, Redmond, WA 98052",Redmond,98052,Single Family,8728d5410ffffff,59,2025-12-21,6.915926242992046,2025-12-01,3.598423628719541,30.0,0.5269037947205938,0.2792607802874743,356,-0.15845177496083632,0.9873667175937016,-2.4492935982947064e-16,1.0,4,1651828.4222222222,964907.1049135164,0.0,567.0103092783505,12,2025,52,13.9108207377686,235,-0.20396598150339346,-0.05838454730124614,0.6085216455163472,-1.3827785824234362,-0.2121546468122875,1.6747739891491848,0.058420364990019645,1.6648680412037897,1.3557525336704523,-0.9108590344034617,0.3186512270394939,13.875552,1.0618808e+06,13.910821,1.1000002e+06,0.01743939,0.37260038,0.024013977,0.29083678,0.10072753,0.0873646,0.31760587426194686,337259.5639656818,569802.2580249162,1978915.827791554,-38119.25,-3.4653863636363633
2025-12-23,727000.0,462,47.692845,-122.307045,950.0,5976.0,1940.0,,2.0,1.0,"1755 Ne 89th St, Seattle, WA 98115",Seattle,98115,Single Family,8728d5408ffffff,9,2025-12-21,6.915926242992046,2025-12-01,3.598423628719541,30.0,0.32864532494608395,0.28199863107460643,357,-0.14144406768794202,0.9899462489023779,-2.4492935982947064e-16,1.0,4,1098904.7777777778,511401.4971063801,0.0,765.2631578947369,12,2025,52,13.496681756515656,235,-1.246640115956128,-0.20229442544428342,-1.552629904149454,-1.3808017132696233,-0.18867190798687566,1.6785976425863496,0.058420364990019645,1.6648680412037897,1.3557525336704523,-0.9108590344034617,-0.4490308995342787,13.533688,754407.25,13.496682,727000.3,0.019017018,0.37971258,0.024876298,0.2625895,0.10369651,0.09166248,0.3245556033692528,244847.10020988877,399336.0647665321,1425191.2513549207,27407.25,3.769910591471802
2025-12-23,665000.0,463,47.618788,-122.303948,1043.0,4000.0,1900.0,,2.0,2.0,"109 22nd Ave E, Seattle, WA 98112",Seattle,98112,Townhouse,8728d542effffff,9,2025-12-21,6.915926242992046,2025-12-01,3.598423628719541,30.0,0.32864532494608395,0.28199863107460643,357,-0.14144406768794202,0.9899462489023779,-2.4492935982947064e-16,1.0,4,1097127.0,512640.9677877708,0.0,637.5838926174497,12,2025,52,13.407542319637992,235,-1.148691939689356,-0.2462255113720822,-1.552629904149454,-1.3808017132696233,-0.18867190798687566,1.6785976425863496,0.058420364990019645,1.6648680412037897,1.3557525336704523,-0.9108590344034617,-0.6142671017792405,13.538219,757833.9,13.407542,664999.94,0.018728828,0.37321818,0.024333254,0.2807685,0.10125944,0.09005837,0.324443126144858,245873.99150347154,401238.35237670626,1431349.0929661356,92833.875,13.959981203007517
2025-12-30,575000.0,464,47.556408,-122.364765,2460.0,4970.0,2025.0,,4.0,3.0,"5033 25th Ave Sw Unit A, Seattle, WA 98106",Seattle,98106,Townhouse,8728d5554ffffff,9,2025-12-28,6.805982325720258,2025-12-01,3.598423628719541,30.0,0.32864532494608395,0.30116358658453113,364,-0.021501372740813793,0.999768818762748,-2.4492935982947064e-16,1.0,4,1095182.5555555555,514301.60976992414,0.0,233.739837398374,12,2026,1,13.262125319779487,235,0.3437012406333964,-0.224660150365015,0.6085216455163472,-1.3669636291929352,-0.023065637002406922,1.6931576918798272,0.058420364990019645,1.6648680412037897,1.2917158727476123,-0.9108590344034617,-0.8838240301167158,14.055575,1.2713315e+06,13.262125,574999.8,0.014910378,0.34517008,0.022002043,0.358734,0.093532056,0.07746968,0.3230196686700908,410665.07989984954,674992.4740218131,2394521.365302087,696331.5,121.10113043478262
2026-01-05,675000.0,465,47.69387,-122.341586,1596.0,1596.0,2018.0,,3.0,3.5,"8853 Stone Ave N, Seattle, WA 98103",Seattle,98103,Single Family,8728d5409ffffff,9,2026-01-04,6.5691363760773305,2026-01-01,3.885014959738084,30.0,0.32864532494608395,0.31759069130732376,5,0.08590610426133272,0.9963032375991965,0.49999999999999994,0.8660254037844387,1,1079904.7777777778,505974.60810957267,0.0,422.9323308270677,1,2026,2,13.422467969854667,235,-0.5662689130708083,-0.29967203494011274,-0.47205412931655333,-1.3551024142700592,0.1252331130800086,1.6880206418726351,0.7580345898369008,1.4690576718286026,1.153765323553163,-0.7435196104820141,-0.5865996871732363,13.659215,855306.3,13.422468,675000.1,0.017732715,0.34668496,0.02226223,0.33249474,0.1128141,0.079308435,0.3231451364029635,276388.0750191282,453999.10520157334,1611344.4342047179,180306.3125,26.7120462962963
2026-01-05,649950.0,466,47.542174,-122.277765,1837.0,4957.0,2025.0,,3.0,1.5,"4405 S Holly St, Seattle, WA 98118",Seattle,98118,Townhouse,8728d550effffff,9,2026-01-04,6.5691363760773305,2026-01-01,3.885014959738084,30.0,0.32864532494608395,0.31759069130732376,5,0.08590610426133272,0.9963032375991965,0.49999999999999994,0.8660254037844387,1,1077570.888888889,507482.5488434671,0.0,353.81056069678823,1,2026,2,13.384650715836164,235,-0.3124462197343345,-0.22494917066717157,-0.47205412931655333,-1.3551024142700592,0.1252331130800086,1.6880206418726351,0.7580345898369008,1.4690576718286026,1.153765323553163,-0.7435196104820141,-0.656700864073493,13.787756,972627.0,13.384651,649950.3,0.017382734,0.35272506,0.02270142,0.3187956,0.11508805,0.07970959,0.3177608921861343,309062.8232843232,521750.41351951915,1813133.8499092758,322677.0,49.64643434110316
2026-01-06,1010000.0,467,47.711532,-122.212151,1220.0,7244.0,1971.0,,3.0,1.5,"9704 Ne 124th St, Kirkland, WA 98034",Kirkland,98034,Single Family,8728d541affffff,59,2026-01-04,6.5691363760773305,2026-01-01,3.885014959738084,30.0,0.5269037947205938,0.3203285420944558,6,0.10303137904317879,0.9946781061893646,0.49999999999999994,0.8660254037844387,1,1651217.3111111112,965300.2775195139,0.0,827.8688524590164,1,2026,2,13.825460888817442,235,-0.962274442923564,-0.17410382981855016,-0.47205412931655333,-1.3531255451162467,0.14887817872953435,1.685611700651357,0.7580345898369008,1.4690576718286026,1.153765323553163,-0.7435196104820141,0.16042118028420688,13.561252,775491.0,13.82546,1.00999956e+06,0.018691078,0.36652806,0.023907397,0.2751219,0.12262888,0.08439143,0.32465097428050355,251763.908695762,410419.7644745103,1465295.5927996316,-234509.0,-23.218712871287128
2026-01-06,750000.0,468,47.613598,-122.307745,1318.0,1059.0,2025.0,,2.0,1.0,"1421 19th Ave Unit D, Seattle, WA 98122",Seattle,98122,Townhouse,8728d5421ffffff,9,2026-01-04,6.5691363760773305,2026-01-01,3.885014959738084,30.0,0.32864532494608395,0.3203285420944558,6,0.10303137904317879,0.9946781061893646,0.49999999999999994,0.8660254037844387,1,1065682.0,502402.21160401654,0.0,569.0440060698028,1,2026,2,13.527828485512494,235,-0.8590602356747075,-0.31161079665227265,-1.552629904149454,-1.3531255451162467,0.14887817872953435,1.685611700651357,0.7580345898369008,1.4690576718286026,1.153765323553163,-0.7435196104820141,-0.39129475723787077,13.578486,788972.25,13.527828,749999.8,0.017533513,0.35523424,0.023038,0.30909318,0.11577618,0.080768585,0.3243139284640065,255874.68984658623,417830.5066436074,1489784.0616552057,38972.25,5.1963
2026-01-08,1315000.0,469,47.671044,-122.171089,4143.0,9736.0,2026.0,,5.0,3.5,"7407 127th Ave NE, Kirkland, WA 98033",Kirkland,98033,Single Family,8728d5410ffffff,59,2026-01-04,6.5691363760773305,2026-01-01,3.885014959738084,30.0,0.5269037947205938,0.3258042436687201,8,0.13718540405660057,0.9905453876091833,0.49999999999999994,0.8660254037844387,1,1646495.088888889,965900.4325844828,0.0,317.40284817764905,1,2026,2,14.089347223594002,235,2.116247269203045,-0.11870086112822902,1.689097420349248,-1.3491718068086214,0.19603503746175072,1.6794857491845947,0.7580345898369008,1.4690576718286026,1.153765323553163,-0.7435196104820141,0.6495826256572946,14.61101,2.2155462e+06,14.089347,1.3149995e+06,0.0095396,0.2846143,0.018729322,0.46072662,0.083969854,0.058699254,0.33127304675070735,733950.7564546043,1157432.1275840993,4240979.308012065,900546.25,68.48260456273765
2026-01-12,800000.0,470,47.682487,-122.305732,1480.0,6800.0,1941.0,,3.0,1.5,"7341 21st Ave NE, Seattle, WA 98115",Seattle,98115,Single Family,8728d5408ffffff,9,2026-01-11,6.555523268508655,2026-01-01,3.885014959738084,30.0,0.32864532494608395,0.33675564681724846,12,0.20496611396949532,0.9787690698649216,0.49999999999999994,0.8660254037844387,1,1065404.2222222222,502543.6710135678,0.0,540.5405405405405,1,2026,3,13.592367006650065,235,-0.6884408318551691,-0.18397498475374383,-0.47205412931655333,-1.341264330193371,0.28962065031047446,1.6620296486641095,0.7580345898369008,1.4690576718286026,1.1458363905561113,-0.7435196104820141,-0.27166083868491925,13.661112,856930.25,13.592367,800000.1,0.018155329,0.3610675,0.023450075,0.28790098,0.12362178,0.08233005,0.3230089933017377,276796.1773823064,454982.48595863575,1613973.0960134391,56930.25,7.11628125
2026-01-15,340000.0,471,47.501681,-122.32014,810.0,9601.0,1938.0,,2.0,1.0,"11244 10th Ave S, Seattle, WA 98168",Seattle,98168,Single Family,8728d5528ffffff,38,2026-01-11,6.555523268508655,2026-01-01,3.885014959738084,30.0,0.6040445509219083,0.34496919917864477,15,0.2551824131233728,0.9668929289391521,0.49999999999999994,0.8660254037844387,1,716984.6913580247,364487.0209900704,0.0,419.75308641975306,1,2026,3,12.736700896592344,235,-1.3940889834544945,-0.12170222580447032,-1.552629904149454,-1.335333722731933,0.35895487736932125,1.6444255796930003,0.7580345898369008,1.4690576718286026,1.1458363905561113,-0.7435196104820141,-1.85779401798353,13.503464,731947.25,12.736701,340000.03,0.018840916,0.3803209,0.025259255,0.22581217,0.13373598,0.0874142,0.3253467703521674,238136.67385565047,386846.81826829107,1384906.816739187,391947.25,115.27860294117647
2026-01-16,775000.0,472,47.612079,-122.298439,2015.0,1803.0,2025.0,,3.0,2.5,"1114 26th Ave Unit A, Seattle, WA 98122",Seattle,98122,Townhouse,8728d5421ffffff,9,2026-01-11,6.555523268508655,2026-01-01,3.885014959738084,30.0,0.32864532494608395,0.34770704996577684,16,0.2717767384711357,0.9623603298276545,0.49999999999999994,0.8660254037844387,1,1059070.888888889,502572.1859591546,0.0,384.61538461538464,1,2026,3,13.560618308335483,235,-0.12497551677212569,-0.2950699424365427,-0.47205412931655333,-1.3333568535781204,0.3818668549729382,1.637706883116737,0.7580345898369008,1.4690576718286026,1.1458363905561113,-0.7435196104820141,-0.3305128408904323,13.842861,1.02772806e+06,13.560618,775000.06,0.016460864,0.338391,0.021563169,0.35253292,0.11432153,0.07555831,0.3170831349146092,325875.2358972174,552041.3495752173,1913307.772025304,252728.0625,32.61007258064516
2026-01-16,995000.0,473,47.673966,-122.381,1762.0,1176.0,2025.0,,4.0,1.5,"1746B Nw 62nd St, Seattle, WA 98107",Seattle,98107,Townhouse,8728d5470ffffff,9,2026-01-11,6.555523268508655,2026-01-01,3.885014959738084,30.0,0.32864532494608395,0.34770704996577684,16,0.2717767384711357,0.9623603298276545,0.49999999999999994,0.8660254037844387,1,1050682.0,497181.966755939,0.0,564.6992054483542,1,2026,3,13.81049801614073,235,-0.3914366844656023,-0.3090096139328635,0.6085216455163472,-1.3333568535781204,0.3818668549729382,1.637706883116737,0.7580345898369008,1.4690576718286026,1.1458363905561113,-0.7435196104820141,0.13268476706041749,13.723865,912428.06,13.810498,995000.25,0.017001113,0.34405142,0.022142205,0.3285687,0.11883502,0.07757437,0.3206365856136084,292557.8185780401,486706.6443446163,1710527.3336008876,-82571.9375,-8.298687185929648
2026-01-22,754000.0,474,47.7315,-122.35999,1320.0,2513.0,1943.0,,3.0,1.0,"14035 2nd Ave NW, Seattle, WA 98177",Seattle,98177,Single Family,8728d5450ffffff,59,2026-01-18,6.323861287799362,2026-01-01,3.885014959738084,30.0,0.5269037947205938,0.36413415468856947,22,0.3694836834473831,0.9292372181882051,0.49999999999999994,0.8660254037844387,1,1635983.9777777777,970448.2090935139,0.0,571.2121212121212,1,2026,4,13.533147646990093,235,-0.8569538232818736,-0.27928498747260694,-0.47205412931655333,-1.3214956386552448,0.5167719679015219,1.5886083126734232,0.7580345898369008,1.4690576718286026,1.0109052358772956,-0.7435196104820141,-0.381434721405555,13.526303,748857.0,13.533148,754000.1,0.01820951,0.35156426,0.022725645,0.31195143,0.12374922,0.07728776,0.32518622181545975,243517.97851005974,395908.457887436,1416455.6470004837,-5143.0,-0.6820954907161804
2026-01-22,1059000.0,475,47.679352,-122.349199,1043.0,536.0,2025.0,,2.0,1.0,"713B N 70th St, Seattle, WA 98103",Seattle,98103,Townhouse,8728d540dffffff,9,2026-01-18,6.323861287799362,2026-01-01,3.885014959738084,30.0,0.32864532494608395,0.36413415468856947,22,0.3694836834473831,0.9292372181882051,0.49999999999999994,0.8660254037844387,1,1031893.1111111111,463020.3399186852,0.0,1015.3403643336529,1,2026,4,13.872835624583544,235,-1.148691939689356,-0.3232383057313408,-1.552629904149454,-1.3214956386552448,0.5167719679015219,1.5886083126734232,0.7580345898369008,1.4690576718286026,1.0109052358772956,-0.7435196104820141,0.24823889256224702,13.433131,682236.2,13.872835,1.0589995e+06,0.01801146,0.35661593,0.02321576,0.29833326,0.124861814,0.07810964,0.32622179685515684,222560.3149658617,359955.7895626245,1293065.0163105438,-376763.8125,-35.57731940509915
2026-01-23,390000.0,476,47.580696,-122.303019,780.0,5044.0,1951.0,,2.0,1.0,"2506 23rd Ave S, Seattle, WA 98144",Seattle,98144,Single Family,8728d5425ffffff,9,2026-01-18,6.323861287799362,2026-01-01,3.885014959738084,30.0,0.32864532494608395,0.3668720054757016,23,0.38541335945432564,0.9227440286201427,0.49999999999999994,0.8660254037844387,1,1028876.4444444445,466333.2224152891,0.0,500.0,1,2026,4,12.873902018105829,235,-1.4256851693470016,-0.22301495787581604,-1.552629904149454,-1.319518769501432,0.538766256446259,1.5789834220870689,0.7580345898369008,1.4690576718286026,1.0109052358772956,-0.7435196104820141,-1.6034667184544664,13.39903,659363.1,12.873902,390000.12,0.01868312,0.3709066,0.024437644,0.25481436,0.13270989,0.08184845,0.3266517055144362,215382.08933457837,347594.68751991825,1250766.4414773835,269363.125,69.06746794871795
2026-01-28,830000.0,477,47.670479,-122.269001,1590.0,1703.0,2006.0,,3.0,2.5,"5801 55th Ave Ne Unit A, Seattle, WA 98105",Seattle,98105,Townhouse,8728d5403ffffff,59,2026-01-25,6.00598865066983,2026-01-01,3.885014959738084,30.0,0.5269037947205938,0.3805612594113621,28,0.4632579225674917,0.88622350294858,0.49999999999999994,0.8660254037844387,1,1638122.8666666667,968432.8464178342,0.0,522.0125786163522,1,2026,5,13.62918097977278,235,-0.5725881502493098,-0.2972931755300548,-0.47205412931655333,-1.309634423732369,0.6462471482110244,1.5248488461501728,0.7580345898369008,1.4690576718286026,0.8257608205642336,-0.7435196104820141,-0.20341942588921197,13.637976,837331.8,13.629181,829999.94,0.01775597,0.34848395,0.022395778,0.32880196,0.12386155,0.07031871,0.32364192688806936,270995.6812421796,444025.60827598296,1579018.2789443284,7331.8125,0.8833509036144579
2026-01-30,959000.0,478,47.533897,-122.374299,1080.0,1799.0,2026.0,,3.0,2.5,"7555 32nd Ave Sw Unit B, Seattle, WA 98126",Seattle,98126,Single Family,8728d5570ffffff,9,2026-01-25,6.00598865066983,2026-01-01,3.885014959738084,30.0,0.32864532494608395,0.3860369609856263,30,0.49346814167723735,0.8697638720650646,0.49999999999999994,0.8660254037844387,1,1032587.5555555555,464408.0567100621,0.0,887.9629629629629,1,2026,5,13.773646353865574,235,-1.1097233104219306,-0.2951588717602832,-0.47205412931655333,-1.3056806854247438,0.6879587483596961,1.5004506448216863,0.7580345898369008,1.4690576718286026,0.8257608205642336,-0.7435196104820141,0.06437349054744569,13.374843,643606.4,13.773646,959000.0,0.018629191,0.35399866,0.022936441,0.30786094,0.12804508,0.072748534,0.32723640701483525,210611.4376868427,338899.6368327763,1222276.9155198003,-315393.625,-32.88776068821689
2026-02-04,4000000.0,479,47.601821,-122.202525,5902.0,10067.0,2025.0,,5.0,4.5,"955 103rd Ave SE, Bellevue, WA 98004",Bellevue,98004,Single Family,8728d5434ffffff,36,2026-02-01,6.420893880037767,2026-02-01,3.854372277228922,9.0,1.4605929533473043,0.3997262149212868,35,0.5663619330814524,0.8241566360566663,0.8660254037844386,0.5000000000000001,1,4000000.0,0.0,0.0,677.7363605557438,2,2026,6,15.201804919084164,235,3.9688369687003786,-0.111341959588704,1.689097420349248,-1.2957963396556806,0.7886040521665938,1.4328467882076767,1.270187748122734,0.9340937940467628,1.0674217159320714,-0.7614117386921281,2.7117258385794343,15.190117,3.95352e+06,15.201805,4.0000008e+06,0.0060677957,0.22030114,0.013892606,0.62226295,0.057788253,0.040869102,0.30681249807194716,1212989.3473774046,2166805.2075575655,7213532.822778421,-46480.0,-1.162
2026-02-11,749000.0,480,47.690065,-122.354449,1220.0,1512.0,2025.0,,2.0,1.5,"316 N 84th St, Seattle, WA 98103",Seattle,98103,Single Family,8728d5472ffffff,9,2026-02-08,6.455306968510143,2026-02-01,3.854372277228922,30.0,0.32864532494608395,0.4188911704312115,42,0.6612634749656386,0.7501537286959042,0.8660254037844386,0.5000000000000001,1,1017020.8888888889,449782.26280192926,0.0,613.9344262295082,2,2026,7,13.526494262499357,235,-0.962274442923564,-0.3015395507386629,-1.552629904149454,-1.2819582555789921,0.9196357124860849,1.3231518718721298,1.270187748122734,0.9340937940467628,1.087465564946161,-0.7614117386921281,-0.3937679829094792,13.54754,764930.06,13.526494,748999.8,0.017176986,0.3528738,0.022963211,0.2989153,0.1294547,0.07809948,0.3244292353041094,248165.6752379996,405006.5058563449,1444712.6652739465,15930.0625,2.1268441255006674
2026-02-12,850000.0,481,47.550048,-122.311485,1098.0,889.0,2025.0,,2.0,2.0,"1616 S Juneau St, Seattle, WA 98108",Seattle,98108,Single Family,8728d5508ffffff,38,2026-02-08,6.455306968510143,2026-02-01,3.854372277228922,30.0,0.6040445509219083,0.4216290212183436,43,0.6740694616546162,0.7386679638813748,0.8660254037844386,0.5000000000000001,1,718606.8292682926,362527.8257651678,0.0,774.1347905282331,2,2026,7,13.652991628466498,235,-1.0907655988864262,-0.3153902929112432,-1.552629904149454,-1.2799813864251797,0.9373170869355515,1.3061264595564022,1.270187748122734,0.9340937940467628,1.087465564946161,-0.7614117386921281,-0.1592820462854057,13.477059,712873.56,13.652991,849999.7,0.017366406,0.3524044,0.022951413,0.29808348,0.1301446,0.078354485,0.32549603258076687,232037.51632546735,376655.83330157533,1349212.420802518,-137126.4375,-16.13252205882353
2026-02-19,1000000.0,482,47.612077,-122.29844,2070.0,1847.0,2025.0,,4.0,2.5,"1114 26th Ave Unit C, Seattle, WA 98122",Seattle,98122,Townhouse,8728d5421ffffff,9,2026-02-15,6.217835343496533,2026-02-01,3.854372277228922,30.0,0.32864532494608395,0.4407939767282683,50,0.7579216274973472,0.6523456189565257,0.8660254037844386,0.5000000000000001,1,1008687.5555555555,442945.260056905,0.0,483.09178743961354,2,2026,8,13.815510557964274,235,-0.067049175969196,-0.2940917198753974,0.6085216455163472,-1.2661433023484914,1.0530927455140684,1.1781703732062017,1.270187748122734,0.9340937940467628,0.9491505921205154,-0.7614117386921281,0.14197642744697578,13.871216,1.057286e+06,13.815511,1.0000002e+06,0.015316978,0.3378207,0.021476572,0.35012394,0.12428372,0.06870561,0.31683605801573844,334986.32843522803,568193.4078951553,1967382.4153837122,57286.0,5.728599999999999
2026-02-20,850000.0,483,47.665061,-122.280775,2020.0,1185.0,2019.0,,4.0,2.5,"4274 Ne 50th St, Seattle, WA 98105",Seattle,98105,Townhouse,8728d5401ffffff,59,2026-02-15,6.217835343496533,2026-02-01,3.854372277228922,30.0,0.5269037947205938,0.44353182751540043,51,0.7690308592589181,0.6392116531380588,0.8660254037844386,0.5000000000000001,1,1624789.5333333334,970955.9098742974,0.0,420.7920792079208,2,2026,8,13.652991628466498,235,-0.11970948579004118,-0.3088095229544474,0.6085216455163472,-1.2641664331946787,1.0684313907424998,1.1587018234830517,1.270187748122734,0.9340937940467628,0.9491505921205154,-0.7614117386921281,-0.1592820462854057,13.838305,1.0230567e+06,13.652991,849999.7,0.015480365,0.3372081,0.02146257,0.34957573,0.12477909,0.06890306,0.31688409717332733,324190.39477557235,549746.5555251773,1903868.2657576802,173056.6875,20.359610294117648
2026-02-24,1215000.0,484,47.741384,-122.293104,2430.0,15590.0,1978.0,,3.0,2.5,"3323 Ne 156th St, Lake Forest Park, WA 98155",Lake Forest Park,98155,Single Family,8728d54e0ffffff,59,2026-02-22,6.384179544959861,2026-02-01,3.854372277228922,30.0,0.5269037947205938,0.4544832306639288,55,0.8111602420785621,0.5848239578463322,0.8660254037844386,0.5000000000000001,1,1620178.4222222222,971915.8389688001,0.0,500.0,2,2026,9,14.010254634756786,235,0.3121050547408893,0.011447204165968455,-0.47205412931655333,-1.2562589565794282,1.1265999185608373,1.078082643811842,1.270187748122734,0.9340937940467628,1.0460375094681575,-0.7614117386921281,0.5029700884576275,14.110974,1.3437494e+06,14.010255,1.2150002e+06,0.015292876,0.35589087,0.02337981,0.2850471,0.1323162,0.0752154,0.3252314635120645,437029.57582467195,710355.368877373,2541914.2078819657,128749.375,10.596656378600823
2026-02-26,799900.0,485,47.66902,-122.300298,1665.0,5000.0,1918.0,,6.0,5.0,"5514 25th Ave NE, Seattle, WA 98105",Seattle,98105,Single Family,8728d540cffffff,9,2026-02-22,6.384179544959861,2026-02-01,3.854372277228922,30.0,0.32864532494608395,0.459958932238193,57,0.8307970168121247,0.5565755266413303,0.8660254037844386,0.5000000000000001,1,1002853.1111111111,442189.6463512149,0.0,480.42042042042044,2,2026,9,13.592241998836913,235,-0.49359768551804195,-0.22399318043696137,2.7696731951821483,-1.2523052182718029,1.1537126413425025,1.0362098389700398,1.270187748122734,0.9340937940467628,1.0460375094681575,-0.7614117386921281,-0.2718925634637561,13.712957,902530.2,13.592242,799900.2,0.017040974,0.3716559,0.024549138,0.24167411,0.14267547,0.08039935,0.3209010260634149,289622.86322195624,481177.43611557235,1692848.8763111308,102630.1875,12.83037723465433
