sale_date,sale_price,sale_nbr,lat,lng,sqft,sqft_lot,year_built,year_reno,beds,baths,zillow_id,address,city,state,zipcode,home_type,status,days_on_zillow,url,zestimate,h3_07,community,date_x,mortgage_rate,date_y,unemployment_rate,rolling_sales_volume,inventory_proxy,time_trend,day_of_year,sin_day,cos_day,sin_month,cos_month,quarter,price_ma_3m,price_volatility_3m,yoy_price_change,price_per_sqft,month,year,week,log_price,h3_09,community_neighbors,community_index,sqft_scaled,sqft_lot_scaled,beds_scaled,time_trend_scaled,sin_day_scaled,cos_day_scaled,sin_month_scaled,cos_month_scaled,mortgage_rate_scaled,unemployment_rate_scaled,log_price_scaled,predicted_log_price,predicted_price,target_log,target,cls_attn_community,cls_attn_year,cls_attn_week,cls_attn_property,cls_attn_time,cls_attn_market,prediction_std_log,prediction_std_price,price_lower_95,price_upper_95,price_error,pct_error
2026-03-10,3270000.0,1,47.690784,-122.27016,9000.0,10733.184,,,4.0,4.0,49034753,"8508 54TH Avenue NE, Seattle, WA 98115",Seattle,WA,98115,SINGLE_FAMILY,FOR_SALE,0,https://www.zillow.com/homedetails/8508-54th-Ave-NE-Seattle-WA-98115/49034753_zpid/,3247700.0,8728d541dffffff,58,,,,,1.0,,6.184804928131417,69,0.9272375462179537,0.374473674486883,1.0,6.123233995736766e-17,1,3270000.0,0.0,0.0,363.3333333333333,3,2026,11,15.000300542873436,8928d541da7ffff,,58,7.231669765199945,-0.09653113643702148,0.6085216455163474,2.8813281823503942,1.2868691995948212,0.7662792626043098,1.4576488146837816,0.203319546889736,,,2.3382007297491394,15.173168,3.8870778e+06,15.0003,3.2699995e+06,0.51298714,0.038145296,0.011337963,0.3492758,0.017725168,0.057363354,0.27326560318851423,1062204.6459944027,2275175.15843836,6640971.125656775,617077.75,18.870879204892965
2026-03-10,649950.0,11,47.693317,-122.373146,960.0,2731.212,,,2.0,1.0,49040907,"8731 13th Avenue NW, Seattle, WA 98117",Seattle,WA,98117,SINGLE_FAMILY,FOR_SALE,0,https://www.zillow.com/homedetails/8731-13th-Ave-NW-Seattle-WA-98117/49040907_zpid/,637800.0,8728d5454ffffff,9,,,,,6.0,-5.978850245701616,6.184804928131417,69,0.9272375462179537,0.374473674486883,1.0,6.123233995736766e-17,1,992517.7777777778,575518.0351975971,0.0,677.03125,3,2026,11,13.384650715836164,8928d545497ffff,"[9, 9, 9, 9, 9, 9, 9]",9,-1.2361080539919589,-0.2744336260745923,-1.5526299041494542,2.8813281823503942,1.2868691995948212,0.7662792626043098,1.4576488146837816,0.203319546889736,,,-0.6567008640734932,13.646676,844648.7,13.384651,649950.3,0.21763065,0.054958798,0.0136947995,0.54275024,0.033907168,0.11117184,0.26478153104088203,223647.37266792153,502677.58662322257,1419262.4090462902,194698.6875,29.955948534502653
2026-03-10,689000.0,9,47.68698,-122.388916,1090.0,1067.22,,,2.0,3.0,458238487,"8003 25th Avenue NW, Seattle, WA 98117",Seattle,WA,98117,TOWNHOUSE,FOR_SALE,0,https://www.zillow.com/homedetails/8003-25th-Ave-NW-Seattle-WA-98117/458238487_zpid/,688100.0,8728d5473ffffff,9,,,,,5.0,-6.236522692947103,6.184804928131417,69,0.9272375462179537,0.374473674486883,1.0,6.123233995736766e-17,1,992240.5555555556,575690.88444431,0.0,632.1100917431193,3,2026,11,13.442996549995796,8928d5473c7ffff,"[9, 9, 9, 9, 9, 9, 9]",9,-1.0991912484577615,-0.31142804689198594,-1.5526299041494542,2.8813281823503942,1.2868691995948212,0.7662792626043098,1.4576488146837816,0.203319546889736,,,-0.5485462201689886,13.445162,690493.5,13.442997,689000.3,0.19624318,0.04944594,0.012579776,0.5970402,0.024322368,0.09617029,0.26549798652268697,183324.63395700295,410358.22054825554,1161865.978754914,1493.5,0.21676342525399128
2026-03-10,850000.0,7,47.618206,-122.31383,1260.0,1572.516,,,3.0,3.0,2093335408,"1816 14th Avenue #A, Seattle, WA 98122",Seattle,WA,98122,TOWNHOUSE,FOR_SALE,0,https://www.zillow.com/homedetails/1816-14th-Ave-UNIT-A-Seattle-WA-98122/2093335408_zpid/,,8728d542effffff,9,,,,,3.0,-6.7518675874380785,6.184804928131417,69,0.9272375462179537,0.374473674486883,1.0,6.123233995736766e-17,1,1042640.5555555556,677006.4874838301,0.0,674.6031746031746,3,2026,11,13.652991628466498,8928d542e97ffff,"[9, 9, 9, 9, 9, 9, 9]",9,-0.9201461950668879,-0.30019413899979314,-0.47205412931655344,2.8813281823503942,1.2868691995948212,0.7662792626043098,1.4576488146837816,0.203319546889736,,,-0.15928204628540574,13.555611,771128.75,13.652991,849999.7,0.19262698,0.049789872,0.012791427,0.60076976,0.024701223,0.0955029,0.2629953522025396,202803.2771997541,460532.9875994876,1291198.670784448,-78871.25,-9.278970588235294
2026-03-10,2195000.0,4,47.6838,-122.28019,3340.0,5000.688,,,6.0,5.0,58387212,"7527 45th Avenue NE, Seattle, WA 98115",Seattle,WA,98115,SINGLE_FAMILY,FOR_SALE,0,https://www.zillow.com/homedetails/7527-45th-Ave-NE-Seattle-WA-98115/58387212_zpid/,2123900.0,8728d540effffff,59,,,,,1.0,-3.3136764594055315,6.184804928131417,69,0.9272375462179537,0.374473674486883,1.0,6.123233995736766e-17,1,1440474.3375,1332893.294362181,0.0,657.185628742515,3,2026,11,14.601692604491408,8928d540e73ffff,"[59, 59, 59, 59, 59, 59, 59]",59,1.2705226934802716,-0.223977884593278,2.769673195182149,2.8813281823503942,1.2868691995948212,0.7662792626043098,1.4576488146837816,0.203319546889736,,,1.599308223468971,14.180171,1.440025e+06,14.601692,2.194999e+06,0.14320222,0.06506717,0.017714955,0.5809777,0.051617883,0.11924824,0.26700469257777387,384493.4324293088,853278.9671833044,2430239.1116478248,-754975.0,-34.39521640091116
2026-03-10,2183000.0,2,47.682564,-122.38181,3552.0,3571.92,,,6.0,5.0,49041445,"7342 20th Avenue NW, Seattle, WA 98117",Seattle,WA,98117,SINGLE_FAMILY,FOR_SALE,0,https://www.zillow.com/homedetails/7342-20th-Ave-NW-Seattle-WA-98117/49041445_zpid/,,8728d5473ffffff,9,,,,,13.0,-4.175143114983203,6.184804928131417,69,0.9272375462179537,0.374473674486883,1.0,6.123233995736766e-17,1,1056230.0,670247.2975524813,0.0,614.5833333333334,3,2026,11,14.596210635532081,8928d5473d3ffff,"[9, 9, 9, 9, 9, 9, 9]",9,1.493802407120655,-0.25574272759878874,2.769673195182149,2.8813281823503942,1.2868691995948212,0.7662792626043098,1.4576488146837816,0.203319546889736,,,1.5891463942787436,14.272169,1.5787898e+06,14.5962105,2.1829998e+06,0.15501836,0.06445009,0.017661603,0.5894102,0.043358844,0.10885121,0.271120014923164,428041.50058053836,927987.8174272225,2686001.8435186325,-604210.25,-27.677977553825013
2026-03-10,1135000.0,24,47.653748,-122.413574,1720.0,2805.264,,,2.0,2.0,48942941,"3635 43rd Avenue W, Seattle, WA 98199",Seattle,WA,98199,SINGLE_FAMILY,FOR_SALE,1,https://www.zillow.com/homedetails/3635-43rd-Ave-W-Seattle-WA-98199/48942941_zpid/,1106000.0,8728d5475ffffff,9,,,,,14.0,-3.917470667737715,6.184804928131417,69,0.9272375462179537,0.374473674486883,1.0,6.123233995736766e-17,1,1037641.1111111112,661792.3867213546,0.0,659.8837209302326,3,2026,11,13.94214320889764,8928d5475c7ffff,"[9, 9, 9, 9, 9, 9, 9]",9,-0.43567134471511226,-0.27278727750418474,-1.5526299041494542,2.8813281823503942,1.2868691995948212,0.7662792626043098,1.4576488146837816,0.203319546889736,,,0.37671313942730994,13.753342,939724.2,13.942143,1.1350002e+06,0.16823375,0.0493,0.012884272,0.6292153,0.027599586,0.09147625,0.264641979538917,248690.4692006004,559413.0538399228,1578585.8217801997,-195275.8125,-17.204917400881055
2026-03-10,850000.0,41,47.730305,-122.356544,2380.0,9639.828,,,3.0,2.0,48950370,"13758 Palatine Avenue N, Seattle, WA 98133",Seattle,WA,98133,SINGLE_FAMILY,FOR_SALE,3,https://www.zillow.com/homedetails/13758-Palatine-Ave-N-Seattle-WA-98133/48950370_zpid/,925400.0,8728d5450ffffff,59,,,,,10.0,-2.138382345724752,6.184804928131417,69,0.9272375462179537,0.374473674486883,1.0,6.123233995736766e-17,1,1443385.4743589745,1342696.7473017187,0.0,357.14285714285717,3,2026,11,13.652991628466498,8928d5452b7ffff,"[59, 59, 59, 59, 59, 59, 59]",59,0.2594447449200441,-0.12083898885892147,-0.47205412931655344,2.8813281823503942,1.2868691995948212,0.7662792626043098,1.4576488146837816,0.203319546889736,,,-0.15928204628540574,13.837088,1.02181156e+06,13.652991,849999.7,0.13319471,0.06943403,0.016699474,0.5156864,0.086120695,0.15633108,0.2672359654298207,273064.79939204105,605194.4794433103,1725228.6035566218,171811.5625,20.213125
2026-03-10,739000.0,39,47.6173,-122.31782,1038.0,740.52,,,2.0,2.0,2069287050,"1728 11th Avenue #A, Seattle, WA 98122",Seattle,WA,98122,TOWNHOUSE,FOR_SALE,3,https://www.zillow.com/homedetails/1728-11th-Ave-A-Seattle-WA-98122/2069287050_zpid/,,8728d542cffffff,9,,,,,28.0,-0.3100564063008891,6.184804928131417,69,0.9272375462179537,0.374473674486883,1.0,6.123233995736766e-17,1,1031685.5555555556,663316.4090786979,0.0,711.9460500963391,3,2026,11,13.513053199930338,8928d542c5bffff,"[9, 9, 9, 9, 9, 231, 9]",9,-1.1539579706714405,-0.3186913494084899,-1.5526299041494542,2.8813281823503942,1.2868691995948212,0.7662792626043098,1.4576488146837816,0.203319546889736,,,-0.41868344357241355,13.428024,678760.94,13.513053,738999.8,0.21261325,0.048156977,0.012258492,0.5867125,0.022868723,0.0935558,0.2651696064042958,179986.77063948583,403645.3252016635,1141389.2520116915,-60239.0625,-8.151429296346414
2026-03-10,525000.0,48,47.53292,-122.27082,1230.0,1075.932,,,2.0,2.0,82808878,"4838 S Chicago Street #C, Seattle, WA 98118",Seattle,WA,98118,TOWNHOUSE,FOR_SALE,3,https://www.zillow.com/homedetails/4838-S-Chicago-St-UNIT-C-Seattle-WA-98118/82808878_zpid/,,8728d550effffff,9,,,,,27.0,-0.5677288535463767,6.184804928131417,69,0.9272375462179537,0.374473674486883,1.0,6.123233995736766e-17,1,1031251.6666666666,663522.7514642389,0.0,426.8292682926829,3,2026,11,13.17115354157376,8928d550e8bffff,"[9, 9, 9, 9, 9, 9, 9]",9,-0.951742380959395,-0.31123435882487915,-1.5526299041494542,2.8813281823503942,1.2868691995948212,0.7662792626043098,1.4576488146837816,0.203319546889736,,,-1.0524568111697887,13.501401,730438.94,13.171153,524999.75,0.18901311,0.04860148,0.012446325,0.6094725,0.0235678,0.093396485,0.2642478751647616,193016.93717198112,435162.6343416572,1226072.81113334,205438.9375,39.13122619047619
2026-03-10,709000.0,45,47.692673,-122.336685,1096.0,618.552,,,2.0,2.0,460856998,"8831 B Wallingford Avenue N, Seattle, WA 98103",Seattle,WA,98103,TOWNHOUSE,FOR_SALE,3,https://www.zillow.com/homedetails/8831-B-Wallingford-Ave-N-Seattle-WA-98103/460856998_zpid/,,8728d5409ffffff,9,,,,,24.0,-1.3407461952828394,6.184804928131417,69,0.9272375462179537,0.374473674486883,1.0,6.123233995736766e-17,1,1018273.8888888888,655816.7492159087,0.0,646.8978102189781,3,2026,11,13.471610805514265,8928d540913ffff,"[9, 9, 9, 9, 9, 9, 9]",9,-1.09287201127926,-0.32140298234798476,-1.5526299041494542,2.8813281823503942,1.2868691995948212,0.7662792626043098,1.4576488146837816,0.203319546889736,,,-0.49550447930150054,13.429753,679935.56,13.471611,709000.1,0.1925983,0.04831207,0.012325276,0.6068156,0.022630244,0.09344217,0.2660847137706952,180920.45953032913,403619.25099884806,1145417.0248670497,-29064.4375,-4.099356488011283
2026-03-10,875000.0,44,47.54142,-122.37199,1990.0,2160.576,,,4.0,3.0,305485038,"6830 31st Avenue SW, Seattle, WA 98126",Seattle,WA,98126,TOWNHOUSE,FOR_SALE,3,https://www.zillow.com/homedetails/6830-31st-Ave-SW-Seattle-WA-98126/305485038_zpid/,870700.0,8728d5573ffffff,14,,,,,2.0,-1.365272795162664,6.184804928131417,69,0.9272375462179537,0.374473674486883,1.0,6.123233995736766e-17,1,770979.5,355651.8233270193,0.0,439.69849246231155,3,2026,11,13.681979165339751,8928d5573d3ffff,"[14, 38, 14, 14, 14, 9, 9]",14,-0.1513056716825483,-0.28712019447008597,0.6085216455163474,2.8813281823503942,1.2868691995948212,0.7662792626043098,1.4576488146837816,0.203319546889736,,,-0.10554836035304363,13.513019,738974.44,13.681979,875000.0,0.16168424,0.051184364,0.013710845,0.6321175,0.027264465,0.092310674,0.2743656806044652,202749.22449398934,431603.1773397122,1265243.7408258694,-136025.5625,-15.54577857142857
2026-03-10,785000.0,43,47.506207,-122.35816,1820.0,8380.944,,,4.0,3.0,48989323,"10731 18th Avenue SW, Seattle, WA 98146",Seattle,WA,98146,SINGLE_FAMILY,FOR_SALE,3,https://www.zillow.com/homedetails/10731-18th-Ave-SW-Seattle-WA-98146/48989323_zpid/,769600.0,8728d5529ffffff,38,,,,,3.0,-2.436005403851728,6.184804928131417,69,0.9272375462179537,0.374473674486883,1.0,6.123233995736766e-17,1,803153.9824561403,399818.94097862294,0.0,431.31868131868134,3,2026,11,13.573438996764546,8928d552923ffff,"[38, 38, 38, 38, 38, 38, 38]",38,-0.3303507250734219,-0.14882691455585015,0.6085216455163474,2.8813281823503942,1.2868691995948212,0.7662792626043098,1.4576488146837816,0.203319546889736,,,-0.306747356830985,13.267669,578196.3,13.573439,784999.75,0.2582661,0.070866816,0.01874802,0.44919398,0.038226828,0.13289182,0.26803449584452105,154976.55712009865,341916.25314212084,977756.8866084411,-206803.6875,-26.344418789808916
2026-03-10,1149950.0,42,47.71872,-122.33771,2440.0,10458.756,,,4.0,3.0,48843253,"12250 Densmore Avenue N, Seattle, WA 98133",Seattle,WA,98133,SINGLE_FAMILY,FOR_SALE,3,https://www.zillow.com/homedetails/12250-Densmore-Ave-N-Seattle-WA-98133/48843253_zpid/,1113500.0,8728d5456ffffff,9,,,,,23.0,-1.5984186425283269,6.184804928131417,69,0.9272375462179537,0.374473674486883,1.0,6.123233995736766e-17,1,1022618.3333333334,655039.5759743806,0.0,471.2909836065574,3,2026,11,13.955229021133356,8928d545673ffff,"[9, 9, 9, 9, 9, 9, 9]",9,0.3226371167050583,-0.10263231055088481,0.6085216455163474,2.8813281823503942,1.2868691995948212,0.7662792626043098,1.4576488146837816,0.203319546889736,,,0.4009700788119255,13.848763,1.03381194e+06,13.955229,1.1499498e+06,0.20517202,0.06862057,0.017165706,0.4782786,0.06836183,0.13949937,0.2657869288721473,274773.6998994893,614043.5207341895,1740539.7886975051,-116138.0625,-10.099401060915692
2026-03-10,735000.0,40,47.565807,-122.37232,1440.0,771.012,,,2.0,2.0,460909839,"3070 SW Avalon Way #A, Seattle, WA 98126",Seattle,WA,98126,TOWNHOUSE,FOR_SALE,3,https://www.zillow.com/homedetails/3070-SW-Avalon-Way-A-Seattle-WA-98126/460909839_zpid/,,8728d5555ffffff,9,,,,,22.0,-1.8560910897738143,6.184804928131417,69,0.9272375462179537,0.374473674486883,1.0,6.123233995736766e-17,1,1016962.7777777778,656124.2858747639,0.0,510.4166666666667,3,2026,11,13.507625778194974,8928d5555cbffff,"[9, 9, 9, 9, 9, 9, 9]",9,-0.7305690797118453,-0.3180134411736162,-1.5526299041494542,2.8813281823503942,1.2868691995948212,0.7662792626043098,1.4576488146837816,0.203319546889736,,,-0.42874415953547373,13.577706,788357.0,13.507626,734999.9,0.17323467,0.046430416,0.012072882,0.63825965,0.021315847,0.08669941,0.2645666731754142,208572.98876455,469374.22837195446,1324117.8424618072,53357.0,7.259455782312925
2026-03-10,799900.0,29,47.70516,-122.31836,1700.0,6838.92,,,3.0,2.0,48837835,"900 NE 105th, Seattle, WA 98125",Seattle,WA,98125,SINGLE_FAMILY,FOR_SALE,1,https://www.zillow.com/homedetails/900-NE-105th-St-Seattle-WA-98125/48837835_zpid/,,8728d540bffffff,9,,,,,15.0,-3.659798220492227,6.184804928131417,69,0.9272375462179537,0.374473674486883,1.0,6.123233995736766e-17,1,1020462.2222222222,655443.0784304781,0.0,470.52941176470586,3,2026,11,13.592241998836913,8928d540babffff,"[9, 9, 9, 231, 231, 9, 9]",9,-0.4567354686434503,-0.18310970243374894,-0.47205412931655344,2.8813281823503942,1.2868691995948212,0.7662792626043098,1.4576488146837816,0.203319546889736,,,-0.2718925634637562,13.7116785,901376.7,13.592242,799900.2,0.2962859,0.056534924,0.014506115,0.4617473,0.03834691,0.10912183,0.26375820695101176,237745.49888244245,537515.2546470166,1511547.6090187572,101476.6875,12.68617170896362
2026-03-10,750000.0,38,47.689228,-122.39608,1540.0,3998.808,,,2.0,1.0,48939904,"8317 30th Avenue NW, Seattle, WA 98117",Seattle,WA,98117,SINGLE_FAMILY,FOR_SALE,3,https://www.zillow.com/homedetails/8317-30th-Ave-NW-Seattle-WA-98117/48939904_zpid/,732400.0,8728d5473ffffff,9,,,,,21.0,-2.113763537019302,6.184804928131417,69,0.9272375462179537,0.374473674486883,1.0,6.123233995736766e-17,1,1022630.0,655027.9064644428,0.0,487.012987012987,3,2026,11,13.527828485512494,8928d547317ffff,"[9, 9, 9, 9, 9, 9, 9]",9,-0.6252484600701549,-0.2462520123105569,-1.5526299041494542,2.8813281823503942,1.2868691995948212,0.7662792626043098,1.4576488146837816,0.203319546889736,,,-0.3912947572378709,13.781937,966983.44,13.527828,749999.8,0.19664246,0.055231508,0.014011107,0.56525505,0.036737543,0.10832885,0.2673274295421109,258501.19675666947,572618.444864865,1632949.4356853566,216983.4375,28.931125
2026-03-10,659000.0,27,47.699074,-122.346085,1650.0,1533.312,,,3.0,2.0,111038680,"932 N 96th Street, Seattle, WA 98103",Seattle,WA,98103,TOWNHOUSE,FOR_SALE,1,https://www.zillow.com/homedetails/932-N-96th-St-Seattle-WA-98103/111038680_zpid/,653800.0,8728d5409ffffff,9,,,,,20.0,-2.3714359842647896,6.184804928131417,69,0.9272375462179537,0.374473674486883,1.0,6.123233995736766e-17,1,1021129.9888888889,655813.3477972216,0.0,399.3939393939394,3,2026,11,13.398478813484644,8928d540923ffff,"[9, 9, 9, 9, 9, 9, 9]",9,-0.5093957784642955,-0.3010657353017736,-0.47205412931655344,2.8813281823503942,1.2868691995948212,0.7662792626043098,1.4576488146837816,0.203319546889736,,,-0.6310679633087835,13.669651,864279.1,13.3984785,658999.8,0.16650686,0.046982314,0.012410437,0.64510524,0.022111664,0.08559239,0.2627641115052167,227101.53637313115,516398.1590317518,1446516.3262256281,205279.125,31.15009484066768
2026-03-10,1049999.0,36,47.66511,-122.28078,2020.0,1184.832,,,4.0,3.0,332974324,"4274 NE 50th Street, Seattle, WA 98105",Seattle,WA,98105,TOWNHOUSE,FOR_SALE,3,https://www.zillow.com/homedetails/4274-NE-50th-St-Seattle-WA-98105/332974324_zpid/,1038500.0,8728d5401ffffff,59,,,,,9.0,-2.2689705805781717,6.184804928131417,69,0.9272375462179537,0.374473674486883,1.0,6.123233995736766e-17,1,1458738.3815789474,1357052.7481436816,0.0,519.8014851485149,3,2026,11,13.8642997697523,8928d540177ffff,"[59, 59, 59, 59, 59, 59, 59]",59,-0.11970948579004118,-0.30881325798604453,0.6085216455163474,2.8813281823503942,1.2868691995948212,0.7662792626043098,1.4576488146837816,0.203319546889736,,,0.2324161289838234,13.698807,889848.75,13.8643,1.049999e+06,0.11942971,0.050149575,0.01349848,0.6777021,0.025791047,0.09139046,0.2643111717388672,235196.96578286632,530066.0318092336,1493834.1970561375,-160150.25,-15.25241928801837
2026-03-10,1079900.0,34,47.51242,-122.340416,2607.0,2378.376,,,5.0,3.0,443931055,"Plan A2 Plan, Altamura",Seattle,WA,98106,SINGLE_FAMILY,FOR_SALE,2,https://www.zillow.com/community/altamura/443931055_zpid/,,8728d552bffffff,38,,,,,2.0,-2.54897956750862,6.184804928131417,69,0.9272375462179537,0.374473674486883,1.0,6.123233995736766e-17,1,803478.1607142857,403429.72666082537,0.0,414.23091676256234,3,2026,11,13.892379002220851,8928d552ba7ffff,"[38, 38, 231, 38, 38, 38, 38]",38,0.49852255150668123,-0.2822779927924166,1.6890974203492484,2.8813281823503942,1.2868691995948212,0.7662792626043098,1.4576488146837816,0.203319546889736,,,0.2844661070583358,13.643665,842109.5,13.892379,1.0798998e+06,0.21043433,0.0569048,0.015989555,0.56967103,0.028243743,0.09607072,0.2723578431765385,229355.12713847324,493779.3029062471,1436164.657977684,-237790.5,-22.01967774793962
2026-03-10,509000.0,33,47.58031,-122.295235,1115.0,1855.656,,,3.0,2.0,460922374,"2529 29th Avenue S #B, Seattle, WA 98144",Seattle,WA,98144,TOWNHOUSE,FOR_SALE,2,https://www.zillow.com/homedetails/2529-29th-Ave-S-B-Seattle-WA-98144/460922374_zpid/,,8728d5425ffffff,9,,,,,18.0,-2.886780878755765,6.184804928131417,69,0.9272375462179537,0.374473674486883,1.0,6.123233995736766e-17,1,1022595.5444444444,656679.720331413,0.0,456.50224215246635,3,2026,11,13.14020329553266,8928d5425d3ffff,"[9, 43, 9, 9, 231, 231, 38]",9,-1.0728610935473388,-0.293899276818823,-0.47205412931655344,2.8813281823503942,1.2868691995948212,0.7662792626043098,1.4576488146837816,0.203319546889736,,,-1.109828736475951,13.587065,795769.44,13.140203,509000.1,0.18282776,0.056051906,0.014236635,0.5804811,0.0280935,0.11049819,0.2654390790684013,211228.30664077975,472977.9968326847,1338855.0120162154,286769.4375,56.339771611001964
2026-03-10,485000.0,31,47.508186,-122.358154,1600.0,5336.1,,,2.0,2.0,48989268,"10615 18th Avenue SW, Seattle, WA 98146",Seattle,WA,98146,SINGLE_FAMILY,FOR_SALE,1,https://www.zillow.com/homedetails/10615-18th-Ave-SW-Seattle-WA-98146/48989268_zpid/,477000.0,8728d5529ffffff,38,,,,,1.0,-2.6619537311655117,6.184804928131417,69,0.9272375462179537,0.374473674486883,1.0,6.123233995736766e-17,1,798452.3090909091,405374.92136488645,0.0,303.125,3,2026,11,13.091904169919621,8928d552923ffff,"[38, 38, 38, 38, 38, 38, 38]",38,-0.5620560882851406,-0.21652089400966723,-1.5526299041494542,2.8813281823503942,1.2868691995948212,0.7662792626043098,1.4576488146837816,0.203319546889736,,,-1.1993599739124594,13.315445,606490.9,13.091904,484999.75,0.23058067,0.064829044,0.016768184,0.4984404,0.033847373,0.12488603,0.26744492290344274,162202.90530601653,359062.91305607953,1024419.8344940039,121490.875,25.04966494845361
2026-03-10,1055000.0,77,47.639877,-122.38831,1510.0,5523.408,,,3.0,2.0,48663553,"2415 W McGraw Street, Seattle, WA 98199",Seattle,WA,98199,SINGLE_FAMILY,FOR_SALE,4,https://www.zillow.com/homedetails/2415-W-McGraw-St-Seattle-WA-98199/48663553_zpid/,,8728d5474ffffff,9,,,,,30.0,0.2052884881900859,6.184804928131417,69,0.9272375462179537,0.374473674486883,1.0,6.123233995736766e-17,1,1047973.3222222222,658985.7154506091,0.0,698.6754966887418,3,2026,11,13.869051324892304,8928d54749bffff,"[9, 9, 9, 9, 9, 9, 9]",9,-0.656844645962662,-0.2123566005668716,-0.47205412931655344,2.8813281823503942,1.2868691995948212,0.7662792626043098,1.4576488146837816,0.203319546889736,,,0.24122400295737445,13.662541,858156.2,13.869051,1.0549996e+06,0.20995528,0.058646254,0.0147814285,0.5333083,0.04164189,0.116749324,0.2640811207663306,226622.84778756136,511417.9253567337,1439980.8691729056,-196843.8125,-18.65818127962085
2026-03-10,845000.0,101,47.587673,-122.315094,1590.0,1136.916,,,3.0,4.0,2068086228,"1321 S State Street #C, Seattle, WA 98144",Seattle,WA,98144,SINGLE_FAMILY,FOR_SALE,4,https://www.zillow.com/homedetails/1321-S-State-St-C-Seattle-WA-98144/2068086228_zpid/,,8728d5425ffffff,9,,,,,30.0,0.2052884881900859,6.184804928131417,69,0.9272375462179537,0.374473674486883,1.0,6.123233995736766e-17,1,1054027.7666666666,661549.1525354414,0.0,531.4465408805031,3,2026,11,13.64709190633931,8928d5425afffff,"[9, 9, 9, 9, 159, 9, 9]",9,-0.5725881502493098,-0.3098785423551318,-0.47205412931655344,2.8813281823503942,1.2868691995948212,0.7662792626043098,1.4576488146837816,0.203319546889736,,,-0.1702182571561896,13.562664,776587.06,13.647092,844999.94,0.1695917,0.047098055,0.012315038,0.64076674,0.020918252,0.08706169,0.2629596604589495,204211.07027181296,463825.22847459395,1300247.21076734,-68412.9375,-8.096205621301774
2026-03-10,1024000.0,177,47.581184,-122.40224,1690.0,1389.564,,,2.0,3.0,332976507,"2455 Wickstrom Place SW, Seattle, WA 98116",Seattle,WA,98116,TOWNHOUSE,FOR_SALE,5,https://www.zillow.com/homedetails/2455-Wickstrom-Pl-SW-Seattle-WA-98116/332976507_zpid/,1003600.0,8728d5542ffffff,9,,,,,30.0,0.2052884881900859,6.184804928131417,69,0.9272375462179537,0.374473674486883,1.0,6.123233995736766e-17,1,1050527.7666666666,663497.8643320336,0.0,605.9171597633136,3,2026,11,13.83922708458159,8928d554247ffff,"[9, 9, 9, 231, 231, 9, 9]",9,-0.46726753060761933,-0.30426158840903533,-1.5526299041494542,2.8813281823503942,1.2868691995948212,0.7662792626043098,1.4576488146837816,0.203319546889736,,,0.18593933461751672,13.736504,924033.5,13.839227,1.0239996e+06,0.198416,0.044143014,0.011660259,0.624851,0.020901809,0.080169804,0.26371862448582306,243684.8435988208,551068.8842352548,1549421.3630986074,-99966.5,-9.762353515625
2026-03-10,695000.0,103,47.524506,-122.36954,1120.0,7501.032,,,3.0,2.0,49037838,"2821 SW Trenton Street, Seattle, WA 98126",Seattle,WA,98126,SINGLE_FAMILY,FOR_SALE,4,https://www.zillow.com/homedetails/2821-SW-Trenton-St-Seattle-WA-98126/49037838_zpid/,684000.0,8728d5570ffffff,9,,,,,30.0,0.2052884881900859,6.184804928131417,69,0.9272375462179537,0.374473674486883,1.0,6.123233995736766e-17,1,1049649.9888888889,663585.604617119,0.0,620.5357142857143,3,2026,11,13.45166712454693,8928d5570dbffff,"[9, 38, 38, 231, 9, 9, 38]",9,-1.0675950625652544,-0.1683894093336342,-0.47205412931655344,2.8813281823503942,1.2868691995948212,0.7662792626043098,1.4576488146837816,0.203319546889736,,,-0.532473729021468,13.204337,542713.6,13.451667,694999.8,0.2812485,0.07435636,0.018515162,0.39322317,0.045102037,0.1517275,0.26570970930256915,144204.27953329353,322399.29078800284,913581.7577876131,-152286.375,-21.911708633093525
2026-03-10,3100000.0,12,47.62571,-122.32269,3890.0,2966.436,,,2.0,4.0,72499537,"721 Harvard Avenue E, Seattle, WA 98102",Seattle,WA,98102,TOWNHOUSE,FOR_SALE,0,https://www.zillow.com/homedetails/721-Harvard-Ave-E-Seattle-WA-98102/72499537_zpid/,,8728d542effffff,9,,,,,7.0,-5.721177798456128,6.184804928131417,69,0.9272375462179537,0.374473674486883,1.0,6.123233995736766e-17,1,1009184.4444444444,613757.2302438921,0.0,796.9151670951156,3,2026,11,14.946912669455374,8928d542ea7ffff,"[9, 9, 9, 9, 9, 9, 9]",9,1.8497861015095685,-0.2692040482627095,-1.5526299041494542,2.8813281823503942,1.2868691995948212,0.7662792626043098,1.4576488146837816,0.203319546889736,,,2.2392365702420265,14.512089,2.0068739e+06,14.946913,3.1000002e+06,0.13194591,0.052801453,0.014130326,0.6451479,0.04442711,0.09522961,0.26035300560680746,522495.6452300304,1204767.167981913,3343005.018588489,-1093126.125,-35.26213306451613
2026-03-10,800000.0,3,47.66565,-122.28089,1230.0,675.18,,,2.0,3.0,460958257,"5030 Sand Point Place NE #B, Seattle, WA 98105",Seattle,WA,98105,TOWNHOUSE,FOR_SALE,0,https://www.zillow.com/homedetails/5030-Sand-Point-Pl-NE-B-Seattle-WA-98105/460958257_zpid/,,8728d5401ffffff,59,,,,,3.0,-3.0524999896986915,6.184804928131417,69,0.9272375462179537,0.374473674486883,1.0,6.123233995736766e-17,1,1420877.256097561,1322476.9580793215,0.0,650.4065040650406,3,2026,11,13.592367006650065,8928d540177ffff,"[59, 59, 59, 59, 59, 59, 59]",59,-0.951742380959395,-0.3201440099117907,-1.5526299041494542,2.8813281823503942,1.2868691995948212,0.7662792626043098,1.4576488146837816,0.203319546889736,,,-0.2716608386849193,13.409651,666403.6,13.592367,800000.1,0.13181014,0.054075234,0.013679143,0.64056575,0.02453195,0.107297584,0.2692692050896719,179441.9743726258,393125.09993227205,1129650.0411084772,-133596.375,-16.699546875
2026-03-10,2798000.0,13,47.65903,-122.28184,3990.0,5998.212,,,5.0,4.0,48928701,"4117 43rd Avenue NE, Seattle, WA 98105",Seattle,WA,98105,SINGLE_FAMILY,FOR_SALE,0,https://www.zillow.com/homedetails/4117-43rd-Ave-NE-Seattle-WA-98105/48928701_zpid/,2689100.0,8728d5401ffffff,59,,,,,4.0,-2.921911754845272,6.184804928131417,69,0.9272375462179537,0.374473674486883,1.0,6.123233995736766e-17,1,1437469.096385542,1323051.6633897114,0.0,701.2531328320802,3,2026,11,14.844415434207564,8928d540103ffff,"[59, 59, 59, 59, 59, 59, 59]",59,1.9551067211512587,-0.20180060090955249,1.6890974203492484,2.8813281823503942,1.2868691995948212,0.7662792626043098,1.4576488146837816,0.203319546889736,,,2.04923925271129,14.397261,1.7891669e+06,14.844416,2.7980008e+06,0.12872359,0.06345451,0.016586073,0.57851136,0.066856064,0.12664524,0.2638995591175183,472160.34950016794,1066633.0148469764,3001143.083112385,-1008833.125,-36.055508398856325
2026-03-10,4488000.0,16,47.634518,-122.402115,3450.0,8193.636,,,3.0,5.0,48726893,"1640 Magnolia Boulevard W, Seattle, WA 98199",Seattle,WA,98199,SINGLE_FAMILY,FOR_SALE,0,https://www.zillow.com/homedetails/1640-Magnolia-Blvd-W-Seattle-WA-98199/48726893_zpid/,4261600.0,8728d555bffffff,59,,,,,5.0,-2.7913235199918516,6.184804928131417,69,0.9272375462179537,0.374473674486883,1.0,6.123233995736766e-17,1,1473784.9404761903,1356524.3678042449,0.0,1300.8695652173913,3,2026,11,15.31691772618467,8928d555bcbffff,"[59, 9, 9, 59, 231, 231, 231]",59,1.386375375086131,-0.15299120799864574,-0.47205412931655344,2.8813281823503942,1.2868691995948212,0.7662792626043098,1.4576488146837816,0.203319546889736,,,2.9251084191890557,14.481087,1.9456112e+06,15.316917,4.4879985e+06,0.30010176,0.05418743,0.014444174,0.46428037,0.04864131,0.10133651,0.26249311149172333,510709.5507658012,1163100.9538658224,3254578.1658476074,-2542388.75,-56.64859068627452
2026-03-10,689950.0,63,47.614594,-122.30399,1097.0,1298.088,,,2.0,2.0,460902945,"1457 22nd Avenue #A, Seattle, WA 98122",Seattle,WA,98122,TOWNHOUSE,FOR_SALE,3,https://www.zillow.com/homedetails/1457-22nd-Ave-APT-A-Seattle-WA-98122/460902945_zpid/,,8728d5421ffffff,9,,,,,30.0,0.2052884881900859,6.184804928131417,69,0.9272375462179537,0.374473674486883,1.0,6.123233995736766e-17,1,962262.7666666668,592471.8257875608,1.7597999999999998,628.9425706472197,3,2026,11,13.4443744101797,8928d542167ffff,"[9, 9, 9, 9, 9, 9, 9]",9,-1.0918188050828432,-0.3062953131136565,-1.5526299041494542,2.8813281823503942,1.2868691995948212,0.7662792626043098,1.4576488146837816,0.203319546889736,,,-0.5459921050434314,13.45946,700437.4,13.444374,689949.75,0.19775853,0.05000007,0.012704862,0.59248793,0.025231145,0.09749533,0.26349545462421287,184562.06456141526,417904.89739228645,1173981.2985369477,10487.375,1.5200195666352634
2026-03-10,2995000.0,59,47.678974,-122.26725,3417.0,6124.536,,,7.0,4.0,49110287,"6917 57th Avenue NE, Seattle, WA 98115",Seattle,WA,98115,SINGLE_FAMILY,FOR_SALE,3,https://www.zillow.com/homedetails/6917-57th-Ave-NE-Seattle-WA-98115/49110287_zpid/,,8728d540effffff,59,,,,,14.0,-1.616029406311072,6.184804928131417,69,0.9272375462179537,0.374473674486883,1.0,6.123233995736766e-17,1,1520243.0555555555,1367347.8218548896,0.0,876.4998536728124,3,2026,11,14.912454789531687,8928d540327ffff,"[59, 231, 231, 59, 59, 59, 59]",59,1.351619570604373,-0.1989921239365043,3.85024897001505,2.8813281823503942,1.2868691995948212,0.7662792626043098,1.4576488146837816,0.203319546889736,,,2.1753626058617366,14.168389,1.4231586e+06,14.912455,2.9949995e+06,0.21727288,0.06745976,0.018051684,0.4896854,0.056622185,0.12764281,0.2681107186176565,381564.08165566594,841458.7837250563,2406987.031357069,-1571841.375,-52.48218280467446
2026-03-10,949950.0,56,47.677086,-122.3264,1307.0,962.676,,,2.0,2.0,454075110,"6544 A Latona Avenue NE, Seattle, WA 98115",Seattle,WA,98115,TOWNHOUSE,FOR_SALE,3,https://www.zillow.com/homedetails/6544-A-Latona-Ave-NE-Seattle-WA-98115/454075110_zpid/,945400.0,8728d540dffffff,9,,,,,30.0,0.2052884881900859,6.184804928131417,69,0.9272375462179537,0.374473674486883,1.0,6.123233995736766e-17,1,978761.6555555556,588177.4246264138,0.3668345323741007,726.8171384850804,3,2026,11,13.764164630612687,8928d540d43ffff,"[9, 9, 9, 9, 9, 9, 9]",9,-0.8706455038352934,-0.31375230369726725,-1.5526299041494542,2.8813281823503942,1.2868691995948212,0.7662792626043098,1.4576488146837816,0.203319546889736,,,0.04679738735537455,13.534711,755179.6,13.764165,949950.25,0.18350203,0.047843397,0.012319123,0.61965877,0.02268578,0.09100241,0.2641732601278239,199498.2635183575,449967.7957761418,1267415.6627187796,-194770.375,-20.503223853887047
2026-03-10,3400000.0,55,47.639946,-122.279915,3439.0,4000.0,,,5.0,5.0,48937116,"2327 41st Ave E, Seattle, WA 98112",Seattle,WA,98112,SINGLE_FAMILY,FOR_SALE,3,https://www.zillow.com/homedetails/2327-41st-Ave-E-Seattle-WA-98112/48937116_zpid/,3240100.0,8728d5405ffffff,7,,,,,1.0,-1.5753147636492275,6.184804928131417,69,0.9272375462179537,0.374473674486883,1.0,6.123233995736766e-17,1,1896081.818181818,2080912.8076727204,0.0,988.6594940389648,3,2026,11,15.03928598958639,8928d540503ffff,"[7, 231, 231, 231, 7, 7, 7]",7,1.374790106925545,-0.2462255113720822,1.6890974203492484,2.8813281823503942,1.2868691995948212,0.7662792626043098,1.4576488146837816,0.203319546889736,,,2.410467364847053,14.310836,1.641032e+06,15.039286,3.399999e+06,0.20234953,0.056340456,0.01585063,0.5770105,0.035888255,0.093637764,0.26744628947921084,438887.91931664833,971543.2940541771,2771863.9713329314,-1758968.0,-51.734352941176475
2026-03-10,1185000.0,53,47.64958,-122.34496,1785.0,967.032,,,3.0,3.0,460906070,"957 N 35th Street, Seattle, WA 98103",Seattle,WA,98103,TOWNHOUSE,FOR_SALE,3,https://www.zillow.com/homedetails/957-N-35th-St-Seattle-WA-98103/460906070_zpid/,,8728d542bffffff,9,,,,,30.0,0.2052884881900859,6.184804928131417,69,0.9272375462179537,0.374473674486883,1.0,6.123233995736766e-17,1,985983.3222222222,587153.1276447459,0.6952789699570816,663.8655462184873,3,2026,11,13.985253332551368,8928d542bb3ffff,"[9, 231, 9, 9, 231, 9, 231]",9,-0.3672129419480135,-0.31365545966371383,-0.47205412931655344,2.8813281823503942,1.2868691995948212,0.7662792626043098,1.4576488146837816,0.203319546889736,,,0.4566256154353065,13.768485,954063.06,13.985253,1.185e+06,0.22374552,0.04278091,0.011421597,0.607012,0.019282881,0.07654595,0.2656274414413301,253425.3302655548,566852.9967194843,1605771.451967518,-230936.9375,-19.488349156118144
2026-03-10,629950.0,102,47.730022,-122.34215,996.0,1001.88,,,2.0,3.0,458548809,"13748 Stone Avenue N, Seattle, WA 98133",Seattle,WA,98133,TOWNHOUSE,FOR_SALE,4,https://www.zillow.com/homedetails/13748-Stone-Ave-N-Seattle-WA-98133/458548809_zpid/,627100.0,8728d5452ffffff,59,,,,,17.0,-1.224264701750812,6.184804928131417,69,0.9272375462179537,0.374473674486883,1.0,6.123233995736766e-17,1,1503909.7222222222,1358283.245813039,0.0,632.4799196787149,3,2026,11,13.353395730138775,8928d54528fffff,"[59, 59, 59, 59, 231, 59, 231]",59,-1.1981926309209505,-0.3128807073952868,-1.5526299041494542,2.8813281823503942,1.2868691995948212,0.7662792626043098,1.4576488146837816,0.203319546889736,,,-0.7146376799067021,13.3311615,616098.1,13.353395,629949.8,0.18133032,0.054035224,0.013525111,0.5875959,0.02616181,0.10922246,0.2662750536591473,164051.56129367504,365588.0360415556,1038263.9569795419,-13851.875,-2.198884832129534
2026-03-10,689000.0,78,47.51674,-122.373024,1080.0,3515.292,,,2.0,3.0,460901192,"3110 SW 97th Street, Seattle, WA 98126",Seattle,WA,98126,SINGLE_FAMILY,FOR_SALE,4,https://www.zillow.com/homedetails/3110-SW-97th-St-Seattle-WA-98126/460901192_zpid/,,8728d5574ffffff,9,,,,,30.0,0.2052884881900859,6.184804928131417,69,0.9272375462179537,0.374473674486883,1.0,6.123233995736766e-17,1,985960.5444444444,590714.0914675754,0.0207407407407407,637.9629629629629,3,2026,11,13.442996549995796,8928d55747bffff,"[9, 9, 38, 9, 9, 9, 9]",9,-1.1097233104219306,-0.2570017000349828,-1.5526299041494542,2.8813281823503942,1.2868691995948212,0.7662792626043098,1.4576488146837816,0.203319546889736,,,-0.5485462201689886,13.429711,679907.0,13.442997,689000.3,0.19710398,0.06110027,0.015110768,0.5336783,0.038817693,0.12523398,0.27360361364672997,186025.01214370722,397698.0226065277,1162373.3038926988,-9093.0,-1.3197387518142236
2026-03-10,2295000.0,98,47.627464,-122.36364,2570.0,6124.536,,,4.0,3.0,48901526,"505 W Kinnear Place, Seattle, WA 98119",Seattle,WA,98119,SINGLE_FAMILY,FOR_SALE,4,https://www.zillow.com/homedetails/505-W-Kinnear-Pl-Seattle-WA-98119/48901526_zpid/,,8728d542dffffff,59,,,,,19.0,-0.9630882320439722,6.184804928131417,69,0.9272375462179537,0.374473674486883,1.0,6.123233995736766e-17,1,1503565.8333333333,1358510.899151791,0.0,892.9961089494163,3,2026,11,14.646243401476783,8928d542d3bffff,"[59, 59, 59, 59, 59, 231, 231]",59,0.4595539222392558,-0.1989921239365043,0.6085216455163474,2.8813281823503942,1.2868691995948212,0.7662792626043098,1.4576488146837816,0.203319546889736,,,1.681891250226841,14.024681,1.2326552e+06,14.646243,2.2949992e+06,0.17080303,0.05296719,0.013878342,0.5931467,0.046737105,0.103781894,0.26517629458687847,326870.9516980623,733025.3424833815,2072832.5856439385,-1062344.75,-46.289531590413944
2026-03-10,1399950.0,97,47.715054,-122.30403,2712.0,4656.564,,,4.0,4.0,49148720,"11738 23rd Avenue NE, Seattle, WA 98125",Seattle,WA,98125,SINGLE_FAMILY,FOR_SALE,4,https://www.zillow.com/homedetails/11738-23rd-Ave-NE-Seattle-WA-98125/49148720_zpid/,1383700.0,8728d540bffffff,9,,,,,30.0,0.2052884881900859,6.184804928131417,69,0.9272375462179537,0.374473674486883,1.0,6.123233995736766e-17,1,991382.7666666668,591937.7599149842,0.9470792767732964,516.2057522123894,3,2026,11,14.151947079662003,8928d540b6bffff,"[9, 9, 9, 9, 9, 9, 9]",9,0.609109202130456,-0.23162856324399553,0.6085216455163474,2.8813281823503942,1.2868691995948212,0.7662792626043098,1.4576488146837816,0.203319546889736,,,0.7656228749574289,14.077923,1.3000624e+06,14.151947,1.3999499e+06,0.14372681,0.052168295,0.013967896,0.639377,0.03892885,0.09391771,0.2642448204659859,343534.74887645827,774523.2617539855,2182196.877176093,-99887.625,-7.135085181613629
2026-03-10,1389950.0,96,47.55408,-122.36149,3260.0,3145.032,,,5.0,5.0,450675369,"5248 23rd Avenue SW, Seattle, WA 98106",Seattle,WA,98106,SINGLE_FAMILY,FOR_SALE,4,https://www.zillow.com/homedetails/5248-23rd-Ave-SW-Seattle-WA-98106/450675369_zpid/,,8728d5554ffffff,9,,,,,30.0,0.2052884881900859,6.184804928131417,69,0.9272375462179537,0.374473674486883,1.0,6.123233995736766e-17,1,991361.1,591922.672614584,0.0944488188976377,426.36503067484665,3,2026,11,14.144778333236873,8928d555497ffff,"[9, 9, 9, 9, 14, 14, 38]",9,1.1862661977669193,-0.2652334428870206,1.6890974203492484,2.8813281823503942,1.2868691995948212,0.7662792626043098,1.4576488146837816,0.203319546889736,,,0.7523342961236713,14.12532,1.3631659e+06,14.144778,1.3899499e+06,0.13689277,0.055650532,0.015476158,0.6443901,0.03562172,0.09316195,0.26543237480845666,361828.3554590978,810229.6297137757,2293450.222818745,-26784.125,-1.92698478362531
2026-03-10,795000.0,95,47.552902,-122.28207,1760.0,3027.42,,,4.0,3.0,67405600,"3932 S Lucile Street, Seattle, WA 98118",Seattle,WA,98118,SINGLE_FAMILY,FOR_SALE,4,https://www.zillow.com/homedetails/3932-S-Lucile-St-Seattle-WA-98118/67405600_zpid/,779100.0,8728d550affffff,38,,,,,4.0,-2.3230312401948363,6.184804928131417,69,0.9272375462179537,0.374473674486883,1.0,6.123233995736766e-17,1,803013.3965517242,396297.6847781529,0.0,451.70454545454544,3,2026,11,13.58609739363647,8928d550a87ffff,"[38, 38, 38, 38, 38, 38, 38]",38,-0.3935430968584361,-0.2678482317929621,0.6085216455163474,2.8813281823503942,1.2868691995948212,0.7662792626043098,1.4576488146837816,0.203319546889736,,,-0.2832827097691378,13.346369,625538.9,13.586098,795000.25,0.16818875,0.062060744,0.016354,0.57820153,0.02938565,0.11643467,0.26744029262319324,167294.2997771831,370343.3458665044,1056584.1505926433,-169461.125,-21.315864779874214
2026-03-10,839000.0,94,47.699715,-122.31586,1340.0,4342.932,,,2.0,2.0,49076346,"1046 NE 97th Street, Seattle, WA 98115",Seattle,WA,98115,SINGLE_FAMILY,FOR_SALE,4,https://www.zillow.com/homedetails/1046-NE-97th-St-Seattle-WA-98115/49076346_zpid/,820000.0,8728d540bffffff,9,,,,,30.0,0.2052884881900859,6.184804928131417,69,0.9272375462179537,0.374473674486883,1.0,6.123233995736766e-17,1,994806.1,595161.9167730658,0.0633713561470215,626.1194029850747,3,2026,11,13.639965985449344,8928d540b83ffff,"[9, 9, 9, 9, 9, 9, 9]",9,-0.8358896993535356,-0.23860133365983938,-1.5526299041494542,2.8813281823503942,1.2868691995948212,0.7662792626043098,1.4576488146837816,0.203319546889736,,,-0.18342745105060673,13.775829,961095.75,13.639966,839000.0,0.21608946,0.058245935,0.014490924,0.5257505,0.04174921,0.118251964,0.26697369542388116,256587.28403368662,569526.6590814709,1621881.9949672741,122095.75,14.552532777115616
2026-03-10,2250000.0,176,47.611797,-122.28342,4100.0,5000.688,,,5.0,4.0,48957304,"1107 Grand Avenue, Seattle, WA 98122",Seattle,WA,98122,SINGLE_FAMILY,FOR_SALE,5,https://www.zillow.com/homedetails/1107-Grand-Ave-Seattle-WA-98122/48957304_zpid/,2167200.0,8728d5423ffffff,7,,,,,4.0,-0.9451888581895366,6.184804928131417,69,0.9272375462179537,0.374473674486883,1.0,6.123233995736766e-17,1,1745690.0,2129528.749225466,0.0,548.780487804878,3,2026,11,14.626440774180603,8928d542383ffff,"[7, 231, 231, 7, 7, 7, 231]",7,2.070959402757118,-0.223977884593278,1.6890974203492484,2.8813281823503942,1.2868691995948212,0.7662792626043098,1.4576488146837816,0.203319546889736,,,1.6451834692097382,14.47681,1.937309e+06,14.626441,2.2500005e+06,0.23208317,0.059491377,0.016560808,0.52834547,0.042665794,0.10164231,0.26526242101499214,513895.2755941334,1151868.667845672,3258328.2025834234,-312691.0,-13.897377777777779
2026-03-10,859950.0,93,47.60221,-122.304115,1600.0,3598.056,,,3.0,3.0,448638253,"115 22nd Avenue #B, Seattle, WA 98122",Seattle,WA,98122,TOWNHOUSE,FOR_SALE,4,https://www.zillow.com/homedetails/115-22nd-Ave-B-Seattle-WA-98122/448638253_zpid/,852800.0,8728d5421ffffff,9,,,,,30.0,0.2052884881900859,6.184804928131417,69,0.9272375462179537,0.374473674486883,1.0,6.123233995736766e-17,1,1005483.8777777776,600927.8992637711,0.0886821116597038,537.46875,3,2026,11,13.664629527004639,8928d54218bffff,"[9, 9, 9, 9, 9, 9, 231]",9,-0.5620560882851406,-0.25516166339746843,-0.47205412931655344,2.8813281823503942,1.2868691995948212,0.7662792626043098,1.4576488146837816,0.203319546889736,,,-0.13770907898930723,13.749479,936101.6,13.66463,859950.4,0.20707592,0.051150203,0.013294184,0.5810568,0.028643962,0.096211545,0.263694331591875,246844.69230644303,558292.5593647945,1569582.4456134136,76151.625,8.855354962497819
2026-03-10,3450000.0,88,47.681877,-122.2732,3840.0,0.2525,,,4.0,3.0,49110396,"7315 51st Avenue NE, Seattle, WA 98115",Seattle,WA,98115,SINGLE_FAMILY,FOR_SALE,4,https://www.zillow.com/homedetails/7315-51st-Ave-NE-Seattle-WA-98115/49110396_zpid/,3285600.0,8728d540effffff,59,,,,,18.0,-1.0936764668973922,6.184804928131417,69,0.9272375462179537,0.374473674486883,1.0,6.123233995736766e-17,1,1494673.3146067415,1363571.138315961,0.0,898.4375,3,2026,11,15.053884789007542,8928d540e47ffff,"[59, 59, 59, 59, 59, 59, 59]",59,1.7971257916887233,-0.3351492214490045,0.6085216455163474,2.8813281823503942,1.2868691995948212,0.7662792626043098,1.4576488146837816,0.203319546889736,,,2.4375289018971227,14.29999,1.6233292e+06,15.0538845,3.449999e+06,0.10222551,0.045179274,0.012804965,0.71719694,0.030997384,0.07660525,0.26168549736750574,424801.72217747004,971975.7411602559,2711176.618394043,-1826670.75,-52.94697826086957
2026-03-10,975000.0,87,47.671925,-122.37261,1670.0,1250.172,,,4.0,3.0,2064284058,"1142 NW 59th Street #B, Seattle, WA 98107",Seattle,WA,98107,SINGLE_FAMILY,FOR_SALE,4,https://www.zillow.com/homedetails/1142-NW-59th-St-B-Seattle-WA-98107/2064284058_zpid/,968100.0,8728d5472ffffff,9,,,,,30.0,0.2052884881900859,6.184804928131417,69,0.9272375462179537,0.374473674486883,1.0,6.123233995736766e-17,1,1017973.8888888888,600098.0178939205,0.3000866724448296,583.8323353293413,3,2026,11,13.790192749979985,8928d547297ffff,"[9, 9, 9, 9, 9, 9, 9]",9,-0.48833165453595745,-0.3073605974827437,0.6085216455163474,2.8813281823503942,1.2868691995948212,0.7662792626043098,1.4576488146837816,0.203319546889736,,,0.09504525324366118,13.714799,904193.75,13.790193,974999.9,0.18044639,0.050707348,0.01337089,0.61514723,0.0245464,0.09287276,0.263283538915987,238059.3303657172,539697.0221730202,1514861.6363038437,-70806.25,-7.262179487179488
2026-03-10,1175000.0,84,47.721195,-122.31039,1940.0,4242.744,,,3.0,3.0,48708183,"12562 17th Avenue NE, Seattle, WA 98125",Seattle,WA,98125,SINGLE_FAMILY,FOR_SALE,4,https://www.zillow.com/homedetails/12562-17th-Ave-NE-Seattle-WA-98125/48708183_zpid/,,8728d54e5ffffff,9,,,,,30.0,0.2052884881900859,6.184804928131417,69,0.9272375462179537,0.374473674486883,1.0,6.123233995736766e-17,1,1022675.0,596538.3927786951,2.983050847457627,605.6701030927835,3,2026,11,13.976778705560397,8928d54e58bffff,"[9, 9, 9, 9, 9, 9, 9]",9,-0.20396598150339346,-0.24082874643156724,-0.47205412931655344,2.8813281823503942,1.2868691995948212,0.7662792626043098,1.4576488146837816,0.203319546889736,,,0.4409163488246988,13.825384,1.0099225e+06,13.976779,1.1750004e+06,0.17124416,0.052137576,0.013637491,0.61131084,0.033135764,0.0972759,0.26478312269971777,267410.4332347057,601035.4636557942,1696977.1182979401,-165077.5,-14.049148936170214
2026-03-10,815000.0,83,47.721195,-122.31039,1089.0,2813.976,,,3.0,3.0,460899718,"12562 17th Avenue NE #B, Seattle, WA 98125",Seattle,WA,98125,SINGLE_FAMILY,FOR_SALE,4,https://www.zillow.com/homedetails/12562-17th-Ave-NE-B-Seattle-WA-98125/460899718_zpid/,,8728d54e5ffffff,9,,,,,30.0,0.2052884881900859,6.184804928131417,69,0.9272375462179537,0.374473674486883,1.0,6.123233995736766e-17,1,1013786.1111111112,600192.2510361222,0.8757192174913695,748.3930211202938,3,2026,11,13.610943392223,8928d54e58bffff,"[9, 9, 9, 9, 9, 9, 9]",9,-1.1002444546541783,-0.27259358943707795,-0.47205412931655344,2.8813281823503942,1.2868691995948212,0.7662792626043098,1.4576488146837816,0.203319546889736,,,-0.2372261203265068,13.575208,786389.7,13.610944,815000.3,0.21302594,0.054091725,0.013598222,0.5535258,0.03222214,0.108095475,0.2663856819869147,209482.95321216423,466536.60969842906,1325530.9405124895,-28610.3125,-3.5104677914110427
2026-03-10,625000.0,82,47.512074,-122.37588,1210.0,7000.092,,,3.0,1.0,49038284,"10128 35th Avenue SW, Seattle, WA 98146",Seattle,WA,98146,SINGLE_FAMILY,FOR_SALE,4,https://www.zillow.com/homedetails/10128-35th-Ave-SW-Seattle-WA-98146/49038284_zpid/,615600.0,8728d5574ffffff,9,,,,,30.0,0.2052884881900859,6.184804928131417,69,0.9272375462179537,0.374473674486883,1.0,6.123233995736766e-17,1,1011730.5555555556,601196.6651199698,-0.2807825086306099,516.5289256198347,3,2026,11,13.345506928718539,8928d55740bffff,"[9, 9, 9, 9, 9, 9, 9]",9,-0.972806504887733,-0.17952647319227363,-0.47205412931655344,2.8813281823503942,1.2868691995948212,0.7662792626043098,1.4576488146837816,0.203319546889736,,,-0.7292610119873553,13.550078,766874.44,13.345507,624999.8,0.24946748,0.06652309,0.016135044,0.44160938,0.056943223,0.1414231,0.2671368324158672,204860.40809444993,454289.61879401765,1294540.784370046,141874.4375,22.699910000000003
2026-03-10,1099950.0,80,47.677063,-122.32652,1592.0,766.656,,,3.0,2.0,460900497,"6546 C Latona Avenue NE, Seattle, WA 98115",Seattle,WA,98115,TOWNHOUSE,FOR_SALE,4,https://www.zillow.com/homedetails/6546-C-Latona-Ave-NE-Seattle-WA-98115/460900497_zpid/,,8728d540dffffff,9,,,,,30.0,0.2052884881900859,6.184804928131417,69,0.9272375462179537,0.374473674486883,1.0,6.123233995736766e-17,1,1035563.8888888888,613403.7446365523,-0.0426892950391645,690.9233668341709,3,2026,11,13.910775282190055,8928d540d43ffff,"[9, 9, 9, 9, 9, 9, 9]",9,-0.5704817378564759,-0.3181102852071696,-0.47205412931655344,2.8813281823503942,1.2868691995948212,0.7662792626043098,1.4576488146837816,0.203319546889736,,,0.31856696683511615,13.620143,822532.25,13.910775,1.0999499e+06,0.16514468,0.04568719,0.01206762,0.6525669,0.020199824,0.083168745,0.26405819444815065,217196.38081037486,490209.8656252667,1380142.0654663453,-277417.75,-25.220941860993683
2026-03-10,1088000.0,79,47.626823,-122.35329,1820.0,1550.736,,,3.0,3.0,59698929,"815 2nd Avenue N #A, Seattle, WA 98109",Seattle,WA,98109,TOWNHOUSE,FOR_SALE,4,https://www.zillow.com/homedetails/815-2nd-Ave-N-APT-A-Seattle-WA-98109/59698929_zpid/,1066200.0,8728d542dffffff,59,,,,,13.0,-1.746617641164492,6.184804928131417,69,0.9272375462179537,0.374473674486883,1.0,6.123233995736766e-17,1,1472453.693181818,1355083.917614023,0.0,597.8021978021978,3,2026,11,13.899851706398024,8928d542d47ffff,"[59, 231, 59, 59, 231, 231, 231]",59,-0.3303507250734219,-0.30067835916756,-0.47205412931655344,2.8813281823503942,1.2868691995948212,0.7662792626043098,1.4576488146837816,0.203319546889736,,,0.29831812701703025,13.639029,838213.9,13.899852,1.0880001e+06,0.22478575,0.04307778,0.011453492,0.60041505,0.020988941,0.07956089,0.2668511859256123,223678.36660305294,496828.52467965975,1414174.9907393807,-249786.125,-22.958283547794117
2026-03-10,1059950.0,52,47.670048,-122.37281,1521.0,1110.78,,,3.0,3.0,460906294,"1145 NW 57th Street, Seattle, WA 98107",Seattle,WA,98107,TOWNHOUSE,FOR_SALE,3,https://www.zillow.com/homedetails/1145-NW-57th-St-Seattle-WA-98107/460906294_zpid/,,8728d5476ffffff,9,,,,,30.0,0.2052884881900859,6.184804928131417,69,0.9272375462179537,0.374473674486883,1.0,6.123233995736766e-17,1,1036120.0,613485.455071487,0.0815816326530611,696.8770545693623,3,2026,11,13.873732295164398,8928d54762fffff,"[9, 9, 9, 9, 9, 231, 9]",9,-0.6452593778020761,-0.31045960655645205,-0.47205412931655344,2.8813281823503942,1.2868691995948212,0.7662792626043098,1.4576488146837816,0.203319546889736,,,0.2499010350059831,13.622724,824657.6,13.873733,1.0599502e+06,0.1868929,0.04624487,0.012137023,0.6269131,0.021022664,0.085211426,0.26253891589599737,216504.71885286793,492942.2490370908,1379594.0601699175,-235292.375,-22.198440964196426
2026-03-10,1199950.0,50,47.670048,-122.37256,1721.0,1237.104,,,3.0,4.0,460906351,"1139 NW 57th Street, Seattle, WA 98107",Seattle,WA,98107,TOWNHOUSE,FOR_SALE,3,https://www.zillow.com/homedetails/1139-NW-57th-St-Seattle-WA-98107/460906351_zpid/,,8728d5476ffffff,9,,,,,29.0,-0.0523839590554015,6.184804928131417,69,0.9272375462179537,0.374473674486883,1.0,6.123233995736766e-17,1,1031565.0,614826.963711075,0.560403120936281,697.239976757699,3,2026,11,13.997790447223482,8928d54762fffff,"[9, 9, 9, 9, 9, 231, 9]",9,-0.43461813851869535,-0.3076511295834039,-0.47205412931655344,2.8813281823503942,1.2868691995948212,0.7662792626043098,1.4576488146837816,0.203319546889736,,,0.4798654438220699,13.702914,893511.25,13.99779,1.1999499e+06,0.17600164,0.045407288,0.012057003,0.6431323,0.021042481,0.08193986,0.2637650076751283,235677.00171406346,532817.8089908452,1498377.8581679107,-306438.75,-25.537626567773657
2026-03-10,629900.0,23,47.57501,-122.2886,1037.0,4081.572,,,2.0,2.0,448604743,"3210 35th Avenue S, Seattle, WA 98144",Seattle,WA,98144,TOWNHOUSE,FOR_SALE,0,https://www.zillow.com/homedetails/3210-35th-Ave-S-Seattle-WA-98144/448604743_zpid/,627100.0,8728d5424ffffff,43,,,,,1.0,-0.7071057811879616,6.184804928131417,69,0.9272375462179537,0.374473674486883,1.0,6.123233995736766e-17,1,629900.0,0.0,0.0,607.4252651880424,3,2026,11,13.353316355610021,8928d5424b7ffff,"[43, 43, 43, 43, 38, 38, 38]",43,-1.1550111768678575,-0.24441197567304254,-1.5526299041494542,2.8813281823503942,1.2868691995948212,0.7662792626043098,1.4576488146837816,0.203319546889736,,,-0.7147848150709541,13.6093235,813680.9,13.353316,629900.0,0.06499474,0.07718106,0.018814277,0.58707327,0.05152321,0.16299587,0.26067178754009807,212103.6481734411,488164.0507967146,1356258.2852136078,183780.875,29.17619860295285
2026-03-10,3700000.0,21,47.6364,-122.40154,4061.0,6181.164,,,5.0,6.0,48726832,"1915 35th Avenue W, Seattle, WA 98199",Seattle,WA,98199,SINGLE_FAMILY,FOR_SALE,0,https://www.zillow.com/homedetails/1915-35th-Ave-W-Seattle-WA-98199/48726832_zpid/,3504500.0,8728d555bffffff,59,,,,,6.0,-2.660735285138432,6.184804928131417,69,0.9272375462179537,0.374473674486883,1.0,6.123233995736766e-17,1,1499975.705882353,1369875.1730235077,0.0,911.1056390051712,3,2026,11,15.123843377614453,8928d555a27ffff,"[9, 9, 9, 59, 59, 59, 9]",59,2.029884361096859,-0.19773315150031032,1.6890974203492484,2.8813281823503942,1.2868691995948212,0.7662792626043098,1.4576488146837816,0.203319546889736,,,2.5672099039398906,14.482153,1.9476868e+06,15.123843,3.6999992e+06,0.12561508,0.06696884,0.017455362,0.5732013,0.06689638,0.12977009,0.2638377577380766,513873.3048961618,1161277.132419186,3266648.0109065343,-1752313.25,-47.35981756756757
2026-03-10,1149900.0,18,47.586098,-122.385796,1760.0,1916.64,,,3.0,3.0,49124323,"1926 Ferry Avenue SW, Seattle, WA 98116",Seattle,WA,98116,SINGLE_FAMILY,FOR_SALE,0,https://www.zillow.com/homedetails/1926-Ferry-Ave-SW-Seattle-WA-98116/49124323_zpid/,1129800.0,8728d5551ffffff,9,,,,,10.0,-4.948160456719665,6.184804928131417,69,0.9272375462179537,0.374473674486883,1.0,6.123233995736766e-17,1,1020537.2222222222,612135.3818443108,0.0,653.3522727272727,3,2026,11,13.955185540036757,8928d555113ffff,"[9, 9, 9, 9, 9, 9, 9]",9,-0.3935430968584361,-0.2925434603490756,-0.47205412931655344,2.8813281823503942,1.2868691995948212,0.7662792626043098,1.4576488146837816,0.203319546889736,,,0.400889478669911,13.737774,925208.06,13.955186,1.1499004e+06,0.16303502,0.047376096,0.012561429,0.64700305,0.023352176,0.08578323,0.26383364193341036,244101.01267552935,551644.9749800031,1551740.610664214,-224691.9375,-19.540128489433865
2026-03-10,999950.0,91,47.67627,-122.381256,1500.0,1263.24,,,3.0,2.0,460897918,"6509 19th Avenue NW, Seattle, WA 98117",Seattle,WA,98117,TOWNHOUSE,FOR_SALE,4,https://www.zillow.com/homedetails/6509-19th-Ave-NW-Seattle-WA-98117/460897918_zpid/,,8728d5470ffffff,9,,,,,30.0,0.2052884881900859,6.184804928131417,69,0.9272375462179537,0.374473674486883,1.0,6.123233995736766e-17,1,1003428.8777777776,601746.8548509475,0.0255897435897436,666.6333333333333,3,2026,11,13.815460556714232,8928d54707bffff,"[9, 9, 9, 9, 9, 9, 9]",9,-0.667376707926831,-0.3070700653820836,-0.47205412931655344,2.8813281823503942,1.2868691995948212,0.7662792626043098,1.4576488146837816,0.203319546889736,,,0.1418837410115013,13.600969,806911.5,13.81546,999949.6,0.17454621,0.047431074,0.012418673,0.63374585,0.02194424,0.08778548,0.2610256824319476,210624.62494968652,483767.1510229165,1345908.2906618707,-193038.5,-19.30481524076204
2026-03-10,699950.0,174,47.670128,-122.28464,1100.0,3519.648,,,2.0,1.0,48990130,"4001 NE 57th Street, Seattle, WA 98105",Seattle,WA,98105,SINGLE_FAMILY,FOR_SALE,5,https://www.zillow.com/homedetails/4001-NE-57th-St-Seattle-WA-98105/48990130_zpid/,682200.0,8728d540effffff,59,,,,,30.0,0.4733823513436473,6.184804928131417,69,0.9272375462179537,0.374473674486883,1.0,6.123233995736766e-17,1,1464188.24,1365353.7143900765,0.0,636.3181818181819,3,2026,11,13.458764182902971,8928d540e93ffff,"[59, 59, 59, 59, 59, 59, 59]",59,-1.0886591864935924,-0.2569048560014294,-1.5526299041494542,2.8813281823503942,1.2868691995948212,0.7662792626043098,1.4576488146837816,0.203319546889736,,,-0.5193180370972234,13.642642,841248.2,13.458764,699949.94,0.14909479,0.06486738,0.015871353,0.5587613,0.04284641,0.13693473,0.2681641919235938,225592.64040812544,497345.48529025353,1422951.5622992248,141298.1875,20.186897278377028
2026-03-10,530000.0,172,47.560074,-122.36341,1100.0,749.232,,,3.0,3.0,2071133690,"4735 Delridge Way SW #A, Seattle, WA 98106",Seattle,WA,98106,TOWNHOUSE,FOR_SALE,5,https://www.zillow.com/homedetails/4735-Delridge-Way-SW-APT-A-Seattle-WA-98106/2071133690_zpid/,526900.0,8728d5554ffffff,9,,,,,30.0,0.2052884881900859,6.184804928131417,69,0.9272375462179537,0.374473674486883,1.0,6.123233995736766e-17,1,1050743.8777777778,664211.4488407266,0.0,481.8181818181818,3,2026,11,13.180632285528304,8928d5554bbffff,"[9, 9, 9, 9, 9, 9, 9]",9,-1.0886591864935924,-0.31849766134138313,-0.47205412931655344,2.8813281823503942,1.2868691995948212,0.7662792626043098,1.4576488146837816,0.203319546889736,,,-1.0348862306505207,13.4317255,681277.9,13.180633,530000.2,0.19610527,0.048866365,0.012477143,0.60032034,0.023353564,0.09478721,0.2638381435947641,179747.08981218573,406200.73621379584,1142635.8075739904,151277.875,28.54299528301887
2026-03-10,795000.0,171,47.569405,-122.39921,980.0,6425.1,,,3.0,1.0,48991955,"3831 52nd Avenue SW, Seattle, WA 98116",Seattle,WA,98116,SINGLE_FAMILY,FOR_SALE,5,https://www.zillow.com/homedetails/3831-52nd-Ave-SW-Seattle-WA-98116/48991955_zpid/,783600.0,8728d5555ffffff,9,,,,,30.0,0.2052884881900859,6.184804928131417,69,0.9272375462179537,0.374473674486883,1.0,6.123233995736766e-17,1,1055965.5444444444,661914.9224851149,0.0,811.2244897959183,3,2026,11,13.58609739363647,8928d5555a7ffff,"[9, 9, 9, 9, 9, 9, 9]",9,-1.2150439300636209,-0.19230988562132062,-0.47205412931655344,2.8813281823503942,1.2868691995948212,0.7662792626043098,1.4576488146837816,0.203319546889736,,,-0.2832827097691378,13.500072,729468.56,13.586098,795000.25,0.2575171,0.06615202,0.015861629,0.43094844,0.0577759,0.1434167,0.26706538461923907,194815.80221170594,432191.2042425589,1231224.4000656612,-65531.4375,-8.242948113207547
2026-03-10,3488000.0,150,47.64526,-122.41473,3740.0,7021.872,,,5.0,3.0,48906502,"2803 Magnolia Boulevard W, Seattle, WA 98199",Seattle,WA,98199,SINGLE_FAMILY,FOR_SALE,5,https://www.zillow.com/homedetails/2803-Magnolia-Blvd-W-Seattle-WA-98199/48906502_zpid/,,8728d555bffffff,59,,,,,26.0,-0.0489705880700324,6.184804928131417,69,0.9272375462179537,0.374473674486883,1.0,6.123233995736766e-17,1,1504620.5846153847,1418856.520475532,0.0,932.620320855615,3,2026,11,15.064839064011007,8928d555b67ffff,"[59, 59, 59, 9, 231, 231, 59]",59,1.6918051720470328,-0.1790422530245067,1.6890974203492484,2.8813281823503942,1.2868691995948212,0.7662792626043098,1.4576488146837816,0.203319546889736,,,2.4578346483020908,14.383104,1.7640172e+06,15.064839,3.488001e+06,0.1932011,0.059612494,0.015661439,0.537546,0.059408348,0.116273805,0.2692803145467984,475015.11994597834,1040607.159343008,2990328.306525129,-1723982.75,-49.426110951834865
2026-03-10,1985000.0,125,47.668175,-122.40917,2980.0,5501.628,,,4.0,3.0,48677282,"5412 40th Avenue W, Seattle, WA 98199",Seattle,WA,98199,SINGLE_FAMILY,FOR_SALE,4,https://www.zillow.com/homedetails/5412-40th-Ave-W-Seattle-WA-98199/48677282_zpid/,1916500.0,8728d5471ffffff,59,,,,,25.0,-0.1795588229234524,6.184804928131417,69,0.9272375462179537,0.374473674486883,1.0,6.123233995736766e-17,1,1473630.28125,1407725.7658703236,0.0,666.1073825503356,3,2026,11,14.501129472103427,8928d5471d3ffff,"[59, 9, 59, 59, 59, 231, 9]",59,0.8913684627701862,-0.21284082073463859,0.6085216455163474,2.8813281823503942,1.2868691995948212,0.7662792626043098,1.4576488146837816,0.203319546889736,,,1.4128961183033064,14.181736,1.4422804e+06,14.501129,1.9849994e+06,0.13332254,0.054541744,0.014448546,0.6271368,0.049097158,0.10373877,0.2668042400286379,384806.51936009387,854951.2100105413,2433089.246806922,-542719.625,-27.34103904282116
2026-03-10,1650000.0,124,47.60695,-122.28541,2440.0,5052.96,,,4.0,3.0,48729626,"603 38th Avenue, Seattle, WA 98122",Seattle,WA,98122,SINGLE_FAMILY,FOR_SALE,4,https://www.zillow.com/homedetails/603-38th-Ave-Seattle-WA-98122/48729626_zpid/,1625300.0,8728d5420ffffff,59,,,,,24.0,-0.3101470577768724,6.184804928131417,69,0.9272375462179537,0.374473674486883,1.0,6.123233995736766e-17,1,1465513.3015873015,1417522.4618038016,0.0,676.2295081967213,3,2026,11,14.316285845876763,8928d54202fffff,"[59, 231, 231, 7, 9, 59, 59]",59,0.3226371167050583,-0.22281575619063734,0.6085216455163474,2.8813281823503942,1.2868691995948212,0.7662792626043098,1.4576488146837816,0.203319546889736,,,1.0702547479208735,14.07177,1.2920875e+06,14.316286,1.6500004e+06,0.1691613,0.053162202,0.014156598,0.6048599,0.03975474,0.099297,0.2659667220111421,343652.27692657156,767178.623545101,2176142.7558081164,-357912.5,-21.691666666666666
2026-03-10,749950.0,122,47.704556,-122.34969,1296.0,3841.992,,,3.0,2.0,48984814,"704 N 104th Street, Seattle, WA 98133",Seattle,WA,98133,SINGLE_FAMILY,FOR_SALE,4,https://www.zillow.com/homedetails/704-N-104th-St-Seattle-WA-98133/48984814_zpid/,,8728d5454ffffff,9,,,,,30.0,0.2052884881900859,6.184804928131417,69,0.9272375462179537,0.374473674486883,1.0,6.123233995736766e-17,1,1005536.6555555556,609567.3396087497,0.0,578.6651234567901,3,2026,11,13.527761816623505,8928d54545bffff,"[9, 9, 9, 9, 9, 9, 9]",9,-0.8822307719958794,-0.2497383975184788,-0.47205412931655344,2.8813281823503942,1.2868691995948212,0.7662792626043098,1.4576488146837816,0.203319546889736,,,-0.3914183401817428,13.618195,820931.2,13.527761,749949.75,0.209376,0.05555712,0.01404166,0.5512159,0.034726687,0.109951586,0.26552515726442905,217977.882664212,487850.9812155201,1381421.8990648973,70981.1875,9.464789319287952
2026-03-10,749900.0,120,47.71601,-122.307175,1134.0,500.94,,,2.0,3.0,458720712,"12002 20th Street NE #3, Seattle, WA 98125",Seattle,WA,98125,SINGLE_FAMILY,FOR_SALE,4,https://www.zillow.com/homedetails/12002-20th-St-NE-3-Seattle-WA-98125/458720712_zpid/,748100.0,8728d540bffffff,9,,,,,30.0,0.2052884881900859,6.184804928131417,69,0.9272375462179537,0.374473674486883,1.0,6.123233995736766e-17,1,1005592.7666666668,610710.6027618595,0.0,661.2874779541446,3,2026,11,13.527695143289481,8928d540b6fffff,"[9, 9, 9, 9, 9, 9, 9]",9,-1.0528501758154178,-0.32401777125392617,-1.5526299041494542,2.8813281823503942,1.2868691995948212,0.7662792626043098,1.4576488146837816,0.203319546889736,,,-0.39154193136529697,13.440521,687296.6,13.527695,749899.7,0.18992005,0.04780798,0.012222473,0.61228406,0.02205248,0.09209372,0.26628510201038325,183016.85189951712,407828.67064115725,1158272.2813489086,-62603.375,-8.34822976396853
2026-03-10,1274900.0,119,47.65548,-122.33412,2790.0,3998.808,,,3.0,2.0,48919639,"3939 Meridian Avenue N, Seattle, WA 98103",Seattle,WA,98103,SINGLE_FAMILY,FOR_SALE,4,https://www.zillow.com/homedetails/3939-Meridian-Ave-N-Seattle-WA-98103/48919639_zpid/,1237700.0,8728d542bffffff,9,,,,,30.0,0.2052884881900859,6.184804928131417,69,0.9272375462179537,0.374473674486883,1.0,6.123233995736766e-17,1,1004815.5444444444,611084.063829011,0.0,456.95340501792117,3,2026,11,14.058378302126213,8928d542b03ffff,"[9, 9, 9, 9, 9, 9, 9]",9,0.6912592854509746,-0.2462520123105569,-0.47205412931655344,2.8813281823503942,1.2868691995948212,0.7662792626043098,1.4576488146837816,0.203319546889736,,,0.592176082042006,14.105998,1.3370791e+06,14.058378,1.2748999e+06,0.13673583,0.050115563,0.013359286,0.65216655,0.03962468,0.09124483,0.2635803270180923,352427.7530165647,797614.4372173796,2241409.529558743,62179.125,4.8771766413052005
2026-03-10,850000.0,118,47.535847,-122.37019,2100.0,6499.152,,,4.0,3.0,49083601,"7353 29th Avenue SW, Seattle, WA 98126",Seattle,WA,98126,SINGLE_FAMILY,FOR_SALE,4,https://www.zillow.com/homedetails/7353-29th-Ave-SW-Seattle-WA-98126/49083601_zpid/,838300.0,8728d5570ffffff,9,,,,,30.0,0.2052884881900859,6.184804928131417,69,0.9272375462179537,0.374473674486883,1.0,6.123233995736766e-17,1,1001149.9888888889,610434.8722708105,0.0,404.76190476190476,3,2026,11,13.652991628466498,8928d55704fffff,"[9, 9, 38, 38, 9, 9, 9]",9,-0.035452990076688895,-0.19066353705091307,0.6085216455163474,2.8813281823503942,1.2868691995948212,0.7662792626043098,1.4576488146837816,0.203319546889736,,,-0.15928204628540574,13.570492,782689.9,13.652991,849999.7,0.17066418,0.06346662,0.016521867,0.55772924,0.045492087,0.12113485,0.2707090453962942,211881.22890259483,460423.5297874837,1330521.488211986,-67310.125,-7.918838235294118
2026-03-10,799950.0,106,47.687443,-122.350716,2110.0,3772.296,,,5.0,1.0,48995874,"543 N 81st Street, Seattle, WA 98103",Seattle,WA,98103,SINGLE_FAMILY,FOR_SALE,4,https://www.zillow.com/homedetails/543-N-81st-St-Seattle-WA-98103/48995874_zpid/,814200.0,8728d5472ffffff,9,,,,,30.0,0.2052884881900859,6.184804928131417,69,0.9272375462179537,0.374473674486883,1.0,6.123233995736766e-17,1,1006049.4333333332,606850.8477837583,0.0,379.1232227488152,3,2026,11,13.592304504696857,8928d54724fffff,"[9, 9, 9, 9, 9, 9, 9]",9,-0.02492092811251986,-0.25128790205533297,1.6890974203492484,2.8813281823503942,1.2868691995948212,0.7662792626043098,1.4576488146837816,0.203319546889736,,,-0.27177669745341365,13.858456,1.04388056e+06,13.592304,799949.75,0.19739549,0.062297225,0.016496155,0.5491859,0.03640271,0.112866856,0.2664594288463057,278151.8184675103,619207.1680013533,1759809.5281182288,243930.5625,30.493226139133693
2026-03-10,1450000.0,114,47.681484,-122.29782,2830.0,5972.076,,,5.0,3.0,49119678,"7223 28th Avenue NE, Seattle, WA 98115",Seattle,WA,98115,SINGLE_FAMILY,FOR_SALE,4,https://www.zillow.com/homedetails/7223-28th-Ave-NE-Seattle-WA-98115/49119678_zpid/,,8728d5408ffffff,9,,,,,30.0,0.2052884881900859,6.184804928131417,69,0.9272375462179537,0.374473674486883,1.0,6.123233995736766e-17,1,1001605.5444444444,609834.1023758923,0.0,512.3674911660777,3,2026,11,14.187074114396758,8928d5408dbffff,"[9, 59, 59, 9, 9, 9, 59]",9,0.7333875333076507,-0.20238166511087285,1.6890974203492484,2.8813281823503942,1.2868691995948212,0.7662792626043098,1.4576488146837816,0.203319546889736,,,0.8307372398110408,14.125105,1.3628721e+06,14.187074,1.4499994e+06,0.1329812,0.0635819,0.017064555,0.6013695,0.047495835,0.11533104,0.2668826814777263,363726.967231247,807755.6258301005,2299483.1997051924,-87127.875,-6.008818965517242
2026-03-10,1525000.0,113,47.581654,-122.38022,2350.0,3698.244,,,3.0,2.0,49124490,"3773 SW Grayson Street, Seattle, WA 98126",Seattle,WA,98126,SINGLE_FAMILY,FOR_SALE,4,https://www.zillow.com/homedetails/3773-SW-Grayson-St-Seattle-WA-98126/49124490_zpid/,1494100.0,8728d5551ffffff,9,,,,,30.0,0.2052884881900859,6.184804928131417,69,0.9272375462179537,0.374473674486883,1.0,6.123233995736766e-17,1,992816.6555555556,608998.6093011401,0.0,648.936170212766,3,2026,11,14.237504968023648,8928d5551d7ffff,"[9, 9, 9, 9, 9, 9, 9]",9,0.227848559027537,-0.25293425062574054,-0.47205412931655344,2.8813281823503942,1.2868691995948212,0.7662792626043098,1.4576488146837816,0.203319546889736,,,0.9242200238756881,13.973379,1.1710122e+06,14.237505,1.525e+06,0.14355233,0.048290487,0.012875669,0.65706444,0.03283231,0.087434426,0.2656970885734168,311134.54550880607,695657.5841970618,1971184.9724453376,-353987.75,-23.212311475409837
2026-03-10,1170000.0,112,47.71712,-122.314926,2320.0,8280.756,,,5.0,3.0,48837860,"12046 12 Avenue NE, Seattle, WA 98125",Seattle,WA,98125,SINGLE_FAMILY,FOR_SALE,4,https://www.zillow.com/homedetails/12046-12th-Ave-NE-Seattle-WA-98125/48837860_zpid/,1128400.0,8728d54e5ffffff,9,,,,,30.0,0.2052884881900859,6.184804928131417,69,0.9272375462179537,0.374473674486883,1.0,6.123233995736766e-17,1,982861.1,607522.89007241,0.0,504.3103448275862,3,2026,11,13.972514306773938,8928d54e593ffff,"[9, 9, 9, 9, 9, 9, 9]",9,0.19625237313502988,-0.15105432732757804,1.6890974203492484,2.8813281823503942,1.2868691995948212,0.7662792626043098,1.4576488146837816,0.203319546889736,,,0.43301150799314236,13.814915,999404.3,13.972514,1.1699999e+06,0.21662077,0.07107679,0.018277522,0.47502667,0.056241892,0.13651511,0.2661580908507607,265999.54380301706,593175.0600565533,1683835.123678187,-170595.6875,-14.58082799145299
2026-03-10,650000.0,111,47.55786,-122.36462,1140.0,7200.468,,,3.0,2.0,48755692,"4849 25th Avenue SW, Seattle, WA 98106",Seattle,WA,98106,SINGLE_FAMILY,FOR_SALE,4,https://www.zillow.com/homedetails/4849-25th-Ave-SW-Seattle-WA-98106/48755692_zpid/,638700.0,8728d5554ffffff,9,,,,,30.0,0.2052884881900859,6.184804928131417,69,0.9272375462179537,0.374473674486883,1.0,6.123233995736766e-17,1,975694.4333333332,609092.84945242,0.0,570.1754385964912,3,2026,11,13.38472764187182,8928d5554bbffff,"[9, 9, 9, 9, 9, 9, 9]",9,-1.0465309386369164,-0.17507164764881786,-0.47205412931655344,2.8813281823503942,1.2868691995948212,0.7662792626043098,1.4576488146837816,0.203319546889736,,,-0.6565582676377216,13.530447,751966.44,13.3847275,649999.9,0.2564133,0.067740746,0.01632011,0.42586428,0.0596642,0.14562762,0.2671741479730171,200905.9922433675,445425.6746618398,1269467.8263594448,101966.4375,15.687144230769231
2026-03-10,795000.0,117,47.512,-122.33303,2230.0,5780.412,,,5.0,3.0,48998771,"10205 Occidental Avenue S, Seattle, WA 98168",Seattle,WA,98168,SINGLE_FAMILY,FOR_SALE,4,https://www.zillow.com/homedetails/10205-Occidental-Ave-S-Seattle-WA-98168/48998771_zpid/,783800.0,8728d552bffffff,38,,,,,6.0,-2.097082912881053,6.184804928131417,69,0.9272375462179537,0.374473674486883,1.0,6.123233995736766e-17,1,812319.54,421117.5324782619,0.0,356.50224215246635,3,2026,11,13.58609739363647,8928d552bbbffff,"[38, 38, 38, 38, 38, 38, 38]",38,0.10146381545750857,-0.2066428025872218,1.6890974203492484,2.8813281823503942,1.2868691995948212,0.7662792626043098,1.4576488146837816,0.203319546889736,,,-0.2832827097691378,13.39173,654567.7,13.586098,795000.25,0.22993338,0.069508106,0.018855732,0.49066475,0.0363445,0.12497309,0.2659650499654964,174092.12771173695,388651.68516750267,1102423.8421090667,-140432.3125,-17.66444182389937
2026-03-10,925000.0,110,47.507587,-122.36077,2690.0,8738.136,,,5.0,3.0,49086524,"10633 21st Avenue SW, Seattle, WA 98146",Seattle,WA,98146,SINGLE_FAMILY,FOR_SALE,4,https://www.zillow.com/homedetails/10633-21st-Ave-SW-Seattle-WA-98146/49086524_zpid/,,8728d5529ffffff,38,,,,,5.0,-2.2100570765379444,6.184804928131417,69,0.9272375462179537,0.374473674486883,1.0,6.123233995736766e-17,1,812673.0,425474.0675518603,0.0,343.86617100371745,3,2026,11,13.737549016494562,8928d552923ffff,"[38, 38, 38, 38, 38, 38, 38]",38,0.5859386658092842,-0.14088570380447243,1.6890974203492484,2.8813281823503942,1.2868691995948212,0.7662792626043098,1.4576488146837816,0.203319546889736,,,-0.002539507192568479,13.556832,772071.4,13.737549,924999.8,0.26542535,0.06711786,0.018742066,0.46916497,0.038673025,0.11536518,0.2664224348363954,205697.13559498367,458009.1042886568,1301489.955582588,-152928.625,-16.532824324324324
2026-03-10,2295000.0,107,47.67232,-122.26367,3780.0,4360.356,,,4.0,4.0,48851374,"6001 60th Avenue NE, Seattle, WA 98115",Seattle,WA,98115,SINGLE_FAMILY,FOR_SALE,4,https://www.zillow.com/homedetails/6001-60th-Ave-NE-Seattle-WA-98115/48851374_zpid/,,8728d5403ffffff,59,,,,,20.0,-0.8324999971905522,6.184804928131417,69,0.9272375462179537,0.374473674486883,1.0,6.123233995736766e-17,1,1501701.4915254237,1450489.1551250415,0.0,607.1428571428571,3,2026,11,14.646243401476783,8928d5403afffff,"[59, 59, 59, 59, 59, 59, 59]",59,1.733933419903709,-0.23821395752562582,0.6085216455163474,2.8813281823503942,1.2868691995948212,0.7662792626043098,1.4576488146837816,0.203319546889736,,,1.681891250226841,14.384772,1.7669621e+06,14.646243,2.2949992e+06,0.11564921,0.055771373,0.014827728,0.6339431,0.054591514,0.107968636,0.26289348603704993,464522.83273668354,1055474.5857838986,2958058.0102024726,-528037.875,-23.008186274509804
2026-03-10,2295000.0,105,47.663776,-122.27973,3110.0,4081.572,,,5.0,3.0,49047009,"4721 45th Avenue NE, Seattle, WA 98105",Seattle,WA,98105,SINGLE_FAMILY,FOR_SALE,4,https://www.zillow.com/homedetails/4721-45th-Ave-NE-Seattle-WA-98105/49047009_zpid/,2214300.0,8728d5401ffffff,59,,,,,27.0,0.0816176467833874,6.184804928131417,69,0.9272375462179537,0.374473674486883,1.0,6.123233995736766e-17,1,1488023.9310344828,1459314.4079902107,0.0,737.9421221864952,3,2026,11,14.646243401476783,8928d540177ffff,"[59, 59, 59, 59, 59, 59, 59]",59,1.0282852683043837,-0.24441197567304254,1.6890974203492484,2.8813281823503942,1.2868691995948212,0.7662792626043098,1.4576488146837816,0.203319546889736,,,1.681891250226841,14.1717415,1.4279372e+06,14.646243,2.2949992e+06,0.12474842,0.055661187,0.015369907,0.64526397,0.040672474,0.09907549,0.2660722216604387,379934.43649919727,847664.2723551014,2405439.141447915,-867062.75,-37.78051198257081
2026-03-10,1900000.0,127,47.69326,-122.2717,3010.0,4887.432,,,5.0,4.0,48873576,"8770 Sand Point Way NE, Seattle, WA 98115",Seattle,WA,98115,SINGLE_FAMILY,FOR_SALE,4,https://www.zillow.com/homedetails/8770-Sand-Point-Way-NE-Seattle-WA-98115/48873576_zpid/,1828800.0,8728d540affffff,59,,,,,29.0,0.3427941164902274,6.184804928131417,69,0.9272375462179537,0.374473674486883,1.0,6.123233995736766e-17,1,1488131.9285714286,1477558.7846573372,0.0,631.2292358803986,3,2026,11,14.457364444136669,8928d540adbffff,"[59, 58, 231, 231, 59, 59, 231]",59,0.9229646486626933,-0.22649582946566607,1.6890974203492484,2.8813281823503942,1.2868691995948212,0.7662792626043098,1.4576488146837816,0.203319546889736,,,1.3317696577189035,14.271199,1.5772592e+06,14.457364,1.8999992e+06,0.2960468,0.050591145,0.014132995,0.5019168,0.032570377,0.08683579,0.26542293739697587,418640.7831715511,937498.3427401696,2653601.106717249,-322740.75,-16.986355263157897
2026-03-10,1398000.0,142,47.680775,-122.37752,2300.0,5100.876,,,4.0,3.0,49041062,"7040 16th Avenue NW, Seattle, WA 98117",Seattle,WA,98117,SINGLE_FAMILY,FOR_SALE,4,https://www.zillow.com/homedetails/7040-16th-Ave-NW-Seattle-WA-98117/49041062_zpid/,,8728d5472ffffff,9,,,,,30.0,0.2052884881900859,6.184804928131417,69,0.9272375462179537,0.374473674486883,1.0,6.123233995736766e-17,1,988749.9888888889,614601.1553817973,0.0,607.8260869565217,3,2026,11,14.150553201775892,8928d5472a7ffff,"[9, 9, 9, 9, 9, 9, 9]",9,0.17518824920669182,-0.2217504718215501,0.6085216455163474,2.8813281823503942,1.2868691995948212,0.7662792626043098,1.4576488146837816,0.203319546889736,,,0.7630390680997498,13.914833,1.1044224e+06,14.150553,1.3979994e+06,0.1690879,0.055640027,0.014620835,0.59645593,0.04002789,0.103368126,0.2643522333213578,291956.52136132814,657830.5744656284,1854199.169323218,-293577.625,-20.999830114449214
2026-03-10,1700000.0,128,47.71442,-122.27951,2354.0,7701.408,,,5.0,3.0,49103412,"11753 Lakeside Ave NE, Seattle, WA 98125",Seattle,WA,98125,SINGLE_FAMILY,FOR_SALE,4,https://www.zillow.com/homedetails/11753-Lakeside-Ave-NE-Seattle-WA-98125/49103412_zpid/,1634300.0,8728d54e4ffffff,9,,,,,30.0,0.2052884881900859,6.184804928131417,69,0.9272375462179537,0.374473674486883,1.0,6.123233995736766e-17,1,984883.3222222222,613090.3303294358,0.0,722.1750212404418,3,2026,11,14.346138809026444,8928d54e4c7ffff,"[9, 9, 9, 9, 9, 9, 9]",9,0.2320613838132046,-0.16393458379017842,1.6890974203492484,2.8813281823503942,1.2868691995948212,0.7662792626043098,1.4576488146837816,0.203319546889736,,,1.1255926592808239,13.826201,1.01074825e+06,14.346139,1.7000002e+06,0.20969515,0.06943761,0.017979177,0.49233508,0.053166524,0.13169116,0.2659912078334339,268850.14783302956,600104.2514671214,1702390.8549494608,-689251.75,-40.5442205882353
2026-03-10,1600000.0,149,47.55684,-122.39082,2740.0,5405.796,,,4.0,4.0,48806579,"5022 46th Avenue SW, Seattle, WA 98136",Seattle,WA,98136,SINGLE_FAMILY,FOR_SALE,5,https://www.zillow.com/homedetails/5022-46th-Ave-SW-Seattle-WA-98136/48806579_zpid/,1562100.0,8728d5573ffffff,14,,,,,4.0,-0.9451888581895366,6.184804928131417,69,0.9272375462179537,0.374473674486883,1.0,6.123233995736766e-17,1,1600000.0,0.0,0.0,583.9416058394161,3,2026,11,14.28551418721001,8928d55732fffff,"[14, 14, 9, 9, 9, 14, 14]",14,0.6385989756301294,-0.21497138947281305,0.6085216455163474,2.8813281823503942,1.2868691995948212,0.7662792626043098,1.4576488146837816,0.203319546889736,,,1.0132138668813102,13.919817,1.1099405e+06,14.285514,1.5999995e+06,0.16582832,0.05311305,0.014130928,0.6088201,0.042434826,0.09769994,0.26356833330605706,292545.1676538916,662133.871672676,1860602.474206075,-490059.5,-30.62871875
2026-03-10,675000.0,148,47.695904,-122.37598,1320.0,1502.82,,,3.0,2.0,48764503,"1459 NW 92nd Street, Seattle, WA 98117",Seattle,WA,98117,TOWNHOUSE,FOR_SALE,5,https://www.zillow.com/homedetails/1459-NW-92nd-St-Seattle-WA-98117/48764503_zpid/,665100.0,8728d5454ffffff,9,,,,,30.0,0.2052884881900859,6.184804928131417,69,0.9272375462179537,0.374473674486883,1.0,6.123233995736766e-17,1,966827.2111111112,606407.7802047232,0.0,511.3636363636364,3,2026,11,13.422467969854667,8928d5454b3ffff,"[9, 9, 9, 9, 9, 9, 9]",9,-0.8569538232818736,-0.3017436435366473,-0.47205412931655344,2.8813281823503942,1.2868691995948212,0.7662792626043098,1.4576488146837816,0.203319546889736,,,-0.5865996871732364,13.554758,770471.6,13.422468,675000.1,0.18845713,0.0492891,0.012722062,0.608394,0.023974266,0.0937085,0.26221391202362143,202028.37889444665,460845.81315589393,1288123.852073558,95471.625,14.143944444444445
2026-03-10,1195000.0,147,47.72192,-122.2834,2210.0,0.3818,,,3.0,2.0,48735353,"12725 42nd Avenue NE, Seattle, WA 98125",Seattle,WA,98125,SINGLE_FAMILY,FOR_SALE,5,https://www.zillow.com/homedetails/12725-42nd-Ave-NE-Seattle-WA-98125/48735353_zpid/,1149900.0,8728d54e4ffffff,9,,,,,30.0,0.2052884881900859,6.184804928131417,69,0.9272375462179537,0.374473674486883,1.0,6.123233995736766e-17,1,963760.5444444444,608594.1015103535,0.0,540.7239819004525,3,2026,11,13.993656743347747,8928d54e40fffff,"[9, 9, 9, 9, 9, 9, 9]",9,0.0803996915291705,-0.3351463468086146,-0.47205412931655344,2.8813281823503942,1.2868691995948212,0.7662792626043098,1.4576488146837816,0.203319546889736,,,0.472202869841835,13.848246,1.03327675e+06,13.993657,1.1950005e+06,0.12429462,0.04009511,0.011005998,0.72137374,0.018653525,0.06809136,0.2668304622060233,275709.71278923756,612471.6378658448,1743200.460272492,-161723.25,-13.533326359832637
2026-03-10,1275000.0,146,47.682014,-122.35971,2570.0,3750.516,,,5.0,2.0,48655125,"200 NW 73rd Street, Seattle, WA 98117",Seattle,WA,98117,SINGLE_FAMILY,FOR_SALE,5,https://www.zillow.com/homedetails/200-NW-73rd-St-Seattle-WA-98117/48655125_zpid/,,8728d5472ffffff,9,,,,,30.0,0.2052884881900859,6.184804928131417,69,0.9272375462179537,0.374473674486883,1.0,6.123233995736766e-17,1,957704.9888888889,608978.6731811296,0.0,496.1089494163424,3,2026,11,14.058456736574664,8928d54721bffff,"[9, 9, 9, 9, 9, 9, 9]",9,0.4595539222392558,-0.2517721222230999,1.6890974203492484,2.8813281823503942,1.2868691995948212,0.7662792626043098,1.4576488146837816,0.203319546889736,,,0.5923214745959772,14.010274,1.2150235e+06,14.058456,1.2749996e+06,0.16664863,0.058940783,0.015981007,0.59929836,0.03496188,0.10206629,0.2641607358628434,320961.5018506475,723979.8873795399,2039120.1539501832,-59976.5,-4.704039215686275
2026-03-10,1420000.0,145,47.72484,-122.36309,3090.0,7200.468,,,4.0,3.0,48695294,"417 NW 132nd Street, Seattle, WA 98177",Seattle,WA,98177,SINGLE_FAMILY,FOR_SALE,5,https://www.zillow.com/homedetails/417-NW-132nd-St-Seattle-WA-98177/48695294_zpid/,1390000.0,8728d5450ffffff,59,,,,,30.0,0.4733823513436473,6.184804928131417,69,0.9272375462179537,0.374473674486883,1.0,6.123233995736766e-17,1,1480643.4181818182,1490104.2613901054,0.0,459.546925566343,3,2026,11,14.166167429577444,8928d54500bffff,"[59, 59, 59, 59, 59, 59, 59]",59,1.0072211443760457,-0.17507164764881786,0.6085216455163474,2.8813281823503942,1.2868691995948212,0.7662792626043098,1.4576488146837816,0.203319546889736,,,0.7919828868323819,14.159339,1.4103366e+06,14.166167,1.4199998e+06,0.12141683,0.060186237,0.015494214,0.59652865,0.06482991,0.12286644,0.26680607284790336,376286.37630981614,836012.6707311443,2379209.514926856,-9663.375,-0.6805193661971831
2026-03-10,1199000.0,144,47.70626,-122.31626,3300.0,6538.356,,,4.0,3.0,48736352,"1058 NE 106th Street, Seattle, WA 98125",Seattle,WA,98125,SINGLE_FAMILY,FOR_SALE,4,https://www.zillow.com/homedetails/1058-NE-106th-St-Seattle-WA-98125/48736352_zpid/,1161500.0,8728d540bffffff,9,,,,,30.0,0.2052884881900859,6.184804928131417,69,0.9272375462179537,0.374473674486883,1.0,6.123233995736766e-17,1,947977.2111111112,610843.0091878917,0.0,363.3333333333333,3,2026,11,13.996998434009651,8928d540b17ffff,"[9, 9, 9, 9, 9, 9, 9]",9,1.2283944456235953,-0.1897919407489326,0.6085216455163474,2.8813281823503942,1.2868691995948212,0.7662792626043098,1.4576488146837816,0.203319546889736,,,0.478397302894045,14.263169,1.5646446e+06,13.996999,1.1990004e+06,0.15442288,0.0590122,0.015413158,0.5863912,0.05495856,0.11165741,0.27378901778505493,428382.5150614156,914875.0831374567,2675898.483219294,365644.625,30.495798582151796
2026-03-10,2900000.0,143,47.561264,-122.26858,3770.0,7200.468,,,4.0,4.0,48954471,"4615 52nd Avenue S, Seattle, WA 98118",Seattle,WA,98118,SINGLE_FAMILY,FOR_SALE,4,https://www.zillow.com/homedetails/4615-52nd-Ave-S-Seattle-WA-98118/48954471_zpid/,2809100.0,8728d550affffff,38,,,,,8.0,-1.8711345855672696,6.184804928131417,69,0.9272375462179537,0.374473674486883,1.0,6.123233995736766e-17,1,810332.8541666666,429657.7689859186,0.0,769.2307692307693,3,2026,11,14.880221294956703,8928d550a0bffff,"[38, 38, 231, 38, 38, 38, 38]",38,1.72340135793954,-0.17507164764881786,0.6085216455163474,2.8813281823503942,1.2868691995948212,0.7662792626043098,1.4576488146837816,0.203319546889736,,,2.11561194537727,13.792136,976896.7,14.880221,2.9000002e+06,0.29943714,0.054643888,0.015787052,0.49046394,0.032540232,0.08860721,0.26769899345477377,261514.25995305268,578067.6400700925,1650891.857413417,-1923103.3125,-66.31390732758621
2026-03-10,1350000.0,108,47.671227,-122.291084,2160.0,4477.968,,,4.0,2.0,49104391,"5728 34th Avenue NE, Seattle, WA 98105",Seattle,WA,98105,SINGLE_FAMILY,FOR_SALE,4,https://www.zillow.com/homedetails/5728-34th-Ave-NE-Seattle-WA-98105/49104391_zpid/,1310500.0,8728d540effffff,59,,,,,21.0,-0.7019117623371323,6.184804928131417,69,0.9272375462179537,0.374473674486883,1.0,6.123233995736766e-17,1,1499173.1333333333,1438277.6868012615,0.0,625.0,3,2026,11,14.115615150414612,8928d540c4bffff,"[9, 59, 59, 59, 9, 9, 9]",59,0.02773938170832532,-0.23559916861968438,0.6085216455163474,2.8813281823503942,1.2868691995948212,0.7662792626043098,1.4576488146837816,0.203319546889736,,,0.6982750183929931,13.9214115,1.1117118e+06,14.115615,1.3499996e+06,0.13378064,0.056738373,0.014972135,0.6276823,0.0384614,0.10600771,0.2666726307434898,296463.09700094885,659167.6343696254,1874944.975468936,-238288.25,-17.65098148148148
2026-03-10,945000.0,64,47.611874,-122.28914,1586.0,548.856,,,3.0,2.0,455320967,"1104 B 34th Avenue, Seattle, WA 98122",Seattle,WA,98122,TOWNHOUSE,FOR_SALE,3,https://www.zillow.com/homedetails/1104-B-34th-Ave-Seattle-WA-98122/455320967_zpid/,943600.0,8728d5423ffffff,7,,,,,2.0,-1.365272795162664,6.184804928131417,69,0.9272375462179537,0.374473674486883,1.0,6.123233995736766e-17,1,1816825.0,2002978.646405035,0.0,595.8385876418663,3,2026,11,13.758940206475879,8928d54214bffff,"[9, 7, 7, 7, 9, 9, 9]",7,-0.5768009750349773,-0.32295248688483896,-0.47205412931655344,2.8813281823503942,1.2868691995948212,0.7662792626043098,1.4576488146837816,0.203319546889736,,,0.037112964461075273,13.667692,862587.75,13.75894,944999.56,0.16277063,0.04472074,0.012028844,0.6605332,0.020158911,0.079763934,0.2696944191592538,232635.10221013761,508434.2188094917,1463429.5501028148,-82412.25,-8.720873015873016
2026-03-10,899950.0,151,47.50068,-122.376564,1770.0,8102.16,,,3.0,3.0,48989943,"11271 35th Avenue SW, Seattle, WA 98146",Seattle,WA,98146,SINGLE_FAMILY,FOR_SALE,5,https://www.zillow.com/homedetails/11271-35th-Ave-SW-Seattle-WA-98146/48989943_zpid/,,8728d5574ffffff,9,,,,,30.0,0.2052884881900859,6.184804928131417,69,0.9272375462179537,0.374473674486883,1.0,6.123233995736766e-17,1,995591.6555555556,603816.8232955815,0.0,508.44632768361583,3,2026,11,13.710094485207625,8928d55749bffff,"[9, 30, 9, 9, 9, 231, 30]",9,-0.3830110348942671,-0.15502493270326687,-0.47205412931655344,2.8813281823503942,1.2868691995948212,0.7662792626043098,1.4576488146837816,0.203319546889736,,,-0.05343148770277552,13.676043,869820.9,13.710094,899950.0,0.34609812,0.05872527,0.015576107,0.41496748,0.0330819,0.106954634,0.2655873766552821,231013.44435125205,516841.38031722396,1463869.4777800192,-30129.125,-3.3478665481415635
2026-03-10,1575000.0,179,47.6408,-122.31933,2980.0,4499.748,,,3.0,2.0,48766460,"2343 Federal Avenue E, Seattle, WA 98102",Seattle,WA,98102,SINGLE_FAMILY,FOR_SALE,5,https://www.zillow.com/homedetails/2343-Federal-Ave-E-Seattle-WA-98102/48766460_zpid/,1658900.0,8728d542affffff,59,,,,,30.0,0.4733823513436473,6.184804928131417,69,0.9272375462179537,0.374473674486883,1.0,6.123233995736766e-17,1,1489557.2835820897,1403443.6878611797,0.0,528.5234899328859,3,2026,11,14.269765830241871,8928d542ab3ffff,"[59, 59, 59, 59, 59, 9, 9]",59,0.8913684627701862,-0.23511494845191744,-0.47205412931655344,2.8813281823503942,1.2868691995948212,0.7662792626043098,1.4576488146837816,0.203319546889736,,,0.9840214152778237,14.195373,1.4620829e+06,14.269766,1.575e+06,0.10350247,0.054285582,0.01427244,0.6545376,0.051021736,0.10493777,0.26737085449681225,390918.34763390594,865727.7023794868,2469236.264897578,-112917.125,-7.16934126984127
2026-03-10,760000.0,168,47.565807,-122.37232,1700.0,1158.696,,,4.0,2.0,2057760478,"3070 SW Avalon Way #E, Seattle, WA 98126",Seattle,WA,98126,TOWNHOUSE,FOR_SALE,5,https://www.zillow.com/homedetails/3070-SW-Avalon-Way-E-Seattle-WA-98126/2057760478_zpid/,757200.0,8728d5555ffffff,9,,,,,30.0,0.2052884881900859,6.184804928131417,69,0.9272375462179537,0.374473674486883,1.0,6.123233995736766e-17,1,1055465.5444444444,661849.9002341364,0.0,447.05882352941177,3,2026,11,13.541073712262515,8928d5555cbffff,"[9, 9, 9, 9, 9, 9, 9]",9,-0.4567354686434503,-0.30939432218736485,0.6085216455163474,2.8813281823503942,1.2868691995948212,0.7662792626043098,1.4576488146837816,0.203319546889736,,,-0.36674231397922114,13.716686,905901.9,13.541074,760000.06,0.17817417,0.050410695,0.013320719,0.61917233,0.024283849,0.09195416,0.2634057107896543,238619.72729005557,540587.1029553574,1518086.8396575747,145901.875,19.197615131578946
2026-03-10,998500.0,167,47.639423,-122.36011,2620.0,2700.72,,,4.0,2.0,48758416,"209 W McGraw Street, Seattle, WA 98119",Seattle,WA,98119,SINGLE_FAMILY,FOR_SALE,5,https://www.zillow.com/homedetails/209-W-McGraw-St-Seattle-WA-98119/48758416_zpid/,978500.0,8728d5429ffffff,9,,,,,30.0,0.2052884881900859,6.184804928131417,69,0.9272375462179537,0.374473674486883,1.0,6.123233995736766e-17,1,1050465.5444444444,665795.1218356596,0.0,381.10687022900765,3,2026,11,13.814009431838008,8928d542913ffff,"[9, 9, 9, 9, 9, 9, 9]",9,0.512214232060101,-0.27511153430946605,0.6085216455163474,2.8813281823503942,1.2868691995948212,0.7662792626043098,1.4576488146837816,0.203319546889736,,,0.13919381641774853,14.075721,1.2972028e+06,13.81401,998500.25,0.13213897,0.04750221,0.012979184,0.6786337,0.029668763,0.081911415,0.2645365441990683,343157.53261052794,772377.856290423,2178642.2370322673,298702.75,29.915147721582375
2026-03-10,649900.0,166,47.519566,-122.35599,1715.0,1415.7,,,3.0,3.0,2078856429,"9248 17th Avenue SW #A, Seattle, WA 98106",Seattle,WA,98106,TOWNHOUSE,FOR_SALE,5,https://www.zillow.com/homedetails/9248-17th-Ave-SW-A-Seattle-WA-98106/2078856429_zpid/,647400.0,8728d5576ffffff,38,,,,,10.0,-1.645186258253486,6.184804928131417,69,0.9272375462179537,0.374473674486883,1.0,6.123233995736766e-17,1,804256.9814814815,406867.574140901,0.0,378.95043731778424,3,2026,11,13.38457378388244,8928d557617ffff,"[38, 38, 38, 38, 38, 38, 38]",38,-0.44093737569719677,-0.303680524207715,-0.47205412931655344,2.8813281823503942,1.2868691995948212,0.7662792626043098,1.4576488146837816,0.203319546889736,,,-0.6568434714794859,13.361736,635226.1,13.384574,649900.1,0.1201345,0.05371055,0.014152195,0.66233087,0.023545925,0.100217715,0.2670867675106692,169660.49236457827,376339.23384324455,1072203.4219883294,-14673.875,-2.2578665948607477
2026-03-10,1300000.0,163,47.688828,-122.34747,2610.0,3301.848,,,4.0,3.0,48996125,"8211 Linden Avenue N, Seattle, WA 98103",Seattle,WA,98103,SINGLE_FAMILY,FOR_SALE,5,https://www.zillow.com/homedetails/8211-Linden-Ave-N-Seattle-WA-98103/48996125_zpid/,1254500.0,8728d5409ffffff,9,,,,,30.0,0.2052884881900859,6.184804928131417,69,0.9272375462179537,0.374473674486883,1.0,6.123233995736766e-17,1,1052471.1,668955.0674757493,0.0,498.08429118773944,3,2026,11,14.077874822431765,8928d5409b3ffff,"[9, 9, 9, 9, 9, 9, 9]",9,0.501682170095932,-0.2617470576790987,0.6085216455163474,2.8813281823503942,1.2868691995948212,0.7662792626043098,1.4576488146837816,0.203319546889736,,,0.6283164379285079,14.065136,1.2835445e+06,14.077875,1.3000004e+06,0.13696417,0.048993126,0.013294432,0.6653472,0.032115713,0.08570617,0.26449535399768187,339491.55689927755,764307.1850224992,2155529.26429413,-16455.5,-1.2658076923076922
2026-03-10,825000.0,161,47.58704,-122.2986,2440.0,2800.908,,,3.0,2.0,48663670,"2608 S Grand Street, Seattle, WA 98144",Seattle,WA,98144,SINGLE_FAMILY,FOR_SALE,5,https://www.zillow.com/homedetails/2608-S-Grand-St-Seattle-WA-98144/48663670_zpid/,807700.0,8728d5425ffffff,9,,,,,30.0,0.2052884881900859,6.184804928131417,69,0.9272375462179537,0.374473674486883,1.0,6.123233995736766e-17,1,1045803.3222222222,669503.0692430981,0.0,338.11475409836066,3,2026,11,13.623138665316818,8928d54251bffff,"[9, 9, 9, 9, 9, 9, 9]",9,0.3226371167050583,-0.27288412153773817,-0.47205412931655344,2.8813281823503942,1.2868691995948212,0.7662792626043098,1.4576488146837816,0.203319546889736,,,-0.21461995764535605,14.008198,1.2125035e+06,13.623138,824999.8,0.13186167,0.045541994,0.0123240985,0.6844082,0.02889844,0.08010942,0.2656034861719836,322045.15659573174,720438.224892598,2040653.4176844659,387503.5,46.970121212121214
2026-03-10,1650000.0,160,47.605934,-122.311325,2293.0,1916.64,,,4.0,3.0,96708577,"1601 E Jefferson Street, Seattle, WA 98122",Seattle,WA,98122,SINGLE_FAMILY,FOR_SALE,5,https://www.zillow.com/homedetails/1601-E-Jefferson-St-Seattle-WA-98122/96708577_zpid/,,8728d5421ffffff,9,,,,,30.0,0.2052884881900859,6.184804928131417,69,0.9272375462179537,0.374473674486883,1.0,6.123233995736766e-17,1,1041269.9888888889,672390.0680921751,0.0,719.581334496293,3,2026,11,14.316285845876763,8928d5421abffff,"[9, 9, 9, 9, 9, 9, 9]",9,0.1678158058317735,-0.2925434603490756,0.6085216455163474,2.8813281823503942,1.2868691995948212,0.7662792626043098,1.4576488146837816,0.203319546889736,,,1.0702547479208735,13.9434805,1.1365189e+06,14.316286,1.6500004e+06,0.14564356,0.048076376,0.01304836,0.6642473,0.026378887,0.08362426,0.2672465764887259,303730.7784585682,673118.8576462802,1918940.5245223108,-513481.125,-31.120068181818183
2026-03-10,569000.0,159,47.52994,-122.358086,1048.0,779.724,,,2.0,2.0,457402404,"1805 SW Elmgrove Street, Seattle, WA 98106",Seattle,WA,98106,TOWNHOUSE,FOR_SALE,5,https://www.zillow.com/homedetails/1805-SW-Elmgrove-St-Seattle-WA-98106/457402404_zpid/,568200.0,8728d5576ffffff,38,,,,,9.0,-1.7581604219103777,6.184804928131417,69,0.9272375462179537,0.374473674486883,1.0,6.123233995736766e-17,1,807169.3773584906,410192.47795906867,0.0,542.9389312977099,3,2026,11,13.251635713108469,8928d55762bffff,"[38, 38, 38, 38, 38, 38, 38]",38,-1.1434259087072713,-0.31781975310650945,-1.5526299041494542,2.8813281823503942,1.2868691995948212,0.7662792626043098,1.4576488146837816,0.203319546889736,,,-0.9032684290278437,13.201244,541037.75,13.251636,568999.94,0.13206159,0.06643991,0.016442025,0.5861442,0.02681553,0.13522954,0.27359924060427204,148027.517538244,316471.93468820234,924953.6118007272,-27962.25,-4.914279437609842
2026-03-10,1125000.0,158,47.577618,-122.40964,2020.0,1267.596,,,3.0,4.0,48990589,"3001 60th Avenue SW, Seattle, WA 98116",Seattle,WA,98116,TOWNHOUSE,FOR_SALE,5,https://www.zillow.com/homedetails/3001-60th-Ave-SW-Seattle-WA-98116/48990589_zpid/,,8728d5542ffffff,9,,,,,30.0,0.2052884881900859,6.184804928131417,69,0.9272375462179537,0.374473674486883,1.0,6.123233995736766e-17,1,1039269.9888888889,670824.9585192627,0.0,556.9306930693069,3,2026,11,13.933293593620657,8928d554203ffff,"[9, 9, 9, 231, 9, 9, 9]",9,-0.11970948579004118,-0.30697322134853017,-0.47205412931655344,2.8813281823503942,1.2868691995948212,0.7662792626043098,1.4576488146837816,0.203319546889736,,,0.36030876364350867,13.843104,1.02797806e+06,13.933293,1.1249998e+06,0.16106749,0.043922447,0.011831433,0.6656339,0.021624967,0.077328205,0.26735611155587885,274836.2175547462,608703.3900765922,1736048.8984876145,-97021.9375,-8.624172222222223
2026-03-10,639990.0,157,47.499702,-122.37665,840.0,8102.16,,,2.0,1.0,48989887,"11469 37th Avenue SW, Seattle, WA 98146",Seattle,WA,98146,SINGLE_FAMILY,FOR_SALE,5,https://www.zillow.com/homedetails/11469-37th-Ave-SW-Seattle-WA-98146/48989887_zpid/,,8728d5cdaffffff,30,,,,,1.0,,6.184804928131417,69,0.9272375462179537,0.374473674486883,1.0,6.123233995736766e-17,1,639990.0,0.0,0.0,761.8928571428571,3,2026,11,13.369207830213783,8928d5cda6fffff,"[30, 30, 9, 9, 9, 30, 30]",30,-1.3624927975619874,-0.15502493270326687,-1.5526299041494542,2.8813281823503942,1.2868691995948212,0.7662792626043098,1.4576488146837816,0.203319546889736,,,-0.6853270688300653,13.514848,740327.4,13.369207,639989.7,0.41970333,0.06432659,0.01691372,0.32090414,0.02849596,0.11911534,0.2663977239310359,197221.52766383847,439199.14239688695,1247918.2167787643,100337.375,15.67795981187206
2026-03-10,794880.0,156,47.72608,-122.35586,1740.0,1393.92,,,3.0,4.0,2066543808,"13333 Greenwood Avenue N #A, Seattle, WA 98133",Seattle,WA,98133,SINGLE_FAMILY,FOR_SALE,5,https://www.zillow.com/homedetails/13333-Greenwood-Ave-N-UNIT-A-Seattle-WA-98133/2066543808_zpid/,788100.0,8728d5450ffffff,59,,,,,30.0,0.4733823513436473,6.184804928131417,69,0.9272375462179537,0.374473674486883,1.0,6.123233995736766e-17,1,1487879.01369863,1376355.3762364115,0.0,456.82758620689657,3,2026,11,13.585946438847142,8928d54504fffff,"[59, 59, 59, 59, 59, 59, 59]",59,-0.4146072207867742,-0.30416474437548197,-0.47205412931655344,2.8813281823503942,1.2868691995948212,0.7662792626043098,1.4576488146837816,0.203319546889736,,,-0.28356253200016107,13.603184,808700.4,13.585946,794879.7,0.11865873,0.04911259,0.012989646,0.68132854,0.023434836,0.091520526,0.2636703120130806,213230.2802013453,482332.95607489266,1355902.1144370264,13820.375,1.7386743911030593
2026-03-10,1695000.0,154,47.70879,-122.279106,3370.0,6538.356,,,4.0,4.0,61766697,"10759 Durland Avenue NE, Seattle, WA 98125",Seattle,WA,98125,SINGLE_FAMILY,FOR_SALE,5,https://www.zillow.com/homedetails/10759-Durland-Ave-NE-Seattle-WA-98125/61766697_zpid/,1635300.0,8728d540affffff,59,,,,,30.0,0.4733823513436473,6.184804928131417,69,0.9272375462179537,0.374473674486883,1.0,6.123233995736766e-17,1,1511835.042253521,1387992.8094718894,0.0,502.9673590504451,3,2026,11,14.343193298796688,8928d540a6fffff,"[59, 59, 9, 9, 9, 59, 59]",59,1.3021188793727787,-0.1897919407489326,0.6085216455163474,2.8813281823503942,1.2868691995948212,0.7662792626043098,1.4576488146837816,0.203319546889736,,,1.1201326189093945,14.285612,1.6001566e+06,14.343193,1.6949996e+06,0.11247879,0.061124794,0.015854027,0.60902643,0.062388677,0.120505884,0.2704991072035915,432840.93844841217,941692.3013571549,2719042.505990689,-94843.375,-5.5954793510324485
2026-03-10,899000.0,175,47.571045,-122.3861,1490.0,5000.688,,,3.0,2.0,48667115,"4207 SW Manning St, Seattle, WA 98116",Seattle,WA,98116,SINGLE_FAMILY,FOR_SALE,5,https://www.zillow.com/homedetails/4207-SW-Manning-St-Seattle-WA-98116/48667115_zpid/,,8728d5555ffffff,9,,,,,30.0,0.2052884881900859,6.184804928131417,69,0.9272375462179537,0.374473674486883,1.0,6.123233995736766e-17,1,1031492.2111111112,673870.9130421648,0.0,603.3557046979865,3,2026,11,13.709038313453757,8928d555507ffff,"[9, 9, 9, 9, 9, 9, 9]",9,-0.677908769891,-0.223977884593278,-0.47205412931655344,2.8813281823503942,1.2868691995948212,0.7662792626043098,1.4576488146837816,0.203319546889736,,,-0.05538929465826582,13.670503,865015.44,13.709039,899000.4,0.20612593,0.05722923,0.014492461,0.5458406,0.0386872,0.11294006,0.26344569518889244,227884.59328131145,516148.14196385216,1449684.095124012,-33984.5625,-3.7802627919911016
2026-03-10,1370000.0,152,47.715652,-122.28002,2670.0,0.2852,,,4.0,2.0,49103381,"11904 Lakeside Avenue NE, Seattle, WA 98125",Seattle,WA,98125,SINGLE_FAMILY,FOR_SALE,5,https://www.zillow.com/homedetails/11904-Lakeside-Ave-NE-Seattle-WA-98125/49103381_zpid/,1318600.0,8728d54e4ffffff,9,,,,,30.0,0.2052884881900859,6.184804928131417,69,0.9272375462179537,0.374473674486883,1.0,6.123233995736766e-17,1,998647.2111111112,605020.1278488659,0.0,513.1086142322098,3,2026,11,14.130321297804308,8928d54e4c7ffff,"[9, 9, 9, 9, 9, 9, 9]",9,0.5648745418809461,-0.3351484944517829,0.6085216455163474,2.8813281823503942,1.2868691995948212,0.7662792626043098,1.4576488146837816,0.203319546889736,,,0.7255355444793635,14.036362,1.2471378e+06,14.1303215,1.3700002e+06,0.11391471,0.04168106,0.011675358,0.72773004,0.021448663,0.068124026,0.26638515143396946,332218.97839276993,739882.5952497184,2102161.3572420413,-122862.25,-8.968047445255474
2026-03-10,605000.0,200,47.593983,-122.309265,1228.0,696.96,,,2.0,3.0,443609380,"909 Hiawatha Place S #C, Seattle, WA 98144",Seattle,WA,98144,TOWNHOUSE,FOR_SALE,5,https://www.zillow.com/homedetails/909-Hiawatha-Pl-S-C-Seattle-WA-98144/443609380_zpid/,,8728d5425ffffff,9,,,,,30.0,0.2052884881900859,6.184804928131417,69,0.9272375462179537,0.374473674486883,1.0,6.123233995736766e-17,1,1027613.8777777776,675644.1258380123,0.0,492.671009771987,3,2026,11,13.312983737012978,8928d54252bffff,"[9, 9, 9, 9, 9, 9, 9]",9,-0.9538487933522288,-0.31965978974402376,-1.5526299041494542,2.8813281823503942,1.2868691995948212,0.7662792626043098,1.4576488146837816,0.203319546889736,,,-0.7895486789342208,13.485184,718688.8,13.3129835,604999.9,0.1862753,0.04768692,0.012237079,0.61706203,0.022227557,0.09125583,0.2665554589293975,191570.42624336123,426230.26880662027,1211818.1769289942,113688.8125,18.791539256198348
2026-03-10,1199000.0,196,47.637627,-122.35543,1568.0,971.388,,,3.0,3.0,456867245,"2108 1st Avenue N, Seattle, WA 98109",Seattle,WA,98109,TOWNHOUSE,FOR_SALE,5,https://www.zillow.com/homedetails/2108-1st-Ave-N-Seattle-WA-98109/456867245_zpid/,1191200.0,8728d5429ffffff,9,,,,,30.0,0.2052884881900859,6.184804928131417,69,0.9272375462179537,0.374473674486883,1.0,6.123233995736766e-17,1,1053392.211111111,689340.6348517139,0.0,764.6683673469388,3,2026,11,13.996998434009651,8928d5429c7ffff,"[9, 9, 9, 9, 9, 9, 9]",9,-0.5957586865704816,-0.3135586156301604,-0.47205412931655344,2.8813281823503942,1.2868691995948212,0.7662792626043098,1.4576488146837816,0.203319546889736,,,0.478397302894045,13.617047,819989.9,13.996999,1.1990004e+06,0.16790146,0.04626382,0.012190581,0.6468244,0.020762604,0.08460198,0.2630061722671505,215662.3983215692,489703.4154448653,1373042.1830098177,-379010.125,-31.610519182652208
2026-03-10,1229950.0,194,47.64778,-122.369804,1910.0,4229.676,,,3.0,2.0,49015107,"839 W Etruria Street, Seattle, WA 98119",Seattle,WA,98119,SINGLE_FAMILY,FOR_SALE,5,https://www.zillow.com/homedetails/839-W-Etruria-St-Seattle-WA-98119/49015107_zpid/,1197800.0,8728d5429ffffff,9,,,,,30.0,0.2052884881900859,6.184804928131417,69,0.9272375462179537,0.374473674486883,1.0,6.123233995736766e-17,1,1043625.5444444444,690172.4509580988,0.0,643.9528795811518,3,2026,11,14.022484076115846,8928d542923ffff,"[9, 9, 9, 9, 9, 9, 9]",9,-0.23556216739590058,-0.24111927853222737,-0.47205412931655344,2.8813281823503942,1.2868691995948212,0.7662792626043098,1.4576488146837816,0.203319546889736,,,0.525639588249532,13.816926,1.00141644e+06,14.022484,1.2299498e+06,0.17271033,0.052256346,0.01365995,0.6094704,0.032882407,0.09756737,0.2644015908226289,264776.0991509297,596419.09859479,1681426.5374622364,-228533.5625,-18.580719744705068
2026-03-10,1219000.0,193,47.637547,-122.35544,1568.0,971.388,,,3.0,3.0,455613076,"2110 1st Avenue N, Seattle, WA 98109",Seattle,WA,98109,TOWNHOUSE,FOR_SALE,5,https://www.zillow.com/homedetails/2110-1st-Ave-N-Seattle-WA-98109/455613076_zpid/,1210100.0,8728d5429ffffff,9,,,,,30.0,0.2052884881900859,6.184804928131417,69,0.9272375462179537,0.374473674486883,1.0,6.123233995736766e-17,1,1037736.6555555556,690825.5770971582,0.0,777.4234693877551,3,2026,11,14.013541408463409,8928d5429c7ffff,"[9, 9, 9, 9, 9, 9, 9]",9,-0.5957586865704816,-0.3135586156301604,-0.47205412931655344,2.8813281823503942,1.2868691995948212,0.7662792626043098,1.4576488146837816,0.203319546889736,,,0.5090627229182467,13.617047,819989.9,14.013541,1.2189998e+06,0.16790146,0.04626382,0.012190581,0.6468244,0.020762604,0.08460198,0.2630061722671505,215662.3983215692,489703.4154448653,1373042.1830098177,-399010.125,-32.73257793273175
2026-03-10,770000.0,191,47.527245,-122.27838,1860.0,7893.072,,,4.0,3.0,48909025,"8415 44th Avenue S, Seattle, WA 98118",Seattle,WA,98118,SINGLE_FAMILY,FOR_SALE,5,https://www.zillow.com/homedetails/8415-44th-Ave-S-Seattle-WA-98118/48909025_zpid/,761400.0,8728d5501ffffff,38,,,,,12.0,-1.4192379309397023,6.184804928131417,69,0.9272375462179537,0.374473674486883,1.0,6.123233995736766e-17,1,811749.5576923077,412823.69772686134,0.0,413.97849462365593,3,2026,11,13.554145793829866,8928d55012fffff,"[38, 38, 9, 9, 38, 38, 38]",38,-0.28822247721674576,-0.1596734463138294,0.6085216455163474,2.8813281823503942,1.2868691995948212,0.7662792626043098,1.4576488146837816,0.203319546889736,,,-0.3425108268924239,13.391978,654730.06,13.554146,770000.0,0.21733427,0.07073214,0.018470958,0.48406762,0.04370972,0.13513939,0.2721672621276568,178196.0885432946,384050.9212056887,1116183.7932159258,-115269.9375,-14.970121753246755
2026-03-10,1150000.0,190,47.535313,-122.38462,2540.0,5327.388,,,5.0,3.0,48804680,"3960 SW Austin Street, Seattle, WA 98136",Seattle,WA,98136,SINGLE_FAMILY,FOR_SALE,5,https://www.zillow.com/homedetails/3960-SW-Austin-St-Seattle-WA-98136/48804680_zpid/,,8728d5570ffffff,9,,,,,30.0,0.2052884881900859,6.184804928131417,69,0.9272375462179537,0.374473674486883,1.0,6.123233995736766e-17,1,988569.9888888889,593540.4148478549,0.0,452.755905511811,3,2026,11,13.955272500339433,8928d55702bffff,"[9, 9, 9, 14, 9, 9, 9]",9,0.42795773634674866,-0.216714582076774,1.6890974203492484,2.8813281823503942,1.2868691995948212,0.7662792626043098,1.4576488146837816,0.203319546889736,,,0.40105067544951356,13.971078,1.1683206e+06,13.955273,1.1500002e+06,0.18339562,0.06218048,0.016627286,0.5627042,0.04102516,0.11106498,0.26069696468895487,304577.6407210027,700893.9482645872,1947474.5133699314,18320.625,1.5930978260869564
2026-03-10,549950.0,189,47.7317,-122.34315,810.0,5100.876,,,2.0,1.0,48997108,"14044 Lenora Place N, Seattle, WA 98133",Seattle,WA,98133,SINGLE_FAMILY,FOR_SALE,5,https://www.zillow.com/homedetails/14044-Lenora-Pl-N-Seattle-WA-98133/48997108_zpid/,534400.0,8728d5452ffffff,59,,,,,30.0,0.4733823513436473,6.184804928131417,69,0.9272375462179537,0.374473674486883,1.0,6.123233995736766e-17,1,1509218.4,1397838.15520057,0.0,678.9506172839506,3,2026,11,13.217582643985264,8928d545217ffff,"[59, 59, 59, 59, 59, 231, 59]",59,-1.3940889834544945,-0.2217504718215501,-1.5526299041494542,2.8813281823503942,1.2868691995948212,0.7662792626043098,1.4576488146837816,0.203319546889736,,,-0.9663920027657601,13.621522,823667.3,13.217583,549950.06,0.18825641,0.07214178,0.017004265,0.46618652,0.060965627,0.16179343,0.26795344986279224,220704.49792358957,487152.8377464102,1392638.505934257,273717.3125,49.771308755341394
2026-03-10,1845000.0,188,47.693233,-122.27774,3290.0,7200.468,,,4.0,4.0,48884342,"4601 NE 89th Street, Seattle, WA 98115",Seattle,WA,98115,SINGLE_FAMILY,FOR_SALE,5,https://www.zillow.com/homedetails/4601-NE-89th-St-Seattle-WA-98115/48884342_zpid/,,8728d540affffff,59,,,,,30.0,0.4733823513436473,6.184804928131417,69,0.9272375462179537,0.374473674486883,1.0,6.123233995736766e-17,1,1523120.8405797102,1403195.523387459,0.0,560.790273556231,3,2026,11,14.427989835456765,8928d540ad7ffff,"[59, 59, 59, 59, 59, 59, 59]",59,1.2178623836594262,-0.17507164764881786,0.6085216455163474,2.8813281823503942,1.2868691995948212,0.7662792626043098,1.4576488146837816,0.203319546889736,,,1.2773184636042212,14.22001,1.4985519e+06,14.42799,1.8450002e+06,0.12117904,0.060682222,0.0155693265,0.5920746,0.067301154,0.12476134,0.268191250123802,401898.5007316175,885896.0995053417,2534899.7655649614,-346448.125,-18.77767615176152
2026-03-10,1350000.0,187,47.615463,-122.305435,2023.0,3145.032,,,4.0,4.0,2062916827,"2014 E Pine Street #B, Seattle, WA 98122",Seattle,WA,98122,TOWNHOUSE,FOR_SALE,5,https://www.zillow.com/homedetails/2014-E-Pine-St-B-Seattle-WA-98122/2062916827_zpid/,,8728d5421ffffff,9,,,,,30.0,0.2052884881900859,6.184804928131417,69,0.9272375462179537,0.374473674486883,1.0,6.123233995736766e-17,1,996625.5444444444,600633.4500695145,0.0,667.3257538309441,3,2026,11,14.115615150414612,8928d542167ffff,"[9, 9, 9, 9, 9, 9, 9]",9,-0.11654986720079047,-0.2652334428870206,0.6085216455163474,2.8813281823503942,1.2868691995948212,0.7662792626043098,1.4576488146837816,0.203319546889736,,,0.6982750183929931,13.875636,1.0619699e+06,14.115615,1.3499996e+06,0.16959123,0.052502453,0.013940391,0.6168656,0.030385664,0.09519051,0.26602238183830834,282507.75558803056,630477.1750388208,1788772.1078690689,-288030.125,-21.335564814814813
2026-03-10,3450000.0,186,47.65389,-122.27628,4610.0,5758.632,,,4.0,4.0,48928963,"3419 E Laurelhurst Drive NE, Seattle, WA 98105",Seattle,WA,98105,SINGLE_FAMILY,FOR_SALE,5,https://www.zillow.com/homedetails/3419-E-Laurelhurst-Dr-NE-Seattle-WA-98105/48928963_zpid/,3291200.0,8728d5401ffffff,59,,,,,30.0,0.4733823513436473,6.184804928131417,69,0.9272375462179537,0.374473674486883,1.0,6.123233995736766e-17,1,1518387.3235294118,1413073.2476306653,0.0,748.3731019522777,3,2026,11,15.053884789007542,8928d5401d7ffff,"[59, 231, 59, 59, 59, 59, 7]",59,2.608094562929739,-0.20712702275498876,0.6085216455163474,2.8813281823503942,1.2868691995948212,0.7662792626043098,1.4576488146837816,0.203319546889736,,,2.4375289018971227,14.58012,2.1481555e+06,15.0538845,3.449999e+06,0.14010741,0.067129694,0.01711446,0.53852445,0.07802124,0.1395073,0.2622144586539287,563277.4315369595,1284884.9608945653,3591427.901844699,-1301844.5,-37.7346231884058
2026-03-10,999900.0,185,47.660423,-122.34358,1648.0,749.232,,,2.0,3.0,456513459,"4416 Midvale Avenue N, Seattle, WA 98103",Seattle,WA,98103,TOWNHOUSE,FOR_SALE,5,https://www.zillow.com/homedetails/4416-Midvale-Ave-N-Seattle-WA-98103/456513459_zpid/,997500.0,8728d542bffffff,9,,,,,30.0,0.2052884881900859,6.184804928131417,69,0.9272375462179537,0.374473674486883,1.0,6.123233995736766e-17,1,993836.6555555556,599555.9704516382,0.0,606.7354368932039,3,2026,11,13.815410552963941,8928d542b23ffff,"[9, 9, 9, 9, 9, 9, 9]",9,-0.5115021908571293,-0.31849766134138313,-1.5526299041494542,2.8813281823503942,1.2868691995948212,0.7662792626043098,1.4576488146837816,0.203319546889736,,,0.1417910499413595,13.667817,862695.56,13.815411,999900.06,0.15741473,0.044546474,0.011761774,0.66488683,0.02019767,0.08084402,0.2660329125104036,229505.41310167595,512160.129094866,1453146.2979498098,-137204.4375,-13.72181593159316
2026-03-10,825000.0,183,47.519012,-122.35021,1690.0,8319.96,,,3.0,2.0,49073536,"9400 12th Avenue SW, Seattle, WA 98106",Seattle,WA,98106,SINGLE_FAMILY,FOR_SALE,5,https://www.zillow.com/homedetails/9400-12th-Ave-SW-Seattle-WA-98106/49073536_zpid/,813400.0,8728d5576ffffff,38,,,,,11.0,-1.5322120945965942,6.184804928131417,69,0.9272375462179537,0.374473674486883,1.0,6.123233995736766e-17,1,812568.1764705882,416888.86943907273,0.0,488.1656804733728,3,2026,11,13.623138665316818,8928d5576c7ffff,"[38, 38, 38, 38, 38, 38, 38]",38,-0.46726753060761933,-0.15018273102559757,-0.47205412931655344,2.8813281823503942,1.2868691995948212,0.7662792626043098,1.4576488146837816,0.203319546889736,,,-0.21461995764535605,13.268025,578402.56,13.623138,824999.8,0.2548896,0.068583906,0.017974993,0.46006984,0.03701616,0.13015853,0.2688621745164866,155510.57069965804,341483.8058423885,979693.7093409988,-246597.4375,-29.890598484848486
2026-03-10,1495000.0,180,47.649464,-122.38941,2220.0,5039.892,,,4.0,3.0,49013851,"3232 26th Avenue W, Seattle, WA 98199",Seattle,WA,98199,SINGLE_FAMILY,FOR_SALE,5,https://www.zillow.com/homedetails/3232-26th-Ave-W-Seattle-WA-98199/49013851_zpid/,,8728d5474ffffff,9,,,,,30.0,0.2052884881900859,6.184804928131417,69,0.9272375462179537,0.374473674486883,1.0,6.123233995736766e-17,1,999147.2111111112,605415.7904042456,0.0,673.4234234234234,3,2026,11,14.217636764806924,8928d547403ffff,"[9, 9, 9, 231, 9, 9, 9]",9,0.09093175349333953,-0.22310628829129753,0.6085216455163474,2.8813281823503942,1.2868691995948212,0.7662792626043098,1.4576488146837816,0.203319546889736,,,0.8873906859310456,13.907693,1.0965648e+06,14.217637,1.4950005e+06,0.20419255,0.054497585,0.014362515,0.5683869,0.03707003,0.100568384,0.26431425859236685,289837.6988947741,653198.9041411505,1840870.0223788465,-398435.25,-26.6511872909699
2026-03-10,1039950.0,104,47.663494,-122.31995,1800.0,1001.88,,,8.0,3.0,385101742,"4709 B 8th Avenue NE, Seattle, WA 98105",Seattle,WA,98105,TOWNHOUSE,FOR_SALE,4,https://www.zillow.com/homedetails/4709B-8th-Ave-NE-Seattle-WA-98105/385101742_zpid/,1018700.0,8728d540cffffff,9,,,,,30.0,0.2052884881900859,6.184804928131417,69,0.9272375462179537,0.374473674486883,1.0,6.123233995736766e-17,1,1048391.6555555556,691078.9748039771,0.0,577.75,3,2026,11,13.854683193038746,8928d540ca3ffff,"[9, 9, 9, 9, 9, 9, 9]",9,-0.35141484900175995,-0.3128807073952868,4.930824744847952,2.8813281823503942,1.2868691995948212,0.7662792626043098,1.4576488146837816,0.203319546889736,,,0.21459005030973602,13.746032,932879.94,13.854683,1.0399497e+06,0.24558973,0.07239036,0.019198695,0.46581072,0.034813017,0.13027109,0.26824781028323896,250243.00049153983,551427.7225758444,1578203.0842090603,-107070.0625,-10.295693302562624
2026-03-10,1095000.0,65,47.611874,-122.28914,1586.0,548.856,,,2.0,2.0,460903610,"1104 C 34th Avenue, Seattle, WA 98122",Seattle,WA,98122,TOWNHOUSE,FOR_SALE,3,https://www.zillow.com/homedetails/1104-C-34th-Ave-Seattle-WA-98122/460903610_zpid/,,8728d5423ffffff,7,,,,,3.0,-1.1552308266761002,6.184804928131417,69,0.9272375462179537,0.374473674486883,1.0,6.123233995736766e-17,1,1761300.0,1928127.54667579,0.0,690.4161412358134,3,2026,11,13.906264921232738,8928d54214bffff,"[9, 7, 7, 7, 9, 9, 9]",7,-0.5768009750349773,-0.32295248688483896,-1.5526299041494542,2.8813281823503942,1.2868691995948212,0.7662792626043098,1.4576488146837816,0.203319546889736,,,0.31020619026476537,13.636146,835800.8,13.906265,1.0950004e+06,0.16036406,0.043989107,0.011767682,0.6650152,0.02031052,0.07889488,0.26898024666284964,224813.90870726015,493335.2825980546,1416000.4558943326,-259199.1875,-23.671158675799088
2026-03-10,500000.0,66,47.717003,-122.292336,1175.0,1149.984,,,3.0,2.0,2068113822,"12050 33rd Avenue NE #C, Seattle, WA 98125",Seattle,WA,98125,TOWNHOUSE,FOR_SALE,3,https://www.zillow.com/homedetails/12050-33rd-Ave-NE-APT-C-Seattle-WA-98125/2068113822_zpid/,494400.0,8728d54e4ffffff,9,,,,,30.0,0.2052884881900859,6.184804928131417,69,0.9272375462179537,0.374473674486883,1.0,6.123233995736766e-17,1,951207.2111111112,591702.1015890975,-0.3581514762516046,425.531914893617,3,2026,11,13.122363377404328,8928d54e4bbffff,"[9, 9, 9, 9, 9, 9, 9]",9,-1.0096687217623246,-0.3095880102544716,-0.47205412931655344,2.8813281823503942,1.2868691995948212,0.7662792626043098,1.4576488146837816,0.203319546889736,,,-1.1428982781192538,13.49236,723864.94,13.122363,499999.84,0.19462201,0.049307898,0.0126246195,0.6003186,0.023984373,0.095164806,0.26054204322893937,188597.2498380385,434389.86240415805,1206244.6782112336,223864.9375,44.7729875
2026-03-10,1024900.0,67,47.69028,-122.3318,1840.0,5998.212,,,4.0,2.0,48795721,"8254 Bagley Avenue N, Seattle, WA 98103",Seattle,WA,98103,SINGLE_FAMILY,FOR_SALE,4,https://www.zillow.com/homedetails/8254-Bagley-Ave-N-Seattle-WA-98103/48795721_zpid/,1010200.0,8728d5409ffffff,9,,,,,30.0,0.2052884881900859,6.184804928131417,69,0.9272375462179537,0.374473674486883,1.0,6.123233995736766e-17,1,955717.2111111112,590687.5725286475,0.3665351553802072,557.0108695652174,3,2026,11,13.840105604819655,8928d5409c7ffff,"[9, 9, 9, 9, 9, 9, 9]",9,-0.30928660114508383,-0.20180060090955249,0.6085216455163474,2.8813281823503942,1.2868691995948212,0.7662792626043098,1.4576488146837816,0.203319546889736,,,0.18756783209088884,13.71273,902325.3,13.840106,1.02490044e+06,0.20471397,0.06101922,0.01563774,0.53206253,0.04370173,0.11823808,0.2628776176807781,237201.12852306364,539010.4713460122,1510529.090335459,-122574.6875,-11.959672894916578
2026-03-10,849950.0,212,47.53748,-122.28955,2526.0,6642.9,,,3.0,2.0,48842914,"7226 33rd Avenue S, Seattle, WA 98118",Seattle,WA,98118,SINGLE_FAMILY,FOR_SALE,5,https://www.zillow.com/homedetails/7226-33rd-Ave-S-Seattle-WA-98118/48842914_zpid/,816300.0,8728d550effffff,9,,,,,30.0,0.2052884881900859,6.184804928131417,69,0.9272375462179537,0.374473674486883,1.0,6.123233995736766e-17,1,1143344.9777777777,1387068.266407431,0.0625039064941559,336.4806017418844,3,2026,11,13.652932803206916,8928d550ea7ffff,"[9, 9, 231, 38, 38, 38, 9]",9,0.413212849596912,-0.18746768394365132,-0.47205412931655344,2.8813281823503942,1.2868691995948212,0.7662792626043098,1.4576488146837816,0.203319546889736,,,-0.1593910896317625,13.813328,997819.6,13.652933,849950.25,0.23171143,0.054745674,0.014778156,0.54061157,0.039385103,0.09913566,0.26481175648139976,264234.36754786165,593799.34996233,1676734.7048370817,147869.625,17.397449849991176
2026-03-10,1150000.0,211,47.68037,-122.36219,2750.0,3998.808,,,3.0,2.0,48746517,"7026 5th Avenue NW, Seattle, WA 98117",Seattle,WA,98117,SINGLE_FAMILY,FOR_SALE,5,https://www.zillow.com/homedetails/7026-5th-Ave-NW-Seattle-WA-98117/48746517_zpid/,,8728d5472ffffff,9,,,,,30.0,0.2052884881900859,6.184804928131417,69,0.9272375462179537,0.374473674486883,1.0,6.123233995736766e-17,1,1140123.3111111112,1388093.721793298,0.393939393939394,418.1818181818182,3,2026,11,13.955272500339433,8928d54721bffff,"[9, 9, 9, 9, 9, 9, 9]",9,0.6491310375942985,-0.2462520123105569,-0.47205412931655344,2.8813281823503942,1.2868691995948212,0.7662792626043098,1.4576488146837816,0.203319546889736,,,0.40105067544951356,14.0904455,1.316445e+06,13.955273,1.1500002e+06,0.13707201,0.04994453,0.013314563,0.6528084,0.039144035,0.09090297,0.26313397121751,346401.40073943493,785992.818740653,2204889.830405563,166445.0,14.473478260869566
2026-03-10,799000.0,210,47.559208,-122.2654,1520.0,3001.284,,,3.0,1.0,460863908,"5401 S Angeline Street #102, Seattle, WA 98118",Seattle,WA,98118,SINGLE_FAMILY,FOR_SALE,5,https://www.zillow.com/homedetails/5401-S-Angeline-St-102-Seattle-WA-98118/460863908_zpid/,,8728d550affffff,38,,,,,14.0,-1.1932896036259188,6.184804928131417,69,0.9272375462179537,0.374473674486883,1.0,6.123233995736766e-17,1,765692.2297297297,376361.453764008,0.0,525.6578947368421,3,2026,11,13.591116224748411,8928d550a57ffff,"[38, 231, 231, 231, 38, 38, 38]",38,-0.646312583998493,-0.2684292959942824,-0.47205412931655344,2.8813281823503942,1.2868691995948212,0.7662792626043098,1.4576488146837816,0.203319546889736,,,-0.27397939103958113,13.253554,570092.75,13.591116,798999.75,0.2826084,0.05508284,0.014331983,0.49241847,0.023255158,0.10471757,0.26744407080325794,152467.92579542403,337514.57225108135,962938.4009512276,-228907.25,-28.64921777221527
2026-03-10,625000.0,209,47.692043,-122.34261,1120.0,574.992,,,2.0,2.0,2062109338,"8553 Midvale Avenue N #C, Seattle, WA 98103",Seattle,WA,98103,TOWNHOUSE,FOR_SALE,5,https://www.zillow.com/homedetails/8553-Midvale-Ave-N-C-Seattle-WA-98103/2062109338_zpid/,616100.0,8728d5409ffffff,9,,,,,30.0,0.2052884881900859,6.184804928131417,69,0.9272375462179537,0.374473674486883,1.0,6.123233995736766e-17,1,1137067.2,1388374.487315229,-0.3047830923248054,558.0357142857143,3,2026,11,13.345506928718539,8928d540917ffff,"[9, 9, 9, 9, 9, 9, 9]",9,-1.0675950625652544,-0.3223714226835186,-1.5526299041494542,2.8813281823503942,1.2868691995948212,0.7662792626043098,1.4576488146837816,0.203319546889736,,,-0.7292610119873553,13.437984,685555.3,13.345507,624999.8,0.19114132,0.048069015,0.012277935,0.6096483,0.022365179,0.09276184,0.266229458260579,182515.01945453693,406839.7809665436,1155211.7341454194,60555.3125,9.68885
2026-03-10,3295000.0,208,47.627758,-122.349976,5515.0,6599.34,,,6.0,4.0,48963654,"922 Nob Hill Avenue N, Seattle, WA 98109",Seattle,WA,98109,SINGLE_FAMILY,FOR_SALE,5,https://www.zillow.com/homedetails/922-Nob-Hill-Ave-N-Seattle-WA-98109/48963654_zpid/,3146100.0,8728d542dffffff,59,,,,,30.0,0.4733823513436473,6.184804928131417,69,0.9272375462179537,0.374473674486883,1.0,6.123233995736766e-17,1,1345682.9555555556,1057529.2585608957,0.0,597.4614687216682,3,2026,11,15.007916725918745,8928d542d4fffff,"[59, 59, 9, 9, 59, 59, 231]",59,3.5612461706870366,-0.18843612427918519,2.769673195182149,2.8813281823503942,1.2868691995948212,0.7662792626043098,1.4576488146837816,0.203319546889736,,,2.352318713955574,14.674462,2.3606848e+06,15.007916,3.294999e+06,0.17941648,0.07617965,0.01933077,0.4584916,0.08755899,0.15698749,0.2576200630763319,608159.7541983348,1424778.6051261944,3911367.6055647177,-934315.25,-28.355546282245825
2026-03-10,1299900.0,207,47.66382,-122.289856,2350.0,3314.916,,,4.0,3.0,48738438,"4738 35th Avenue NE, Seattle, WA 98105",Seattle,WA,98105,SINGLE_FAMILY,FOR_SALE,5,https://www.zillow.com/homedetails/4738-35th-Ave-NE-Seattle-WA-98105/48738438_zpid/,,8728d5401ffffff,59,,,,,30.0,0.4733823513436473,6.184804928131417,69,0.9272375462179537,0.374473674486883,1.0,6.123233995736766e-17,1,1313071.8444444444,1041880.2371889688,0.0,553.1489361702128,3,2026,11,14.07779789639611,8928d540123ffff,"[59, 59, 59, 59, 59, 59, 59]",59,0.227848559027537,-0.26145652557843857,0.6085216455163474,2.8813281823503942,1.2868691995948212,0.7662792626043098,1.4576488146837816,0.203319546889736,,,0.6281738414927364,13.942803,1.1357495e+06,14.077798,1.2999e+06,0.11703499,0.051129762,0.013802454,0.670521,0.033533193,0.09390606,0.2661319651375472,302259.2463389867,674134.3694348462,1913456.852391807,-164150.5,-12.627932917916763
2026-03-10,925000.0,206,47.606026,-122.30478,1740.0,2060.388,,,3.0,4.0,49114734,"2101 E Jefferson Street, Seattle, WA 98122",Seattle,WA,98122,SINGLE_FAMILY,FOR_SALE,5,https://www.zillow.com/homedetails/2101-E-Jefferson-St-Seattle-WA-98122/49114734_zpid/,909200.0,8728d5421ffffff,9,,,,,30.0,0.2052884881900859,6.184804928131417,69,0.9272375462179537,0.374473674486883,1.0,6.123233995736766e-17,1,1164567.2,1402556.9774541613,0.3909774436090225,531.6091954022988,3,2026,11,13.737549016494562,8928d542103ffff,"[9, 9, 9, 9, 9, 9, 9]",9,-0.4146072207867742,-0.2893476072418138,-0.47205412931655344,2.8813281823503942,1.2868691995948212,0.7662792626043098,1.4576488146837816,0.203319546889736,,,-0.002539507192568479,13.737871,925298.06,13.737549,924999.8,0.16504785,0.04777039,0.012641536,0.64286363,0.023766227,0.08681528,0.263833223921999,244124.3709181543,551699.0907419412,1551890.2917650684,298.0625,0.03222297297297297
2026-03-10,947000.0,225,47.62577,-122.35379,2360.0,2800.908,,,4.0,3.0,48963525,"708 Warren Avenue N, Seattle, WA 98109",Seattle,WA,98109,SINGLE_FAMILY,FOR_SALE,5,https://www.zillow.com/homedetails/708-Warren-Ave-N-Seattle-WA-98109/48963525_zpid/,931500.0,8728d542dffffff,59,,,,,30.0,0.4733823513436473,6.184804928131417,69,0.9272375462179537,0.374473674486883,1.0,6.123233995736766e-17,1,1302119.1666666667,1047188.000351656,0.0,401.271186440678,3,2026,11,13.761054372168216,8928d542d47ffff,"[59, 231, 59, 59, 231, 231, 231]",59,0.23838062099170604,-0.27288412153773817,0.6085216455163474,2.8813281823503942,1.2868691995948212,0.7662792626043098,1.4576488146837816,0.203319546889736,,,0.04103195612351728,13.90171,1.0900232e+06,13.761054,946999.7,0.24614668,0.04341706,0.0118225515,0.5774775,0.025707737,0.07799341,0.26749029321894335,291570.6387579656,645272.8837386403,1841314.968786576,143023.25,15.102771911298838
2026-03-10,1250000.0,251,47.641174,-122.32381,2710.0,3850.704,,,4.0,3.0,48835107,"2349 Boylston Avenue E, Seattle, WA 98102",Seattle,WA,98102,SINGLE_FAMILY,FOR_SALE,6,https://www.zillow.com/homedetails/2349-Boylston-Ave-E-Seattle-WA-98102/48835107_zpid/,1186700.0,8728d5428ffffff,9,,,,,30.0,0.2052884881900859,6.184804928131417,69,0.9272375462179537,0.374473674486883,1.0,6.123233995736766e-17,1,1165455.5333333334,1402522.8206617266,0.0204081632653061,461.2546125461255,3,2026,11,14.038654109278484,8928d54287bffff,"[9, 9, 59, 9, 9, 9, 9]",9,0.6070027897376222,-0.24954470945137203,0.6085216455163474,2.8813281823503942,1.2868691995948212,0.7662792626043098,1.4576488146837816,0.203319546889736,,,0.5556136935788742,14.101551,1.3311464e+06,14.038654,1.2500002e+06,0.124203086,0.050696924,0.013715271,0.66784394,0.03592224,0.08995181,0.26496688694712106,352709.711054695,791920.2390792242,2237536.751672088,81146.375,6.49171
2026-03-10,1849000.0,817,47.6203,-122.317154,1710.0,1751.112,,,3.0,3.0,352815363,"209 12th ave E, Seattle, WA 98102",Seattle,WA,98102,SINGLE_FAMILY,FOR_SALE,28,https://www.zillow.com/homedetails/209-12th-Ave-E-Seattle-WA-98102/352815363_zpid/,,8728d542effffff,9,,,,,30.0,0.2052884881900859,6.184804928131417,69,0.9272375462179537,0.374473674486883,1.0,6.123233995736766e-17,1,1162122.2,1402676.120770685,2.6326129666011786,1081.2865497076023,3,2026,11,14.430155510369262,8928d542eb3ffff,"[9, 9, 9, 9, 9, 9, 9]",9,-0.44620340667928127,-0.2962235336241043,-0.47205412931655344,2.8813281823503942,1.2868691995948212,0.7662792626043098,1.4576488146837816,0.203319546889736,,,1.2813329369997548,13.710523,900335.44,14.430156,1.8490005e+06,0.1646638,0.0472105,0.012496391,0.6460388,0.022792116,0.08572002,0.26321648023917865,236983.12489335102,537464.6935476728,1508199.258253049,-948664.5625,-51.30689899945917
2026-03-10,930000.0,228,47.619408,-122.301476,1606.0,871.2,,,2.0,3.0,457276545,"113 24th Avenue E #A, Seattle, WA 98112",Seattle,WA,98112,TOWNHOUSE,FOR_SALE,5,https://www.zillow.com/homedetails/113-24th-Ave-E-UNIT-A-Seattle-WA-98112/457276545_zpid/,924400.0,8728d542effffff,9,,,,,30.0,0.2052884881900859,6.184804928131417,69,0.9272375462179537,0.374473674486883,1.0,6.123233995736766e-17,1,1175523.3111111112,1402959.2317288502,0.4808917197452229,579.0784557907846,3,2026,11,13.742939865129438,8928d542ed7ffff,"[9, 9, 9, 9, 9, 9, 9]",9,-0.5557368511066393,-0.3157860284018883,-1.5526299041494542,2.8813281823503942,1.2868691995948212,0.7662792626043098,1.4576488146837816,0.203319546889736,,,0.0074534138590520525,13.654054,850903.25,13.74294,930000.06,0.16173258,0.045263603,0.011904142,0.6567572,0.02077765,0.082762025,0.26556027022298795,225966.09700361866,505627.5238928302,1431955.8824545878,-79096.75,-8.50502688172043
2026-03-10,1299950.0,250,47.631966,-122.34446,2380.0,1581.228,,,3.0,3.0,48981738,"1416 6th Avenue N, Seattle, WA 98109",Seattle,WA,98109,TOWNHOUSE,FOR_SALE,6,https://www.zillow.com/homedetails/1416-6th-Ave-N-Seattle-WA-98109/48981738_zpid/,,8728d5428ffffff,9,,,,,30.0,0.2052884881900859,6.184804928131417,69,0.9272375462179537,0.374473674486883,1.0,6.123233995736766e-17,1,1176577.7555555557,1402808.281098979,0.2621486479926209,546.1974789915967,3,2026,11,14.07783636015364,8928d5428a3ffff,"[9, 231, 9, 9, 9, 9, 9]",9,0.2594447449200441,-0.30000045093268635,-0.47205412931655344,2.8813281823503942,1.2868691995948212,0.7662792626043098,1.4576488146837816,0.203319546889736,,,0.6282451410817956,13.998257,1.2005096e+06,14.077836,1.2999496e+06,0.14271796,0.041811306,0.011455903,0.69344425,0.022881541,0.07156707,0.2675941208225943,321249.3176409374,710534.0906206395,2028366.1204428806,-99440.375,-7.649553828993423
2026-03-10,1900000.0,204,47.649334,-122.31792,1557.0,1271.952,,,2.0,2.0,241741026,"3110 Portage Bay Place E #C, Seattle, WA 98102",Seattle,WA,98102,SINGLE_FAMILY,FOR_SALE,5,https://www.zillow.com/homedetails/3110-Portage-Bay-Pl-E-APT-C-Seattle-WA-98102/241741026_zpid/,,8728d542affffff,59,,,,,30.0,0.4733823513436473,6.184804928131417,69,0.9272375462179537,0.374473674486883,1.0,6.123233995736766e-17,1,1355127.4,1058653.8781920108,0.0,1220.295439948619,3,2026,11,14.457364444136669,8928d542a37ffff,"[59, 231, 231, 231, 231, 9, 59]",59,-0.6073439547310675,-0.3068763773149768,-1.5526299041494542,2.8813281823503942,1.2868691995948212,0.7662792626043098,1.4576488146837816,0.203319546889736,,,1.3317696577189035,13.631245,831714.6,14.457364,1.8999992e+06,0.24799499,0.04398176,0.011477398,0.5722903,0.020536907,0.08275279,0.266217287697562,221416.81160589488,493589.15274747135,1401467.61692841,-1068285.375,-56.22554605263158
2026-03-10,1199000.0,249,47.572372,-122.37363,2463.0,2539.548,,,4.0,4.0,89210286,"3414 33rd Avenue SW, Seattle, WA 98126",Seattle,WA,98126,SINGLE_FAMILY,FOR_SALE,6,https://www.zillow.com/homedetails/3414-33rd-Ave-SW-Seattle-WA-98126/89210286_zpid/,1175500.0,8728d5555ffffff,9,,,,,30.0,0.2052884881900859,6.184804928131417,69,0.9272375462179537,0.374473674486883,1.0,6.123233995736766e-17,1,1167689.4222222222,1404550.998148647,-0.7475789473684211,486.80470970361347,3,2026,11,13.996998434009651,8928d555543ffff,"[9, 231, 231, 9, 9, 9, 9]",9,0.3468608592226471,-0.2786947635509413,0.6085216455163474,2.8813281823503942,1.2868691995948212,0.7662792626043098,1.4576488146837816,0.203319546889736,,,0.478397302894045,14.055956,1.2718154e+06,13.996999,1.1990004e+06,0.19389772,0.04576449,0.012507265,0.6256335,0.026079018,0.07872014,0.2645033926786706,336399.4815483957,757310.9673651962,2135865.55889898,72815.375,6.073008757297748
2026-03-10,1935000.0,244,47.548565,-122.39542,2755.0,7949.7,,,4.0,3.0,49069731,"5955 49th Avenue SW, Seattle, WA 98136",Seattle,WA,98136,SINGLE_FAMILY,FOR_SALE,6,https://www.zillow.com/homedetails/5955-49th-Ave-SW-Seattle-WA-98136/49069731_zpid/,1870200.0,8728d5573ffffff,14,,,,,6.0,-0.5251049212164092,6.184804928131417,69,0.9272375462179537,0.374473674486883,1.0,6.123233995736766e-17,1,832759.0625,461780.801738295,0.0,702.3593466424683,3,2026,11,14.475617884446018,8928d5573a7ffff,"[14, 14, 14, 9, 9, 231, 14]",14,0.6543970685763829,-0.15841447387763538,0.6085216455163474,2.8813281823503942,1.2868691995948212,0.7662792626043098,1.4576488146837816,0.203319546889736,,,1.365605738137062,14.038691,1.2500456e+06,14.475617,1.9349991e+06,0.24019173,0.05610305,0.014717471,0.5153349,0.048798904,0.10624693,0.26802354716101434,335041.66252560716,739230.0234183214,2113839.921381413,-684954.375,-35.39815891472868
2026-03-10,1700000.0,240,47.67058,-122.26423,3450.0,6050.484,,,4.0,3.0,48685531,"5720 59th Avenue NE, Seattle, WA 98105",Seattle,WA,98105,SINGLE_FAMILY,FOR_SALE,6,https://www.zillow.com/homedetails/5720-59th-Ave-NE-Seattle-WA-98105/48685531_zpid/,1658900.0,8728d5403ffffff,59,,,,,30.0,0.4733823513436473,6.184804928131417,69,0.9272375462179537,0.374473674486883,1.0,6.123233995736766e-17,1,1379830.2777777778,1136464.4396218231,0.0,492.7536231884058,3,2026,11,14.346138809026444,8928d5403a3ffff,"[59, 231, 59, 59, 59, 59, 59]",59,1.386375375086131,-0.20063847250691186,0.6085216455163474,2.8813281823503942,1.2868691995948212,0.7662792626043098,1.4576488146837816,0.203319546889736,,,1.1255926592808239,14.293286,1.6124839e+06,14.346139,1.7000002e+06,0.13861027,0.05633516,0.014667484,0.6007186,0.059407808,0.11301286,0.26974585064021994,434960.8345055131,950348.8971323406,2735947.012613462,-87516.125,-5.1480073529411765
2026-03-10,600000.0,239,47.67557,-122.37305,1018.0,840.708,,,2.0,2.0,2075138027,"6408 NW 14th Avenue #B, Seattle, WA 98107",Seattle,WA,98107,TOWNHOUSE,FOR_SALE,6,https://www.zillow.com/homedetails/6408-14th-Ave-NW-B-Seattle-WA-98107/2075138027_zpid/,596100.0,8728d5472ffffff,9,,,,,30.0,0.2052884881900859,6.184804928131417,69,0.9272375462179537,0.374473674486883,1.0,6.123233995736766e-17,1,1036249.9888888889,998807.452251456,-0.7595190380761523,589.3909626719058,3,2026,11,13.304684934198283,8928d547287ffff,"[9, 9, 9, 9, 9, 9, 9]",9,-1.1750220945997785,-0.31646393663676203,-1.5526299041494542,2.8813281823503942,1.2868691995948212,0.7662792626043098,1.4576488146837816,0.203319546889736,,,-0.8049320233697693,13.4116955,667767.6,13.304685,599999.8,0.19774091,0.049269162,0.01251594,0.596218,0.023827113,0.09607502,0.26568369613088955,177414.9707665458,396707.86641196744,1124035.08657567,67767.625,11.294604166666666
2026-03-10,2496380.0,238,47.64172,-122.348465,2640.0,3497.868,,,4.0,4.0,48878988,"426 Smith Street, Seattle, WA 98109",Seattle,WA,98109,SINGLE_FAMILY,FOR_SALE,5,https://www.zillow.com/homedetails/426-Smith-St-Seattle-WA-98109/48878988_zpid/,2402400.0,8728d5429ffffff,9,,,,,30.0,0.2052884881900859,6.184804928131417,69,0.9272375462179537,0.374473674486883,1.0,6.123233995736766e-17,1,1035416.6555555556,999206.7250891114,5.242510627656914,945.5984848484849,3,2026,11,14.73035224047332,8928d542953ffff,"[9, 9, 231, 9, 9, 9, 9]",9,0.533278355988439,-0.2573890761691963,0.6085216455163474,2.8813281823503942,1.2868691995948212,0.7662792626043098,1.4576488146837816,0.203319546889736,,,1.8378023218897035,14.081495,1.3047151e+06,14.730352,2.4963805e+06,0.16337253,0.048151717,0.013085278,0.642567,0.031585753,0.08403742,0.26441226619098196,344982.6829349003,777040.1050741868,2190725.5028427443,-1191664.875,-47.73571631722734
2026-03-10,1900000.0,237,47.67469,-122.28772,4170.0,4299.372,,,5.0,3.0,49102413,"6222 37th Avenue NE, Seattle, WA 98115",Seattle,WA,98115,SINGLE_FAMILY,FOR_SALE,5,https://www.zillow.com/homedetails/6222-37th-Ave-NE-Seattle-WA-98115/49102413_zpid/,1847700.0,8728d540effffff,59,,,,,30.0,0.4733823513436473,6.184804928131417,69,0.9272375462179537,0.374473674486883,1.0,6.123233995736766e-17,1,1370830.2777777778,1137107.564875891,0.0,455.63549160671465,3,2026,11,14.457364444136669,8928d540e8fffff,"[59, 59, 59, 59, 59, 59, 59]",59,2.1446838365063017,-0.2395697739953732,1.6890974203492484,2.8813281823503942,1.2868691995948212,0.7662792626043098,1.4576488146837816,0.203319546889736,,,1.3317696577189035,14.4187975,1.8281179e+06,14.457364,1.8999992e+06,0.12540591,0.060375147,0.016081067,0.6041535,0.05887697,0.116492555,0.26522833700759973,484868.6638401171,1087019.3339264707,3074475.985605304,-71882.125,-3.7832697368421058
2026-03-10,1640000.0,234,47.54389,-122.2613,3560.0,0.3954999999999999,,,4.0,3.0,49001737,"6508 57th Avenue S, Seattle, WA 98118",Seattle,WA,98118,SINGLE_FAMILY,FOR_SALE,5,https://www.zillow.com/homedetails/6508-57th-Ave-S-Seattle-WA-98118/49001737_zpid/,1581200.0,8728d550effffff,9,,,,,30.0,0.2052884881900859,6.184804928131417,69,0.9272375462179537,0.374473674486883,1.0,6.123233995736766e-17,1,1026345.7666666668,984855.1001280244,2.813953488372093,460.6741573033708,3,2026,11,14.310206799800381,8928d550e4fffff,"[9, 9, 231, 29, 9, 9, 231]",9,1.5022280566919903,-0.3351460422256808,0.6085216455163474,2.8813281823503942,1.2868691995948212,0.7662792626043098,1.4576488146837816,0.203319546889736,,,1.0589861274076884,14.311848,1.6426932e+06,14.310206,1.6399994e+06,0.25403106,0.041844636,0.012023481,0.591638,0.021553047,0.06473533,0.27508761846670454,451884.5740138309,958069.8384653035,2816539.09792568,2693.25,0.16422256097560975
2026-03-10,3042500.0,233,47.685207,-122.281395,3911.0,6505.0,,,5.0,5.0,48993924,"7711 44th Ave NE, Seattle, WA 98115",Seattle,WA,98115,SINGLE_FAMILY,FOR_SALE,5,https://www.zillow.com/homedetails/7711-44th-Ave-NE-Seattle-WA-98115/48993924_zpid/,2941200.0,8728d540effffff,59,,,,,30.0,0.4733823513436473,6.184804928131417,69,0.9272375462179537,0.374473674486883,1.0,6.123233995736766e-17,1,1358941.388888889,1137106.3578077876,0.0,777.9340322168243,3,2026,11,14.92819010384382,8928d540e77ffff,"[59, 59, 59, 59, 59, 59, 59]",59,1.8719034316343235,-0.19053352237960447,1.6890974203492484,2.8813281823503942,1.2868691995948212,0.7662792626043098,1.4576488146837816,0.203319546889736,,,2.204530880523781,14.372305,1.7450695e+06,14.92819,3.0425005e+06,0.12960416,0.064215586,0.016708963,0.5721474,0.068774976,0.12915584,0.2666983384452919,465407.1361215563,1034652.4932912851,2943275.5734045263,-1297430.5,-42.6435661462613
2026-03-10,539950.0,232,47.69361,-122.34539,620.0,2421.936,,,2.0,1.0,49122836,"940 N 89th Street, Seattle, WA 98103",Seattle,WA,98103,SINGLE_FAMILY,FOR_SALE,5,https://www.zillow.com/homedetails/940-N-89th-St-Seattle-WA-98103/49122836_zpid/,,8728d5409ffffff,9,,,,,30.0,0.2052884881900859,6.184804928131417,69,0.9272375462179537,0.374473674486883,1.0,6.123233995736766e-17,1,1015779.1,983297.612441142,0.1998915553145672,870.8870967741935,3,2026,11,13.199231821660906,8928d5409abffff,"[9, 9, 9, 9, 9, 9, 9]",9,-1.5941981607737061,-0.28130955245688277,-1.5526299041494542,2.8813281823503942,1.2868691995948212,0.7662792626043098,1.4576488146837816,0.203319546889736,,,-1.0004085985078939,13.525522,748272.3,13.199232,539950.1,0.22588761,0.0550128,0.0135636,0.53084135,0.034752436,0.113516845,0.26537025188177543,198569.21204428357,444807.3465771287,1258772.9128937111,208322.3125,38.58177840540791
2026-03-10,850000.0,231,47.56932,-122.39305,1800.0,5702.004,,,3.0,2.0,48975970,"3828 48th Avenue SW, Seattle, WA 98116",Seattle,WA,98116,SINGLE_FAMILY,FOR_SALE,5,https://www.zillow.com/homedetails/3828-48th-Ave-SW-Seattle-WA-98116/48975970_zpid/,833000.0,8728d5555ffffff,9,,,,,30.0,0.2052884881900859,6.184804928131417,69,0.9272375462179537,0.374473674486883,1.0,6.123233995736766e-17,1,1025324.1,982796.1063693212,0.7004080979435063,472.22222222222223,3,2026,11,13.652991628466498,8928d5555abffff,"[9, 9, 9, 9, 9, 9, 9]",9,-0.35141484900175995,-0.2083859951911828,-0.47205412931655344,2.8813281823503942,1.2868691995948212,0.7662792626043098,1.4576488146837816,0.203319546889736,,,-0.15928204628540574,13.735569,923170.3,13.652991,849999.7,0.19170484,0.05694273,0.01458553,0.5628614,0.04045126,0.110348776,0.2624388986271351,242275.80005776812,551936.763011483,1544096.0891769845,73170.3125,8.60827205882353
2026-03-10,875000.0,203,47.692528,-122.34927,1640.0,5127.012,,,3.0,2.0,49122942,"721 N 88th Street, Seattle, WA 98103",Seattle,WA,98103,SINGLE_FAMILY,FOR_SALE,5,https://www.zillow.com/homedetails/721-N-88th-St-Seattle-WA-98103/49122942_zpid/,851500.0,8728d5409ffffff,9,,,,,30.0,0.2052884881900859,6.184804928131417,69,0.9272375462179537,0.374473674486883,1.0,6.123233995736766e-17,1,1024424.1,982995.532011907,0.1146496815286624,533.5365853658536,3,2026,11,13.681979165339751,8928d5409a3ffff,"[9, 9, 9, 9, 9, 9, 9]",9,-0.5199278404284645,-0.22116940762022977,-0.47205412931655344,2.8813281823503942,1.2868691995948212,0.7662792626043098,1.4576488146837816,0.203319546889736,,,-0.10554836035304363,13.710068,899925.94,13.681979,875000.0,0.19522294,0.056001194,0.014339479,0.5652143,0.03711939,0.10842557,0.2620300030799604,235807.59617486125,538471.011929539,1504011.6884840487,24925.9375,2.8486785714285716
2026-03-10,589000.0,307,47.541767,-122.32291,1260.0,2117.016,,,2.0,2.0,2092350059,"6726 Corson Avenue S #F, Seattle, WA 98108",Seattle,WA,98108,TOWNHOUSE,FOR_SALE,8,https://www.zillow.com/homedetails/6726-Corson-Ave-S-UNIT-F-Seattle-WA-98108/2092350059_zpid/,585000.0,8728d550dffffff,38,,,,,21.0,-0.4024704580276768,6.184804928131417,69,0.9272375462179537,0.374473674486883,1.0,6.123233995736766e-17,1,765235.9589041095,378945.4537534408,0.0,467.46031746031747,3,2026,11,13.286181462633724,8928d550d63ffff,"[38, 38, 38, 38, 231, 231, 38]",38,-0.9201461950668879,-0.2880886348056198,-1.5526299041494542,2.8813281823503942,1.2868691995948212,0.7662792626043098,1.4576488146837816,0.203319546889736,,,-0.8392315823166293,13.209405,545471.0,13.286181,589000.0,0.23991054,0.06095115,0.015395848,0.50529194,0.02539106,0.12071098,0.268533360309322,146477.16058128618,322248.9167152098,923319.2452987345,-43529.0,-7.390322580645162
2026-03-10,1100000.0,309,47.62124,-122.304375,2550.0,4199.184,,,5.0,3.0,48697979,"234 21st Avenue E, Seattle, WA 98112",Seattle,WA,98112,SINGLE_FAMILY,FOR_SALE,8,https://www.zillow.com/homedetails/234-21st-Ave-E-Seattle-WA-98112/48697979_zpid/,1078100.0,8728d542effffff,9,,,,,30.0,0.2052884881900859,6.184804928131417,69,0.9272375462179537,0.374473674486883,1.0,6.123233995736766e-17,1,1030256.8777777776,983656.1553442128,-0.0794979079497908,431.37254901960785,3,2026,11,13.9108207377686,8928d542e8bffff,"[9, 9, 9, 9, 9, 9, 9]",9,0.4384897983109177,-0.24179718676710113,1.6890974203492484,2.8813281823503942,1.2868691995948212,0.7662792626043098,1.4576488146837816,0.203319546889736,,,0.31865122703949395,13.999149,1.2015818e+06,13.910821,1.1000002e+06,0.17078584,0.06001053,0.01619877,0.5890391,0.036603153,0.10488586,0.2635144259113464,316634.1250368009,716878.0688464714,2014008.5495193612,101581.75,9.234704545454546
2026-03-10,949500.0,247,47.616028,-122.31465,1461.0,631.62,,,2.0,2.0,2076221859,"1623 14th Avenue Unit E, Seattle, WA 98122",Seattle,WA,98122,TOWNHOUSE,FOR_SALE,6,https://www.zillow.com/homedetails/1623-14th-Ave-UNIT-E-Seattle-WA-98122/2076221859_zpid/,935500.0,8728d542cffffff,9,,,,,30.0,0.2052884881900859,6.184804928131417,69,0.9272375462179537,0.374473674486883,1.0,6.123233995736766e-17,1,1156689.9777777777,1407445.604150395,0.1509090909090908,649.8973305954826,3,2026,11,13.763690809234477,8928d542c5bffff,"[9, 9, 9, 9, 9, 231, 9]",9,-0.7084517495870902,-0.3211124502473246,-1.5526299041494542,2.8813281823503942,1.2868691995948212,0.7662792626043098,1.4576488146837816,0.203319546889736,,,0.04591907302200891,13.596794,803549.56,13.763691,949500.1,0.18530846,0.045275986,0.01179927,0.63154036,0.020443443,0.08419121,0.2644017355188866,212459.89890044206,478574.28663486266,1349198.8503004266,-145950.4375,-15.37129410215903
2026-03-10,6500000.0,385,47.63381,-122.318405,5117.0,0.5699000000000001,,,5.0,6.0,48871558,"1626 Federal Avenue E, Seattle, WA 98102",Seattle,WA,98102,SINGLE_FAMILY,FOR_SALE,11,https://www.zillow.com/homedetails/1626-Federal-Ave-E-Seattle-WA-98102/48871558_zpid/,,8728d5428ffffff,9,,,,,30.0,0.2052884881900859,6.184804928131417,69,0.9272375462179537,0.374473674486883,1.0,6.123233995736766e-17,1,1033478.5444444444,984361.7127732184,12.978494623655914,1270.2755520812977,3,2026,11,15.687312734865866,8928d542e27ffff,"[9, 9, 9, 9, 9, 9, 9]",9,3.142070104513109,-0.3351421649071657,1.6890974203492484,2.8813281823503942,1.2868691995948212,0.7662792626043098,1.4576488146837816,0.203319546889736,,,3.6117031151928654,14.678818,2.370989e+06,15.687313,6.500002e+06,0.1352866,0.055984765,0.015344855,0.638046,0.041662786,0.09609777,0.2589579729080166,613986.5052272053,1427250.0689322075,3938755.5294949883,-4129011.0,-63.52324615384616
2026-03-10,1250000.0,214,47.66976,-122.31551,3234.0,3001.284,,,8.0,4.0,80260279,"5607 12th Avenue NE, Seattle, WA 98105",Seattle,WA,98105,SINGLE_FAMILY,FOR_SALE,5,https://www.zillow.com/homedetails/5607-12th-Ave-NE-Seattle-WA-98105/80260279_zpid/,1206600.0,8728d540cffffff,9,,,,,30.0,0.2052884881900859,6.184804928131417,69,0.9272375462179537,0.374473674486883,1.0,6.123233995736766e-17,1,1140382.7555555557,1378694.161882286,0.2195121951219512,386.5182436611008,3,2026,11,14.038654109278484,8928d540c33ffff,"[9, 9, 9, 9, 9, 9, 9]",9,1.1588828366600796,-0.2684292959942824,4.930824744847952,2.8813281823503942,1.2868691995948212,0.7662792626043098,1.4576488146837816,0.203319546889736,,,0.5556136935788742,14.099263,1.3281044e+06,14.038654,1.2500002e+06,0.20247163,0.07655505,0.02079486,0.49665183,0.045109306,0.13042668,0.26929402853656526,357650.57746078714,783437.7569336403,2251437.563238246,78104.375,6.248349999999999
2026-03-10,685000.0,220,47.637997,-122.37476,980.0,879.912,,,2.0,2.0,97781616,"2046 14th Avenue W #B, Seattle, WA 98119",Seattle,WA,98119,TOWNHOUSE,FOR_SALE,5,https://www.zillow.com/homedetails/2046-14th-Ave-W-B-Seattle-WA-98119/97781616_zpid/,676900.0,8728d5429ffffff,9,,,,,30.0,0.2052884881900859,6.184804928131417,69,0.9272375462179537,0.374473674486883,1.0,6.123233995736766e-17,1,1129860.411111111,1377863.5259728665,-0.0680272108843537,698.9795918367347,3,2026,11,13.437174117244362,8928d5429b7ffff,"[9, 9, 9, 9, 231, 231, 231]",9,-1.2150439300636209,-0.31559234033478156,-1.5526299041494542,2.8813281823503942,1.2868691995948212,0.7662792626043098,1.4576488146837816,0.203319546889736,,,-0.559339161086866,13.47614,712218.5,13.437174,684999.8,0.281174,0.046676107,0.011895057,0.52473176,0.021660527,0.09059803,0.2636267584394834,187759.85445563123,424824.5655461971,1194034.502184619,27218.5,3.9735036496350364
2026-03-10,624950.0,275,47.726715,-122.29065,1090.0,8698.932,,,3.0,1.0,48897583,"3504 NE 135th Street, Seattle, WA 98125",Seattle,WA,98125,SINGLE_FAMILY,FOR_SALE,7,https://www.zillow.com/homedetails/3504-NE-135th-St-Seattle-WA-98125/48897583_zpid/,607300.0,8728d54e4ffffff,9,,,,,30.0,0.2052884881900859,6.184804928131417,69,0.9272375462179537,0.374473674486883,1.0,6.123233995736766e-17,1,1222618.8444444444,1355993.8542553375,-0.3386772486772487,573.348623853211,3,2026,11,13.345426925518368,8928d54e42bffff,"[9, 9, 9, 59, 9, 9, 9]",9,-1.0991912484577615,-0.1417573001064529,-0.47205412931655344,2.8813281823503942,1.2868691995948212,0.7662792626043098,1.4576488146837816,0.203319546889736,,,-0.7294093125087272,13.527256,749570.75,13.345427,624949.75,0.24554105,0.07502439,0.017722113,0.39079887,0.07344076,0.16679054,0.2672684738557393,200336.6303994019,443924.50945364893,1265657.3895846175,124620.75,19.940915273221858
2026-03-10,380000.0,272,47.656258,-122.36983,500.0,553.212,,,1.0,1.0,449036727,"1080 W Ewing Street #E5, Seattle, WA 98119",Seattle,WA,98119,SINGLE_FAMILY,FOR_SALE,7,https://www.zillow.com/homedetails/1080-W-Ewing-St-E5-Seattle-WA-98119/449036727_zpid/,377200.0,8728d5476ffffff,9,,,,,30.0,0.2052884881900859,6.184804928131417,69,0.9272375462179537,0.374473674486883,1.0,6.123233995736766e-17,1,1284619.9555555556,1452742.272758831,-0.6622222222222223,760.0,3,2026,11,12.84792653170257,8928d547687ffff,,9,-1.7205829043437346,-0.32285564285128554,-2.633205678982355,2.8813281823503942,1.2868691995948212,0.7662792626043098,1.4576488146837816,0.203319546889736,,,-1.6516170195454507,13.0013895,443028.56,12.847926,379999.84,0.51169646,0.039760325,0.010139801,0.32492554,0.01481639,0.07739504,0.3000374334251651,132925.15282654035,246056.4189553136,797680.0634073096,63028.5625,16.58646381578947
2026-03-10,835000.0,270,47.68127,-122.35116,880.0,3672.108,,,2.0,1.0,48869060,"532 N 72nd Street, Seattle, WA 98103",Seattle,WA,98103,SINGLE_FAMILY,FOR_SALE,6,https://www.zillow.com/homedetails/532-N-72nd-St-Seattle-WA-98103/48869060_zpid/,818200.0,8728d5472ffffff,9,,,,,30.0,0.2052884881900859,6.184804928131417,69,0.9272375462179537,0.374473674486883,1.0,6.123233995736766e-17,1,1259391.6222222222,1438245.5023388166,1.5692307692307694,948.8636363636364,3,2026,11,13.635187003832993,8928d547253ffff,"[9, 9, 9, 9, 9, 9, 9]",9,-1.3203645497053111,-0.25351531482706086,-1.5526299041494542,2.8813281823503942,1.2868691995948212,0.7662792626043098,1.4576488146837816,0.203319546889736,,,-0.19228616499972037,13.661152,856964.6,13.635187,835000.1,0.232035,0.058606397,0.014375339,0.5047422,0.041450366,0.12193261,0.26623645191303924,228155.2211749882,508554.8933847215,1444068.9285316912,21964.625,2.630494011976048
2026-03-10,1120000.0,269,47.67074,-122.37316,2109.0,723.096,,,4.0,3.0,2085092801,"1155 NW 58th Street, Seattle, WA 98107",Seattle,WA,98107,TOWNHOUSE,FOR_SALE,6,https://www.zillow.com/homedetails/1155-NW-58th-St-Seattle-WA-98107/2085092801_zpid/,1114000.0,8728d5470ffffff,9,,,,,30.0,0.2052884881900859,6.184804928131417,69,0.9272375462179537,0.374473674486883,1.0,6.123233995736766e-17,1,1259436.066666667,1438232.302242605,2.8290598290598292,531.0573731626363,3,2026,11,13.928839243271277,8928d54705bffff,"[9, 9, 9, 9, 9, 9, 231]",9,-0.025974134308936764,-0.3190787255427035,0.6085216455163474,2.8813281823503942,1.2868691995948212,0.7662792626043098,1.4576488146837816,0.203319546889736,,,0.35205181294939236,13.8684025,1.0543158e+06,13.92884,1.1200005e+06,0.16624987,0.046115626,0.012489096,0.65287745,0.022593739,0.080395475,0.26821229539063063,282780.4473739943,623252.1070420768,1783518.3634807642,-65684.25,-5.864665178571428
2026-03-10,1550000.0,267,47.678333,-122.38462,1980.0,5100.876,,,4.0,3.0,49041723,"6721 22nd Avenue NW, Seattle, WA 98117",Seattle,WA,98117,SINGLE_FAMILY,FOR_SALE,6,https://www.zillow.com/homedetails/6721-22nd-Ave-NW-Seattle-WA-98117/49041723_zpid/,1492800.0,8728d5470ffffff,9,,,,,30.0,0.2052884881900859,6.184804928131417,69,0.9272375462179537,0.374473674486883,1.0,6.123233995736766e-17,1,1249425.5111111111,1442369.993557539,-0.0606060606060605,782.8282828282828,3,2026,11,14.253765488895429,8928d54706bffff,"[9, 9, 9, 9, 9, 9, 9]",9,-0.16183773364671733,-0.2217504718215501,0.6085216455163474,2.8813281823503942,1.2868691995948212,0.7662792626043098,1.4576488146837816,0.203319546889736,,,0.9543618646757972,13.819128,1.003624e+06,14.253765,1.5499994e+06,0.1875163,0.05764319,0.015000014,0.56908137,0.03904642,0.10869378,0.2657745975355105,266737.7646769792,596127.485684821,1689674.133121201,-546376.0,-35.25006451612903
2026-03-10,1595000.0,266,47.614662,-122.28572,2100.0,2922.876,,,4.0,3.0,49146453,"1520 37th Avenue, Seattle, WA 98122",Seattle,WA,98122,SINGLE_FAMILY,FOR_SALE,6,https://www.zillow.com/homedetails/1520-37th-Ave-Seattle-WA-98122/49146453_zpid/,1555900.0,8728d5423ffffff,7,,,,,7.0,-0.3150629527298455,6.184804928131417,69,0.9272375462179537,0.374473674486883,1.0,6.123233995736766e-17,1,2442931.25,2588369.635238561,0.0,759.5238095238095,3,2026,11,14.282384294201082,8928d5423bbffff,"[7, 7, 7, 7, 7, 7, 7]",7,-0.035452990076688895,-0.27017248859824333,0.6085216455163474,2.8813281823503942,1.2868691995948212,0.7662792626043098,1.4576488146837816,0.203319546889736,,,1.0074120394035557,13.938939,1.1313691e+06,14.282384,1.5949994e+06,0.15577509,0.053489793,0.014669025,0.62970686,0.032023985,0.093831345,0.2632793588018728,297866.13779823587,675299.4838878918,1895449.6255895689,-463630.875,-29.06776645768025
2026-03-10,3288000.0,262,47.63127,-122.36992,4460.0,2975.148,,,5.0,5.0,48986692,"1400 Olympic Way W, Seattle, WA 98119",Seattle,WA,98119,SINGLE_FAMILY,FOR_SALE,6,https://www.zillow.com/homedetails/1400-Olympic-Way-W-Seattle-WA-98119/48986692_zpid/,,8728d555affffff,9,,,,,30.0,0.2052884881900859,6.184804928131417,69,0.9272375462179537,0.374473674486883,1.0,6.123233995736766e-17,1,1249069.9555555556,1442748.1287381202,3.449255751014885,737.219730941704,3,2026,11,15.005790035158208,8928d555a5bffff,"[9, 59, 9, 9, 231, 231, 231]",9,2.4501136334672036,-0.2690103601956027,1.6890974203492484,2.8813281823503942,1.2868691995948212,0.7662792626043098,1.4576488146837816,0.203319546889736,,,2.3483765047950778,14.580458,2.1488808e+06,15.00579,3.287999e+06,0.27196088,0.050777674,0.014101027,0.5247422,0.036042184,0.08611029,0.26019052778666246,559118.4164930991,1290427.6756642153,3578417.143221549,-1139119.25,-34.64474604622871
2026-03-10,890000.0,261,47.618725,-122.29535,1134.0,4486.68,,,2.0,2.0,458603761,"2815 E Denny Way #B, Seattle, WA 98122",Seattle,WA,98122,TOWNHOUSE,FOR_SALE,6,https://www.zillow.com/homedetails/2815-E-Denny-Way-B-Seattle-WA-98122/458603761_zpid/,,8728d542effffff,9,,,,,30.0,0.2052884881900859,6.184804928131417,69,0.9272375462179537,0.374473674486883,1.0,6.123233995736766e-17,1,1220969.9555555556,1427134.0828174292,1.4722222222222223,784.8324514991182,3,2026,11,13.698976741708323,8928d542ed3ffff,"[9, 7, 9, 9, 9, 9, 9]",9,-1.0528501758154178,-0.2354054805525776,-1.5526299041494542,2.8813281823503942,1.2868691995948212,0.7662792626043098,1.4576488146837816,0.203319546889736,,,-0.07404025277585334,13.797294,981948.0,13.6989765,889999.8,0.22569177,0.05986985,0.014766062,0.5036096,0.045993965,0.12412864,0.26821083235069065,263369.090405096,580474.0821228799,1661093.858846727,91948.0,10.33123595505618
2026-03-10,565000.0,259,47.537083,-122.35756,750.0,5998.212,,,2.0,1.0,48778025,"7169 18th Avenue SW, Seattle, WA 98106",Seattle,WA,98106,SINGLE_FAMILY,FOR_SALE,6,https://www.zillow.com/homedetails/7169-18th-Ave-SW-Seattle-WA-98106/48778025_zpid/,557200.0,8728d5572ffffff,38,,,,,17.0,-0.8543671126552438,6.184804928131417,69,0.9272375462179537,0.374473674486883,1.0,6.123233995736766e-17,1,803496.5189873418,438023.076120597,0.0,753.3333333333334,3,2026,11,13.244581010128577,8928d55728fffff,"[38, 38, 38, 38, 38, 38, 38]",38,-1.4572813552395087,-0.20180060090955249,-1.5526299041494542,2.8813281823503942,1.2868691995948212,0.7662792626043098,1.4576488146837816,0.203319546889736,,,-0.9163456075382179,13.097739,487838.28,13.244581,565000.1,0.25829464,0.08307722,0.020474756,0.38203767,0.04008925,0.17147475,0.2713505321391979,132375.1772150592,286614.153315633,830336.4529697368,-77161.71875,-13.656941371681416
2026-03-10,8295000.0,258,47.63714,-122.29047,7096.0,0.3763,,,4.0,6.0,48706451,"2020 Parkside Drive E, Seattle, WA 98112",Seattle,WA,98112,SINGLE_FAMILY,FOR_SALE,6,https://www.zillow.com/homedetails/2020-Parkside-Dr-E-Seattle-WA-98112/48706451_zpid/,7763100.0,8728d5405ffffff,7,,,,,6.0,-0.5251049212164092,6.184804928131417,69,0.9272375462179537,0.374473674486883,1.0,6.123233995736766e-17,1,2499460.0,2668974.396802209,0.0,1168.968432919955,3,2026,11,15.931163481606681,8928d5405a3ffff,"[7, 7, 7, 7, 231, 231, 7]",7,5.226365167222161,-0.33514646908643475,0.6085216455163474,2.8813281823503942,1.2868691995948212,0.7662792626043098,1.4576488146837816,0.203319546889736,,,4.063724944333976,15.016578,3.323662e+06,15.931164,8.2950025e+06,0.18082187,0.06827404,0.018399494,0.52370286,0.06116473,0.1265244,0.26442498338430614,878859.2691250497,1979400.844737082,5580844.617661929,-4971338.0,-59.931742013261
2026-03-10,599999.0,280,47.700264,-122.3467,1183.0,2378.376,,,3.0,2.0,454925437,"915 N 98th Street #B, Seattle, WA 98103",Seattle,WA,98103,TOWNHOUSE,FOR_SALE,7,https://www.zillow.com/homedetails/915-N-98th-St-B-Seattle-WA-98103/454925437_zpid/,599600.0,8728d5409ffffff,9,,,,,30.0,0.2052884881900859,6.184804928131417,69,0.9272375462179537,0.374473674486883,1.0,6.123233995736766e-17,1,1184870.5111111111,1399188.618899132,-0.4995838198498749,507.18427726120035,3,2026,11,13.304683267530228,8928d540923ffff,"[9, 9, 9, 9, 9, 9, 9]",9,-1.0012430721909895,-0.2822779927924166,-0.47205412931655344,2.8813281823503942,1.2868691995948212,0.7662792626043098,1.4576488146837816,0.203319546889736,,,-0.8049351128429528,13.603418,808890.1,13.304684,599999.25,0.20345002,0.052248683,0.013276812,0.5752401,0.028727306,0.10234076,0.26502177506091235,214373.49675674326,481169.881680699,1359817.4616637425,208891.125,34.81524552540921
2026-03-10,699950.0,254,47.715054,-122.30403,1095.0,2360.952,,,3.0,2.0,460847505,"11738 -B 23rd Avenue NE, Seattle, WA 98125",Seattle,WA,98125,SINGLE_FAMILY,FOR_SALE,6,https://www.zillow.com/homedetails/11738-B-23rd-Ave-NE-Seattle-WA-98125/460847505_zpid/,,8728d540bffffff,9,,,,,30.0,0.2052884881900859,6.184804928131417,69,0.9272375462179537,0.374473674486883,1.0,6.123233995736766e-17,1,1187648.3,1398262.290526155,0.0173691860465117,639.2237442922375,3,2026,11,13.458764182902971,8928d540b6bffff,"[9, 9, 9, 9, 9, 9, 9]",9,-1.093925217475677,-0.2826653689266302,-0.47205412931655344,2.8813281823503942,1.2868691995948212,0.7662792626043098,1.4576488146837816,0.203319546889736,,,-0.5193180370972234,13.580134,790273.5,13.458764,699949.94,0.20860264,0.052800357,0.0133349225,0.56571305,0.029822093,0.10461247,0.26537103967251235,209715.7003206352,469774.06908030855,1329431.05375504,90323.5,12.904278877062648
2026-03-10,1250000.0,217,47.569416,-122.2847,2460.0,6181.164,,,3.0,3.0,49083115,"3808 38th Avenue S, Seattle, WA 98118",Seattle,WA,98118,SINGLE_FAMILY,FOR_SALE,5,https://www.zillow.com/homedetails/3808-38th-Ave-S-Seattle-WA-98118/49083115_zpid/,1209800.0,8728d550bffffff,38,,,,,15.0,-1.0803154399690271,6.184804928131417,69,0.9272375462179537,0.374473674486883,1.0,6.123233995736766e-17,1,772149.6666666666,377969.79953452793,0.0,508.130081300813,3,2026,11,14.038654109278484,8928d550b5bffff,"[38, 38, 43, 38, 38, 38, 38]",38,0.3437012406333964,-0.19773315150031032,-0.47205412931655344,2.8813281823503942,1.2868691995948212,0.7662792626043098,1.4576488146837816,0.203319546889736,,,0.5556136935788742,13.843684,1.02857425e+06,14.038654,1.2500002e+06,0.15939862,0.058383774,0.015757166,0.59572166,0.042526156,0.1069766,0.26334222128720497,270867.0277538209,613866.9210945637,1723443.6170610543,-221425.75,-17.71406
2026-03-10,1800000.0,253,47.689953,-122.39715,3870.0,3959.604,,,5.0,4.0,48939885,"8360 Loyal Way NW, Seattle, WA 98117",Seattle,WA,98117,SINGLE_FAMILY,FOR_SALE,6,https://www.zillow.com/homedetails/8360-Loyal-Way-NW-Seattle-WA-98117/48939885_zpid/,1749100.0,8728d5473ffffff,9,,,,,30.0,0.2052884881900859,6.184804928131417,69,0.9272375462179537,0.374473674486883,1.0,6.123233995736766e-17,1,1194872.0777777778,1397151.8168324232,2.158171769453461,465.1162790697674,3,2026,11,14.403297222866392,8928d547307ffff,"[9, 9, 9, 9, 231, 9, 9]",9,1.8287219775812305,-0.24712360861253738,1.6890974203492484,2.8813281823503942,1.2868691995948212,0.7662792626043098,1.4576488146837816,0.203319546889736,,,1.23154620307784,14.458041,1.9012862e+06,14.403297,1.8000004e+06,0.18081968,0.056939404,0.015482234,0.58660674,0.043252774,0.098935105,0.26443143040645917,502759.84269963275,1132293.2823130735,3192538.079757024,101286.25,5.627013888888889
2026-03-10,790000.0,292,47.584938,-122.29374,2260.0,3881.196,,,3.0,1.0,49004837,"2004 30th Avenue S, Seattle, WA 98144",Seattle,WA,98144,SINGLE_FAMILY,FOR_SALE,7,https://www.zillow.com/homedetails/2004-30th-Ave-S-Seattle-WA-98144/49004837_zpid/,768500.0,8728d5425ffffff,9,,,,,30.0,0.2052884881900859,6.184804928131417,69,0.9272375462179537,0.374473674486883,1.0,6.123233995736766e-17,1,1173083.1888888888,1376530.7516601856,-0.1413043478260869,349.5575221238938,3,2026,11,13.579788224443204,8928d5425cfffff,"[9, 9, 9, 9, 9, 9, 9]",9,0.13306000135001567,-0.24886680121649832,-0.47205412931655344,2.8813281823503942,1.2868691995948212,0.7662792626043098,1.4576488146837816,0.203319546889736,,,-0.29497790544607305,13.947807,1.141447e+06,13.579788,790000.0,0.14928669,0.04907745,0.013027872,0.64755344,0.032932054,0.0894932,0.2655855759907406,303151.85895790294,678242.100162155,1920997.3090706104,351447.0,44.48696202531646
2026-03-10,1325000.0,291,47.562645,-122.31688,3630.0,4739.328,,,8.0,5.0,129528995,"4524 12th Avenue S, Seattle, WA 98108",Seattle,WA,98108,SINGLE_FAMILY,FOR_SALE,7,https://www.zillow.com/homedetails/4524-12th-Ave-S-Seattle-WA-98108/129528995_zpid/,1303200.0,8728d5509ffffff,38,,,,,20.0,-0.5154446216845685,6.184804928131417,69,0.9272375462179537,0.374473674486883,1.0,6.123233995736766e-17,1,806554.1666666666,440008.83932689705,0.0,365.0137741046832,3,2026,11,14.09692301740246,8928d550bb7ffff,"[38, 38, 38, 38, 38, 231, 38]",38,1.5759524904411735,-0.2297885266064812,4.930824744847952,2.8813281823503942,1.2868691995948212,0.7662792626043098,1.4576488146837816,0.203319546889736,,,0.6636257410476073,13.693894,885488.2,14.096923,1.3249998e+06,0.30780178,0.074455515,0.021316014,0.40776584,0.039144166,0.12195044,0.2720221478584475,240872.3986670337,519556.5698594353,1509150.9955952668,-439511.8125,-33.17070283018868
2026-03-10,2100000.0,290,47.666203,-122.40388,3170.0,7374.708,,,3.0,3.0,49050622,"3606 W Commodore Way, Seattle, WA 98199",Seattle,WA,98199,SINGLE_FAMILY,FOR_SALE,7,https://www.zillow.com/homedetails/3606-W-Commodore-Way-Seattle-WA-98199/49050622_zpid/,2017200.0,8728d5470ffffff,9,,,,,30.0,0.2052884881900859,6.184804928131417,69,0.9272375462179537,0.374473674486883,1.0,6.123233995736766e-17,1,1169415.9666666666,1378001.6505855927,4.0602409638554215,662.4605678233438,3,2026,11,14.557447902693651,8928d5470a3ffff,"[9, 231, 9, 9, 9, 9, 9]",9,1.091477640089398,-0.1711978863066824,-0.47205412931655344,2.8813281823503942,1.2868691995948212,0.7662792626043098,1.4576488146837816,0.203319546889736,,,1.5172925999626703,14.257815,1.55629e+06,14.557447,2.099999e+06,0.21766695,0.05907722,0.01530234,0.5194223,0.056700528,0.11362462,0.27836920097466356,433223.20378485916,901857.4303856225,2685611.468302763,-543710.0,-25.89095238095238
2026-03-10,1388500.0,289,47.666443,-122.28939,2200.0,3998.808,,,5.0,3.0,48799160,"5053 36th Avenue NE, Seattle, WA 98105",Seattle,WA,98105,SINGLE_FAMILY,FOR_SALE,7,https://www.zillow.com/homedetails/5053-36th-Ave-NE-Seattle-WA-98105/48799160_zpid/,1355600.0,8728d5401ffffff,59,,,,,30.0,0.4733823513436473,6.184804928131417,69,0.9272375462179537,0.374473674486883,1.0,6.123233995736766e-17,1,1352388.5111111111,1057650.4856470833,0.0,631.1363636363636,3,2026,11,14.143734585728991,8928d54012fffff,"[59, 59, 59, 59, 9, 59, 59]",59,0.06986762956500146,-0.2462520123105569,1.6890974203492484,2.8813281823503942,1.2868691995948212,0.7662792626043098,1.4576488146837816,0.203319546889736,,,0.7503995197738743,13.882365,1.0691401e+06,14.143735,1.3885005e+06,0.14448225,0.064153016,0.017056122,0.5883551,0.03977092,0.11956966,0.26685358145254695,285303.87143087375,633700.805931938,1803785.8180008652,-319359.875,-23.000351098307526
2026-03-10,839000.0,285,47.566345,-122.37839,1056.0,875.556,,,2.0,2.0,460813319,"3619 SW Dakota, Seattle, WA 98126",Seattle,WA,98126,TOWNHOUSE,FOR_SALE,7,https://www.zillow.com/homedetails/3619-SW-Dakota-Seattle-WA-98126/460813319_zpid/,,8728d5555ffffff,9,,,,,30.0,0.2052884881900859,6.184804928131417,69,0.9272375462179537,0.374473674486883,1.0,6.123233995736766e-17,1,1149082.6333333333,1377487.6711880378,-0.2151543498596819,794.5075757575758,3,2026,11,13.639965985449344,8928d5555c7ffff,"[9, 9, 9, 9, 9, 9, 9]",9,-1.1350002591359363,-0.31568918436833493,-1.5526299041494542,2.8813281823503942,1.2868691995948212,0.7662792626043098,1.4576488146837816,0.203319546889736,,,-0.18342745105060673,13.425984,677377.75,13.639966,839000.0,0.19633508,0.04915632,0.012503321,0.598395,0.023761664,0.09562853,0.2659559341012552,180152.6322406565,402202.41138536175,1140820.1750275374,-161622.25,-19.263676996424316
2026-03-10,799000.0,284,47.566322,-122.37824,1124.0,1206.612,,,6.0,6.0,48697746,"3617 SW Dakota, Seattle, WA 98126",Seattle,WA,98126,TOWNHOUSE,FOR_SALE,7,https://www.zillow.com/homedetails/3617-SW-Dakota-St-Seattle-WA-98126/48697746_zpid/,798700.0,8728d5555ffffff,9,,,,,30.0,0.2052884881900859,6.184804928131417,69,0.9272375462179537,0.374473674486883,1.0,6.123233995736766e-17,1,1147371.5222222223,1377972.7465889738,1.6637772962160362,710.8540925266904,3,2026,11,13.591116224748411,8928d5555c7ffff,"[9, 9, 9, 9, 9, 9, 9]",9,-1.0633822377795867,-0.3083290378182776,2.769673195182149,2.8813281823503942,1.2868691995948212,0.7662792626043098,1.4576488146837816,0.203319546889736,,,-0.27397939103958113,13.60563,810681.0,13.591116,798999.75,0.23364246,0.061944213,0.01604432,0.5106294,0.03135192,0.11746212,0.2656837604403374,215384.77659753317,481609.9102354338,1364597.527427651,11681.0,1.4619524405506883
2026-03-10,2800000.0,283,47.56812,-122.28271,3537.0,5301.252,,,6.0,4.0,457490785,"3856 Cascadia Avenue S, Seattle, WA 98118",Seattle,WA,98118,SINGLE_FAMILY,FOR_SALE,7,https://www.zillow.com/homedetails/3856-Cascadia-Ave-S-Seattle-WA-98118/457490785_zpid/,2719800.0,8728d550affffff,38,,,,,19.0,-0.6284187853414602,6.184804928131417,69,0.9272375462179537,0.374473674486883,1.0,6.123233995736766e-17,1,799821.1038961039,438831.0151378734,0.0,791.631325982471,3,2026,11,14.845129975145433,8928d550a2fffff,"[38, 38, 43, 43, 38, 38, 38]",38,1.4780043141744015,-0.21729564627809433,2.769673195182149,2.8813281823503942,1.2868691995948212,0.7662792626043098,1.4576488146837816,0.203319546889736,,,2.05056378464752,14.201912,1.4716752e+06,14.84513,2.8e+06,0.09446922,0.07826507,0.021714343,0.58893627,0.055269193,0.1351986,0.2711487612463798,399042.92099445633,864978.8668485685,2503908.5733933495,-1328324.75,-47.44016964285714
2026-03-10,850000.0,282,47.577236,-122.41108,1082.0,3602.412,,,3.0,2.0,2054277023,"3013 61st Avenue SW, Seattle, WA 98116",Seattle,WA,98116,TOWNHOUSE,FOR_SALE,7,https://www.zillow.com/homedetails/3013-61st-Ave-SW-Seattle-WA-98116/2054277023_zpid/,,8728d5542ffffff,9,,,,,30.0,0.2052884881900859,6.184804928131417,69,0.9272375462179537,0.374473674486883,1.0,6.123233995736766e-17,1,1146270.9666666666,1378293.6264012072,-0.0502793296089385,785.5822550831793,3,2026,11,13.652991628466498,8928d554203ffff,"[9, 9, 9, 231, 9, 9, 9]",9,-1.1076168980290968,-0.25506481936391506,-0.47205412931655344,2.8813281823503942,1.2868691995948212,0.7662792626043098,1.4576488146837816,0.203319546889736,,,-0.15928204628540574,13.568436,781082.2,13.652991,849999.7,0.24982882,0.055217683,0.013812076,0.5091976,0.035002194,0.11138196,0.2666404760195347,208268.12628537946,463156.5217837328,1317242.3782450329,-68917.8125,-8.107977941176472
2026-03-10,2900000.0,794,47.630062,-122.31948,5440.0,5000.688,,,5.0,6.0,49006006,"1147 Federal Avenue E, Seattle, WA 98102",Seattle,WA,98102,SINGLE_FAMILY,FOR_SALE,27,https://www.zillow.com/homedetails/1147-Federal-Ave-E-Seattle-WA-98102/49006006_zpid/,2786300.0,8728d542effffff,9,,,,,30.0,0.2052884881900859,6.184804928131417,69,0.9272375462179537,0.374473674486883,1.0,6.123233995736766e-17,1,1146881.5222222223,1378572.946416719,3.2962962962962967,533.0882352941177,3,2026,11,14.880221294956703,8928d542e37ffff,"[9, 9, 9, 9, 9, 9, 9]",9,3.482255705955769,-0.223977884593278,1.6890974203492484,2.8813281823503942,1.2868691995948212,0.7662792626043098,1.4576488146837816,0.203319546889736,,,2.11561194537727,14.729577,2.4944455e+06,14.880221,2.9000002e+06,0.17805804,0.069656864,0.018037787,0.51058054,0.06928928,0.1338656,0.2562296124257046,639150.8036820429,1509617.739599966,4121744.709511053,-405554.5,-13.984637931034483
2026-03-10,950000.0,227,47.619408,-122.301476,1705.0,522.72,,,3.0,4.0,457315528,"113 24th Avenue E #B, Seattle, WA 98112",Seattle,WA,98112,TOWNHOUSE,FOR_SALE,5,https://www.zillow.com/homedetails/113-24th-Ave-E-UNIT-B-Seattle-WA-98112/457315528_zpid/,946500.0,8728d542effffff,9,,,,,30.0,0.2052884881900859,6.184804928131417,69,0.9272375462179537,0.374473674486883,1.0,6.123233995736766e-17,1,1149037.0777777778,1381493.5233342736,0.3246325887503833,557.1847507331378,3,2026,11,13.764217263576723,8928d542ed7ffff,"[9, 9, 9, 9, 9, 9, 9]",9,-0.4514694376613658,-0.3235335510861593,-0.47205412931655344,2.8813281823503942,1.2868691995948212,0.7662792626043098,1.4576488146837816,0.203319546889736,,,0.04689495215267397,13.659359,855429.5,13.764217,950000.1,0.15781224,0.044765003,0.011908675,0.664941,0.019763157,0.080437884,0.2653421004209528,226981.46029204543,508534.56238166307,1438957.5634034667,-94570.5,-9.95478947368421
2026-03-10,2370000.0,223,47.54685,-122.26099,5911.0,0.2784,,,5.0,6.0,49105132,"6070 Seward Park Avenue S, Seattle, WA 98118",Seattle,WA,98118,SINGLE_FAMILY,FOR_SALE,5,https://www.zillow.com/homedetails/6070-Seward-Park-Ave-S-Seattle-WA-98118/49105132_zpid/,2478100.0,8728d550effffff,9,,,,,30.0,0.2052884881900859,6.184804928131417,69,0.9272375462179537,0.374473674486883,1.0,6.123233995736766e-17,1,1142925.9666666666,1383635.2837896366,2.8099218724881845,400.9473862290645,3,2026,11,14.678400513111313,8928d551db7ffff,"[29, 231, 29, 29, 9, 9, 9]",9,3.9783158244681305,-0.3351486456316333,1.6890974203492484,2.8813281823503942,1.2868691995948212,0.7662792626043098,1.4576488146837816,0.203319546889736,,,1.741500321001536,14.818412,2.7261798e+06,14.678401,2.3700012e+06,0.35946706,0.05312836,0.015669081,0.45446503,0.022143539,0.07703158,0.26045035403358147,710034.4810466806,1636268.877484788,4542075.031487363,356179.75,15.028681434599156
2026-03-10,875000.0,222,47.576267,-122.31367,1280.0,3179.88,,,4.0,2.0,48844785,"3017 15th Avenue S, Seattle, WA 98144",Seattle,WA,98144,SINGLE_FAMILY,FOR_SALE,5,https://www.zillow.com/homedetails/3017-15th-Ave-S-Seattle-WA-98144/48844785_zpid/,,8728d5556ffffff,38,,,,,16.0,-0.9673412763121356,6.184804928131417,69,0.9272375462179537,0.374473674486883,1.0,6.123233995736766e-17,1,773502.9605263158,375626.86338075605,0.0,683.59375,3,2026,11,13.681979165339751,8928d55565bffff,"[38, 38, 9, 38, 38, 38, 38]",38,-0.8990820711385498,-0.26445869061859356,0.6085216455163474,2.8813281823503942,1.2868691995948212,0.7662792626043098,1.4576488146837816,0.203319546889736,,,-0.10554836035304363,13.232856,558413.94,13.681979,875000.0,0.16240391,0.06982674,0.017667357,0.542248,0.03284739,0.1390405,0.26683089629479667,149002.09144663156,330997.8768791244,942078.942901317,-316586.0625,-36.181264285714285
2026-03-10,740000.0,304,47.67486,-122.39804,1217.0,810.216,,,2.0,2.0,2098486696,"6312 32nd Avenue NW #F, Seattle, WA 98107",Seattle,WA,98107,TOWNHOUSE,FOR_SALE,8,https://www.zillow.com/homedetails/6312-32nd-Ave-NW-F-Seattle-WA-98107/2098486696_zpid/,731500.0,8728d5470ffffff,9,,,,,30.0,0.2052884881900859,6.184804928131417,69,0.9272375462179537,0.374473674486883,1.0,6.123233995736766e-17,1,1202055.9666666666,1396108.7883632698,-0.0133333333333333,608.0525883319639,3,2026,11,13.514405465180353,8928d547023ffff,"[9, 9, 9, 9, 9, 9, 9]",9,-0.9654340615128147,-0.3171418448716357,-1.5526299041494542,2.8813281823503942,1.2868691995948212,0.7662792626043098,1.4576488146837816,0.203319546889736,,,-0.4161767733244636,13.484609,718275.6,13.514405,739999.8,0.18773384,0.04802414,0.0123083,0.61373985,0.02267925,0.09212404,0.265982526057966,191048.76514336432,426463.85702986695,1209762.2386496873,-21724.375,-2.9357263513513514
2026-03-10,769000.0,141,47.638172,-122.38865,1172.0,906.048,,,2.0,2.0,2069945569,"2409 W Boston Street #A, Seattle, WA 98199",Seattle,WA,98199,TOWNHOUSE,FOR_SALE,4,https://www.zillow.com/homedetails/2409-W-Boston-St-A-Seattle-WA-98199/2069945569_zpid/,761700.0,8728d555affffff,9,,,,,30.0,0.2052884881900859,6.184804928131417,69,0.9272375462179537,0.374473674486883,1.0,6.123233995736766e-17,1,943943.8777777776,610365.14713061,0.0,656.1433447098976,3,2026,11,13.55284624848778,8928d555a67ffff,"[9, 9, 9, 9, 9, 9, 9]",9,-1.0128283403515754,-0.31501127613346125,-1.5526299041494542,2.8813281823503942,1.2868691995948212,0.7662792626043098,1.4576488146837816,0.203319546889736,,,-0.34491977117671485,13.466873,705648.94,13.552846,768999.75,0.19089058,0.04853893,0.012405103,0.60760677,0.023262393,0.093603715,0.26597406936556584,187684.31945036282,418973.9365320771,1188475.9677264267,-63351.0625,-8.238109557867359
2026-03-10,789900.0,386,47.548325,-122.38585,1520.0,1032.372,,,3.0,3.0,344490995,"4203 SW Raymond Street, Seattle, WA 98136",Seattle,WA,98136,TOWNHOUSE,FOR_SALE,11,https://www.zillow.com/homedetails/4203-SW-Raymond-St-Seattle-WA-98136/344490995_zpid/,785700.0,8728d5573ffffff,14,,,,,10.0,0.3150629527298455,6.184804928131417,69,0.9272375462179537,0.374473674486883,1.0,6.123233995736766e-17,1,759276.3333333334,368655.0726456655,0.0,519.671052631579,3,2026,11,13.57966163415251,8928d557317ffff,"[14, 14, 14, 14, 14, 14, 14]",14,-0.646312583998493,-0.31220279916041305,-0.47205412931655344,2.8813281823503942,1.2868691995948212,0.7662792626043098,1.4576488146837816,0.203319546889736,,,-0.29521256363562537,13.357965,632835.3,13.579661,789899.8,0.20642568,0.043820728,0.011629813,0.61749923,0.020551698,0.08006841,0.2647622864385949,167550.92427658272,376634.834375134,1063312.4546555753,-157064.6875,-19.88412299025193
2026-03-10,859950.0,383,47.654,-122.35793,1284.0,775.368,,,3.0,2.0,460731026,"105 NW 39th Street #D, Seattle, WA 98107",Seattle,WA,98107,TOWNHOUSE,FOR_SALE,11,https://www.zillow.com/homedetails/105-NW-39th-St-D-Seattle-WA-98107/460731026_zpid/,859000.0,8728d5476ffffff,9,,,,,30.0,0.2052884881900859,6.184804928131417,69,0.9272375462179537,0.374473674486883,1.0,6.123233995736766e-17,1,978133.5444444444,791414.9060132056,-0.0703243243243243,669.7429906542056,3,2026,11,13.664629527004639,8928d5476d7ffff,"[9, 9, 9, 9, 9, 231, 9]",9,-0.8948692463528822,-0.3179165971400628,-0.47205412931655344,2.8813281823503942,1.2868691995948212,0.7662792626043098,1.4576488146837816,0.203319546889736,,,-0.13770907898930723,13.532012,753144.2,13.66463,859950.4,0.20118006,0.047223553,0.012204872,0.6053381,0.021647654,0.08953122,0.26125935081092916,196765.96149327472,451325.30617200106,1256801.19074904,-106805.8125,-12.420002616431187
2026-03-10,849950.0,323,47.66031,-122.34503,1472.0,875.556,,,2.0,2.0,247769038,"4329 Woodland Park Avenue N, Seattle, WA 98103",Seattle,WA,98103,TOWNHOUSE,FOR_SALE,9,https://www.zillow.com/homedetails/4329-Woodland-Park-Ave-N-Seattle-WA-98103/247769038_zpid/,841600.0,8728d542bffffff,9,,,,,30.0,0.2052884881900859,6.184804928131417,69,0.9272375462179537,0.374473674486883,1.0,6.123233995736766e-17,1,948422.2111111112,601867.6806165931,0.3077159781521654,577.4116847826087,3,2026,11,13.652932803206916,8928d542b27ffff,"[9, 9, 9, 9, 9, 9, 9]",9,-0.6968664814265043,-0.31568918436833493,-1.5526299041494542,2.8813281823503942,1.2868691995948212,0.7662792626043098,1.4576488146837816,0.203319546889736,,,-0.1593910896317625,13.594771,801925.8,13.652933,849950.25,0.17174792,0.046434004,0.012093931,0.6399629,0.021477804,0.08644751,0.26415081613050323,211829.3578479919,477842.1780813455,1345810.4906491928,-48024.1875,-5.650236778634037
2026-03-10,799950.0,321,47.676174,-122.38126,1057.0,1154.34,,,2.0,2.0,460774374,"6505 19th Avenue NW, Seattle, WA 98117",Seattle,WA,98117,TOWNHOUSE,FOR_SALE,9,https://www.zillow.com/homedetails/6505-19th-Ave-NW-Seattle-WA-98117/460774374_zpid/,798300.0,8728d5470ffffff,9,,,,,30.0,0.2052884881900859,6.184804928131417,69,0.9272375462179537,0.374473674486883,1.0,6.123233995736766e-17,1,935817.2111111112,601276.945505119,0.3354757929883138,756.8117313150426,3,2026,11,13.592304504696857,8928d54707bffff,"[9, 9, 9, 9, 9, 9, 9]",9,-1.1339470529395193,-0.3094911662209182,-1.5526299041494542,2.8813281823503942,1.2868691995948212,0.7662792626043098,1.4576488146837816,0.203319546889736,,,-0.27177669745341365,13.437691,685354.0,13.592304,799949.75,0.19846264,0.049853455,0.012659119,0.59244716,0.024860088,0.097317055,0.2649563080429398,181588.86554246096,407736.4835626487,1151994.2151191933,-114596.0,-14.325395337208576
2026-03-10,499999.0,318,47.522522,-122.3153,2020.0,5998.212,,,2.0,1.0,49065542,"9017 14th Avenue S, Seattle, WA 98108",Seattle,WA,98108,SINGLE_FAMILY,FOR_SALE,8,https://www.zillow.com/homedetails/9017-14th-Ave-S-Seattle-WA-98108/49065542_zpid/,492900.0,8728d552bffffff,38,,,,,23.0,-0.1765221307138933,6.184804928131417,69,0.9272375462179537,0.374473674486883,1.0,6.123233995736766e-17,1,802275.0163934426,390964.4759541243,0.0,247.52425742574258,3,2026,11,13.12236137740233,8928d550cb7ffff,,38,-0.11970948579004118,-0.20180060090955249,-1.5526299041494542,2.8813281823503942,1.2868691995948212,0.7662792626043098,1.4576488146837816,0.203319546889736,,,-1.1429019854876905,13.401945,661288.25,13.122361,499998.9,0.5125779,0.038215928,0.010509456,0.34051824,0.015780427,0.065637134,0.2734048331432397,180799.40365083498,386958.07823686016,1130102.1525580476,161289.25,32.257914515829036
2026-03-10,6300000.0,317,47.620834,-122.28373,6490.0,0.4416,,,5.0,6.0,48956516,"300 Maiden Lane E, Seattle, WA 98112",Seattle,WA,98112,SINGLE_FAMILY,FOR_SALE,8,https://www.zillow.com/homedetails/300-Maiden-Ln-E-Seattle-WA-98112/48956516_zpid/,6302700.0,8728d5423ffffff,7,,,,,8.0,-0.1050209842432818,6.184804928131417,69,0.9272375462179537,0.374473674486883,1.0,6.123233995736766e-17,1,2085492.857142857,2214297.832866519,0.0,970.7241910631741,3,2026,11,15.65606019136176,8928d542333ffff,"[7, 7, 7, 7, 7, 7, 7]",7,4.588122212193517,-0.33514501731522467,1.6890974203492484,2.8813281823503942,1.2868691995948212,0.7662792626043098,1.4576488146837816,0.203319546889736,,,3.5537708264102794,14.899249,2.955709e+06,15.65606,6.3e+06,0.06965014,0.075499445,0.020304544,0.6028977,0.068101466,0.1402573,0.2610937379051985,771717.1109700364,1771797.8979182448,4930706.308185216,-3344291.0,-53.08398412698413
2026-03-10,685000.0,338,47.669292,-122.36892,1074.0,466.092,,,2.0,2.0,460753259,"903 A NW 56th Street, Seattle, WA 98107",Seattle,WA,98107,TOWNHOUSE,FOR_SALE,10,https://www.zillow.com/homedetails/903-A-Northwest-St-56-Seattle-WA-98107/460753259_zpid/,683000.0,8728d5476ffffff,9,,,,,30.0,0.2052884881900859,6.184804928131417,69,0.9272375462179537,0.374473674486883,1.0,6.123233995736766e-17,1,956929.4333333332,590909.8963456585,0.0148148148148148,637.8026070763501,3,2026,11,13.437174117244362,8928d54762bffff,"[9, 9, 9, 9, 9, 9, 9]",9,-1.1160425476004319,-0.32479252352235327,-1.5526299041494542,2.8813281823503942,1.2868691995948212,0.7662792626043098,1.4576488146837816,0.203319546889736,,,-0.559339161086866,13.4162245,670798.75,13.437174,684999.8,0.19253954,0.04807792,0.012263508,0.6080178,0.022220958,0.093003124,0.2658604506484706,178338.85796943074,398370.59586309333,1129528.6309922338,-14201.25,-2.073175182481752
2026-03-10,699950.0,353,47.71577,-122.34012,1460.0,3201.66,,,2.0,2.0,49075044,"11917 Stendall Place N, Seattle, WA 98133",Seattle,WA,98133,TOWNHOUSE,FOR_SALE,11,https://www.zillow.com/homedetails/11917-Stendall-Pl-N-Seattle-WA-98133/49075044_zpid/,684100.0,8728d5456ffffff,9,,,,,30.0,0.2052884881900859,6.184804928131417,69,0.9272375462179537,0.374473674486883,1.0,6.123233995736766e-17,1,958151.6555555556,590454.7103102629,-0.282102564102564,479.4178082191781,3,2026,11,13.458764182902971,8928d545603ffff,"[9, 9, 9, 9, 9, 231, 231]",9,-0.7095049557835071,-0.2639744704508266,-1.5526299041494542,2.8813281823503942,1.2868691995948212,0.7662792626043098,1.4576488146837816,0.203319546889736,,,-0.5193180370972234,13.780417,965515.5,13.458764,699949.94,0.2562698,0.050733056,0.013020664,0.53084904,0.028903855,0.09734369,0.26584307102017285,256675.6056375777,573415.0179387876,1625733.833280841,265565.5,37.94063861704407
2026-03-10,875000.0,361,47.642048,-122.32893,1181.0,2378.376,,,2.0,2.0,48925580,"2364 Fairview Avenue E #1, Seattle, WA 98102",Seattle,WA,98102,TOWNHOUSE,FOR_SALE,11,https://www.zillow.com/homedetails/2364-Fairview-Ave-E-UNIT-1-Seattle-WA-98102/48925580_zpid/,,8728d5428ffffff,9,,,,,30.0,0.2052884881900859,6.184804928131417,69,0.9272375462179537,0.374473674486883,1.0,6.123233995736766e-17,1,955152.2111111112,592463.3251330004,-0.4444444444444444,740.8975444538527,3,2026,11,13.681979165339751,8928d542863ffff,"[9, 9, 9, 231, 231, 231, 9]",9,-1.0033494845838233,-0.2822779927924166,-1.5526299041494542,2.8813281823503942,1.2868691995948212,0.7662792626043098,1.4576488146837816,0.203319546889736,,,-0.10554836035304363,13.756828,943006.4,13.681979,875000.0,0.3082075,0.048836328,0.012475185,0.4876067,0.025027145,0.09449324,0.26621331658915354,251040.85465346504,559640.6764616243,1588985.6404329387,68006.375,7.772157142857143
2026-03-10,819950.0,335,47.61134,-122.303055,1603.0,2369.664,,,5.0,2.0,49025582,"943 23rd Avenue, Seattle, WA 98122",Seattle,WA,98122,SINGLE_FAMILY,FOR_SALE,10,https://www.zillow.com/homedetails/943-23rd-Ave-Seattle-WA-98122/49025582_zpid/,804600.0,8728d5421ffffff,9,,,,,30.0,0.2052884881900859,6.184804928131417,69,0.9272375462179537,0.374473674486883,1.0,6.123233995736766e-17,1,953874.4333333332,592762.0694677471,0.0249375,511.5096693699314,3,2026,11,13.616998641771591,8928d54210fffff,"[9, 9, 9, 9, 9, 9, 9]",9,-0.55889646969589,-0.2824716808595234,1.6890974203492484,2.8813281823503942,1.2868691995948212,0.7662792626043098,1.4576488146837816,0.203319546889736,,,-0.22600161101725533,13.715241,904593.94,13.616999,819950.0,0.21100286,0.059717014,0.015641768,0.5455576,0.030852668,0.11055672,0.26350937761968546,238368.98546916564,539696.947167857,1516203.1077889274,84643.9375,10.323060857369352
2026-03-10,399950.0,350,47.550007,-122.38342,778.0,4399.56,,,2.0,1.0,63925322,"5907 40th Avenue SW #B, Seattle, WA 98136",Seattle,WA,98136,TOWNHOUSE,FOR_SALE,10,https://www.zillow.com/homedetails/5907-40th-Ave-SW-UNIT-B-Seattle-WA-98136/63925322_zpid/,395400.0,8728d5573ffffff,14,,,,,8.0,-0.1050209842432818,6.184804928131417,69,0.9272375462179537,0.374473674486883,1.0,6.123233995736766e-17,1,792478.75,389192.29194533016,0.0,514.0745501285347,3,2026,11,12.899094818276968,8928d557303ffff,"[14, 14, 14, 14, 14, 14, 14]",14,-1.4277915817398354,-0.23734236122364533,-1.5526299041494542,2.8813281823503942,1.2868691995948212,0.7662792626043098,1.4576488146837816,0.203319546889736,,,-1.5567672690299856,13.442247,688484.0,12.899095,399949.9,0.2872265,0.05623067,0.01377818,0.45401272,0.045451388,0.11890328,0.2712926536360788,186780.65134598207,404543.19244537485,1171717.2806139172,288534.0,72.14251781472683
2026-03-10,3094000.0,358,47.607758,-122.28779,3520.0,0.292,,,4.0,4.0,48667988,"632 35th Avenue, Seattle, WA 98122",Seattle,WA,98122,SINGLE_FAMILY,FOR_SALE,11,https://www.zillow.com/homedetails/632-35th-Ave-Seattle-WA-98122/48667988_zpid/,2970800.0,8728d5421ffffff,9,,,,,30.0,0.2052884881900859,6.184804928131417,69,0.9272375462179537,0.374473674486883,1.0,6.123233995736766e-17,1,959524.9888888889,589736.9103986351,3.4843829262990074,878.9772727272727,3,2026,11,14.944975310115149,8928d54215bffff,"[9, 59, 7, 9, 9, 9, 59]",9,1.460099808835314,-0.3351483432719326,0.6085216455163474,2.8813281823503942,1.2868691995948212,0.7662792626043098,1.4576488146837816,0.203319546889736,,,2.235645321396671,14.277482,1.5872e+06,14.944975,3.0939988e+06,0.08389467,0.046677478,0.013163052,0.73459774,0.02937139,0.07678318,0.2644464466625462,419729.4001427933,945214.3416495742,2665219.745377782,-1506800.0,-48.70071105365223
2026-03-10,700000.0,357,47.637077,-122.32921,830.0,1.0,,,1.0,2.0,460748612,"2012 Fairview Avenue E #B, Seattle, WA 98102",Seattle,WA,98102,TOWNHOUSE,FOR_SALE,11,https://www.zillow.com/homedetails/2012-Fairview-Ave-E-B-Seattle-WA-98102/460748612_zpid/,694200.0,8728d5428ffffff,9,,,,,30.0,0.2052884881900859,6.184804928131417,69,0.9272375462179537,0.374473674486883,1.0,6.123233995736766e-17,1,939591.6555555556,545435.1499618158,-0.5882352941176471,843.3734939759037,3,2026,11,13.458835614025542,8928d54280bffff,"[9, 9, 9, 9, 231, 231, 231]",9,-1.3730248595261565,-0.3351326027816305,-2.633205678982355,2.8813281823503942,1.2868691995948212,0.7662792626043098,1.4576488146837816,0.203319546889736,,,-0.5191856264849387,13.373716,642881.94,13.458836,700000.0,0.27476978,0.045062877,0.011385263,0.5367239,0.020717554,0.08846067,0.26693033477862776,171604.69080000784,380991.7110904259,1084793.0728884796,-57118.0625,-8.159723214285714
2026-03-10,1295000.0,354,47.719715,-122.305084,1583.0,2134.44,,,3.0,2.0,439254881,"2218 NE 125th Street, Seattle, WA 98125",Seattle,WA,98125,TOWNHOUSE,FOR_SALE,11,https://www.zillow.com/homedetails/2218-NE-125th-St-Seattle-WA-98125/439254881_zpid/,,8728d54e5ffffff,9,,,,,30.0,0.2052884881900859,6.184804928131417,69,0.9272375462179537,0.374473674486883,1.0,6.123233995736766e-17,1,943369.4333333332,542980.2175324588,1.7007299270072993,818.0669614655717,3,2026,11,14.074021253115776,8928d54e5d3ffff,"[9, 9, 9, 9, 9, 9, 9]",9,-0.579960593624228,-0.2877012586714063,-0.47205412931655344,2.8813281823503942,1.2868691995948212,0.7662792626043098,1.4576488146837816,0.203319546889736,,,0.6211731444417465,13.696483,887783.06,14.074021,1.2950001e+06,0.17424586,0.0486385,0.012756168,0.6284892,0.023972623,0.08982308,0.26313697768419975,233608.551905473,530054.0079479207,1486940.38618278,-407216.9375,-31.445323359073356
2026-03-10,1485000.0,326,47.660915,-122.41557,1994.0,0.4636,,,3.0,3.0,241742605,"4405 Montana Circle W, Seattle, WA 98199",Seattle,WA,98199,SINGLE_FAMILY,FOR_SALE,10,https://www.zillow.com/homedetails/4405-Montana-Cir-W-Seattle-WA-98199/241742605_zpid/,1436800.0,8728d5475ffffff,9,,,,,30.0,0.2052884881900859,6.184804928131417,69,0.9272375462179537,0.374473674486883,1.0,6.123233995736766e-17,1,948377.7666666668,601827.4598974797,0.2981336596879234,744.7342026078235,3,2026,11,14.210925330218936,8928d54750fffff,,9,-0.14709284689688068,-0.33514452820394414,-0.47205412931655344,2.8813281823503942,1.2868691995948212,0.7662792626043098,1.4576488146837816,0.203319546889736,,,0.874949817985508,13.432843,682039.75,14.210925,1.4849996e+06,0.42080355,0.03377204,0.009187528,0.4478978,0.01361629,0.059315983,0.2667797059742602,181954.36396775793,404317.19483005756,1150527.892559617,-802960.25,-54.07139730639731
2026-03-10,699000.0,352,47.690914,-122.30247,890.0,6730.02,,,2.0,1.0,48946124,"2337 NE 86th Street, Seattle, WA 98115",Seattle,WA,98115,SINGLE_FAMILY,FOR_SALE,10,https://www.zillow.com/homedetails/2337-NE-86th-St-Seattle-WA-98115/48946124_zpid/,678600.0,8728d5408ffffff,9,,,,,30.0,0.2052884881900859,6.184804928131417,69,0.9272375462179537,0.374473674486883,1.0,6.123233995736766e-17,1,947313.8777777776,546839.0413386928,-0.6503251625812907,785.3932584269663,3,2026,11,13.457406021215947,8928d540847ffff,"[9, 9, 9, 9, 9, 9, 9]",9,-1.3098324877411422,-0.1855308032725836,-1.5526299041494542,2.8813281823503942,1.2868691995948212,0.7662792626043098,1.4576488146837816,0.203319546889736,,,-0.5218356374664799,13.582947,792499.2,13.457406,699000.0,0.26930404,0.06945178,0.016403276,0.39657983,0.06540031,0.15375045,0.2674538619167023,211956.96826272376,469177.8600186031,1338628.7762628514,93499.1875,13.376135550786838
2026-03-10,850000.0,336,47.635525,-122.32413,1550.0,1093.356,,,3.0,3.0,63336163,"1820 Franklin Avenue E, Seattle, WA 98102",Seattle,WA,98102,TOWNHOUSE,FOR_SALE,10,https://www.zillow.com/homedetails/1820-Franklin-Ave-E-Seattle-WA-98102/63336163_zpid/,831200.0,8728d5428ffffff,9,,,,,30.0,0.2052884881900859,6.184804928131417,69,0.9272375462179537,0.374473674486883,1.0,6.123233995736766e-17,1,946246.6555555556,538000.7507669284,0.3493134375744107,548.3870967741935,3,2026,11,13.652991628466498,8928d542857ffff,"[9, 9, 9, 9, 9, 231, 231]",9,-0.6147163981059859,-0.31084698269066563,-0.47205412931655344,2.8813281823503942,1.2868691995948212,0.7662792626043098,1.4576488146837816,0.203319546889736,,,-0.15928204628540574,13.654779,851521.0,13.652991,849999.7,0.20599853,0.045145974,0.011878347,0.6128064,0.020308025,0.0828402,0.26324276672601193,224156.7439653004,508298.2250124463,1426501.1516872267,1521.0,0.17894117647058821
2026-03-10,2695000.0,347,47.664165,-122.294556,3377.0,3602.412,,,6.0,5.0,48799128,"3032 NE Blakeley Street, Seattle, WA 98105",Seattle,WA,98105,SINGLE_FAMILY,FOR_SALE,10,https://www.zillow.com/homedetails/3032-NE-Blakeley-St-Seattle-WA-98105/48799128_zpid/,2637500.0,8728d540cffffff,9,,,,,30.0,0.2052884881900859,6.184804928131417,69,0.9272375462179537,0.374473674486883,1.0,6.123233995736766e-17,1,940657.7666666668,541612.3434446416,-0.2014814814814814,798.0456026058632,3,2026,11,14.806908762325234,8928d540ccbffff,"[9, 59, 59, 9, 231, 231, 231]",9,1.309491322747697,-0.25506481936391506,2.769673195182149,2.8813281823503942,1.2868691995948212,0.7662792626043098,1.4576488146837816,0.203319546889736,,,1.9797137964400158,14.223321,1.5035221e+06,14.806909,2.6949995e+06,0.25189292,0.055826582,0.015503825,0.5267637,0.03577901,0.09484476,0.26775941218108534,402582.2003912563,889586.9324459058,2541155.3781876927,-1191477.875,-44.21068181818182
2026-03-10,560000.0,342,47.61207,-122.31491,818.0,457.38,,,2.0,2.0,2086242566,"1116 13th Avenue #C, Seattle, WA 98122",Seattle,WA,98122,TOWNHOUSE,FOR_SALE,10,https://www.zillow.com/homedetails/1116-13th-Ave-C-Seattle-WA-98122/2086242566_zpid/,555800.0,8728d5421ffffff,9,,,,,30.0,0.2052884881900859,6.184804928131417,69,0.9272375462179537,0.374473674486883,1.0,6.123233995736766e-17,1,919628.8777777776,512843.0642856822,-0.775999551999104,684.5965770171149,3,2026,11,13.235692062711331,8928d542127ffff,"[9, 9, 9, 9, 231, 231, 9]",9,-1.3856633338831592,-0.32498621158946006,-1.5526299041494542,2.8813281823503942,1.2868691995948212,0.7662792626043098,1.4576488146837816,0.203319546889736,,,-0.9328228926168372,13.380255,647099.1,13.235692,560000.0,0.24340653,0.047495116,0.012030972,0.5577407,0.022204578,0.09316012,0.2639823575317026,170822.75257420194,385713.1836537813,1085618.21515593,87099.125,15.553415178571427
2026-03-10,874950.0,341,47.66556,-122.32321,1920.0,3598.056,,,4.0,2.0,49144019,"5019 5th Avenue NE, Seattle, WA 98105",Seattle,WA,98105,SINGLE_FAMILY,FOR_SALE,10,https://www.zillow.com/homedetails/5019-5th-Ave-NE-Seattle-WA-98105/49144019_zpid/,,8728d540cffffff,9,,,,,30.0,0.2052884881900859,6.184804928131417,69,0.9272375462179537,0.374473674486883,1.0,6.123233995736766e-17,1,937851.1,528808.7694180139,-0.4412656853667103,455.703125,3,2026,11,13.681922020849893,8928d540ca7ffff,"[9, 9, 9, 9, 9, 9, 9]",9,-0.22503010543173155,-0.25516166339746843,0.6085216455163474,2.8813281823503942,1.2868691995948212,0.7662792626043098,1.4576488146837816,0.203319546889736,,,-0.10565428808620135,13.824011,1.0085365e+06,13.681922,874949.94,0.17946908,0.054236554,0.014279242,0.5975245,0.032057073,0.09988968,0.265004877753474,267267.09189241653,599949.8147412755,1695384.9961822531,133586.5,15.267901022915595
2026-03-10,1149000.0,340,47.563583,-122.27055,1552.0,1585.584,,,3.0,2.0,460753203,"4408 B 50th Avenue S, Seattle, WA 98118",Seattle,WA,98118,TOWNHOUSE,FOR_SALE,10,https://www.zillow.com/homedetails/4408-B-50th-Ave-S-Seattle-WA-98118/460753203_zpid/,1146700.0,8728d550affffff,38,,,,,28.0,0.3883486875705653,6.184804928131417,69,0.9272375462179537,0.374473674486883,1.0,6.123233995736766e-17,1,807312.95,392262.0114265734,0.0,740.3350515463917,3,2026,11,13.954402556830892,8928d550a73ffff,"[38, 231, 231, 38, 38, 38, 38]",38,-0.6126099857131521,-0.2999036068991329,-0.47205412931655344,2.8813281823503942,1.2868691995948212,0.7662792626043098,1.4576488146837816,0.203319546889736,,,0.3994380765084169,13.291855,592351.1,13.954403,1.1490004e+06,0.19600147,0.05415146,0.014079815,0.58292544,0.022607062,0.1030029,0.2671133273126561,158224.87993614507,350919.7124644502,999886.42841671,-556648.875,-48.4463772845953
2026-03-10,715000.0,130,47.55217,-122.28277,720.0,4325.508,,,2.0,1.0,48863224,"3912 S Findlay Street, Seattle, WA 98118",Seattle,WA,98118,SINGLE_FAMILY,FOR_SALE,4,https://www.zillow.com/homedetails/3912-S-Findlay-St-Seattle-WA-98118/48863224_zpid/,,8728d550affffff,38,,,,,13.0,-1.3062637672828106,6.184804928131417,69,0.9272375462179537,0.374473674486883,1.0,6.123233995736766e-17,1,801521.6440677966,393033.53363381285,0.0,993.0555555555555,3,2026,11,13.480037821676145,8928d55084bffff,"[38, 38, 38, 38, 38, 38, 38]",38,-1.4888775411320159,-0.2389887097940529,-1.5526299041494542,2.8813281823503942,1.2868691995948212,0.7662792626043098,1.4576488146837816,0.203319546889736,,,-0.47988346804520354,13.10527,491526.12,13.480038,714999.9,0.2318807,0.07987198,0.019584239,0.42200863,0.03729029,0.16575584,0.2722922796943941,133838.76910560174,288248.29339494713,838159.1299202618,-223473.875,-31.25508741258741
2026-03-10,1025000.0,74,47.68309,-122.34592,1620.0,6120.18,,,2.0,2.0,48868637,"909 N 75th Street, Seattle, WA 98103",Seattle,WA,98103,SINGLE_FAMILY,FOR_SALE,4,https://www.zillow.com/homedetails/909-N-75th-St-Seattle-WA-98103/48868637_zpid/,1003800.0,8728d540dffffff,9,,,,,30.0,0.2052884881900859,6.184804928131417,69,0.9272375462179537,0.374473674486883,1.0,6.123233995736766e-17,1,965118.3222222222,599856.7805424745,-0.5543478260869565,632.716049382716,3,2026,11,13.840203170554645,8928d540d2fffff,"[9, 231, 9, 9, 9, 9, 9]",9,-0.5409919643568026,-0.19908896797005768,-1.5526299041494542,2.8813281823503942,1.2868691995948212,0.7662792626043098,1.4576488146837816,0.203319546889736,,,0.1877486879733539,13.799336,983956.0,13.840203,1.0250001e+06,0.2587605,0.060441133,0.015086732,0.471212,0.047807407,0.12217554,0.2679462793593503,263647.34925330884,581962.7526988384,1663627.7059982524,-41044.0,-4.004292682926829
2026-03-10,950000.0,73,47.54211,-122.27106,2690.0,5248.98,,,4.0,3.0,241739177,"4837 S Holly Street, Seattle, WA 98118",Seattle,WA,98118,SINGLE_FAMILY,FOR_SALE,4,https://www.zillow.com/homedetails/4837-S-Holly-St-Seattle-WA-98118/241739177_zpid/,938200.0,8728d550effffff,9,,,,,30.0,0.2052884881900859,6.184804928131417,69,0.9272375462179537,0.374473674486883,1.0,6.123233995736766e-17,1,966507.2111111112,600141.6293125678,0.4615384615384614,353.1598513011152,3,2026,11,13.764217263576723,8928d550e0fffff,"[9, 9, 9, 9, 9, 9, 9]",9,0.5859386658092842,-0.218457774680735,0.6085216455163474,2.8813281823503942,1.2868691995948212,0.7662792626043098,1.4576488146837816,0.203319546889736,,,0.04689495215267397,14.064031,1.2821266e+06,13.764217,950000.1,0.14927927,0.053732608,0.014279949,0.62446237,0.04172463,0.098163545,0.2640581462160647,338555.97981175955,764117.3689993502,2151303.7547156624,332126.625,34.96069736842105
2026-03-10,2275000.0,72,47.68303,-122.380104,3315.0,3841.992,,,4.0,5.0,48714549,"7506 18th Avenue NW, Seattle, WA 98117",Seattle,WA,98117,SINGLE_FAMILY,FOR_SALE,4,https://www.zillow.com/homedetails/7506-18th-Ave-NW-Seattle-WA-98117/48714549_zpid/,2235800.0,8728d5472ffffff,9,,,,,30.0,0.2052884881900859,6.184804928131417,69,0.9272375462179537,0.374473674486883,1.0,6.123233995736766e-17,1,970951.6555555556,601497.608961169,0.6308243727598566,686.2745098039215,3,2026,11,14.637490610367188,8928d5473dbffff,"[9, 9, 9, 9, 9, 9, 9]",9,1.244192538569849,-0.2497383975184788,0.6085216455163474,2.8813281823503942,1.2868691995948212,0.7662792626043098,1.4576488146837816,0.203319546889736,,,1.665666355694718,14.271967,1.5784705e+06,14.63749,2.2749992e+06,0.13408546,0.052765142,0.014209372,0.64622164,0.04193399,0.093983345,0.2720173568045782,429371.373204001,926169.8451215671,2690186.1597218458,-696529.5,-30.616681318681323
2026-03-10,2450000.0,71,47.6594,-122.276054,3764.0,10001.376,,,4.0,4.0,49047668,"4812 NE 42nd Street, Seattle, WA 98105",Seattle,WA,98105,SINGLE_FAMILY,FOR_SALE,4,https://www.zillow.com/homedetails/4812-NE-42nd-St-Seattle-WA-98105/49047668_zpid/,,8728d5401ffffff,59,,,,,16.0,-1.354852936604232,6.184804928131417,69,0.9272375462179537,0.374473674486883,1.0,6.123233995736766e-17,1,1546798.611111111,1363574.0227639931,0.0,650.9032943676939,3,2026,11,14.71159858252091,8928d54011bffff,"[59, 59, 59, 59, 59, 59, 59]",59,1.7170821207610387,-0.11280093407399037,0.6085216455163474,2.8813281823503942,1.2868691995948212,0.7662792626043098,1.4576488146837816,0.203319546889736,,,1.803038996847501,14.3307085,1.6739699e+06,14.711598,2.4499995e+06,0.13121784,0.07035583,0.017348556,0.5147234,0.091566585,0.15479183,0.27025833263061594,452404.3072913806,985596.3532924091,2843126.360073838,-776030.125,-31.674698979591838
2026-03-10,795000.0,70,47.68052,-122.3754,1123.0,4935.348,,,2.0,2.0,460902943,"7030 Mary Avenue NW #C, Seattle, WA 98117",Seattle,WA,98117,TOWNHOUSE,FOR_SALE,4,https://www.zillow.com/homedetails/7030-Mary-Ave-NW-UNIT-C-Seattle-WA-98117/460902943_zpid/,,8728d5472ffffff,9,,,,,30.0,0.2052884881900859,6.184804928131417,69,0.9272375462179537,0.374473674486883,1.0,6.123233995736766e-17,1,956783.8777777776,585233.7940362879,0.0258064516129032,707.9252003561887,3,2026,11,13.58609739363647,8928d5472a3ffff,"[9, 9, 9, 9, 9, 9, 9]",9,-1.0644354439760038,-0.2254305450965788,-1.5526299041494542,2.8813281823503942,1.2868691995948212,0.7662792626043098,1.4576488146837816,0.203319546889736,,,-0.2832827097691378,13.694114,885682.44,13.586098,795000.25,0.23736177,0.062088247,0.0151150245,0.47820467,0.049385443,0.13083392,0.26794095775253574,237310.60056835038,523844.1284120902,1497455.674068275,90682.4375,11.406595911949685
2026-03-10,1020000.0,69,47.589184,-122.38651,1920.0,1250.172,,,4.0,3.0,84758478,"1601 California Avenue SW, Seattle, WA 98116",Seattle,WA,98116,TOWNHOUSE,FOR_SALE,4,https://www.zillow.com/homedetails/1601-California-Ave-SW-Seattle-WA-98116/84758478_zpid/,1004200.0,8728d5551ffffff,9,,,,,30.0,0.2052884881900859,6.184804928131417,69,0.9272375462179537,0.374473674486883,1.0,6.123233995736766e-17,1,963494.9888888889,586818.7171237404,0.3333333333333332,531.25,3,2026,11,13.835313185260453,8928d555103ffff,"[9, 9, 231, 9, 9, 9, 9]",9,-0.22503010543173155,-0.3073605974827437,0.6085216455163474,2.8813281823503942,1.2868691995948212,0.7662792626043098,1.4576488146837816,0.203319546889736,,,0.1786842084640787,13.812563,997056.75,13.835313,1.0199996e+06,0.18213707,0.048395507,0.0129418615,0.62541556,0.023830954,0.08637587,0.26561634806156564,264834.5727451334,592410.3901523196,1678097.0225771621,-22943.25,-2.2493382352941174
2026-03-10,759000.0,348,47.67837,-122.37577,1340.0,1089.0,,,2.0,2.0,2071018653,"6716 Mary Avenue NW #C, Seattle, WA 98117",Seattle,WA,98117,TOWNHOUSE,FOR_SALE,10,https://www.zillow.com/homedetails/6716-Mary-Ave-NW-C-Seattle-WA-98117/2071018653_zpid/,747100.0,8728d5472ffffff,9,,,,,30.0,0.2052884881900859,6.184804928131417,69,0.9272375462179537,0.374473674486883,1.0,6.123233995736766e-17,1,943124.9888888889,538265.9617604464,0.2244147329840229,566.4179104477612,3,2026,11,13.539757056377766,8928d5472a3ffff,"[9, 9, 9, 9, 9, 9, 9]",9,-0.8358896993535356,-0.310943826724219,-1.5526299041494542,2.8813281823503942,1.2868691995948212,0.7662792626043098,1.4576488146837816,0.203319546889736,,,-0.3691829757747167,13.553341,769380.5,13.539757,758999.8,0.18236402,0.047937308,0.0123601565,0.6205588,0.022941848,0.09096205,0.2637012930896113,202886.6327279317,458853.5511284259,1290055.0454524779,10380.5,1.367654808959157
2026-03-10,664950.0,384,47.69527,-122.37361,1440.0,801.504,,,2.0,2.0,2069397990,"9032 14th Avenue NW #D, Seattle, WA 98117",Seattle,WA,98117,TOWNHOUSE,FOR_SALE,11,https://www.zillow.com/homedetails/9032-14th-Ave-NW-UNIT-D-Seattle-WA-98117/2069397990_zpid/,660000.0,8728d5454ffffff,9,,,,,30.0,0.2052884881900859,6.184804928131417,69,0.9272375462179537,0.374473674486883,1.0,6.123233995736766e-17,1,974411.3222222222,792098.6438985259,-0.6145217391304347,461.7708333333333,3,2026,11,13.40746712884131,8928d545487ffff,"[9, 9, 9, 9, 9, 9, 9]",9,-0.7305690797118453,-0.3173355329387425,-1.5526299041494542,2.8813281823503942,1.2868691995948212,0.7662792626043098,1.4576488146837816,0.203319546889736,,,-0.6144064816331273,13.579268,789589.5,13.407467,664949.8,0.17345226,0.046503264,0.012090011,0.63767284,0.021410577,0.08686252,0.26445535352108174,208811.17035903418,470210.6019615205,1325898.5631280951,124639.5,18.74419129257839
2026-03-10,1029000.0,327,47.683052,-122.32719,1503.0,1354.716,,,2.0,3.0,460766754,"223 NE 75th Street, Seattle, WA 98115",Seattle,WA,98115,TOWNHOUSE,FOR_SALE,10,https://www.zillow.com/homedetails/223-NE-75th-St-Seattle-WA-98115/460766754_zpid/,1023200.0,8728d540dffffff,9,,,,,30.0,0.2052884881900859,6.184804928131417,69,0.9272375462179537,0.374473674486883,1.0,6.123233995736766e-17,1,952488.8777777776,601091.7902185787,0.7152858809801634,684.6307385229541,3,2026,11,13.844098014816186,8928d5408b7ffff,"[9, 9, 9, 9, 9, 231, 9]",9,-0.6642170893375803,-0.30503634067746244,-1.5526299041494542,2.8813281823503942,1.2868691995948212,0.7662792626043098,1.4576488146837816,0.203319546889736,,,0.19496849209883793,13.642813,841391.8,13.844098,1.02900006e+06,0.18983123,0.046659432,0.0121492455,0.6202662,0.022469241,0.08697363,0.2622274170076826,220636.00168328738,503252.33913395175,1406730.0649763856,-187608.1875,-18.232088192419827
2026-03-10,599999.0,324,47.574055,-122.29362,1190.0,853.776,,,2.0,2.0,2072089283,"3307 Wetmore Avenue S #A, Seattle, WA 98144",Seattle,WA,98144,TOWNHOUSE,FOR_SALE,9,https://www.zillow.com/homedetails/3307-Wetmore-Ave-S-A-Seattle-WA-98144/2072089283_zpid/,595000.0,8728d550bffffff,38,,,,,27.0,0.2753745239136736,6.184804928131417,69,0.9272375462179537,0.374473674486883,1.0,6.123233995736766e-17,1,778750.3846153846,396622.6344310047,0.0,504.20084033613443,3,2026,11,13.304683267530228,8928d550b7bffff,"[38, 38, 43, 38, 38, 38, 38]",38,-0.9938706288160711,-0.3161734045361019,-1.5526299041494542,2.8813281823503942,1.2868691995948212,0.7662792626043098,1.4576488146837816,0.203319546889736,,,-0.8049351128429528,13.227909,555658.44,13.304684,599999.25,0.07926572,0.06408262,0.016013049,0.65039814,0.02720014,0.12862335,0.2658672352952251,147731.37254658964,329987.25350562,935661.3358496706,-44340.5625,-7.390106066843445
2026-03-10,1149000.0,382,47.67651,-122.286736,1800.0,6098.4,,,5.0,2.0,48820251,"6522 38th Avenue NE, Seattle, WA 98115",Seattle,WA,98115,SINGLE_FAMILY,FOR_SALE,11,https://www.zillow.com/homedetails/6522-38th-Ave-NE-Seattle-WA-98115/48820251_zpid/,1121600.0,8728d540effffff,59,,,,,30.0,0.4733823513436473,6.184804928131417,69,0.9272375462179537,0.374473674486883,1.0,6.123233995736766e-17,1,1402858.0555555555,1271269.2665731988,0.0,638.3333333333334,3,2026,11,13.954402556830892,8928d540e17ffff,"[59, 59, 59, 59, 59, 59, 59]",59,-0.35141484900175995,-0.19957318813782463,1.6890974203492484,2.8813281823503942,1.2868691995948212,0.7662792626043098,1.4576488146837816,0.203319546889736,,,0.3994380765084169,13.724174,912710.06,13.954403,1.1490004e+06,0.16616055,0.07409367,0.01881964,0.50500596,0.05388274,0.14998145,0.26745283296553574,244106.89189177618,540346.5614902789,1541676.6230739877,-236289.9375,-20.56483355091384
2026-03-10,674999.0,381,47.703094,-122.34011,1130.0,910.404,,,4.0,2.0,2055255966,"1405 N 103rd Street, Seattle, WA 98133",Seattle,WA,98133,TOWNHOUSE,FOR_SALE,11,https://www.zillow.com/homedetails/1405-N-103rd-St-Seattle-WA-98133/2055255966_zpid/,,8728d5409ffffff,9,,,,,30.0,0.2052884881900859,6.184804928131417,69,0.9272375462179537,0.374473674486883,1.0,6.123233995736766e-17,1,973689.6555555556,793206.8318071328,-0.098799732977303,597.3442477876106,3,2026,11,13.422466488372088,8928d540967ffff,"[9, 9, 9, 9, 9, 9, 9]",9,-1.0570630006010853,-0.3149144320999078,0.6085216455163474,2.8813281823503942,1.2868691995948212,0.7662792626043098,1.4576488146837816,0.203319546889736,,,-0.586602433371369,13.588633,797018.06,13.422466,674998.9,0.20250161,0.050868034,0.013005199,0.5843504,0.025753457,0.09888896,0.2642260099524722,210592.9025144251,474847.7969101491,1337771.279693561,122019.0625,18.07692492877767
2026-03-10,729950.0,380,47.670395,-122.37241,1046.0,984.456,,,2.0,3.0,460732389,"1136 B NW 57th Street, Seattle, WA 98107",Seattle,WA,98117,TOWNHOUSE,FOR_SALE,11,https://www.zillow.com/homedetails/1136-B-Northwest-St-57-Seattle-WA-98117/460732389_zpid/,728800.0,8728d5476ffffff,9,,,,,30.0,0.2052884881900859,6.184804928131417,69,0.9272375462179537,0.374473674486883,1.0,6.123233995736766e-17,1,976189.6555555556,792609.2002833578,0.1869105691056911,697.848948374761,3,2026,11,13.500731317628127,8928d54762fffff,"[9, 9, 9, 9, 9, 231, 9]",9,-1.1455323211001052,-0.3132680835295003,-1.5526299041494542,2.8813281823503942,1.2868691995948212,0.7662792626043098,1.4576488146837816,0.203319546889736,,,-0.44152429951052247,13.444665,690150.5,13.500731,729950.1,0.21498492,0.048692115,0.012382537,0.5814973,0.023696262,0.09479046,0.2637361648877406,182017.64606535662,411573.1600346018,1157285.6200384714,-39799.5,-5.452359750667854
2026-03-10,949880.0,379,47.67075,-122.37198,1695.0,1406.988,,,3.0,3.0,460733180,"1127 NW 58th Street #A, Seattle, WA 98107",Seattle,WA,98107,TOWNHOUSE,FOR_SALE,11,https://www.zillow.com/homedetails/1127-NW-58th-St-A-Seattle-WA-98107/460733180_zpid/,948000.0,8728d5476ffffff,9,,,,,30.0,0.2052884881900859,6.184804928131417,69,0.9272375462179537,0.374473674486883,1.0,6.123233995736766e-17,1,978912.4333333332,792174.5911856117,-0.7117207890743551,560.401179941003,3,2026,11,13.764090939808739,8928d54762fffff,"[9, 9, 9, 9, 9, 231, 9]",9,-0.46200149962553483,-0.3038742122748218,-0.47205412931655344,2.8813281823503942,1.2868691995948212,0.7662792626043098,1.4576488146837816,0.203319546889736,,,0.04666078801156867,13.702893,893492.56,13.764091,949879.6,0.1787909,0.04584595,0.0121470615,0.6380428,0.021434471,0.08307077,0.26349391119746307,235429.8499189687,533089.8116944593,1497550.4877403786,-56387.4375,-5.936269581420811
2026-03-10,800000.0,378,47.54344,-122.3769,1613.0,727.452,,,2.0,3.0,460733233,"6543 35th Avenue SW #B, Seattle, WA 98126",Seattle,WA,98126,TOWNHOUSE,FOR_SALE,11,https://www.zillow.com/homedetails/6543-35th-Ave-SW-B-Seattle-WA-98126/460733233_zpid/,,8728d5573ffffff,14,,,,,9.0,0.1050209842432818,6.184804928131417,69,0.9272375462179537,0.374473674486883,1.0,6.123233995736766e-17,1,757088.9285714285,382470.41925929266,0.0,495.9702417854929,3,2026,11,13.592367006650065,8928d5573d7ffff,"[14, 14, 14, 14, 14, 14, 9]",14,-0.5483644077317209,-0.3189818815091501,-1.5526299041494542,2.8813281823503942,1.2868691995948212,0.7662792626043098,1.4576488146837816,0.203319546889736,,,-0.2716608386849193,13.392747,655233.5,13.592367,800000.1,0.1884346,0.0426238,0.01131727,0.6411999,0.019839754,0.077298716,0.26694070467710324,174908.49221804473,388303.7387517829,1105657.4645288186,-144766.5,-18.0958125
2026-03-10,789000.0,374,47.522366,-122.37498,1400.0,4068.504,,,3.0,1.0,48936514,"9014 34th Avenue SW, Seattle, WA 98126",Seattle,WA,98126,SINGLE_FAMILY,FOR_SALE,11,https://www.zillow.com/homedetails/9014-34th-Ave-SW-Seattle-WA-98126/48936514_zpid/,774200.0,8728d5570ffffff,9,,,,,30.0,0.2052884881900859,6.184804928131417,69,0.9272375462179537,0.374473674486883,1.0,6.123233995736766e-17,1,968823.7666666668,793282.9963205325,-0.1223581757508343,563.5714285714286,3,2026,11,13.578521599828012,8928d5570d7ffff,"[9, 9, 9, 9, 9, 9, 9]",9,-0.7726973275685214,-0.24470250777370273,-0.47205412931655344,2.8813281823503942,1.2868691995948212,0.7662792626043098,1.4576488146837816,0.203319546889736,,,-0.2973258251594504,13.66555,860742.1,13.578522,789000.1,0.20432821,0.055409297,0.014073323,0.5580646,0.034756757,0.108697444,0.2634844416312583,226792.15819412773,513559.27055597253,1442631.9373235428,71742.125,9.092791508238276
2026-03-10,925000.0,373,47.645557,-122.36116,1410.0,1058.508,,,3.0,2.0,305485584,"2833 3rd Avenue W, Seattle, WA 98119",Seattle,WA,98119,TOWNHOUSE,FOR_SALE,11,https://www.zillow.com/homedetails/2833-3rd-Ave-W-Seattle-WA-98119/305485584_zpid/,,8728d5429ffffff,9,,,,,30.0,0.2052884881900859,6.184804928131417,69,0.9272375462179537,0.374473674486883,1.0,6.123233995736766e-17,1,969112.6555555556,793221.5061323397,-0.4991878722252301,656.0283687943263,3,2026,11,13.737549016494562,8928d54290fffff,"[9, 9, 9, 9, 9, 9, 9]",9,-0.7621652656043524,-0.31162173495909273,-0.47205412931655344,2.8813281823503942,1.2868691995948212,0.7662792626043098,1.4576488146837816,0.203319546889736,,,-0.002539507192568479,13.560566,774959.44,13.737549,924999.8,0.17961392,0.047720477,0.012422631,0.6263479,0.0220115,0.089258224,0.26148901592677826,202643.38069504462,464189.1863304248,1293787.3688355992,-150040.5625,-16.220601351351352
2026-03-10,1050000.0,371,47.648796,-122.384285,1560.0,5998.212,,,3.0,3.0,48824893,"3206 22nd Avenue W, Seattle, WA 98199",Seattle,WA,98199,SINGLE_FAMILY,FOR_SALE,11,https://www.zillow.com/homedetails/3206-22nd-Ave-W-Seattle-WA-98199/48824893_zpid/,,8728d5474ffffff,9,,,,,30.0,0.2052884881900859,6.184804928131417,69,0.9272375462179537,0.374473674486883,1.0,6.123233995736766e-17,1,965779.3222222222,794038.8822217687,1.4137931034482758,673.0769230769231,3,2026,11,13.864300722133706,8928d54741bffff,"[9, 9, 9, 9, 9, 9, 9]",9,-0.6041843361418168,-0.20180060090955249,-0.47205412931655344,2.8813281823503942,1.2868691995948212,0.7662792626043098,1.4576488146837816,0.203319546889736,,,0.2324178943964408,13.662467,858092.4,13.864301,1.05e+06,0.210977,0.05961871,0.014998119,0.52643704,0.043929935,0.11913918,0.2640926482348685,226615.88774389788,511368.3302287759,1439906.2905230604,-191907.625,-18.27691666666667
2026-03-10,875000.0,370,47.563583,-122.27055,1540.0,775.368,,,3.0,2.0,460742007,"4408 D 50th Avenue S, Seattle, WA 98118",Seattle,WA,98118,TOWNHOUSE,FOR_SALE,11,https://www.zillow.com/homedetails/4408-D-50th-Ave-S-Seattle-WA-98118/460742007_zpid/,874000.0,8728d550affffff,38,,,,,30.0,0.6142970148843488,6.184804928131417,69,0.9272375462179537,0.374473674486883,1.0,6.123233995736766e-17,1,767683.6805555555,381023.1741960663,0.0,568.1818181818181,3,2026,11,13.681979165339751,8928d550a73ffff,"[38, 231, 231, 38, 38, 38, 38]",38,-0.6252484600701549,-0.3179165971400628,-0.47205412931655344,2.8813281823503942,1.2868691995948212,0.7662792626043098,1.4576488146837816,0.203319546889736,,,-0.10554836035304363,13.287276,589645.2,13.681979,875000.0,0.17512158,0.052906398,0.013734464,0.6091075,0.021487638,0.10076947,0.2670005767731076,157435.60515398718,349393.87187402806,995098.8903421273,-285354.8125,-32.61197857142857
2026-03-10,850000.0,369,47.552586,-122.30702,1652.0,3998.808,,,3.0,2.0,48953824,"5526 20th Avenue S, Seattle, WA 98108",Seattle,WA,98108,SINGLE_FAMILY,FOR_SALE,11,https://www.zillow.com/homedetails/5526-20th-Ave-S-Seattle-WA-98108/48953824_zpid/,831400.0,8728d5508ffffff,38,,,,,30.0,0.6142970148843488,6.184804928131417,69,0.9272375462179537,0.374473674486883,1.0,6.123233995736766e-17,1,766172.1830985915,383517.662244101,0.0,514.5278450363196,3,2026,11,13.652991628466498,8928d550823ffff,"[38, 38, 38, 38, 38, 38, 38]",38,-0.5072893660714617,-0.2462520123105569,-0.47205412931655344,2.8813281823503942,1.2868691995948212,0.7662792626043098,1.4576488146837816,0.203319546889736,,,-0.15928204628540574,13.336449,619364.1,13.652991,849999.7,0.1761401,0.06016492,0.015717607,0.5759543,0.029122835,0.11420091,0.2682455755299241,166141.68617321286,366109.351150554,1047807.0323500519,-230635.875,-27.133632352941177
2026-03-10,1375000.0,366,47.64054,-122.36734,1920.0,1799.028,,,3.0,2.0,49132111,"2430 8th Avenue W, Seattle, WA 98119",Seattle,WA,98119,SINGLE_FAMILY,FOR_SALE,11,https://www.zillow.com/homedetails/2430-8th-Ave-W-Seattle-WA-98119/49132111_zpid/,1327800.0,8728d5429ffffff,9,,,,,30.0,0.2052884881900859,6.184804928131417,69,0.9272375462179537,0.374473674486883,1.0,6.123233995736766e-17,1,960500.4333333332,791624.9392371952,3.0441176470588234,716.1458333333334,3,2026,11,14.133964289082808,8928d542917ffff,"[9, 9, 9, 9, 9, 9, 9]",9,-0.22503010543173155,-0.29515824925501705,-0.47205412931655344,2.8813281823503942,1.2868691995948212,0.7662792626043098,1.4576488146837816,0.203319546889736,,,0.7322884931713891,13.80244,987014.2,14.133965,1.3750004e+06,0.15408976,0.046380155,0.012393256,0.6610461,0.023366794,0.08286075,0.2642871200053488,260855.13701879437,587973.3686395544,1656872.6618549197,-387985.8125,-28.217150000000004
2026-03-10,789000.0,308,47.728584,-122.349365,2380.0,7348.572,,,4.0,3.0,48656752,"724 N 137th Street, Seattle, WA 98133",Seattle,WA,98133,SINGLE_FAMILY,FOR_SALE,8,https://www.zillow.com/homedetails/724-N-137th-St-Seattle-WA-98133/48656752_zpid/,781000.0,8728d5452ffffff,59,,,,,30.0,0.4733823513436473,6.184804928131417,69,0.9272375462179537,0.374473674486883,1.0,6.123233995736766e-17,1,1500680.2777777778,1390090.2900802903,0.0,331.5126050420168,3,2026,11,13.578521599828012,8928d545287ffff,"[59, 231, 59, 231, 59, 59, 231]",59,0.2594447449200441,-0.1717789505080027,0.6085216455163474,2.8813281823503942,1.2868691995948212,0.7662792626043098,1.4576488146837816,0.203319546889736,,,-0.2973258251594504,13.871797,1.0579002e+06,13.578522,789000.1,0.24456787,0.054528147,0.0141161475,0.51089054,0.04730236,0.10848485,0.26662798390927817,282065.81083462137,627316.0499419044,1784033.654248763,268900.25,34.08114702154626
2026-03-10,1560000.0,310,47.577538,-122.41283,2370.0,2090.88,,,3.0,3.0,48990774,"3028 63rd Avenue SW, Seattle, WA 98116",Seattle,WA,98116,TOWNHOUSE,FOR_SALE,8,https://www.zillow.com/homedetails/3028-63rd-Ave-SW-Seattle-WA-98116/48990774_zpid/,1520600.0,8728d5542ffffff,9,,,,,30.0,0.2052884881900859,6.184804928131417,69,0.9272375462179537,0.374473674486883,1.0,6.123233995736766e-17,1,958555.4333333332,790809.7093908163,1.4001846295868914,658.2278481012659,3,2026,11,14.26019637922572,8928d554203ffff,"[9, 9, 9, 231, 9, 9, 9]",9,0.24891268295587507,-0.2886696990069402,-0.47205412931655344,2.8813281823503942,1.2868691995948212,0.7662792626043098,1.4576488146837816,0.203319546889736,,,0.9662826926779923,13.997304,1.1993664e+06,14.260197,1.5600005e+06,0.14854804,0.043003794,0.011721397,0.6812468,0.02457147,0.07442139,0.2667766351981225,319962.9258922696,710995.7688045368,2023190.2752251716,-360633.625,-23.117540064102567
2026-03-10,549950.0,390,47.524513,-122.32151,1900.0,5998.212,,,2.0,1.0,49065275,"833 S Trenton Street, Seattle, WA 98108",Seattle,WA,98108,SINGLE_FAMILY,FOR_SALE,11,https://www.zillow.com/homedetails/833-S-Trenton-St-Seattle-WA-98108/49065275_zpid/,,8728d552bffffff,38,,,,,30.0,0.6142970148843488,6.184804928131417,69,0.9272375462179537,0.374473674486883,1.0,6.123233995736766e-17,1,767951.8115942029,388171.9496550949,0.0,289.44736842105266,3,2026,11,13.217582643985264,8928d552b6fffff,"[38, 38, 38, 38, 38, 38, 38]",38,-0.2460942293600696,-0.20180060090955249,-1.5526299041494542,2.8813281823503942,1.2868691995948212,0.7662792626043098,1.4576488146837816,0.203319546889736,,,-0.9663920027657601,13.389216,652924.25,13.217583,549950.06,0.23504001,0.059389684,0.015789881,0.52107,0.033064794,0.10991414,0.267654459162096,174758.08700756717,386394.3206404348,1103303.2174966722,102974.25,18.724293117556144
2026-03-10,1135000.0,387,47.653885,-122.35535,1642.0,1115.136,,,3.0,3.0,460730362,"3646 Greenwood Avenue N #B, Seattle, WA 98103",Seattle,WA,98103,SINGLE_FAMILY,FOR_SALE,11,https://www.zillow.com/homedetails/3646-Greenwood-Ave-N-B-Seattle-WA-98103/460730362_zpid/,1131700.0,8728d5476ffffff,9,,,,,30.0,0.2052884881900859,6.184804928131417,69,0.9272375462179537,0.374473674486883,1.0,6.123233995736766e-17,1,948083.2111111112,788994.0463307148,-0.2172413793103448,691.2302070645554,3,2026,11,13.94214320889764,8928d5476d3ffff,"[9, 9, 9, 9, 9, 9, 9]",9,-0.5178214280356307,-0.3103627625228987,-0.47205412931655344,2.8813281823503942,1.2868691995948212,0.7662792626043098,1.4576488146837816,0.203319546889736,,,0.37671313942730994,13.643054,841594.9,13.942143,1.1350002e+06,0.16446596,0.04616719,0.012212381,0.65117586,0.021039035,0.08385304,0.26231891327469675,220766.25302755425,503283.5150313062,1407321.8773770132,-293405.125,-25.8506718061674
2026-03-10,725000.0,388,47.731365,-122.304054,1370.0,6716.952,,,3.0,1.0,48991227,"14056 23rd Place NE, Seattle, WA 98125",Seattle,WA,98125,SINGLE_FAMILY,FOR_SALE,11,https://www.zillow.com/homedetails/14056-23rd-Pl-NE-Seattle-WA-98125/48991227_zpid/,705100.0,8728d54e5ffffff,9,,,,,30.0,0.2052884881900859,6.184804928131417,69,0.9272375462179537,0.374473674486883,1.0,6.123233995736766e-17,1,952694.3222222222,791308.0138776317,-0.0926157697121401,529.1970802919708,3,2026,11,13.493926933836812,8928d54e547ffff,"[9, 9, 9, 9, 9, 9, 9]",9,-0.8042935134610285,-0.18582133537324377,-0.47205412931655344,2.8813281823503942,1.2868691995948212,0.7662792626043098,1.4576488146837816,0.203319546889736,,,-0.45413746575518876,13.589225,797490.2,13.493927,725000.06,0.23407996,0.06401819,0.015751023,0.47462088,0.05191432,0.13286427,0.2668487421665917,212809.2534245744,472692.93977754476,1345462.4622389406,72490.1875,9.99864655172414
2026-03-10,3200000.0,406,47.644592,-122.40748,4952.0,9099.684,,,5.0,4.0,48702925,"2647 39th Avenue W, Seattle, WA 98199",Seattle,WA,98199,SINGLE_FAMILY,FOR_SALE,12,https://www.zillow.com/homedetails/2647-39th-Ave-W-Seattle-WA-98199/48702925_zpid/,3054700.0,8728d555bffffff,59,,,,,30.0,0.4733823513436473,6.184804928131417,69,0.9272375462179537,0.374473674486883,1.0,6.123233995736766e-17,1,1515913.611111111,1389715.7136960991,0.0,646.2035541195477,3,2026,11,14.978661367769956,8928d555b7bffff,"[59, 59, 9, 59, 59, 59, 59]",59,2.96829108210432,-0.13284764901954138,1.6890974203492484,2.8813281823503942,1.2868691995948212,0.7662792626043098,1.4576488146837816,0.203319546889736,,,2.29808857244754,14.5848875,2.158421e+06,14.978662,3.2000005e+06,0.13568702,0.076762,0.019013721,0.48219776,0.098033965,0.16663936,0.2601117165582486,561430.5913653715,1296356.947107476,3593748.8697802005,-1041579.0,-32.54934375
2026-03-10,839000.0,405,47.58911,-122.309235,1760.0,1542.024,,,3.0,3.0,80114020,"1530 18th Avenue S, Seattle, WA 98144",Seattle,WA,98144,TOWNHOUSE,FOR_SALE,12,https://www.zillow.com/homedetails/1530-18th-Ave-S-Seattle-WA-98144/80114020_zpid/,829800.0,8728d5425ffffff,9,,,,,30.0,0.2052884881900859,6.184804928131417,69,0.9272375462179537,0.374473674486883,1.0,6.123233995736766e-17,1,934447.1,603476.4401510212,-0.3419607843137254,476.70454545454544,3,2026,11,13.639965985449344,8928d542533ffff,"[9, 9, 9, 9, 9, 9, 9]",9,-0.3935430968584361,-0.3008720472346668,-0.47205412931655344,2.8813281823503942,1.2868691995948212,0.7662792626043098,1.4576488146837816,0.203319546889736,,,-0.18342745105060673,13.717161,906332.2,13.639966,839000.0,0.16067348,0.046570443,0.012373995,0.653497,0.022267807,0.083959006,0.26366238587362567,238965.70695031225,540571.8838289675,1519572.2745515504,67332.1875,8.02529052443385
2026-03-10,515000.0,403,47.529266,-122.321884,830.0,1267.596,,,2.0,2.0,353021451,"820 B S Rose Street, Seattle, WA 98108",Seattle,WA,98108,SINGLE_FAMILY,FOR_SALE,12,https://www.zillow.com/homedetails/820-B-S-Rose-St-Seattle-WA-98108/353021451_zpid/,512700.0,8728d550dffffff,38,,,,,30.0,0.6142970148843488,6.184804928131417,69,0.9272375462179537,0.374473674486883,1.0,6.123233995736766e-17,1,771157.7205882353,390136.67268630577,0.0,620.4819277108434,3,2026,11,13.151922179645874,8928d550dd7ffff,"[38, 38, 38, 38, 38, 38, 38]",38,-1.3730248595261565,-0.30697322134853017,-1.5526299041494542,2.8813281823503942,1.2868691995948212,0.7662792626043098,1.4576488146837816,0.203319546889736,,,-1.0881056476474458,13.162845,520655.9,13.151922,515000.03,0.15279466,0.07153192,0.01753359,0.5407059,0.029503424,0.14771423,0.2759828059816138,143692.07795777504,303130.4009778339,894277.0966332238,5655.90625,1.098234223300971
2026-03-10,759000.0,399,47.68314,-122.36801,860.0,2748.636,,,2.0,1.0,48672780,"865 NW 75th Street, Seattle, WA 98117",Seattle,WA,98117,SINGLE_FAMILY,FOR_SALE,12,https://www.zillow.com/homedetails/865-NW-75th-St-Seattle-WA-98117/48672780_zpid/,741900.0,8728d5472ffffff,9,,,,,30.0,0.2052884881900859,6.184804928131417,69,0.9272375462179537,0.374473674486883,1.0,6.123233995736766e-17,1,923590.9888888889,600860.016106062,0.2241935483870967,882.5581395348837,3,2026,11,13.539757056377766,8928d547207ffff,"[9, 9, 9, 9, 9, 9, 9]",9,-1.3414286736336494,-0.2740462499403788,-1.5526299041494542,2.8813281823503942,1.2868691995948212,0.7662792626043098,1.4576488146837816,0.203319546889736,,,-0.3691829757747167,13.614968,818286.94,13.539757,758999.8,0.2218712,0.05548633,0.013766206,0.5346408,0.034887288,0.11313243,0.2663543632857825,217954.2962228854,485489.89253512473,1379211.9618731819,59286.9375,7.8111907114624515
2026-03-10,525000.0,398,47.542202,-122.32296,1061.0,413.82,,,2.0,2.0,460742579,"6714 Corson Avenue S #C, Seattle, WA 98108",Seattle,WA,98108,TOWNHOUSE,FOR_SALE,11,https://www.zillow.com/homedetails/6714-Corson-Ave-S-C-Seattle-WA-98108/460742579_zpid/,523700.0,8728d550dffffff,38,,,,,30.0,0.6142970148843488,6.184804928131417,69,0.9272375462179537,0.374473674486883,1.0,6.123233995736766e-17,1,774980.9701492537,391795.5487511068,0.0,494.8162111215834,3,2026,11,13.17115354157376,8928d550d63ffff,"[38, 38, 38, 38, 231, 231, 38]",38,-1.1297342281538516,-0.3259546519249939,-1.5526299041494542,2.8813281823503942,1.2868691995948212,0.7662792626043098,1.4576488146837816,0.203319546889736,,,-1.0524568111697887,13.178464,528852.0,13.171153,524999.75,0.19768736,0.061308414,0.015250431,0.5441861,0.023721289,0.12379801,0.2761160551576836,146024.5280022513,307821.8445273149,908591.978599933,3852.0,0.7337142857142858
2026-03-10,1400000.0,397,47.659313,-122.35134,3090.0,5000.688,,,5.0,3.0,48973287,"4309 Evanston Avenue N, Seattle, WA 98103",Seattle,WA,98103,SINGLE_FAMILY,FOR_SALE,11,https://www.zillow.com/homedetails/4309-Evanston-Ave-N-Seattle-WA-98103/48973287_zpid/,1348800.0,8728d5476ffffff,9,,,,,30.0,0.2052884881900859,6.184804928131417,69,0.9272375462179537,0.374473674486883,1.0,6.123233995736766e-17,1,919823.7666666668,602962.7443199111,3.4444444444444446,453.0744336569579,3,2026,11,14.151982794585487,8928d5476cbffff,"[9, 9, 9, 9, 9, 9, 9]",9,1.0072211443760457,-0.223977884593278,1.6890974203492484,2.8813281823503942,1.2868691995948212,0.7662792626043098,1.4576488146837816,0.203319546889736,,,0.7656890790812908,14.166051,1.4198345e+06,14.151983,1.4000006e+06,0.1513972,0.05930787,0.016089918,0.60848355,0.04181883,0.10301454,0.2671430865096765,379298.9706629233,841087.0668749963,2396815.071613861,19834.5,1.41675
2026-03-10,850000.0,392,47.56366,-122.382416,1632.0,4312.44,,,2.0,1.0,48697856,"4432 40th Avenue SW, Seattle, WA 98116",Seattle,WA,98116,SINGLE_FAMILY,FOR_SALE,11,https://www.zillow.com/homedetails/4432-40th-Ave-SW-Seattle-WA-98116/48697856_zpid/,832900.0,8728d5555ffffff,9,,,,,30.0,0.2052884881900859,6.184804928131417,69,0.9272375462179537,0.374473674486883,1.0,6.123233995736766e-17,1,940012.6555555556,610699.6774117842,-0.1331837650418111,520.8333333333334,3,2026,11,13.652991628466498,8928d55558bffff,"[9, 9, 9, 9, 9, 9, 9]",9,-0.5283534899997998,-0.23927924189471306,-1.5526299041494542,2.8813281823503942,1.2868691995948212,0.7662792626043098,1.4576488146837816,0.203319546889736,,,-0.15928204628540574,13.79672,981384.44,13.652991,849999.7,0.19248919,0.055380214,0.014085893,0.5686382,0.03791718,0.10818899,0.26909724162596016,264087.8451058945,579133.8808229044,1663027.2509698512,131384.4375,15.456992647058824
2026-03-10,1300000.0,391,47.65543,-122.32812,1740.0,1115.136,,,3.0,2.0,2057481395,"3959 1st Avenue NE #A, Seattle, WA 98105",Seattle,WA,98105,TOWNHOUSE,FOR_SALE,11,https://www.zillow.com/homedetails/3959-1st-Ave-NE-A-Seattle-WA-98105/2057481395_zpid/,1276100.0,8728d542bffffff,9,,,,,30.0,0.2052884881900859,6.184804928131417,69,0.9272375462179537,0.374473674486883,1.0,6.123233995736766e-17,1,950845.9888888889,617692.8108646348,0.857408201171596,747.1264367816092,3,2026,11,14.077874822431765,8928d542b57ffff,"[9, 231, 9, 9, 9, 9, 231]",9,-0.4146072207867742,-0.3103627625228987,-0.47205412931655344,2.8813281823503942,1.2868691995948212,0.7662792626043098,1.4576488146837816,0.203319546889736,,,0.6283164379285079,13.732426,920273.06,14.077875,1.3000004e+06,0.1957888,0.044260353,0.011773415,0.6283535,0.020260498,0.07964535,0.26453529016483407,243444.701619318,547948.465787437,1545587.8145066465,-379726.9375,-29.209764423076923
2026-03-10,779950.0,389,47.563587,-122.29816,1520.0,2469.852,,,3.0,3.0,80260417,"4338 28th Avenue S, Seattle, WA 98108",Seattle,WA,98108,SINGLE_FAMILY,FOR_SALE,11,https://www.zillow.com/homedetails/4338-28th-Ave-S-Seattle-WA-98108/80260417_zpid/,769200.0,8728d550bffffff,38,,,,,29.0,0.5013228512274571,6.184804928131417,69,0.9272375462179537,0.374473674486883,1.0,6.123233995736766e-17,1,778768.5606060605,393559.89325102454,0.0,513.125,3,2026,11,13.566985094047014,8928d550bc7ffff,"[38, 38, 38, 38, 38, 231, 38]",38,-0.646312583998493,-0.2802442680877955,-0.47205412931655344,2.8813281823503942,1.2868691995948212,0.7662792626043098,1.4576488146837816,0.203319546889736,,,-0.31871084248960424,13.290653,591639.75,13.566985,779950.0,0.18125851,0.05833836,0.015095067,0.57858473,0.025517916,0.11194855,0.26719487169260614,158083.10708949558,350442.2755761962,998845.2865082868,-188310.25,-24.143887428681328
2026-03-10,559550.0,314,47.570755,-122.31457,916.0,853.776,,,2.0,2.0,338639877,"3628 14th Avenue S, Seattle, WA 98144",Seattle,WA,98144,TOWNHOUSE,FOR_SALE,8,https://www.zillow.com/homedetails/3628-14th-Ave-S-Seattle-WA-98144/338639877_zpid/,555300.0,8728d550bffffff,38,,,,,22.0,-0.289496294370785,6.184804928131417,69,0.9272375462179537,0.374473674486883,1.0,6.123233995736766e-17,1,764974.6428571428,386153.0506375636,0.0,610.8624454148471,3,2026,11,13.234888168246174,8928d550b37ffff,"[38, 231, 38, 38, 38, 38, 38]",38,-1.2824491266343028,-0.3161734045361019,-1.5526299041494542,2.8813281823503942,1.2868691995948212,0.7662792626043098,1.4576488146837816,0.203319546889736,,,-0.9343130576109312,13.169337,524047.3,13.234888,559549.94,0.17508854,0.06714943,0.016553398,0.53941494,0.026675787,0.137429,0.2763113951057107,144800.24401827334,304908.4779417926,900682.0665924918,-35502.6875,-6.344864176570458
2026-03-10,499950.0,276,47.694073,-122.352264,758.0,1581.228,,,1.0,1.0,2060812438,"8752 Dayton Avenue N #B, Seattle, WA 98103",Seattle,WA,98103,TOWNHOUSE,FOR_SALE,7,https://www.zillow.com/homedetails/8752-Dayton-Ave-N-B-Seattle-WA-98103/2060812438_zpid/,487700.0,8728d5409ffffff,9,,,,,30.0,0.2052884881900859,6.184804928131417,69,0.9272375462179537,0.374473674486883,1.0,6.123233995736766e-17,1,1210840.5111111111,1357633.2645478942,0.3331999999999999,659.5646437994723,3,2026,11,13.122263372403996,8928d5409a7ffff,"[9, 9, 9, 9, 9, 9, 9]",9,-1.4488557056681735,-0.30000045093268635,-2.633205678982355,2.8813281823503942,1.2868691995948212,0.7662792626043098,1.4576488146837816,0.203319546889736,,,-1.14308365562487,13.441337,687857.25,13.122263,499949.78,0.21221295,0.052178957,0.0129089765,0.55986917,0.031093415,0.10644002,0.2661634928443852,183082.48823833346,408258.64477188356,1158940.840850952,187907.25,37.585208520852085
2026-03-10,985000.0,131,47.70673,-122.34719,2153.0,2657.16,,,4.0,3.0,460880729,"10702 Linden Avenue N, Seattle, WA 98133",Seattle,WA,98133,TOWNHOUSE,FOR_SALE,4,https://www.zillow.com/homedetails/10702-Linden-Ave-N-Seattle-WA-98133/460880729_zpid/,,8728d5456ffffff,9,,,,,30.0,0.2052884881900859,6.184804928131417,69,0.9272375462179537,0.374473674486883,1.0,6.123233995736766e-17,1,943375.9666666668,610553.5010878012,0.0,457.5011611704598,3,2026,11,13.800396920154226,8928d545687ffff,"[9, 9, 231, 231, 9, 9, 9]",9,0.020366938333406994,-0.2760799746449999,0.6085216455163474,2.8813281823503942,1.2868691995948212,0.7662792626043098,1.4576488146837816,0.203319546889736,,,0.1139605435541315,13.940269,1.1328752e+06,13.800397,985000.0,0.2135813,0.048305813,0.012991257,0.59343684,0.026499178,0.08555976,0.26422567232787064,299334.7245948545,674945.450457652,1901496.542366921,147875.25,15.01271573604061
2026-03-10,1085000.0,138,47.55205,-122.31145,2430.0,5601.816,,,4.0,4.0,49045067,"5545 17th Avenue S, Seattle, WA 98108",Seattle,WA,98108,SINGLE_FAMILY,FOR_SALE,4,https://www.zillow.com/homedetails/5545-17th-Ave-S-Seattle-WA-98108/49045067_zpid/,1057600.0,8728d5508ffffff,38,,,,,7.0,-1.9841087492241611,6.184804928131417,69,0.9272375462179537,0.374473674486883,1.0,6.123233995736766e-17,1,765871.8510638297,302771.7984583352,0.0,446.50205761316874,3,2026,11,13.897090544956697,8928d550827ffff,"[38, 38, 38, 38, 38, 231, 38]",38,0.3121050547408893,-0.21061340796291067,0.6085216455163474,2.8813281823503942,1.2868691995948212,0.7662792626043098,1.4576488146837816,0.203319546889736,,,0.29319981074388257,13.520491,744516.75,13.897091,1.0850004e+06,0.25741106,0.05388166,0.014987728,0.53000396,0.02939992,0.093067884,0.2659232649017168,197984.32493401525,442095.43195488147,1253813.4755984382,-340483.25,-31.380944700460827
2026-03-10,640000.0,432,47.540146,-122.288536,1809.0,2378.376,,,3.0,3.0,2146937886,"7005 Holly Park Drive S, Seattle, WA 98118",Seattle,WA,98118,TOWNHOUSE,FOR_SALE,12,https://www.zillow.com/homedetails/7005-Holly-Park-Dr-S-Seattle-WA-98118/2146937886_zpid/,632300.0,8728d5508ffffff,38,,,,,30.0,0.6142970148843488,6.184804928131417,69,0.9272375462179537,0.374473674486883,1.0,6.123233995736766e-17,1,809353.125,231292.50345882375,0.0,353.78662244333884,3,2026,11,13.369223455335854,8928d5508dbffff,"[38, 231, 9, 38, 38, 38, 9]",38,-0.3419359932340078,-0.2822779927924166,-0.47205412931655344,2.8813281823503942,1.2868691995948212,0.7662792626043098,1.4576488146837816,0.203319546889736,,,-0.6852981048168177,13.469716,707657.9,13.369224,640000.06,0.14831623,0.052710436,0.01396486,0.63845015,0.02515181,0.097174585,0.2735903659004605,193608.37695359232,413941.09286488884,1209784.9678353611,67657.875,10.57154296875
2026-03-10,785000.0,431,47.55154,-122.38644,1280.0,1123.848,,,3.0,2.0,2069744058,"5616 California Street SW #C, Seattle, WA 98136",Seattle,WA,98136,TOWNHOUSE,FOR_SALE,12,https://www.zillow.com/homedetails/5616-California-Ave-SW-C-Seattle-WA-98136/2069744058_zpid/,779300.0,8728d5573ffffff,14,,,,,11.0,0.5251049212164092,6.184804928131417,69,0.9272375462179537,0.374473674486883,1.0,6.123233995736766e-17,1,785000.0,0.0,0.0,613.28125,3,2026,11,13.573438996764546,8928d557307ffff,"[14, 14, 14, 14, 14, 14, 14]",14,-0.8990820711385498,-0.31016907445579195,-0.47205412931655344,2.8813281823503942,1.2868691995948212,0.7662792626043098,1.4576488146837816,0.203319546889736,,,-0.306747356830985,13.308016,602001.9,13.573439,784999.75,0.22326577,0.04511335,0.011786447,0.5915099,0.02225702,0.08496734,0.2627210563298409,158158.56851254482,359720.47588444926,1007466.2704396482,-182998.125,-23.311863057324842
2026-03-10,1725000.0,430,47.58648,-122.39725,1700.0,1276.308,,,3.0,3.0,2058162315,"1772 Alki Avenue SW #B, Seattle, WA 98116",Seattle,WA,98116,SINGLE_FAMILY,FOR_SALE,12,https://www.zillow.com/homedetails/1772-Alki-Ave-SW-B-Seattle-WA-98116/2058162315_zpid/,,8728d5551ffffff,9,,,,,30.0,0.2052884881900859,6.184804928131417,69,0.9272375462179537,0.374473674486883,1.0,6.123233995736766e-17,1,1016351.4666666668,722836.8365198829,0.0,1014.7058823529412,3,2026,11,14.360737608447597,8928d5551a3ffff,"[9, 9, 9, 231, 231, 9, 9]",9,-0.4567354686434503,-0.30677953328142343,-0.47205412931655344,2.8813281823503942,1.2868691995948212,0.7662792626043098,1.4576488146837816,0.203319546889736,,,1.1526541963308932,13.722946,911590.5,14.360738,1.7250004e+06,0.1997323,0.044723056,0.011862995,0.6219641,0.020583125,0.08089873,0.2643550307823419,240983.53468839044,542970.5201045723,1530464.7835358449,-813409.5,-47.15417391304348
2026-03-10,749950.0,429,47.551754,-122.27306,1000.0,1829.52,,,3.0,3.0,460720415,"4725 S Findlay Street, Seattle, WA 98118",Seattle,WA,98118,SINGLE_FAMILY,FOR_SALE,12,https://www.zillow.com/homedetails/4725-S-Findlay-St-Seattle-WA-98118/460720415_zpid/,748500.0,8728d550affffff,38,,,,,30.0,0.6142970148843488,6.184804928131417,69,0.9272375462179537,0.374473674486883,1.0,6.123233995736766e-17,1,820643.3333333334,234802.4731150683,0.0,749.95,3,2026,11,13.527761816623505,8928d550a9bffff,"[38, 9, 38, 38, 38, 38, 9]",38,-1.1939798061352829,-0.2944803410201433,-0.47205412931655344,2.8813281823503942,1.2868691995948212,0.7662792626043098,1.4576488146837816,0.203319546889736,,,-0.3914183401817428,13.159255,518790.28,13.527761,749949.75,0.1388134,0.06839396,0.016911855,0.56763464,0.03128598,0.140055,0.2631347268535229,136511.7389509811,309746.9532045507,868913.7022931504,-231159.71875,-30.82335072338156
2026-03-10,7498000.0,428,47.62843,-122.28165,4940.0,7801.596,,,5.0,5.0,457427886,"1027 McGilvra Boulevard E, Seattle, WA 98112",Seattle,WA,98112,SINGLE_FAMILY,FOR_SALE,12,https://www.zillow.com/homedetails/1027-McGilvra-Blvd-E-Seattle-WA-98112/457427886_zpid/,7079400.0,8728d5423ffffff,7,,,,,9.0,0.1050209842432818,6.184804928131417,69,0.9272375462179537,0.374473674486883,1.0,6.123233995736766e-17,1,7498000.0,0.0,0.0,1517.8137651821862,3,2026,11,15.830146876277995,8928d540593ffff,"[7, 231, 7, 7, 7, 7, 231]",7,2.955652607747317,-0.16170717101845053,1.6890974203492484,2.8813281823503942,1.2868691995948212,0.7662792626043098,1.4576488146837816,0.203319546889736,,,3.8764722443747197,14.676892,2.3664282e+06,15.830147,7.4979995e+06,0.1943909,0.072587416,0.019443806,0.49091277,0.06556805,0.13479735,0.2588221995861163,612484.1648277239,1424883.721473898,3930132.8673792635,-5131571.75,-68.43920712189917
2026-03-10,925000.0,427,47.60819,-122.3132,1420.0,801.504,,,3.0,3.0,333459186,"1422 E Cherry St, Seattle, WA 98122",Seattle,WA,98122,TOWNHOUSE,FOR_SALE,12,https://www.zillow.com/homedetails/1422-E-Cherry-St-Seattle-WA-98122/333459186_zpid/,912700.0,8728d5421ffffff,9,,,,,30.0,0.2052884881900859,6.184804928131417,69,0.9272375462179537,0.374473674486883,1.0,6.123233995736766e-17,1,1008018.1333333332,718887.7364535651,0.0,651.4084507042254,3,2026,11,13.737549016494562,8928d542133ffff,"[9, 9, 9, 9, 9, 9, 9]",9,-0.7516332036401833,-0.3173355329387425,-0.47205412931655344,2.8813281823503942,1.2868691995948212,0.7662792626043098,1.4576488146837816,0.203319546889736,,,-0.002539507192568479,13.557127,772298.94,13.737549,924999.8,0.17734993,0.04711783,0.0122872405,0.63174516,0.021271829,0.08782626,0.26246023328647927,202697.7593031501,461715.85189430334,1291802.4590241944,-152701.0625,-16.508222972972973
2026-03-10,749000.0,424,47.68307,-122.37926,830.0,4081.572,,,2.0,1.0,49041295,"7361 17th Avenue NW, Seattle, WA 98117",Seattle,WA,98117,SINGLE_FAMILY,FOR_SALE,12,https://www.zillow.com/homedetails/7361-17th-Ave-NW-Seattle-WA-98117/49041295_zpid/,,8728d5472ffffff,9,,,,,30.0,0.2052884881900859,6.184804928131417,69,0.9272375462179537,0.374473674486883,1.0,6.123233995736766e-17,1,1004573.6888888888,720031.7242805323,0.0,902.4096385542168,3,2026,11,13.526494262499357,8928d5473dbffff,"[9, 9, 9, 9, 9, 9, 9]",9,-1.3730248595261565,-0.24441197567304254,-1.5526299041494542,2.8813281823503942,1.2868691995948212,0.7662792626043098,1.4576488146837816,0.203319546889736,,,-0.39376798290947923,13.622941,824836.94,13.526494,748999.8,0.23861319,0.060134638,0.014639496,0.48767596,0.04491643,0.12675498,0.2657847745056423,219229.09943736208,489922.6787274078,1388700.7769701835,75836.9375,10.12509178905207
2026-03-10,615000.0,414,47.702713,-122.359276,1240.0,1576.872,,,3.0,2.0,2080967494,"10130 NW Holman Road #A, Seattle, WA 98177",Seattle,WA,98177,TOWNHOUSE,FOR_SALE,12,https://www.zillow.com/homedetails/10130-Holman-Rd-NW-UNIT-A-Seattle-WA-98177/2080967494_zpid/,609900.0,8728d5454ffffff,9,,,,,30.0,0.2052884881900859,6.184804928131417,69,0.9272375462179537,0.374473674486883,1.0,6.123233995736766e-17,1,1002918.1222222224,720796.8589818708,0.0,495.96774193548384,3,2026,11,13.329377546788654,8928d545457ffff,"[9, 9, 9, 9, 9, 9, 9]",9,-0.941210318995226,-0.30009729496623977,-0.47205412931655344,2.8813281823503942,1.2868691995948212,0.7662792626043098,1.4576488146837816,0.203319546889736,,,-0.7591597628433913,13.553862,769781.2,13.329377,614999.75,0.19386768,0.049914643,0.012804822,0.5985892,0.024895394,0.09600498,0.2631509649891202,202568.66232109588,459588.00538086396,1289335.476894917,154781.1875,25.167672764227646
2026-03-10,3295000.0,423,47.637238,-122.36593,4100.0,5401.44,,,6.0,4.0,48795691,"1942 7th Avenue W, Seattle, WA 98119",Seattle,WA,98119,SINGLE_FAMILY,FOR_SALE,12,https://www.zillow.com/homedetails/1942-7th-Ave-W-Seattle-WA-98119/48795691_zpid/,3151300.0,8728d5429ffffff,9,,,,,30.0,0.2052884881900859,6.184804928131417,69,0.9272375462179537,0.374473674486883,1.0,6.123233995736766e-17,1,1004417.5666666668,720120.8700978889,0.0,803.6585365853658,3,2026,11,15.007916725918745,8928d54298fffff,"[9, 9, 9, 9, 9, 9, 9]",9,2.070959402757118,-0.21506823350636645,2.769673195182149,2.8813281823503942,1.2868691995948212,0.7662792626043098,1.4576488146837816,0.203319546889736,,,2.352318713955574,14.457668,1.9005774e+06,15.007916,3.294999e+06,0.16657487,0.069591165,0.018614855,0.54281604,0.056869432,0.12400006,0.264445112241502,502598.3972555343,1131840.791666629,3191433.4284249227,-1394422.625,-42.31935128983308
2026-03-10,530000.0,422,47.719147,-122.30134,1336.0,1014.948,,,3.0,3.0,70583780,"2503 NE 125th Street, Lake City, WA 98125",Seattle,WA,98125,TOWNHOUSE,FOR_SALE,12,https://www.zillow.com/homedetails/2503-NE-125th-St-Seattle-WA-98125/70583780_zpid/,524200.0,8728d54e4ffffff,9,,,,,30.0,0.2052884881900859,6.184804928131417,69,0.9272375462179537,0.374473674486883,1.0,6.123233995736766e-17,1,970862.0111111111,681513.8167615772,0.0,396.7065868263473,3,2026,11,13.180632285528304,8928d54e4a7ffff,"[9, 9, 231, 9, 9, 9, 9]",9,-0.8401025241392032,-0.31259017529462657,-0.47205412931655344,2.8813281823503942,1.2868691995948212,0.7662792626043098,1.4576488146837816,0.203319546889736,,,-1.0348862306505207,13.55749,772579.6,13.180633,530000.2,0.19987036,0.047417488,0.012286011,0.6062432,0.021967815,0.08948304,0.2620636369212174,202465.0263387303,462242.8218683782,1291267.7906622833,242579.625,45.76974056603774
2026-03-10,899000.0,421,47.634125,-122.32267,2280.0,3698.244,,,2.0,1.0,48657099,"1603 Lakeview Boulevard E, Seattle, WA 98102",Seattle,WA,98102,SINGLE_FAMILY,FOR_SALE,12,https://www.zillow.com/homedetails/1603-Lakeview-Blvd-E-Seattle-WA-98102/48657099_zpid/,904700.0,8728d5428ffffff,9,,,,,30.0,0.2052884881900859,6.184804928131417,69,0.9272375462179537,0.374473674486883,1.0,6.123233995736766e-17,1,968250.9,683668.6633502882,0.0,394.29824561403507,3,2026,11,13.709038313453757,8928d542853ffff,"[9, 9, 9, 9, 9, 231, 9]",9,0.15412412527835376,-0.25293425062574054,-1.5526299041494542,2.8813281823503942,1.2868691995948212,0.7662792626043098,1.4576488146837816,0.203319546889736,,,-0.05538929465826582,14.001078,1.203901e+06,13.709039,899000.4,0.17385598,0.047683917,0.012637895,0.6283849,0.032587223,0.08697197,0.2686785871200651,323462.4197124335,711028.378308909,2038424.33532455,304901.0,33.91557285873192
2026-03-10,1847000.0,420,47.64281,-122.392876,3480.0,6398.964,,,4.0,3.0,48663447,"2568 28th Avenue W, Seattle, WA 98199",Seattle,WA,98199,SINGLE_FAMILY,FOR_SALE,12,https://www.zillow.com/homedetails/2568-28th-Ave-W-Seattle-WA-98199/48663447_zpid/,1776900.0,8728d5474ffffff,9,,,,,30.0,0.2052884881900859,6.184804928131417,69,0.9272375462179537,0.374473674486883,1.0,6.123233995736766e-17,1,963089.7888888888,685946.8144530455,0.0,530.7471264367816,3,2026,11,14.429073259181378,8928d547483ffff,"[9, 9, 9, 9, 9, 9, 9]",9,1.417971560978638,-0.19289094982264096,0.6085216455163474,2.8813281823503942,1.2868691995948212,0.7662792626043098,1.4576488146837816,0.203319546889736,,,1.2793267870573153,14.32697,1.6677235e+06,14.429073,1.8470001e+06,0.1540691,0.059315942,0.015496373,0.58506054,0.055752262,0.11224986,0.27615036424814365,460542.45199018903,970644.3288220871,2865418.051755321,-179276.5,-9.706361667569032
2026-03-10,600000.0,419,47.72744,-122.35683,1470.0,1171.764,,,3.0,3.0,2068056107,"13435 Greenwood Avenue N #E, Seattle, WA 98133",Seattle,WA,98133,TOWNHOUSE,FOR_SALE,12,https://www.zillow.com/homedetails/13435-Greenwood-Ave-N-APT-E-Seattle-WA-98133/2068056107_zpid/,595600.0,8728d5450ffffff,59,,,,,30.0,0.4733823513436473,6.184804928131417,69,0.9272375462179537,0.374473674486883,1.0,6.123233995736766e-17,1,1041535.7142857144,714778.9455027799,0.0,408.16326530612247,3,2026,11,13.304684934198283,8928d54504fffff,"[59, 59, 59, 59, 59, 59, 59]",59,-0.6989728938193381,-0.3091037900867047,-0.47205412931655344,2.8813281823503942,1.2868691995948212,0.7662792626043098,1.4576488146837816,0.203319546889736,,,-0.8049320233697693,13.535606,755856.2,13.304685,599999.8,0.12665236,0.05219796,0.0135100875,0.65741354,0.023947248,0.10041673,0.26607042099589717,201110.97402047878,448699.35708574083,1273276.9482171047,155856.1875,25.97603125
2026-03-10,610000.0,416,47.723427,-122.2988,920.0,5000.688,,,2.0,1.0,48779993,"13018 27th Avenue NE, Seattle, WA 98125",Seattle,WA,98125,SINGLE_FAMILY,FOR_SALE,12,https://www.zillow.com/homedetails/13018-27th-Ave-NE-Seattle-WA-98125/48779993_zpid/,597100.0,8728d54e5ffffff,9,,,,,30.0,0.2052884881900859,6.184804928131417,69,0.9272375462179537,0.374473674486883,1.0,6.123233995736766e-17,1,958378.6777777778,677270.6336801756,0.0,663.0434782608696,3,2026,11,13.321214236149494,8928d54e5cbffff,"[9, 9, 9, 9, 9, 9, 9]",9,-1.2782363018486351,-0.223977884593278,-1.5526299041494542,2.8813281823503942,1.2868691995948212,0.7662792626043098,1.4576488146837816,0.203319546889736,,,-0.7742919478224365,13.6168165,819800.7,13.321215,610000.25,0.24697188,0.063185506,0.0152427405,0.46005616,0.051598072,0.13520765,0.2665384812351492,218508.43016178117,486212.5230230467,1382262.1358096753,209800.6875,34.39355532786885
2026-03-10,600000.0,437,47.57448,-122.37265,1000.0,10206.108,,,3.0,2.0,450227933,"3265 31st Avenue SW, Seattle, WA 98126",Seattle,WA,98126,SINGLE_FAMILY,FOR_SALE,12,https://www.zillow.com/homedetails/3265-31st-Ave-SW-Seattle-WA-98126/450227933_zpid/,599600.0,8728d5555ffffff,9,,,,,30.0,0.2052884881900859,6.184804928131417,69,0.9272375462179537,0.374473674486883,1.0,6.123233995736766e-17,1,964367.5666666668,676538.1249801551,0.0,600.0,3,2026,11,13.304684934198283,8928d55554fffff,"[9, 231, 231, 221, 9, 9, 9]",9,-1.1939798061352829,-0.10824926449698122,-0.47205412931655344,2.8813281823503942,1.2868691995948212,0.7662792626043098,1.4576488146837816,0.203319546889736,,,-0.8049320233697693,13.455653,697775.9,13.304685,599999.8,0.33342105,0.075581916,0.018468115,0.32387096,0.055820797,0.15858737,0.2705007149397893,188748.87305523703,410639.83249859104,1185688.9925442196,97775.875,16.295979166666665
2026-03-10,2160000.0,440,47.66078,-122.280075,3260.0,3998.808,,,6.0,4.0,48928629,"4326 NE 44th Street, Seattle, WA 98105",Seattle,WA,98105,SINGLE_FAMILY,FOR_SALE,12,https://www.zillow.com/homedetails/4326-NE-44th-St-Seattle-WA-98105/48928629_zpid/,2098800.0,8728d5401ffffff,59,,,,,30.0,0.4733823513436473,6.184804928131417,69,0.9272375462179537,0.374473674486883,1.0,6.123233995736766e-17,1,1075500.0,732112.5824170305,0.0,662.5766871165645,3,2026,11,14.585618779660347,8928d540103ffff,"[59, 59, 59, 59, 59, 59, 59]",59,1.1862661977669193,-0.2462520123105569,2.769673195182149,2.8813281823503942,1.2868691995948212,0.7662792626043098,1.4576488146837816,0.203319546889736,,,1.5695124578273243,14.172209,1.4286048e+06,14.585619,2.1600005e+06,0.1415826,0.06290814,0.017348032,0.59893596,0.045066208,0.11208139,0.2670615742844504,381525.4335652437,846417.5717232098,2411234.636543368,-731395.25,-33.8608912037037
2026-03-10,649950.0,452,47.575882,-122.38192,864.0,914.76,,,2.0,2.0,458402905,"3054 Fairmount Ave SW #B, Seattle, WA 98116",Seattle,WA,98116,SINGLE_FAMILY,FOR_SALE,12,https://www.zillow.com/homedetails/3054-Fairmount-Ave-SW-B-Seattle-WA-98116/458402905_zpid/,648700.0,8728d5555ffffff,9,,,,,30.0,0.2052884881900859,6.184804928131417,69,0.9272375462179537,0.374473674486883,1.0,6.123233995736766e-17,1,973356.4555555556,672444.6724754964,0.0,752.2569444444445,3,2026,11,13.384650715836164,8928d555577ffff,"[9, 9, 9, 9, 9, 9, 9]",9,-1.3372158488479817,-0.31481758806635446,-1.5526299041494542,2.8813281823503942,1.2868691995948212,0.7662792626043098,1.4576488146837816,0.203319546889736,,,-0.6567008640734932,13.372966,642399.6,13.384651,649950.3,0.20430508,0.050135165,0.012659073,0.5841379,0.024931965,0.09889403,0.26491534292462104,170181.51695152296,382212.3948562225,1079706.5884360182,-7550.375,-1.1616855142703286
2026-03-10,1450000.0,460,47.651463,-122.38786,2240.0,4325.508,,,3.0,2.0,48943042,"3439 24th Avenue W, Seattle, WA 98199",Seattle,WA,98199,SINGLE_FAMILY,FOR_SALE,13,https://www.zillow.com/homedetails/3439-24th-Ave-W-Seattle-WA-98199/48943042_zpid/,1395300.0,8728d5474ffffff,9,,,,,30.0,0.2052884881900859,6.184804928131417,69,0.9272375462179537,0.374473674486883,1.0,6.123233995736766e-17,1,976990.2359550562,675365.360863575,0.0,647.3214285714286,3,2026,11,14.187074114396758,8928d54740bffff,"[9, 9, 231, 9, 231, 9, 9]",9,0.1119958774216776,-0.2389887097940529,-0.47205412931655344,2.8813281823503942,1.2868691995948212,0.7662792626043098,1.4576488146837816,0.203319546889736,,,0.8307372398110408,13.966776,1.1633052e+06,14.187074,1.4499994e+06,0.22385474,0.047572143,0.012676207,0.58085525,0.030618781,0.08610867,0.2640480335553808,307168.4636871507,693316.4060750272,1951892.631198851,-286694.75,-19.77205172413793
2026-03-10,799000.0,450,47.62107,-122.29828,1290.0,1446.192,,,2.0,2.0,247768303,"230 26th Avenue E, Seattle, WA 98112",Seattle,WA,98112,TOWNHOUSE,FOR_SALE,12,https://www.zillow.com/homedetails/230-26th-Ave-E-Seattle-WA-98112/247768303_zpid/,790200.0,8728d542effffff,9,,,,,30.0,0.2052884881900859,6.184804928131417,69,0.9272375462179537,0.374473674486883,1.0,6.123233995736766e-17,1,971615.125,677318.376221347,0.0,619.3798449612403,3,2026,11,13.591116224748411,8928d542ec3ffff,"[9, 9, 9, 9, 9, 9, 9]",9,-0.8885500091743808,-0.3030026159728413,-1.5526299041494542,2.8813281823503942,1.2868691995948212,0.7662792626043098,1.4576488146837816,0.203319546889736,,,-0.27397939103958113,13.552065,768399.4,13.591116,798999.75,0.18836695,0.049185038,0.012611473,0.60744405,0.024629757,0.09433456,0.26236666303977,201602.37990059488,459468.76208948065,1285044.0491111134,-30600.625,-3.8298654568210266
2026-03-10,850000.0,459,47.59613,-122.29791,1820.0,1502.82,,,3.0,4.0,2068217780,"717 Martin Luther King Jr. Way S #B, Seattle, WA 98144",Seattle,WA,98144,TOWNHOUSE,FOR_SALE,12,https://www.zillow.com/homedetails/717-Martin-Luther-King-Jr-Way-S-UNIT-B-Seattle-WA-98144/2068217780_zpid/,834700.0,8728d5425ffffff,9,,,,,30.0,0.2052884881900859,6.184804928131417,69,0.9272375462179537,0.374473674486883,1.0,6.123233995736766e-17,1,973599.2068965518,680987.6329582275,0.0,467.032967032967,3,2026,11,13.652991628466498,8928d54256bffff,"[9, 59, 59, 9, 9, 9, 9]",9,-0.3303507250734219,-0.3017436435366473,-0.47205412931655344,2.8813281823503942,1.2868691995948212,0.7662792626043098,1.4576488146837816,0.203319546889736,,,-0.15928204628540574,13.761115,947057.5,13.652991,849999.7,0.13399391,0.047634616,0.012695031,0.6754514,0.023020599,0.0860707,0.26414655562957917,250161.97660816018,564326.2525049048,1589360.5495209086,97057.5,11.418529411764707
2026-03-10,1472500.0,457,47.70052,-122.29837,3100.0,9151.956,,,4.0,3.0,48744160,"2708 NE 98th Street, Seattle, WA 98115",Seattle,WA,98115,SINGLE_FAMILY,FOR_SALE,12,https://www.zillow.com/homedetails/2708-NE-98th-St-Seattle-WA-98115/48744160_zpid/,,8728d540affffff,59,,,,,30.0,0.4733823513436473,6.184804928131417,69,0.9272375462179537,0.374473674486883,1.0,6.123233995736766e-17,1,985125.0,684750.3899895998,0.0,475.0,3,2026,11,14.202472194507878,8928d540bdbffff,"[9, 59, 59, 9, 9, 9, 59]",59,1.0177532063402146,-0.13168552061690073,0.6085216455163474,2.8813281823503942,1.2868691995948212,0.7662792626043098,1.4576488146837816,0.203319546889736,,,0.8592803893814953,14.180799,1.4409289e+06,14.202473,1.4725008e+06,0.12943815,0.06752982,0.017016107,0.5516144,0.07520134,0.13891795,0.26786835238584517,385979.24365143944,852370.4910158571,2435884.5203642817,-31571.125,-2.144049235993209
2026-03-10,1050000.0,456,47.624733,-122.31303,1722.0,1184.832,,,3.0,2.0,333460390,"609 15th Avenue E, Seattle, WA 98112",Seattle,WA,98112,TOWNHOUSE,FOR_SALE,12,https://www.zillow.com/homedetails/609-15th-Ave-E-Seattle-WA-98112/333460390_zpid/,1034800.0,8728d542effffff,9,,,,,30.0,0.2052884881900859,6.184804928131417,69,0.9272375462179537,0.374473674486883,1.0,6.123233995736766e-17,1,983272.1294117648,684616.0442822223,0.0,609.7560975609756,3,2026,11,13.864300722133706,8928d542ebbffff,"[9, 9, 9, 9, 9, 9, 9]",9,-0.43356493232227844,-0.30881325798604453,-0.47205412931655344,2.8813281823503942,1.2868691995948212,0.7662792626043098,1.4576488146837816,0.203319546889736,,,0.2324178943964408,13.676776,870459.0,13.864301,1.05e+06,0.16057914,0.04598535,0.012214422,0.6563552,0.021285588,0.08291632,0.263409488969719,229287.16035909264,519433.11577691714,1458703.4200988046,-179541.0,-17.09914285714286
2026-03-10,1275000.0,455,47.68652,-122.39477,2350.0,4748.04,,,3.0,3.0,49042293,"7755 29th Avenue NW, Seattle, WA 98117",Seattle,WA,98117,SINGLE_FAMILY,FOR_SALE,12,https://www.zillow.com/homedetails/7755-29th-Ave-NW-Seattle-WA-98117/49042293_zpid/,1238900.0,8728d5473ffffff,9,,,,,30.0,0.2052884881900859,6.184804928131417,69,0.9272375462179537,0.374473674486883,1.0,6.123233995736766e-17,1,982477.75,688688.4789263229,0.0,542.5531914893617,3,2026,11,14.058456736574664,8928d54738fffff,"[9, 9, 9, 9, 9, 9, 9]",9,0.227848559027537,-0.22959483853937443,-0.47205412931655344,2.8813281823503942,1.2868691995948212,0.7662792626043098,1.4576488146837816,0.203319546889736,,,0.5923214745959772,13.961028,1.156638e+06,14.058456,1.2749996e+06,0.15360007,0.051373757,0.013485935,0.62800705,0.03893956,0.09593912,0.26441834343380943,305836.30391259445,688842.647569175,1942114.8228955164,-118362.0,-9.28329411764706
2026-03-10,779950.0,454,47.64819,-122.357544,1218.0,627.264,,,2.0,4.0,460704577,"3110 Queen Anne Avenue N, Seattle, WA 98109",Seattle,WA,98109,TOWNHOUSE,FOR_SALE,12,https://www.zillow.com/homedetails/3110-Queen-Anne-Ave-N-Seattle-WA-98109/460704577_zpid/,,8728d5429ffffff,9,,,,,30.0,0.2052884881900859,6.184804928131417,69,0.9272375462179537,0.374473674486883,1.0,6.123233995736766e-17,1,978953.3855421686,692112.5395035439,0.0,640.3530377668309,3,2026,11,13.566985094047014,8928d542973ffff,"[9, 9, 9, 9, 9, 9, 9]",9,-0.9643808553163978,-0.321209294280878,-1.5526299041494542,2.8813281823503942,1.2868691995948212,0.7662792626043098,1.4576488146837816,0.203319546889736,,,-0.31871084248960424,13.478047,713578.25,13.566985,779950.0,0.18634066,0.047581196,0.01220708,0.61747044,0.022052223,0.09108608,0.26689993248712823,190453.98674928313,422913.73592004017,1204013.645893682,-66371.75,-8.509744214372716
2026-03-10,793000.0,453,47.67075,-122.26957,1510.0,1698.84,,,3.0,4.0,70583318,"5807 B 55th Avenue NE, Seattle, WA 98105",Seattle,WA,98105,TOWNHOUSE,FOR_SALE,12,https://www.zillow.com/homedetails/5807-B-55th-Ave-NE-Seattle-WA-98105/70583318_zpid/,778400.0,8728d5403ffffff,59,,,,,30.0,0.4733823513436473,6.184804928131417,69,0.9272375462179537,0.374473674486883,1.0,6.123233995736766e-17,1,940818.1818181818,699898.966734745,0.0,525.1655629139073,3,2026,11,13.583578500616985,8928d5403a7ffff,"[59, 59, 59, 59, 59, 59, 59]",59,-0.656844645962662,-0.29738566202674493,-0.47205412931655344,2.8813281823503942,1.2868691995948212,0.7662792626043098,1.4576488146837816,0.203319546889736,,,-0.2879519373409044,13.571749,783674.25,13.583578,792999.7,0.12722495,0.05268941,0.013659306,0.654286,0.025165696,0.10126728,0.2643566385185397,207169.4904235377,466778.3142032487,1315710.9778030962,-9325.75,-1.1760088272383353
2026-03-10,1195000.0,435,47.663074,-122.403244,2136.0,5998.212,,,4.0,3.0,48930966,"4570 36th Avenue W, Seattle, WA 98199",Seattle,WA,98199,SINGLE_FAMILY,FOR_SALE,12,https://www.zillow.com/homedetails/4570-36th-Ave-W-Seattle-WA-98199/48930966_zpid/,1169100.0,8728d5470ffffff,9,,,,,30.0,0.2052884881900859,6.184804928131417,69,0.9272375462179537,0.374473674486883,1.0,6.123233995736766e-17,1,1006919.2444444444,727624.4764364533,0.0,559.4569288389513,3,2026,11,13.993656743347747,8928d5470b3ffff,"[9, 9, 231, 9, 9, 231, 9]",9,0.002462432994319632,-0.20180060090955249,0.6085216455163474,2.8813281823503942,1.2868691995948212,0.7662792626043098,1.4576488146837816,0.203319546889736,,,0.472202869841835,13.866549,1.0523629e+06,13.993657,1.1950005e+06,0.2693882,0.05504352,0.014480663,0.50105214,0.036681637,0.10184418,0.26452797496513425,278379.4202522367,626606.2972213577,1767405.7813049878,-142637.125,-11.936161087866108
2026-03-10,785000.0,436,47.665146,-122.36669,1541.0,836.352,,,2.0,2.0,2079472186,"806 NW 50th Street #B, Seattle, WA 98107",Seattle,WA,98107,TOWNHOUSE,FOR_SALE,12,https://www.zillow.com/homedetails/806-NW-50th-St-B-Seattle-WA-98107/2079472186_zpid/,,8728d5476ffffff,9,,,,,30.0,0.2052884881900859,6.184804928131417,69,0.9272375462179537,0.374473674486883,1.0,6.123233995736766e-17,1,1007652.5777777778,727364.2501623872,0.0,509.40947436729397,3,2026,11,13.573438996764546,8928d54763bffff,"[9, 9, 9, 9, 9, 9, 9]",9,-0.624195253873738,-0.3165607806703154,-1.5526299041494542,2.8813281823503942,1.2868691995948212,0.7662792626043098,1.4576488146837816,0.203319546889736,,,-0.306747356830985,13.621644,823767.8,13.573439,784999.75,0.1665821,0.04579046,0.011985801,0.64885104,0.021019975,0.08446136,0.26476310638405576,218103.3249766984,490268.427622719,1384126.3558796963,38767.8125,4.938574840764332
2026-03-10,5588000.0,491,47.628235,-122.34966,4420.0,4861.296,,,5.0,5.0,48963653,"362 Ward Street, Seattle, WA 98109",Seattle,WA,98109,SINGLE_FAMILY,FOR_SALE,13,https://www.zillow.com/homedetails/362-Ward-St-Seattle-WA-98109/48963653_zpid/,5325500.0,8728d542dffffff,59,,,,,30.0,0.4733823513436473,6.184804928131417,69,0.9272375462179537,0.374473674486883,1.0,6.123233995736766e-17,1,1344633.3333333333,1361042.962304311,0.0,1264.2533936651585,3,2026,11,15.53613199935899,8928d542d4fffff,"[59, 59, 9, 9, 59, 59, 231]",59,2.4079853856105276,-0.22707689366698636,1.6890974203492484,2.8813281823503942,1.2868691995948212,0.7662792626043098,1.4576488146837816,0.203319546889736,,,3.3314620517223847,14.531567,2.0463466e+06,15.536132,5.587999e+06,0.1484206,0.06248918,0.016396383,0.5695636,0.0627747,0.12151764,0.26309668781508405,538387.0191590759,1221874.987292029,3427138.2038744227,-3541653.375,-63.37962374731567
2026-03-10,945000.0,492,47.7078,-122.353195,1600.0,7370.352,,,3.0,2.0,48754371,"10731 Dayton Avenue N, Seattle, WA 98133",Seattle,WA,98133,SINGLE_FAMILY,FOR_SALE,14,https://www.zillow.com/homedetails/10731-Dayton-Ave-N-Seattle-WA-98133/48754371_zpid/,923500.0,8728d5454ffffff,9,,,,,30.0,0.2052884881900859,6.184804928131417,69,0.9272375462179537,0.374473674486883,1.0,6.123233995736766e-17,1,986340.1222222224,730509.790834799,0.0,590.625,3,2026,11,13.758940206475879,8928d54544fffff,"[9, 9, 9, 9, 9, 9, 9]",9,-0.5620560882851406,-0.1712947303402358,-0.47205412931655344,2.8813281823503942,1.2868691995948212,0.7662792626043098,1.4576488146837816,0.203319546889736,,,0.037112964461075273,13.645717,843838.75,13.75894,944999.56,0.22218896,0.06361157,0.015810058,0.49080276,0.052086793,0.12987876,0.2655258325136321,224060.98660101267,501463.46658658324,1419971.4147286075,-101161.25,-10.704894179894179
2026-03-10,649780.0,483,47.72031,-122.30234,1012.0,1598.652,,,3.0,2.0,458298727,"12531 25th Avenue NE Unit B, Seattle, WA 98125",Seattle,WA,98125,TOWNHOUSE,FOR_SALE,13,https://www.zillow.com/homedetails/12531-25th-Ave-NE-UNIT-B-Seattle-WA-98125/458298727_zpid/,648100.0,8728d54e5ffffff,9,,,,,30.0,0.2052884881900859,6.184804928131417,69,0.9272375462179537,0.374473674486883,1.0,6.123233995736766e-17,1,1050633.5444444444,910637.7876560376,0.0,642.0750988142292,3,2026,11,13.384389123042324,8928d54e5dbffff,"[9, 231, 9, 9, 9, 9, 9]",9,-1.18134133177828,-0.2996130747984728,-0.47205412931655344,2.8813281823503942,1.2868691995948212,0.7662792626043098,1.4576488146837816,0.203319546889736,,,-0.6571857740224781,13.558152,773091.1,13.384389,649779.9,0.22704792,0.05044605,0.012763148,0.558909,0.02665859,0.099616095,0.2642564122439717,204294.28703015583,460565.1635714226,1297687.9860325416,123311.125,18.97736541598695
2026-03-10,3600000.0,481,47.63912,-122.40667,3490.0,4504.104,,,4.0,4.0,48726484,"2301 Rosemont Place W, Seattle, WA 98199",Seattle,WA,98199,SINGLE_FAMILY,FOR_SALE,13,https://www.zillow.com/homedetails/2301-Rosemont-Pl-W-Seattle-WA-98199/48726484_zpid/,,8728d555bffffff,59,,,,,30.0,0.4733823513436473,6.184804928131417,69,0.9272375462179537,0.374473674486883,1.0,6.123233995736766e-17,1,1973340.9090909092,1955115.679115418,0.0,1031.5186246418339,3,2026,11,15.096444403426338,8928d555b57ffff,"[59, 59, 59, 59, 59, 231, 231]",59,1.428503622942807,-0.23501810441836402,0.6085216455163474,2.8813281823503942,1.2868691995948212,0.7662792626043098,1.4576488146837816,0.203319546889736,,,2.5164209086440694,14.318889,1.6543002e+06,15.096444,3.599999e+06,0.16163895,0.050538033,0.013491349,0.61395156,0.04769533,0.09678341,0.2679255395623993,443229.287079462,978479.0024813012,2796901.4063796033,-1945699.75,-54.04721527777778
2026-03-10,879000.0,479,47.665264,-122.339066,1890.0,3210.372,,,2.0,2.0,49115212,"1420 N 50th Street, Seattle, WA 98103",Seattle,WA,98103,SINGLE_FAMILY,FOR_SALE,13,https://www.zillow.com/homedetails/1420-N-50th-St-Seattle-WA-98103/49115212_zpid/,858700.0,8728d540dffffff,9,,,,,30.0,0.2052884881900859,6.184804928131417,69,0.9272375462179537,0.374473674486883,1.0,6.123233995736766e-17,1,1047374.2111111112,912395.4346758644,0.0,465.07936507936506,3,2026,11,13.686540176667314,8928d540d93ffff,"[9, 9, 9, 9, 9, 9, 9]",9,-0.25662629132423864,-0.2637807823837198,-1.5526299041494542,2.8813281823503942,1.2868691995948212,0.7662792626043098,1.4576488146837816,0.203319546889736,,,-0.09709369408454152,13.8027525,987323.0,13.686541,879000.4,0.1586621,0.048738442,0.012838553,0.6418842,0.028432902,0.089246824,0.26556609022802385,262199.5089022032,586684.7829894425,1661550.9504828872,108323.0,12.323435722411832
2026-03-10,4940000.0,478,47.67383,-122.27454,6020.0,9217.296,,,6.0,6.0,48848776,"6016 Princeton Avenue NE, Seattle, WA 98115",Seattle,WA,98115,SINGLE_FAMILY,FOR_SALE,13,https://www.zillow.com/homedetails/6016-Princeton-Ave-NE-Seattle-WA-98115/48848776_zpid/,4695100.0,8728d540effffff,59,,,,,30.0,0.4733823513436473,6.184804928131417,69,0.9272375462179537,0.374473674486883,1.0,6.123233995736766e-17,1,1895880.9523809524,1968502.0059982275,0.0,820.5980066445183,3,2026,11,15.412875889164106,8928d540ec3ffff,"[59, 59, 59, 59, 59, 59, 59]",59,4.093115299877573,-0.13023286011359994,2.769673195182149,2.8813281823503942,1.2868691995948212,0.7662792626043098,1.4576488146837816,0.203319546889736,,,3.102984373766665,14.647151,2.2970838e+06,15.412876,4.940001e+06,0.15583514,0.08449473,0.020804994,0.41667458,0.111714944,0.18677959,0.2592312237521868,595475.8315737623,1382021.4370359443,3818026.3772542933,-2642916.25,-53.50032894736842
2026-03-10,735000.0,477,47.619102,-122.309326,1200.0,710.028,,,2.0,2.0,456986573,"119 A 18th Avenue E, Seattle, WA 98122",Seattle,WA,98122,TOWNHOUSE,FOR_SALE,13,https://www.zillow.com/homedetails/119A-18th-Ave-Seattle-WA-98122/456986573_zpid/,728400.0,8728d542effffff,9,,,,,30.0,0.2052884881900859,6.184804928131417,69,0.9272375462179537,0.374473674486883,1.0,6.123233995736766e-17,1,1059818.6555555556,917695.74154037,0.0,612.5,3,2026,11,13.507625778194974,8928d542e83ffff,"[9, 9, 9, 9, 9, 9, 9]",9,-0.9833385668519021,-0.3193692576433636,-1.5526299041494542,2.8813281823503942,1.2868691995948212,0.7662792626043098,1.4576488146837816,0.203319546889736,,,-0.42874415953547373,13.472102,709348.44,13.507626,734999.9,0.18793446,0.047889505,0.012269288,0.61415404,0.02242239,0.09191552,0.26683041397393736,189275.73722989063,420464.17300805904,1196713.7023526556,-25651.5625,-3.490008503401361
2026-03-10,958000.0,476,47.638863,-122.32446,1332.0,888.624,,,3.0,3.0,2068044692,"2220 Franklin Avenue E #C, Seattle, WA 98102",Seattle,WA,98102,TOWNHOUSE,FOR_SALE,13,https://www.zillow.com/homedetails/2220-Franklin-Ave-E-UNIT-C-Seattle-WA-98102/2068044692_zpid/,940400.0,8728d5428ffffff,9,,,,,30.0,0.2052884881900859,6.184804928131417,69,0.9272375462179537,0.374473674486883,1.0,6.123233995736766e-17,1,1061095.8777777778,917318.5034125564,0.0,719.2192192192192,3,2026,11,13.772603056952997,8928d542847ffff,"[9, 9, 9, 9, 9, 9, 9]",9,-0.8443153489248708,-0.3153986522676748,-0.47205412931655344,2.8813281823503942,1.2868691995948212,0.7662792626043098,1.4576488146837816,0.203319546889736,,,0.06243954945821984,13.531878,753043.6,13.772603,958000.0,0.18374678,0.047909647,0.012412817,0.62045467,0.022055753,0.09040363,0.2623522255687142,197562.67096908222,450299.46097778965,1259328.0379909978,-204956.375,-21.39419363256785
2026-03-10,879000.0,473,47.589146,-122.315506,1830.0,1507.176,,,3.0,2.0,2063281375,"1524 13th Avenue S #A, Seattle, WA 98144",Seattle,WA,98144,TOWNHOUSE,FOR_SALE,13,https://www.zillow.com/homedetails/1524-13th-Ave-S-A-Seattle-WA-98144/2063281375_zpid/,,8728d5425ffffff,9,,,,,30.0,0.2052884881900859,6.184804928131417,69,0.9272375462179537,0.374473674486883,1.0,6.123233995736766e-17,1,1063161.3,919031.5205366572,0.0,480.327868852459,3,2026,11,13.686540176667314,8928d542537ffff,"[9, 9, 9, 9, 231, 159, 9]",9,-0.31981866310925283,-0.3016467995030939,-0.47205412931655344,2.8813281823503942,1.2868691995948212,0.7662792626043098,1.4576488146837816,0.203319546889736,,,-0.09709369408454152,13.682873,875782.25,13.686541,879000.4,0.1885271,0.04530397,0.01200494,0.6306297,0.021266527,0.081935845,0.2640406218915092,231242.08993154517,521963.61079253966,1469440.6720205885,-3217.75,-0.3660693970420933
2026-03-10,725000.0,471,47.54383,-122.356834,1000.0,3524.004,,,3.0,3.0,2130221818,"6530 18th Avenue SW #B, Seattle, WA 98106",Seattle,WA,98106,TOWNHOUSE,FOR_SALE,13,https://www.zillow.com/homedetails/6530-18th-Ave-SW-LOT-B-Seattle-WA-98106/2130221818_zpid/,722700.0,8728d5572ffffff,38,,,,,30.0,0.6142970148843488,6.184804928131417,69,0.9272375462179537,0.374473674486883,1.0,6.123233995736766e-17,1,759750.0,215088.75908729932,0.0,725.0,3,2026,11,13.493926933836812,8928d557207ffff,"[38, 38, 38, 38, 38, 38, 38]",38,-1.1939798061352829,-0.256808011967876,-0.47205412931655344,2.8813281823503942,1.2868691995948212,0.7662792626043098,1.4576488146837816,0.203319546889736,,,-0.45413746575518876,13.107345,492546.72,13.493927,725000.06,0.20266254,0.0741763,0.01837794,0.47877145,0.034042787,0.15194775,0.2667273741610233,131375.69294381558,292014.56905355165,830788.2939043345,-232453.28125,-32.06252155172414
2026-03-10,919000.0,470,47.673607,-122.38951,1763.0,2025.54,,,3.0,4.0,247768152,"2441 NW 62nd Street, Seattle, WA 98107",Seattle,WA,98117,TOWNHOUSE,FOR_SALE,13,https://www.zillow.com/homedetails/2441-NW-62nd-St-Seattle-WA-98117/247768152_zpid/,908000.0,8728d5470ffffff,9,,,,,30.0,0.2052884881900859,6.184804928131417,69,0.9272375462179537,0.374473674486883,1.0,6.123233995736766e-17,1,1086505.1888888888,951751.4279481638,0.0,521.2705615428247,3,2026,11,13.731041401337825,8928d54700fffff,"[9, 9, 9, 9, 9, 9, 9]",9,-0.3903834782691854,-0.29012235951024096,-0.47205412931655344,2.8813281823503942,1.2868691995948212,0.7662792626043098,1.4576488146837816,0.203319546889736,,,-0.014602558652571998,13.742707,929783.7,13.731041,918999.56,0.16358674,0.047605656,0.012615761,0.6452652,0.02369354,0.08629368,0.26397420630918,245438.91094703515,554220.4485424752,1559844.503272903,10783.6875,1.1734153971708379
2026-03-10,799950.0,469,47.63601,-122.36445,880.0,1515.888,,,2.0,1.0,48795671,"516 W Howe Street, Seattle, WA 98119",Seattle,WA,98119,SINGLE_FAMILY,FOR_SALE,13,https://www.zillow.com/homedetails/516-W-Howe-St-Seattle-WA-98119/48795671_zpid/,786200.0,8728d5429ffffff,9,,,,,30.0,0.2052884881900859,6.184804928131417,69,0.9272375462179537,0.374473674486883,1.0,6.123233995736766e-17,1,1083394.0777777778,952762.224768561,0.0,909.0340909090909,3,2026,11,13.592304504696857,8928d542983ffff,"[9, 9, 9, 9, 9, 9, 9]",9,-1.3203645497053111,-0.30145311143598713,-1.5526299041494542,2.8813281823503942,1.2868691995948212,0.7662792626043098,1.4576488146837816,0.203319546889736,,,-0.27177669745341365,13.416313,670858.25,13.592304,799949.75,0.20875894,0.051659264,0.012993328,0.57107604,0.027547926,0.1026794,0.2628853830466133,176358.82802123067,400735.87386900414,1123060.9675702152,-129091.75,-16.137477342333895
2026-03-10,825000.0,468,47.65949,-122.34886,1110.0,662.112,,,2.0,2.0,337597551,"728 N 43rd Street, Seattle, WA 98103",Seattle,WA,98103,TOWNHOUSE,FOR_SALE,13,https://www.zillow.com/homedetails/728-N-43rd-St-Seattle-WA-98103/337597551_zpid/,,8728d5476ffffff,9,,,,,30.0,0.2052884881900859,6.184804928131417,69,0.9272375462179537,0.374473674486883,1.0,6.123233995736766e-17,1,1102283.4666666666,963867.3045220549,0.0,743.2432432432432,3,2026,11,13.623138665316818,8928d5476cbffff,"[9, 9, 9, 9, 9, 9, 9]",9,-1.0781271245294235,-0.3204345420124509,-1.5526299041494542,2.8813281823503942,1.2868691995948212,0.7662792626043098,1.4576488146837816,0.203319546889736,,,-0.21461995764535605,13.436434,684493.06,13.623138,824999.8,0.19224623,0.04833441,0.012335389,0.60710454,0.022711873,0.09342759,0.26619426491521014,182208.1276117485,406237.4146732808,1153342.2059403486,-140506.9375,-17.03114393939394
2026-03-10,1225000.0,514,47.610752,-122.312546,1938.0,1123.848,,,3.0,3.0,460650061,"910 15th Avenue #B, Seattle, WA 98122",Seattle,WA,98122,TOWNHOUSE,FOR_SALE,15,https://www.zillow.com/homedetails/910-15th-Ave-B-Seattle-WA-98122/460650061_zpid/,1212600.0,8728d5421ffffff,9,,,,,30.0,0.2052884881900859,6.184804928131417,69,0.9272375462179537,0.374473674486883,1.0,6.123233995736766e-17,1,1128082.3555555556,972102.3960436616,0.0,632.0949432404541,3,2026,11,14.018451401960965,8928d542123ffff,"[9, 9, 9, 9, 9, 9, 9]",9,-0.20607239389622728,-0.31016907445579195,-0.47205412931655344,2.8813281823503942,1.2868691995948212,0.7662792626043098,1.4576488146837816,0.203319546889736,,,0.5181642912812714,13.787908,972774.5,14.018452,1.2250004e+06,0.14884594,0.04484044,0.012041509,0.67414427,0.02148752,0.07931191,0.26526828925211393,258046.2274430805,578377.329270839,1636112.3172056612,-252225.5,-20.58983673469388
2026-03-10,1349000.0,447,47.68137,-122.29226,1880.0,4120.776,,,3.0,2.0,48857515,"7302 33rd Avenue NE, Seattle, WA 98115",Seattle,WA,98115,SINGLE_FAMILY,FOR_SALE,12,https://www.zillow.com/homedetails/7302-33rd-Ave-NE-Seattle-WA-98115/48857515_zpid/,,8728d540effffff,59,,,,,30.0,0.4733823513436473,6.184804928131417,69,0.9272375462179537,0.374473674486883,1.0,6.123233995736766e-17,1,955600.0,735946.1332944899,0.0,717.5531914893617,3,2026,11,14.114874135189893,8928d540e33ffff,"[59, 59, 59, 59, 59, 59, 59]",59,-0.2671583532884077,-0.24354037937106207,-0.47205412931655344,2.8813281823503942,1.2868691995948212,0.7662792626043098,1.4576488146837816,0.203319546889736,,,0.69690141153808,13.811951,996446.44,14.114874,1.3489996e+06,0.12543526,0.054259147,0.014155095,0.6434585,0.034600664,0.104669094,0.2666763446141066,265728.69355624885,590819.0350027828,1680557.798245734,-352553.5625,-26.134437546330613
2026-03-10,1948000.0,513,47.707687,-122.310646,3382.0,4673.988,,,5.0,4.0,49109025,"10733 17th Avenue NE, Seattle, WA 98125",Seattle,WA,98125,SINGLE_FAMILY,FOR_SALE,15,https://www.zillow.com/homedetails/10733-17th-Ave-NE-Seattle-WA-98125/49109025_zpid/,1919300.0,8728d540bffffff,9,,,,,30.0,0.2052884881900859,6.184804928131417,69,0.9272375462179537,0.374473674486883,1.0,6.123233995736766e-17,1,1131537.911111111,971559.4448502484,0.0,575.9905381431106,3,2026,11,14.482313763184617,8928d540b03ffff,"[9, 9, 9, 9, 9, 9, 9]",9,1.3147573537297814,-0.231241187109782,1.6890974203492484,2.8813281823503942,1.2868691995948212,0.7662792626043098,1.4576488146837816,0.203319546889736,,,1.378017770478901,14.271145,1.5771735e+06,14.482314,1.9480006e+06,0.14495018,0.058714528,0.015966048,0.6168451,0.04283417,0.101651,0.27226443370344905,429408.2498295867,924960.74419379,2689277.577614535,-370826.5,-19.03626796714579
2026-03-10,4750000.0,507,47.636856,-122.33096,1000.0,1.0,,,3.0,2.0,241740976,"2017 Fairview Avenue E #I, Seattle, WA 98102",Seattle,WA,98102,SINGLE_FAMILY,FOR_SALE,14,https://www.zillow.com/homedetails/2017-Fairview-Ave-E-UNIT-I-Seattle-WA-98102/241740976_zpid/,,8728d5428ffffff,9,,,,,30.0,0.2052884881900859,6.184804928131417,69,0.9272375462179537,0.374473674486883,1.0,6.123233995736766e-17,1,1077794.0111111111,907591.6082288604,0.0,4750.0,3,2026,11,15.373655176010823,8928d54280bffff,"[9, 9, 9, 9, 231, 231, 231]",9,-1.1939798061352829,-0.3351326027816305,-0.47205412931655344,2.8813281823503942,1.2868691995948212,0.7662792626043098,1.4576488146837816,0.203319546889736,,,3.0302816294170283,13.441212,687771.3,15.373655,4.7500005e+06,0.26733392,0.04525792,0.011559172,0.5449785,0.020202734,0.08781233,0.2610932395069772,179572.44002059058,412284.5111326793,1147337.3292586177,-4062228.6875,-85.52060394736843
2026-03-10,669950.0,506,47.512203,-122.35814,1440.0,2500.344,,,3.0,3.0,84760222,"10050 19th Avenue SW, Seattle, WA 98146",Seattle,WA,98146,SINGLE_FAMILY,FOR_SALE,14,https://www.zillow.com/homedetails/10050-19th-Ave-SW-Seattle-WA-98146/84760222_zpid/,663300.0,8728d5576ffffff,38,,,,,30.0,0.6142970148843488,6.184804928131417,69,0.9272375462179537,0.374473674486883,1.0,6.123233995736766e-17,1,761404.7619047619,220256.8494421694,0.0,465.24305555555554,3,2026,11,13.414958361716755,8928d557697ffff,"[38, 38, 38, 38, 9, 9, 38]",38,-0.7305690797118453,-0.27956635985292183,-0.47205412931655344,2.8813281823503942,1.2868691995948212,0.7662792626043098,1.4576488146837816,0.203319546889736,,,-0.6005201153531838,13.331572,616350.8,13.414958,669949.75,0.12512866,0.061101645,0.015632633,0.62008816,0.028510612,0.11896683,0.2681725199970982,165288.35059038395,364380.32126141776,1042559.9303758044,-53599.1875,-8.000475781774758
2026-03-10,1098000.0,505,47.639412,-122.36417,1515.0,2400.156,,,3.0,2.0,48795466,"511 W McGraw Street, Seattle, WA 98119",Seattle,WA,98119,SINGLE_FAMILY,FOR_SALE,14,https://www.zillow.com/homedetails/511-W-McGraw-St-Seattle-WA-98119/48795466_zpid/,1069400.0,8728d5429ffffff,9,,,,,30.0,0.2052884881900859,6.184804928131417,69,0.9272375462179537,0.374473674486883,1.0,6.123233995736766e-17,1,1027794.0111111111,823028.4650567934,0.0,724.7524752475248,3,2026,11,13.909000901051613,8928d542917ffff,"[9, 9, 9, 9, 9, 9, 9]",9,-0.6515786149805775,-0.28179377262464966,-0.47205412931655344,2.8813281823503942,1.2868691995948212,0.7662792626043098,1.4576488146837816,0.203319546889736,,,0.3152778278084275,13.700307,891184.6,13.909001,1.0980005e+06,0.18110931,0.049851105,0.012982875,0.6146014,0.02543927,0.09327778,0.2636982866229215,235003.85867719082,531499.8798012638,1494280.733287156,-206815.375,-18.835644353369762
2026-03-10,825000.0,504,47.544647,-122.27071,1747.0,5018.112,,,4.0,3.0,2064945775,"4846 B S Morgan Street, Seattle, WA 98118",Seattle,WA,98118,SINGLE_FAMILY,FOR_SALE,14,https://www.zillow.com/homedetails/4846-S-Morgan-St-B-Seattle-WA-98118/2064945775_zpid/,811400.0,8728d550effffff,9,,,,,30.0,0.2052884881900859,6.184804928131417,69,0.9272375462179537,0.374473674486883,1.0,6.123233995736766e-17,1,1025538.4555555556,823112.0619631157,0.0,472.23812249570693,3,2026,11,13.623138665316818,8928d550e77ffff,"[9, 9, 9, 9, 9, 9, 9]",9,-0.4072347774118559,-0.22359050845906447,0.6085216455163474,2.8813281823503942,1.2868691995948212,0.7662792626043098,1.4576488146837816,0.203319546889736,,,-0.21461995764535605,13.705574,895891.0,13.623138,824999.8,0.20159939,0.058858395,0.015187829,0.54898095,0.03824515,0.11248425,0.261929374871343,234660.16958286235,536162.4437829384,1496972.9748888684,70891.0,8.592848484848485
2026-03-10,829950.0,503,47.665478,-122.32382,2840.0,3118.896,,,7.0,2.0,49144011,"341 NE 51st Street, Seattle, WA 98105",Seattle,WA,98105,SINGLE_FAMILY,FOR_SALE,14,https://www.zillow.com/homedetails/341-NE-51st-St-Seattle-WA-98105/49144011_zpid/,814400.0,8728d540cffffff,9,,,,,30.0,0.2052884881900859,6.184804928131417,69,0.9272375462179537,0.374473674486883,1.0,6.123233995736766e-17,1,1035138.4555555556,825781.0036407299,0.0,292.23591549295776,3,2026,11,13.629120736994366,8928d540ca7ffff,"[9, 9, 9, 9, 9, 9, 9]",9,0.7439195952718197,-0.2658145070883409,3.85024897001505,2.8813281823503942,1.2868691995948212,0.7662792626043098,1.4576488146837816,0.203319546889736,,,-0.20353109686522947,14.007657,1.211848e+06,13.629121,829950.06,0.19657746,0.071022086,0.019328097,0.5265817,0.038707454,0.12073103,0.2642138072347312,320186.9738697945,722012.68639612,2034002.5581142993,381898.0,46.01457919151756
2026-03-10,4750000.0,502,47.533123,-122.26412,4530.0,0.6847,,,5.0,4.0,63339817,"7734 Seward Park Avenue S, Seattle, WA 98118",Seattle,WA,98118,SINGLE_FAMILY,FOR_SALE,14,https://www.zillow.com/homedetails/7734-Seward-Park-Ave-S-Seattle-WA-98118/63339817_zpid/,,8728d550effffff,9,,,,,30.0,0.2052884881900859,6.184804928131417,69,0.9272375462179537,0.374473674486883,1.0,6.123233995736766e-17,1,1031694.5666666668,827291.2857695714,0.0,1048.5651214128036,3,2026,11,15.373655176010823,8928d550ec3ffff,"[9, 231, 231, 9, 9, 9, 9]",9,2.5238380672163867,-0.33513961263557435,1.6890974203492484,2.8813281823503942,1.2868691995948212,0.7662792626043098,1.4576488146837816,0.203319546889736,,,3.0302816294170283,14.56001,2.1053872e+06,15.373655,4.7500005e+06,0.19618572,0.0494928,0.013862744,0.6116655,0.031846903,0.080978476,0.2617907237016487,551170.851849724,1260350.1509550246,3517003.036434824,-2644612.75,-55.67605789473684
2026-03-10,579950.0,501,47.524387,-122.27555,1230.0,4199.184,,,3.0,1.0,49007967,"4504 S Trenton Street, Seattle, WA 98118",Seattle,WA,98118,SINGLE_FAMILY,FOR_SALE,14,https://www.zillow.com/homedetails/4504-S-Trenton-St-Seattle-WA-98118/49007967_zpid/,570400.0,8728d5501ffffff,38,,,,,30.0,0.6142970148843488,6.184804928131417,69,0.9272375462179537,0.374473674486883,1.0,6.123233995736766e-17,1,765977.5,224953.72885329105,0.0,471.5040650406504,3,2026,11,13.270697171910022,8928d55013bffff,"[38, 38, 38, 38, 38, 38, 38]",38,-0.951742380959395,-0.24179718676710113,-0.47205412931655344,2.8813281823503942,1.2868691995948212,0.7662792626043098,1.4576488146837816,0.203319546889736,,,-0.8679345389793777,13.160404,519386.8,13.270698,579950.25,0.20388299,0.07088366,0.01783823,0.4950272,0.03344321,0.14211339,0.26433466076471634,137291.93688785483,309374.64666868525,871961.1423919552,-60563.1875,-10.442829123200276
2026-03-10,4889000.0,500,47.730595,-122.281555,4810.0,0.3559,,,5.0,5.0,49034318,"14014 Riviera Place NE, Seattle, WA 98125",Seattle,WA,98125,SINGLE_FAMILY,FOR_SALE,14,https://www.zillow.com/homedetails/14014-Riviera-Pl-NE-Seattle-WA-98125/49034318_zpid/,,8728d54e0ffffff,59,,,,,30.0,0.4733823513436473,6.184804928131417,69,0.9272375462179537,0.374473674486883,1.0,6.123233995736766e-17,1,1538735.294117647,1539399.7827648509,0.0,1016.4241164241164,3,2026,11,15.402498341560783,8928d54e46fffff,"[9, 231, 231, 59, 59, 9, 9]",59,2.8187358022131197,-0.3351469226259858,1.6890974203492484,2.8813281823503942,1.2868691995948212,0.7662792626043098,1.4576488146837816,0.203319546889736,,,3.0837476967732633,14.613565,2.2212162e+06,15.402498,4.8889995e+06,0.17035046,0.05081623,0.014128492,0.6250572,0.036670063,0.0867059,0.26118730815190777,580153.493160775,1331262.5304877749,3706107.042301794,-2667783.75,-54.56706381673144
2026-03-10,685000.0,499,47.674427,-122.366356,1150.0,814.572,,,3.0,2.0,333458857,"6251 8th Avenue NW, Seattle, WA 98107",Seattle,WA,98107,TOWNHOUSE,FOR_SALE,14,https://www.zillow.com/homedetails/6251-8th-Ave-NW-Seattle-WA-98107/333458857_zpid/,681200.0,8728d5472ffffff,9,,,,,30.0,0.2052884881900859,6.184804928131417,69,0.9272375462179537,0.374473674486883,1.0,6.123233995736766e-17,1,988361.2333333332,726317.3632678955,0.0,595.6521739130435,3,2026,11,13.437174117244362,8928d547283ffff,"[9, 9, 9, 9, 9, 9, 9]",9,-1.0359988766727473,-0.31704500083808235,-0.47205412931655344,2.8813281823503942,1.2868691995948212,0.7662792626043098,1.4576488146837816,0.203319546889736,,,-0.559339161086866,13.453021,695941.6,13.437174,684999.8,0.19380027,0.04871679,0.012473461,0.6039864,0.023122368,0.09400376,0.2627146736171358,182834.0768684541,415858.4800635214,1164662.3909281997,10941.625,1.5973175182481751
2026-03-10,525000.0,498,47.54225,-122.322945,1061.0,413.82,,,2.0,2.0,460742580,"6712 Corson Avenue S #C, Seattle, WA 98108",Seattle,WA,98108,TOWNHOUSE,FOR_SALE,14,https://www.zillow.com/homedetails/6712-Corson-Ave-S-C-Seattle-WA-98108/460742580_zpid/,523800.0,8728d550dffffff,38,,,,,30.0,0.6142970148843488,6.184804928131417,69,0.9272375462179537,0.374473674486883,1.0,6.123233995736766e-17,1,775768.4210526316,226697.52376393913,0.0,494.8162111215834,3,2026,11,13.17115354157376,8928d550d63ffff,"[38, 38, 38, 38, 231, 231, 38]",38,-1.1297342281538516,-0.3259546519249939,-1.5526299041494542,2.8813281823503942,1.2868691995948212,0.7662792626043098,1.4576488146837816,0.203319546889736,,,-1.0524568111697887,13.178464,528852.0,13.171153,524999.75,0.19768736,0.061308414,0.015250431,0.5441861,0.023721289,0.12379801,0.2761160551576836,146024.5280022513,307821.8445273149,908591.978599933,3852.0,0.7337142857142858
2026-03-10,2495000.0,497,47.718533,-122.28203,3800.0,7213.536,,,5.0,5.0,49103085,"4224 NE 124th Street, Seattle, WA 98125",Seattle,WA,98125,SINGLE_FAMILY,FOR_SALE,14,https://www.zillow.com/homedetails/4224-NE-124th-St-Seattle-WA-98125/49103085_zpid/,2396300.0,8728d54e4ffffff,9,,,,,30.0,0.2052884881900859,6.184804928131417,69,0.9272375462179537,0.374473674486883,1.0,6.123233995736766e-17,1,988472.3444444444,726271.1974406453,0.0,656.578947368421,3,2026,11,14.729799287167756,8928d54e41bffff,"[9, 9, 9, 9, 9, 9, 9]",9,1.754997543832047,-0.1747811155481577,1.6890974203492484,2.8813281823503942,1.2868691995948212,0.7662792626043098,1.4576488146837816,0.203319546889736,,,1.8367773220980235,14.4205675,1.8313565e+06,14.729799,2.495e+06,0.1663408,0.06575182,0.017194863,0.54603416,0.061250336,0.12354792,0.2689424648622024,492529.531151416,1081046.6837345867,3102425.37826817,-663643.5,-26.598937875751506
2026-03-10,1100000.0,496,47.696205,-122.28037,1750.0,0.3099,,,5.0,1.0,48952859,"9229 45th Avenue NE, Seattle, WA 98115",Seattle,WA,98115,SINGLE_FAMILY,FOR_SALE,14,https://www.zillow.com/homedetails/9229-45th-Ave-NE-Seattle-WA-98115/48952859_zpid/,1066700.0,8728d540affffff,59,,,,,30.0,0.4733823513436473,6.184804928131417,69,0.9272375462179537,0.374473674486883,1.0,6.123233995736766e-17,1,1329343.75,1316313.9534162558,0.0,628.5714285714286,3,2026,11,13.9108207377686,8928d540ac7ffff,"[59, 59, 59, 59, 59, 59, 59]",59,-0.40407515882260514,-0.33514794531320885,1.6890974203492484,2.8813281823503942,1.2868691995948212,0.7662792626043098,1.4576488146837816,0.203319546889736,,,0.31865122703949395,13.617709,820532.8,13.910821,1.1000002e+06,0.144885,0.05992818,0.015864741,0.6120577,0.026964532,0.11167374,0.26279867783346844,215634.93824397726,490226.962340168,1373392.574370342,-279467.1875,-25.406107954545455
2026-03-10,1029950.0,508,47.620964,-122.31044,1667.0,1537.668,,,3.0,3.0,460655908,"313 17th Avenue E #B, Seattle, WA 98112",Seattle,WA,98112,TOWNHOUSE,FOR_SALE,14,https://www.zillow.com/homedetails/313-17th-Ave-E-B-Seattle-WA-98112/460655908_zpid/,1022200.0,8728d542effffff,9,,,,,30.0,0.2052884881900859,6.184804928131417,69,0.9272375462179537,0.374473674486883,1.0,6.123233995736766e-17,1,1080582.3444444444,907048.6551387128,0.0,617.8464307138572,3,2026,11,13.845020815338215,8928d542e87ffff,"[9, 9, 9, 9, 9, 9, 9]",9,-0.49149127312520813,-0.30096889126822024,-0.47205412931655344,2.8813281823503942,1.2868691995948212,0.7662792626043098,1.4576488146837816,0.203319546889736,,,0.19667907115375044,13.676874,870544.5,13.845021,1.02995044e+06,0.16563764,0.04692636,0.012406545,0.64633155,0.022143241,0.085357875,0.26283629886049586,228810.69437336095,520068.08516696765,1457208.6884594106,-159405.5,-15.47701344725472
2026-03-10,850000.0,445,47.620785,-122.3007,1400.0,1398.276,,,3.0,2.0,2073599651,"218 24th Avenue E #A, Seattle, WA 98112",Seattle,WA,98112,TOWNHOUSE,FOR_SALE,12,https://www.zillow.com/homedetails/218-24th-Ave-E-A-Seattle-WA-98112/2073599651_zpid/,842300.0,8728d542effffff,9,,,,,30.0,0.2052884881900859,6.184804928131417,69,0.9272375462179537,0.374473674486883,1.0,6.123233995736766e-17,1,1020187.25,707459.9323430856,0.0,607.1428571428571,3,2026,11,13.652991628466498,8928d542ed7ffff,"[9, 9, 9, 9, 9, 9, 9]",9,-0.7726973275685214,-0.3040679003419286,-0.47205412931655344,2.8813281823503942,1.2868691995948212,0.7662792626043098,1.4576488146837816,0.203319546889736,,,-0.15928204628540574,13.57173,783659.3,13.652991,849999.7,0.18247241,0.04851845,0.012601373,0.6192854,0.023057392,0.09116436,0.26157297191102497,204984.09533637564,469323.05882700824,1308527.065329829,-66340.6875,-7.804786764705883
2026-03-10,939000.0,444,47.603184,-122.30529,1780.0,1006.236,,,3.0,3.0,124003203,"171 21st Avenue, Seattle, WA 98122",Seattle,WA,98122,TOWNHOUSE,FOR_SALE,12,https://www.zillow.com/homedetails/171-21st-Ave-Seattle-WA-98122/124003203_zpid/,924400.0,8728d5421ffffff,9,,,,,30.0,0.2052884881900859,6.184804928131417,69,0.9272375462179537,0.374473674486883,1.0,6.123233995736766e-17,1,1022456.4133333332,711945.5339741652,0.0,527.5280898876405,3,2026,11,13.7525707581904,8928d542113ffff,"[9, 9, 9, 9, 9, 9, 9]",9,-0.372478972930098,-0.31278386336173336,-0.47205412931655344,2.8813281823503942,1.2868691995948212,0.7662792626043098,1.4576488146837816,0.203319546889736,,,0.025306030493871888,13.696725,887998.1,13.752571,939000.3,0.15640974,0.04539277,0.012105495,0.6637197,0.020915937,0.0812405,0.2640181939715505,234447.66121262318,529267.4880221223,1489871.6776745685,-51001.875,-5.4315095846645365
2026-03-10,980600.0,443,47.71631,-122.3028,2788.0,0.2521,,,4.0,4.0,452068901,"12019 B 25th Avenue NE, Seattle, WA 98125",Seattle,WA,98125,SINGLE_FAMILY,FOR_SALE,12,https://www.zillow.com/homedetails/12019B-25th-Ave-NE-Seattle-WA-98125/452068901_zpid/,972100.0,8728d540bffffff,9,,,,,30.0,0.2052884881900859,6.184804928131417,69,0.9272375462179537,0.374473674486883,1.0,6.123233995736766e-17,1,1023584.2027027028,716737.8316802442,0.0,351.7216642754663,3,2026,11,13.79591990819927,8928d540b6bffff,"[9, 9, 9, 9, 9, 9, 9]",9,0.6891528730581408,-0.3351492303419369,0.6085216455163474,2.8813281823503942,1.2868691995948212,0.7662792626043098,1.4576488146837816,0.203319546889736,,,0.10566158544137787,14.076706,1.2984814e+06,13.79592,980600.44,0.11073529,0.041702043,0.011713531,0.730831,0.022169676,0.067804724,0.2656318948705979,344918.0680954294,771481.0737057868,2185476.513165388,317881.375,32.4170278400979
2026-03-10,650000.0,595,47.694088,-122.36272,1104.0,4778.532,,,2.0,3.0,2053893016,"341 NW 90th Street #B, Seattle, WA 98117",Seattle,WA,98117,TOWNHOUSE,FOR_SALE,18,https://www.zillow.com/homedetails/341-NW-90th-St-B-Seattle-WA-98117/2053893016_zpid/,643800.0,8728d5454ffffff,9,,,,,30.0,0.2052884881900859,6.184804928131417,69,0.9272375462179537,0.374473674486883,1.0,6.123233995736766e-17,1,882209.9428571429,469191.36155736656,0.0,588.768115942029,3,2026,11,13.38472764187182,8928d5454d7ffff,"[9, 9, 9, 9, 9, 9, 9]",9,-1.0844463617079247,-0.2289169303045007,-1.5526299041494542,2.8813281823503942,1.2868691995948212,0.7662792626043098,1.4576488146837816,0.203319546889736,,,-0.6565582676377216,13.697507,888692.8,13.3847275,649999.9,0.23623537,0.06158997,0.015014861,0.48247752,0.04824582,0.12947637,0.2675540238818223,237773.33797922885,526023.4212362594,1501406.3468656961,238692.8125,36.721971153846155
2026-03-10,2750000.0,594,47.62856,-122.34845,3226.0,7980.192,,,3.0,2.0,48963678,"1014 4th Avenue N, Seattle, WA 98109",Seattle,WA,98109,SINGLE_FAMILY,FOR_SALE,18,https://www.zillow.com/homedetails/1014-4th-Ave-N-Seattle-WA-98109/48963678_zpid/,,8728d542dffffff,59,,,,,30.0,0.4733823513436473,6.184804928131417,69,0.9272375462179537,0.374473674486883,1.0,6.123233995736766e-17,1,2750000.0,0.0,0.0,852.4488530688159,3,2026,11,14.827111469642754,8928d542d4fffff,"[59, 59, 9, 9, 59, 59, 231]",59,1.1504571870887446,-0.15773656564276167,-0.47205412931655344,2.8813281823503942,1.2868691995948212,0.7662792626043098,1.4576488146837816,0.203319546889736,,,2.0171631987376184,14.284429,1.598264e+06,14.827111,2.7499995e+06,0.15436304,0.06477751,0.01612793,0.53045845,0.0775674,0.13763684,0.2728863060647402,436144.3590762559,936187.8564053545,2728563.2767634355,-1151736.0,-41.88130909090909
2026-03-10,1395000.0,593,47.627384,-122.30274,2618.0,3885.552,,,5.0,4.0,351638818,"919 23rd Avenue E #A, Seattle, WA 98112",Seattle,WA,98112,TOWNHOUSE,FOR_SALE,18,https://www.zillow.com/homedetails/919-23rd-Ave-E-A-Seattle-WA-98112/351638818_zpid/,1362400.0,8728d542effffff,9,,,,,30.0,0.2052884881900859,6.184804928131417,69,0.9272375462179537,0.374473674486883,1.0,6.123233995736766e-17,1,889039.6470588235,474478.0470400739,0.0,532.8495034377387,3,2026,11,14.148404973237604,8928d542e0bffff,"[9, 9, 9, 9, 9, 9, 9]",9,0.5101078196672671,-0.24876995718294492,1.6890974203492484,2.8813281823503942,1.2868691995948212,0.7662792626043098,1.4576488146837816,0.203319546889736,,,0.7590569347404349,14.031713,1.2413531e+06,14.148405,1.3950001e+06,0.16440973,0.05887022,0.015976457,0.6016873,0.03544546,0.101786196,0.2647485563714661,328646.4477909581,738816.8701351492,2085709.623956764,-153646.875,-11.014112903225806
2026-03-10,669000.0,592,47.549866,-122.28226,1122.0,1023.66,,,3.0,3.0,460596496,"3918 S Juneau Street, Seattle, WA 98118",Seattle,WA,98118,SINGLE_FAMILY,FOR_SALE,18,https://www.zillow.com/homedetails/3918-S-Juneau-St-Seattle-WA-98118/460596496_zpid/,667000.0,8728d550affffff,38,,,,,30.0,0.6142970148843488,6.184804928131417,69,0.9272375462179537,0.374473674486883,1.0,6.123233995736766e-17,1,669000.0,0.0,0.0,596.2566844919786,3,2026,11,13.413539339110365,8928d550a97ffff,"[38, 38, 38, 38, 38, 38, 9]",38,-1.0654886501724206,-0.31239648722751984,-0.47205412931655344,2.8813281823503942,1.2868691995948212,0.7662792626043098,1.4576488146837816,0.203319546889736,,,-0.6031505325354397,13.190513,535262.56,13.413539,668999.75,0.122358374,0.06544535,0.016312653,0.60054064,0.027484754,0.13226143,0.2683613003814384,143643.75731800095,316324.7037176313,905733.8752174199,-133737.4375,-19.990648355754857
2026-03-10,749999.0,564,47.607555,-122.29612,1440.0,910.404,,,2.0,2.0,333790213,"551 28th Avenue, Seattle, WA 98122",Seattle,WA,98122,TOWNHOUSE,FOR_SALE,18,https://www.zillow.com/homedetails/551-28th-Ave-Seattle-WA-98122/333790213_zpid/,740800.0,8728d5421ffffff,9,,,,,30.0,0.2052884881900859,6.184804928131417,69,0.9272375462179537,0.374473674486883,1.0,6.123233995736766e-17,1,880398.3225806452,487940.2000250569,0.0,520.8326388888889,3,2026,11,13.52782715217827,8928d542157ffff,"[9, 9, 9, 9, 9, 9, 9]",9,-0.7305690797118453,-0.3149144320999078,-1.5526299041494542,2.8813281823503942,1.2868691995948212,0.7662792626043098,1.4576488146837816,0.203319546889736,,,-0.39129722881600876,13.5846195,793825.94,13.527827,749999.06,0.17423901,0.04676583,0.012151497,0.63554764,0.021756543,0.08745398,0.26411737521758993,209663.2229921426,473046.73432746605,1332129.8063129343,43826.9375,5.843599458132611
2026-03-10,1025000.0,527,47.569588,-122.293915,2590.0,5039.892,,,5.0,3.0,48905956,"3001 S Charlestown Street, Seattle, WA 98144",Seattle,WA,98144,SINGLE_FAMILY,FOR_SALE,17,https://www.zillow.com/homedetails/3001-S-Charlestown-St-Seattle-WA-98144/48905956_zpid/,1001900.0,8728d550bffffff,38,,,,,30.0,0.6142970148843488,6.184804928131417,69,0.9272375462179537,0.374473674486883,1.0,6.123233995736766e-17,1,1025000.0,0.0,0.0,395.75289575289577,3,2026,11,13.840203170554645,8928d550b47ffff,"[38, 38, 38, 38, 38, 38, 38]",38,0.48061804616759385,-0.22310628829129753,1.6890974203492484,2.8813281823503942,1.2868691995948212,0.7662792626043098,1.4576488146837816,0.203319546889736,,,0.1877486879733539,13.612937,816626.4,13.840203,1.0250001e+06,0.21670616,0.06304793,0.017575882,0.53550804,0.034034498,0.108334035,0.270917472316971,221238.3533423709,480190.7634712326,1388778.6076795452,-208373.625,-20.329134146341463
2026-03-10,895000.0,536,47.637157,-122.32927,1307.0,1.0,,,2.0,3.0,460621605,"2016 Fairview Avenue E #C, Seattle, WA 98102",Seattle,WA,98102,TOWNHOUSE,FOR_SALE,17,https://www.zillow.com/homedetails/2016-Fairview-Ave-E-C-Seattle-WA-98102/460621605_zpid/,892000.0,8728d5428ffffff,9,,,,,30.0,0.2052884881900859,6.184804928131417,69,0.9272375462179537,0.374473674486883,1.0,6.123233995736766e-17,1,911191.0357142856,497822.3750849503,0.0,684.7742922723795,3,2026,11,13.704578997256993,8928d54280bffff,"[9, 9, 9, 9, 231, 231, 231]",9,-0.8706455038352934,-0.3351326027816305,-1.5526299041494542,2.8813281823503942,1.2868691995948212,0.7662792626043098,1.4576488146837816,0.203319546889736,,,-0.0636554504561078,13.5083885,735560.8,13.704579,895000.3,0.23869763,0.04330962,0.0112124225,0.5854303,0.018475588,0.08158148,0.26541639391065097,195229.8983557385,437211.52121897065,1237501.086435143,-159439.1875,-17.8144343575419
2026-03-10,1689000.0,535,47.637077,-122.32921,2051.0,1.0,,,3.0,4.0,460621603,"2010 Fairview Avenue E #C, Seattle, WA 98102",Seattle,WA,98102,TOWNHOUSE,FOR_SALE,17,https://www.zillow.com/homedetails/2010-Fairview-Ave-E-C-Seattle-WA-98102/460621603_zpid/,1671400.0,8728d5428ffffff,9,,,,,30.0,0.2052884881900859,6.184804928131417,69,0.9272375462179537,0.374473674486883,1.0,6.123233995736766e-17,1,911790.7037037036,507295.2525126093,0.0,823.5007313505607,3,2026,11,14.339647195789937,8928d54280bffff,"[9, 9, 9, 9, 231, 231, 231]",9,-0.08706009370111717,-0.3351326027816305,-0.47205412931655344,2.8813281823503942,1.2868691995948212,0.7662792626043098,1.4576488146837816,0.203319546889736,,,1.1135592702981705,13.834838,1.0195153e+06,14.339647,1.6890001e+06,0.1945044,0.03931192,0.010679195,0.652819,0.017552614,0.06818373,0.26680485096839307,272011.6310115572,604344.9393922313,1719897.7879462747,-669484.6875,-39.63793294849023
2026-03-10,695000.0,532,47.511963,-122.38819,1081.0,1393.92,,,2.0,2.0,459629624,"4319 SW 102nd Street, Seattle, WA 98146",Seattle,WA,98146,TOWNHOUSE,FOR_SALE,17,https://www.zillow.com/homedetails/4319-SW-102nd-St-Seattle-WA-98146/459629624_zpid/,692400.0,8728d5574ffffff,9,,,,,30.0,0.2052884881900859,6.184804928131417,69,0.9272375462179537,0.374473674486883,1.0,6.123233995736766e-17,1,898306.2083333334,507565.54548567627,0.0,642.9232192414431,3,2026,11,13.45166712454693,8928d557433ffff,"[9, 9, 9, 9, 9, 9, 9]",9,-1.1086701042255136,-0.30416474437548197,-1.5526299041494542,2.8813281823503942,1.2868691995948212,0.7662792626043098,1.4576488146837816,0.203319546889736,,,-0.532473729021468,13.459839,700702.6,13.451667,694999.8,0.19931252,0.050346002,0.012775272,0.58893883,0.025741324,0.09842727,0.2627678414531955,184122.11627183788,418659.78409321123,1172752.181604421,5702.625,0.8205215827338128
2026-03-10,2855000.0,531,47.651596,-122.41288,4300.0,4024.944,,,4.0,4.0,48942913,"3505 43rd Avenue W, Seattle, WA 98199",Seattle,WA,98199,SINGLE_FAMILY,FOR_SALE,17,https://www.zillow.com/homedetails/3505-43rd-Ave-W-Seattle-WA-98199/48942913_zpid/,2729100.0,8728d5475ffffff,9,,,,,30.0,0.2052884881900859,6.184804928131417,69,0.9272375462179537,0.374473674486883,1.0,6.123233995736766e-17,1,907145.6086956522,517080.6816268652,0.0,663.953488372093,3,2026,11,14.864582401072248,8928d5475d7ffff,"[9, 9, 9, 9, 9, 9, 59]",9,2.281600642040499,-0.24567094810923656,0.6085216455163474,2.8813281823503942,1.2868691995948212,0.7662792626043098,1.4576488146837816,0.203319546889736,,,2.0866224035617233,14.554965,2.0947924e+06,14.864582,2.854999e+06,0.13639587,0.06093143,0.016031401,0.595964,0.05744833,0.11486799,0.2622820800384062,549426.501363593,1252800.6741721034,3502676.316463204,-760207.625,-26.627237302977232
2026-03-10,499950.0,530,47.503567,-122.34808,1220.0,7670.916,,,4.0,3.0,48811242,"11040 11th Avenue SW, Seattle, WA 98146",Seattle,WA,98146,SINGLE_FAMILY,FOR_SALE,17,https://www.zillow.com/homedetails/11040-11th-Ave-SW-Seattle-WA-98146/48811242_zpid/,494400.0,8728d5529ffffff,38,,,,,30.0,0.6142970148843488,6.184804928131417,69,0.9272375462179537,0.374473674486883,1.0,6.123233995736766e-17,1,499950.0,0.0,0.0,409.7950819672131,3,2026,11,13.122263372403996,8928d55290bffff,"[38, 231, 38, 38, 38, 38, 38]",38,-0.962274442923564,-0.16461249202505213,0.6085216455163474,2.8813281823503942,1.2868691995948212,0.7662792626043098,1.4576488146837816,0.203319546889736,,,-1.14308365562487,13.110285,493997.03,13.122263,499949.78,0.29149646,0.07699838,0.019640626,0.3845555,0.036158994,0.15193897,0.2651750727073682,130995.69867894278,293766.83774812927,830703.2812524831,-5952.96875,-1.1907128212821283
2026-03-10,699000.0,529,47.601894,-122.29949,1340.0,1324.224,,,2.0,3.0,2064437832,"2508 E Yesler Way #A, Seattle, WA 98122",Seattle,WA,98122,TOWNHOUSE,FOR_SALE,17,https://www.zillow.com/homedetails/2508-E-Yesler-Way-A-Seattle-WA-98122/2064437832_zpid/,686800.0,8728d5421ffffff,9,,,,,30.0,0.2052884881900859,6.184804928131417,69,0.9272375462179537,0.374473674486883,1.0,6.123233995736766e-17,1,818606.7727272727,302024.5968138438,0.0,521.6417910447761,3,2026,11,13.457406021215947,8928d5421c7ffff,"[9, 9, 9, 9, 9, 9, 9]",9,-0.8358896993535356,-0.3057142489123361,-1.5526299041494542,2.8813281823503942,1.2868691995948212,0.7662792626043098,1.4576488146837816,0.203319546889736,,,-0.5218356374664799,13.565598,778868.5,13.457406,699000.0,0.18420483,0.048535403,0.012495605,0.61552536,0.02381887,0.09237732,0.26258409328315424,204518.47885931042,465530.4147365278,1303107.5031172081,79868.5,11.426108726752505
2026-03-10,2300000.0,596,47.641636,-122.35496,4044.0,5619.24,,,4.0,3.0,48820675,"110 Smith Street, Seattle, WA 98109",Seattle,WA,98109,SINGLE_FAMILY,FOR_SALE,19,https://www.zillow.com/homedetails/110-Smith-St-Seattle-WA-98109/48820675_zpid/,2209900.0,8728d5429ffffff,9,,,,,30.0,0.2052884881900859,6.184804928131417,69,0.9272375462179537,0.374473674486883,1.0,6.123233995736766e-17,1,921593.0,519314.6551572426,0.0,568.7438180019782,3,2026,11,14.648419680899378,8928d542957ffff,"[9, 9, 9, 9, 9, 9, 9]",9,2.0119798557577715,-0.21022603182869715,0.6085216455163474,2.8813281823503942,1.2868691995948212,0.7662792626043098,1.4576488146837816,0.203319546889736,,,1.685925381015743,14.49432,1.971529e+06,14.648419,2.2999992e+06,0.15897359,0.061618183,0.016066529,0.56824505,0.059447702,0.1172318,0.2629821044562701,518476.8454165658,1177465.7189577096,3301095.1681139614,-328471.0,-14.281347826086957
2026-03-10,1089900.0,525,47.517036,-122.34169,2607.0,4338.576,,,5.0,3.0,453329253,"544 SW 97th Street #5, Seattle, WA 98106",Seattle,WA,98106,SINGLE_FAMILY,FOR_SALE,17,https://www.zillow.com/homedetails/544-SW-97th-St-5-Seattle-WA-98106/453329253_zpid/,1085800.0,8728d5576ffffff,38,,,,,30.0,0.6142970148843488,6.184804928131417,69,0.9272375462179537,0.374473674486883,1.0,6.123233995736766e-17,1,1089900.0,0.0,0.0,418.0667433831991,3,2026,11,13.901596506877404,8928d5576dbffff,"[38, 231, 38, 38, 38, 38, 38]",38,0.49852255150668123,-0.23869817769339277,1.6890974203492484,2.8813281823503942,1.2868691995948212,0.7662792626043098,1.4576488146837816,0.203319546889736,,,0.30155243289764155,13.620893,823149.0,13.901596,1.0898995e+06,0.2435151,0.059582673,0.0166988,0.5247086,0.030657422,0.10124928,0.27105898525709726,223121.93265539437,483891.9483745188,1400259.5017801754,-266751.0,-24.4748142031379
2026-03-10,775000.0,519,47.55181,-122.28001,1079.0,1001.88,,,3.0,2.0,460641241,"4217 S Findlay Street, Seattle, WA 98118",Seattle,WA,98118,SINGLE_FAMILY,FOR_SALE,15,https://www.zillow.com/homedetails/4217-S-Findlay-St-Seattle-WA-98118/460641241_zpid/,771900.0,8728d550affffff,38,,,,,30.0,0.6142970148843488,6.184804928131417,69,0.9272375462179537,0.374473674486883,1.0,6.123233995736766e-17,1,775000.0,0.0,0.0,718.2576459684893,3,2026,11,13.560618308335483,8928d550a87ffff,"[38, 38, 38, 38, 38, 38, 38]",38,-1.1107765166183474,-0.3128807073952868,-0.47205412931655344,2.8813281823503942,1.2868691995948212,0.7662792626043098,1.4576488146837816,0.203319546889736,,,-0.33051284089043237,13.161672,520045.53,13.560618,775000.06,0.13719943,0.067052454,0.016656443,0.5782888,0.02758069,0.13626322,0.27185410727105835,141376.51363827204,305235.10302326904,886029.6453053545,-254954.46875,-32.89735080645161
2026-03-10,719000.0,518,47.67637,-122.381256,1081.0,1.0,,,2.0,2.0,460643672,"6513 19th Avenue NW, Seattle, WA 98117",Seattle,WA,98117,TOWNHOUSE,FOR_SALE,15,https://www.zillow.com/homedetails/6513-19th-Ave-NW-Seattle-WA-98117/460643672_zpid/,717600.0,8728d5470ffffff,9,,,,,30.0,0.2052884881900859,6.184804928131417,69,0.9272375462179537,0.374473674486883,1.0,6.123233995736766e-17,1,766771.8125,280149.70562045777,0.0,665.1248843663275,3,2026,11,13.485616636703183,8928d54707bffff,"[9, 9, 9, 9, 9, 9, 9]",9,-1.1086701042255136,-0.3351326027816305,-1.5526299041494542,2.8813281823503942,1.2868691995948212,0.7662792626043098,1.4576488146837816,0.203319546889736,,,-0.46954211700705467,13.408856,665874.44,13.485617,719000.06,0.18911237,0.046994045,0.012011641,0.6170505,0.020762887,0.09051529,0.26717839239657915,177907.26174922643,394425.9685842676,1124136.8346111008,-53125.5625,-7.388812586926287
2026-03-10,499000.0,538,47.5419,-122.32286,1061.0,413.82,,,2.0,2.0,460742581,"6722 Corson Avenue S #B, Seattle, WA 98108",Seattle,WA,98108,TOWNHOUSE,FOR_SALE,17,https://www.zillow.com/homedetails/6722-Corson-Ave-S-B-Seattle-WA-98108/460742581_zpid/,498000.0,8728d550dffffff,38,,,,,30.0,0.6142970148843488,6.184804928131417,69,0.9272375462179537,0.374473674486883,1.0,6.123233995736766e-17,1,499000.0,0.0,0.0,470.311027332705,3,2026,11,13.120361374733656,8928d550d63ffff,"[38, 38, 38, 38, 231, 231, 38]",38,-1.1297342281538516,-0.3259546519249939,-1.5526299041494542,2.8813281823503942,1.2868691995948212,0.7662792626043098,1.4576488146837816,0.203319546889736,,,-1.1466093551663308,13.178464,528852.0,13.120361,498999.97,0.19768736,0.061308414,0.015250431,0.5441861,0.023721289,0.12379801,0.2761160551576836,146024.5280022513,307821.8445273149,908591.978599933,29852.0,5.982364729458918
2026-03-10,1270000.0,539,47.691605,-122.34693,1970.0,1899.216,,,3.0,3.0,440396344,"8606 Linden Avenue N, Seattle, WA 98103",Seattle,WA,98103,TOWNHOUSE,FOR_SALE,17,https://www.zillow.com/homedetails/8606-Linden-Ave-N-Seattle-WA-98103/440396344_zpid/,,8728d5409ffffff,9,,,,,30.0,0.2052884881900859,6.184804928131417,69,0.9272375462179537,0.374473674486883,1.0,6.123233995736766e-17,1,769956.6,289682.532419741,0.0,644.6700507614213,3,2026,11,14.054527458434775,8928d5409bbffff,"[9, 9, 9, 9, 9, 9, 9]",9,-0.17236979561088636,-0.29293083648328916,-0.47205412931655344,2.8813281823503942,1.2868691995948212,0.7662792626043098,1.4576488146837816,0.203319546889736,,,0.5850378409974107,13.820294,1.0047953e+06,14.054527,1.2699998e+06,0.15191257,0.046291746,0.012388637,0.6635194,0.02378672,0.08251468,0.26549269707059636,266765.81751951773,597153.0316385491,1690711.6052097112,-265204.6875,-20.882258858267715
2026-03-10,789900.0,554,47.711483,-122.35572,1910.0,6703.884,,,4.0,3.0,460615535,"11229 Greenwood Avenue N #B, Seattle, WA 98133",Seattle,WA,98133,TOWNHOUSE,FOR_SALE,18,https://www.zillow.com/homedetails/11229-Greenwood-Ave-N-B-Seattle-WA-98133/460615535_zpid/,789500.0,8728d5456ffffff,9,,,,,30.0,0.2052884881900859,6.184804928131417,69,0.9272375462179537,0.374473674486883,1.0,6.123233995736766e-17,1,730026.8461538461,274422.19801060983,0.0,413.5602094240838,3,2026,11,13.57966163415251,8928d5456b7ffff,"[9, 9, 9, 9, 9, 9, 9]",9,-0.23556216739590058,-0.1861118674739039,0.6085216455163474,2.8813281823503942,1.2868691995948212,0.7662792626043098,1.4576488146837816,0.203319546889736,,,-0.29521256363562537,13.723447,912047.06,13.579661,789899.8,0.20687371,0.06259583,0.015957695,0.5195387,0.047903642,0.122555465,0.2638130789874411,240609.94373957615,543819.7946870094,1529605.5976493736,122147.0625,15.463610900113938
2026-03-10,565000.0,558,47.73199,-122.34378,840.0,3288.78,,,2.0,1.0,48997112,"14052 Midvale Avenue N, Seattle, WA 98133",Seattle,WA,98133,SINGLE_FAMILY,FOR_SALE,18,https://www.zillow.com/homedetails/14052-Midvale-Ave-N-Seattle-WA-98133/48997112_zpid/,550500.0,8728d5452ffffff,59,,,,,30.0,0.4733823513436473,6.184804928131417,69,0.9272375462179537,0.374473674486883,1.0,6.123233995736766e-17,1,565000.0,0.0,0.0,672.6190476190476,3,2026,11,13.244581010128577,8928d545217ffff,"[59, 59, 59, 59, 59, 231, 59]",59,-1.3624927975619874,-0.26203758977975883,-1.5526299041494542,2.8813281823503942,1.2868691995948212,0.7662792626043098,1.4576488146837816,0.203319546889736,,,-0.9163456075382179,13.600057,806175.44,13.244581,565000.1,0.1759339,0.064831726,0.01572778,0.52960515,0.04321473,0.1386008,0.26928774228803204,217093.16345244148,475562.06269716675,1366633.019928623,241175.4375,42.68591814159292
2026-03-10,749950.0,557,47.72778,-122.28785,1850.0,8145.72,,,2.0,2.0,48897628,"13544 37th Ave NE, Seattle, WA 98125",Seattle,WA,98125,SINGLE_FAMILY,FOR_SALE,18,https://www.zillow.com/homedetails/13544-37th-Ave-NE-Seattle-WA-98125/48897628_zpid/,724800.0,8728d54e4ffffff,9,,,,,30.0,0.2052884881900859,6.184804928131417,69,0.9272375462179537,0.374473674486883,1.0,6.123233995736766e-17,1,749950.0,0.0,0.0,405.3783783783784,3,2026,11,13.527761816623505,8928d54e093ffff,"[59, 9, 59, 59, 59, 9, 9]",9,-0.29875453918091477,-0.154056492367733,-1.5526299041494542,2.8813281823503942,1.2868691995948212,0.7662792626043098,1.4576488146837816,0.203319546889736,,,-0.3914183401817428,13.872441,1.0585825e+06,13.527761,749949.75,0.15451506,0.072875366,0.017463503,0.48981002,0.07829881,0.16036853,0.26808071826020646,283785.556937685,625935.7969370467,1790274.4670303967,308632.5,41.15374358290553
2026-03-10,1525000.0,555,47.6741,-122.271355,2520.0,5301.252,,,4.0,3.0,48848438,"6206 52nd Avenue NE, Seattle, WA 98115",Seattle,WA,98115,SINGLE_FAMILY,FOR_SALE,18,https://www.zillow.com/homedetails/6206-52nd-Ave-NE-Seattle-WA-98115/48848438_zpid/,1490600.0,8728d540effffff,59,,,,,30.0,0.4733823513436473,6.184804928131417,69,0.9272375462179537,0.374473674486883,1.0,6.123233995736766e-17,1,1525000.0,0.0,0.0,605.1587301587301,3,2026,11,14.237504968023648,8928d540edbffff,"[59, 59, 59, 59, 59, 59, 59]",59,0.4068936124184106,-0.21729564627809433,0.6085216455163474,2.8813281823503942,1.2868691995948212,0.7662792626043098,1.4576488146837816,0.203319546889736,,,0.9242200238756881,14.029339,1.23841e+06,14.237505,1.525e+06,0.119112894,0.054531004,0.014452416,0.64306545,0.044630673,0.104513325,0.2653264893024726,328582.9776170751,736230.7868418278,2083122.9744923632,-286590.0,-18.792786885245903
2026-03-10,650000.0,550,47.57088,-122.314545,1340.0,1894.86,,,3.0,3.0,125890925,"1465 S Columbian Way, Seattle, WA 98144",Seattle,WA,98144,TOWNHOUSE,FOR_SALE,17,https://www.zillow.com/homedetails/1465-S-Columbian-Way-Seattle-WA-98144/125890925_zpid/,644700.0,8728d550bffffff,38,,,,,30.0,0.6142970148843488,6.184804928131417,69,0.9272375462179537,0.374473674486883,1.0,6.123233995736766e-17,1,650000.0,0.0,0.0,485.07462686567163,3,2026,11,13.38472764187182,8928d550b37ffff,"[38, 231, 38, 38, 38, 38, 38]",38,-0.8358896993535356,-0.2930276805168425,-0.47205412931655344,2.8813281823503942,1.2868691995948212,0.7662792626043098,1.4576488146837816,0.203319546889736,,,-0.6565582676377216,13.220461,551535.2,13.3847275,649999.9,0.17813806,0.061454006,0.015627079,0.5657588,0.025940057,0.120874055,0.26565175041264016,146516.28797353868,327676.9393263428,928326.0736622968,-98464.8125,-15.148432692307692
2026-03-10,989000.0,548,47.580006,-122.4059,1407.0,940.896,,,2.0,2.0,460617980,"2626 A 58th Avenue SW, Seattle, WA 98116",Seattle,WA,98116,SINGLE_FAMILY,FOR_SALE,17,https://www.zillow.com/homedetails/2626-A-58th-Ave-SW-Seattle-WA-98116/460617980_zpid/,982400.0,8728d5542ffffff,9,,,,,30.0,0.2052884881900859,6.184804928131417,69,0.9272375462179537,0.374473674486883,1.0,6.123233995736766e-17,1,989000.0,0.0,0.0,702.9140014214641,3,2026,11,13.804449610604848,8928d55420bffff,"[9, 9, 9, 231, 231, 9, 9]",9,-0.7653248841936031,-0.31423652386503415,-1.5526299041494542,2.8813281823503942,1.2868691995948212,0.7662792626043098,1.4576488146837816,0.203319546889736,,,0.1214729443768374,13.609234,813607.94,13.80445,989000.44,0.21581268,0.045542806,0.011817329,0.59868544,0.021037927,0.085439734,0.26207765638086183,213228.4614728667,486777.12561031996,1359878.700203529,-175392.0625,-17.734283367037413
2026-03-10,1149000.0,547,47.580006,-122.405945,1559.0,1690.128,,,3.0,3.0,460618477,"2628 58th Avenue SW, Seattle, WA 98116",Seattle,WA,98116,SINGLE_FAMILY,FOR_SALE,17,https://www.zillow.com/homedetails/2628-58th-Ave-SW-Seattle-WA-98116/460618477_zpid/,1140600.0,8728d5542ffffff,9,,,,,30.0,0.2052884881900859,6.184804928131417,69,0.9272375462179537,0.374473674486883,1.0,6.123233995736766e-17,1,1149000.0,0.0,0.0,737.0109044259141,3,2026,11,13.954402556830892,8928d55420bffff,"[9, 9, 9, 231, 231, 9, 9]",9,-0.6052375423382337,-0.29757935009385167,-0.47205412931655344,2.8813281823503942,1.2868691995948212,0.7662792626043098,1.4576488146837816,0.203319546889736,,,0.3994380765084169,13.705482,895808.1,13.954403,1.1490004e+06,0.21325831,0.046220377,0.012140663,0.6002825,0.02167695,0.08511767,0.2637481907544998,236267.77223193078,534205.0726265019,1502180.0582480188,-253191.875,-22.03584638816362
2026-03-10,980000.0,546,47.690186,-122.33074,1800.0,4112.064,,,4.0,3.0,49008321,"8250 Corliss Avenue N, Seattle, WA 98103",Seattle,WA,98103,SINGLE_FAMILY,FOR_SALE,17,https://www.zillow.com/homedetails/8250-Corliss-Ave-N-Seattle-WA-98103/49008321_zpid/,961100.0,8728d5409ffffff,9,,,,,30.0,0.2052884881900859,6.184804928131417,69,0.9272375462179537,0.374473674486883,1.0,6.123233995736766e-17,1,980000.0,0.0,0.0,544.4444444444445,3,2026,11,13.795307850646754,8928d5409c3ffff,"[9, 9, 9, 9, 9, 9, 9]",9,-0.35141484900175995,-0.24373406743816883,0.6085216455163474,2.8813281823503942,1.2868691995948212,0.7662792626043098,1.4576488146837816,0.203319546889736,,,0.10452702514937294,13.765263,950993.56,13.795308,980000.25,0.19119328,0.056288492,0.014675389,0.5744444,0.03413716,0.105522715,0.2631571869282055,250260.7906943326,567771.6075072081,1592874.3192443454,-29006.4375,-2.95984056122449
2026-03-10,789000.0,523,47.69334,-122.33992,1560.0,5127.012,,,2.0,1.0,48698967,"8832 Interlake Ave N, Seattle, WA 98103",Seattle,WA,98103,SINGLE_FAMILY,FOR_SALE,16,https://www.zillow.com/homedetails/8832-Interlake-Ave-N-Seattle-WA-98103/48698967_zpid/,,8728d5409ffffff,9,,,,,30.0,0.2052884881900859,6.184804928131417,69,0.9272375462179537,0.374473674486883,1.0,6.123233995736766e-17,1,825567.45,316222.5043184283,0.0,505.7692307692308,3,2026,11,13.578521599828012,8928d540917ffff,"[9, 9, 9, 9, 9, 9, 9]",9,-0.6041843361418168,-0.22116940762022977,-1.5526299041494542,2.8813281823503942,1.2868691995948212,0.7662792626043098,1.4576488146837816,0.203319546889736,,,-0.2973258251594504,13.785344,970284.0,13.578522,789000.1,0.20961592,0.05934084,0.014815693,0.5264317,0.04533658,0.11983517,0.2683842910090663,260408.98341744088,573383.991486736,1641920.8004072404,181284.0,22.97642585551331
2026-03-10,969900.0,415,47.54025,-122.353004,2970.0,7200.468,,,4.0,3.0,48875099,"7025 14th Avenue SW, Seattle, WA 98106",Seattle,WA,98106,SINGLE_FAMILY,FOR_SALE,12,https://www.zillow.com/homedetails/7025-14th-Ave-SW-Seattle-WA-98106/48875099_zpid/,951700.0,8728d5572ffffff,38,,,,,30.0,0.6142970148843488,6.184804928131417,69,0.9272375462179537,0.374473674486883,1.0,6.123233995736766e-17,1,768886.9565217391,214663.53705349265,0.0,326.5656565656566,3,2026,11,13.784948252381634,8928d557213ffff,"[38, 38, 38, 38, 38, 38, 38]",38,0.8808364008060172,-0.17507164764881786,0.6085216455163474,2.8813281823503942,1.2868691995948212,0.7662792626043098,1.4576488146837816,0.203319546889736,,,0.0853236205276762,13.703498,894032.94,13.784948,969900.06,0.25535315,0.055674136,0.015767857,0.52523184,0.034770057,0.093722925,0.26914270840563265,240622.4462025937,527539.054301694,1515138.7776396244,-75867.0625,-7.8221530570161875
2026-03-10,1095000.0,597,47.707592,-122.33784,2550.0,7200.468,,,5.0,2.0,48935916,"10723 Densmore Avenue N, Seattle, WA 98133",Seattle,WA,98133,SINGLE_FAMILY,FOR_SALE,19,https://www.zillow.com/homedetails/10723-Densmore-Ave-N-Seattle-WA-98133/48935916_zpid/,1065800.0,8728d5456ffffff,9,,,,,30.0,0.2052884881900859,6.184804928131417,69,0.9272375462179537,0.374473674486883,1.0,6.123233995736766e-17,1,926279.6756756756,512844.11678669497,0.0,429.4117647058824,3,2026,11,13.906264921232738,8928d54568bffff,"[9, 9, 9, 231, 231, 9, 9]",9,0.4384897983109177,-0.17507164764881786,1.6890974203492484,2.8813281823503942,1.2868691995948212,0.7662792626043098,1.4576488146837816,0.203319546889736,,,0.31020619026476537,13.963088,1.1590231e+06,13.906265,1.0950004e+06,0.28216603,0.061329283,0.016381077,0.46718442,0.040540628,0.109690815,0.2631184726405636,304960.39440509304,692023.9398829574,1941167.6704486085,64023.125,5.846860730593607
2026-03-10,1565950.0,599,47.622486,-122.300255,2540.0,6398.964,,,4.0,3.0,48941734,"337 25th Avenue E, Seattle, WA 98112",Seattle,WA,98112,SINGLE_FAMILY,FOR_SALE,19,https://www.zillow.com/homedetails/337-25th-Ave-E-Seattle-WA-98112/48941734_zpid/,,8728d542effffff,9,,,,,30.0,0.2052884881900859,6.184804928131417,69,0.9272375462179537,0.374473674486883,1.0,6.123233995736766e-17,1,936878.153846154,511045.10143145,0.0,616.5157480314961,3,2026,11,14.264003226542956,8928d542ec7ffff,"[9, 9, 9, 9, 9, 9, 9]",9,0.42795773634674866,-0.19289094982264096,0.6085216455163474,2.8813281823503942,1.2868691995948212,0.7662792626043098,1.4576488146837816,0.203319546889736,,,0.9733393784195656,13.960011,1.1554616e+06,14.264003,1.5659494e+06,0.16492856,0.057168573,0.014935641,0.5886117,0.046819624,0.107730344,0.26164633291372846,302322.29700378765,691891.005750521,1929627.12179987,-410488.375,-26.21337686388454
2026-03-10,949950.0,487,47.69659,-122.32439,1700.0,6080.976,,,3.0,2.0,48772376,"403 NE 94th Street, Seattle, WA 98115",Seattle,WA,98115,SINGLE_FAMILY,FOR_SALE,13,https://www.zillow.com/homedetails/403-NE-94th-St-Seattle-WA-98115/48772376_zpid/,931400.0,8728d5409ffffff,9,,,,,30.0,0.2052884881900859,6.184804928131417,69,0.9272375462179537,0.374473674486883,1.0,6.123233995736766e-17,1,1028676.8194444444,725710.6406145387,0.0,558.7941176470588,3,2026,11,13.764164630612687,8928d540943ffff,"[9, 9, 9, 9, 231, 9, 9]",9,-0.4567354686434503,-0.19996056427203815,-0.47205412931655344,2.8813281823503942,1.2868691995948212,0.7662792626043098,1.4576488146837816,0.203319546889736,,,0.04679738735537455,13.711699,901394.75,13.764165,949950.25,0.23472434,0.056914642,0.0145317465,0.519652,0.039806105,0.11084678,0.2626147688898074,236719.5739497357,538732.0408958897,1508194.0190605044,-48555.25,-5.111347965682405
2026-03-10,850000.0,588,47.65416,-122.37336,1346.0,879.912,,,2.0,2.0,48825131,"1230 W Emerson Street, Seattle, WA 98119",Seattle,WA,98119,TOWNHOUSE,FOR_SALE,18,https://www.zillow.com/homedetails/1230-W-Emerson-St-Seattle-WA-98119/48825131_zpid/,836100.0,8728d5476ffffff,9,,,,,30.0,0.2052884881900859,6.184804928131417,69,0.9272375462179537,0.374473674486883,1.0,6.123233995736766e-17,1,1029785.647887324,730814.4781225377,0.0,631.5007429420505,3,2026,11,13.652991628466498,8928d54744bffff,"[9, 9, 231, 231, 231, 9, 9]",9,-0.8295704621750342,-0.31559234033478156,-1.5526299041494542,2.8813281823503942,1.2868691995948212,0.7662792626043098,1.4576488146837816,0.203319546889736,,,-0.15928204628540574,13.596805,803558.0,13.652991,849999.7,0.25457877,0.04477347,0.011593449,0.56281275,0.020268574,0.08437983,0.2616963978189265,210288.23403858094,481123.6954430254,1342077.7873211144,-46442.0,-5.463764705882353
2026-03-10,849950.0,589,47.5203,-122.34761,2380.0,7649.136,,,4.0,3.0,49073476,"9220 10th Avenue SW, Seattle, WA 98106",Seattle,WA,98106,SINGLE_FAMILY,FOR_SALE,18,https://www.zillow.com/homedetails/9220-10th-Ave-SW-Seattle-WA-98106/49073476_zpid/,835200.0,8728d5576ffffff,38,,,,,30.0,0.6142970148843488,6.184804928131417,69,0.9272375462179537,0.374473674486883,1.0,6.123233995736766e-17,1,806515.3846153846,241447.22886569452,0.0,357.1218487394958,3,2026,11,13.652932803206916,8928d55761bffff,"[38, 38, 38, 38, 38, 38, 38]",38,0.2594447449200441,-0.16509671219281905,0.6085216455163474,2.8813281823503942,1.2868691995948212,0.7662792626043098,1.4576488146837816,0.203319546889736,,,-0.1593910896317625,13.451569,694931.56,13.652933,849950.25,0.25046986,0.059862163,0.016472831,0.5088611,0.035184123,0.10567035,0.2645321068471625,183831.71034271558,413778.3297793469,1167122.0998728555,-155018.4375,-18.238536090358256
2026-03-10,724900.0,587,47.54947,-122.387566,1396.0,1724.976,,,3.0,4.0,88878110,"5927 California Avenue SW, Seattle, WA 98136",Seattle,WA,98136,TOWNHOUSE,FOR_SALE,18,https://www.zillow.com/homedetails/5927-California-Ave-SW-Seattle-WA-98136/88878110_zpid/,720500.0,8728d5573ffffff,14,,,,,13.0,0.9451888581895366,6.184804928131417,69,0.9272375462179537,0.374473674486883,1.0,6.123233995736766e-17,1,724900.0,0.0,0.0,519.269340974212,3,2026,11,13.49378899328897,8928d5573abffff,"[14, 14, 14, 14, 14, 14, 14]",14,-0.776910152354189,-0.29680459782542457,-0.47205412931655344,2.8813281823503942,1.2868691995948212,0.7662792626043098,1.4576488146837816,0.203319546889736,,,-0.4543931637162653,13.347092,625991.25,13.493789,724899.8,0.22095934,0.045891155,0.012035004,0.5909456,0.02333618,0.085841194,0.2655737591296871,166246.84944479176,371969.4874511743,1053487.0741320692,-98908.75,-13.64446820251069
2026-03-10,874900.0,586,47.55554,-122.292786,1660.0,6777.936,,,4.0,3.0,48822407,"3032 S Dawson Street, Seattle, WA 98108",Seattle,WA,98108,SINGLE_FAMILY,FOR_SALE,18,https://www.zillow.com/homedetails/3032-S-Dawson-St-Seattle-WA-98108/48822407_zpid/,862700.0,8728d5508ffffff,38,,,,,30.0,0.6142970148843488,6.184804928131417,69,0.9272375462179537,0.374473674486883,1.0,6.123233995736766e-17,1,802895.8333333334,251814.75736444668,0.0,527.0481927710844,3,2026,11,13.681864873094355,8928d55086bffff,"[38, 38, 38, 38, 38, 38, 38]",38,-0.49886371650012645,-0.18446551890349636,0.6085216455163474,2.8813281823503942,1.2868691995948212,0.7662792626043098,1.4576488146837816,0.203319546889736,,,-0.10576022187289118,13.252262,569356.56,13.681865,874899.9,0.23602104,0.07114144,0.018563863,0.46827197,0.036507405,0.1359723,0.2685986504763128,152928.40432733245,336316.76928329497,963873.6248181819,-305543.4375,-34.923241227568866
2026-03-10,1200000.0,585,47.684982,-122.34363,2360.0,4081.572,,,4.0,2.0,48966964,"1114 N 77th Street, Seattle, WA 98103",Seattle,WA,98103,SINGLE_FAMILY,FOR_SALE,18,https://www.zillow.com/homedetails/1114-N-77th-St-Seattle-WA-98103/48966964_zpid/,1166400.0,8728d5409ffffff,9,,,,,30.0,0.2052884881900859,6.184804928131417,69,0.9272375462179537,0.374473674486883,1.0,6.123233995736766e-17,1,1040938.8550724636,737618.7135023295,0.0,508.47457627118644,3,2026,11,13.997832114758229,8928d540997ffff,"[9, 9, 9, 9, 9, 9, 9]",9,0.23838062099170604,-0.24441197567304254,0.6085216455163474,2.8813281823503942,1.2868691995948212,0.7662792626043098,1.4576488146837816,0.203319546889736,,,0.47994268219646025,13.946765,1.1402578e+06,13.997832,1.2000002e+06,0.15668437,0.05252671,0.014005467,0.6272893,0.034888983,0.094866574,0.26334884516033974,300285.5616476274,680512.3228750266,1910601.520227017,-59742.25,-4.978520833333333
2026-03-10,670000.0,584,47.58536,-122.30778,1160.0,5998.212,,,2.0,2.0,48737396,"1901 S Plum Street, Seattle, WA 98144",Seattle,WA,98144,SINGLE_FAMILY,FOR_SALE,18,https://www.zillow.com/homedetails/1901-S-Plum-St-Seattle-WA-98144/48737396_zpid/,652800.0,8728d5425ffffff,9,,,,,30.0,0.2052884881900859,6.184804928131417,69,0.9272375462179537,0.374473674486883,1.0,6.123233995736766e-17,1,1038599.7205882352,742845.079461448,0.0,577.5862068965517,3,2026,11,13.415032991367148,8928d542517ffff,"[9, 9, 9, 9, 9, 9, 9]",9,-1.0254668147085781,-0.20180060090955249,-1.5526299041494542,2.8813281823503942,1.2868691995948212,0.7662792626043098,1.4576488146837816,0.203319546889736,,,-0.6003817756862768,13.668041,862888.9,13.415033,670000.25,0.24982786,0.06607267,0.0158803,0.44016084,0.05809578,0.14220685,0.26815517252352444,231388.11514425493,510148.47567330574,1459530.5011217068,192888.875,28.78938432835821
2026-03-10,1143950.0,582,47.560963,-122.36126,2007.0,4456.188,,,4.0,4.0,251398225,"4570 22nd Avenue SW, Seattle, WA 98106",Seattle,WA,98106,SINGLE_FAMILY,FOR_SALE,18,https://www.zillow.com/homedetails/4570-22nd-Ave-SW-Seattle-WA-98106/251398225_zpid/,1139300.0,8728d5554ffffff,9,,,,,30.0,0.2052884881900859,6.184804928131417,69,0.9272375462179537,0.374473674486883,1.0,6.123233995736766e-17,1,1050831.5303030305,750729.5167661555,0.0,569.9800697558545,3,2026,11,13.949997743673027,8928d555417ffff,"[9, 9, 9, 9, 9, 9, 9]",9,-0.13340116634346091,-0.2360833887874513,0.6085216455163474,2.8813281823503942,1.2868691995948212,0.7662792626043098,1.4576488146837816,0.203319546889736,,,0.3912729520326674,13.848571,1.0336128e+06,13.949998,1.1439501e+06,0.18046501,0.055788312,0.014628325,0.58707327,0.035934336,0.10368502,0.2654716196490438,274394.86742437846,614304.768218354,1739129.3948394405,-110337.1875,-9.645280606669871
2026-03-10,649950.0,581,47.691734,-122.38033,1950.0,3998.808,,,2.0,2.0,48859499,"8535 18th Avenue NW, Seattle, WA 98117",Seattle,WA,98117,SINGLE_FAMILY,FOR_SALE,18,https://www.zillow.com/homedetails/8535-18th-Ave-NW-Seattle-WA-98117/48859499_zpid/,640900.0,8728d5473ffffff,9,,,,,30.0,0.2052884881900859,6.184804928131417,69,0.9272375462179537,0.374473674486883,1.0,6.123233995736766e-17,1,1049398.9384615384,756480.9360948661,0.0,333.3076923076923,3,2026,11,13.384650715836164,8928d547343ffff,"[9, 9, 9, 9, 9, 9, 9]",9,-0.19343391953922442,-0.2462520123105569,-1.5526299041494542,2.8813281823503942,1.2868691995948212,0.7662792626043098,1.4576488146837816,0.203319546889736,,,-0.6567008640734932,13.847079,1.0320723e+06,13.384651,649950.3,0.16333225,0.050889954,0.01329859,0.62421304,0.033046752,0.09479819,0.26717474283541026,275743.65467973467,611345.033112502,1742343.7942801097,382122.3125,58.79257058235249
2026-03-10,710000.0,579,47.673977,-122.39167,1207.0,514.008,,,2.0,2.0,333460445,"2636 NW 62nd Street, Seattle, WA 98107",Seattle,WA,98107,TOWNHOUSE,FOR_SALE,18,https://www.zillow.com/homedetails/2636-NW-62nd-St-Seattle-WA-98107/333460445_zpid/,702300.0,8728d5470ffffff,9,,,,,30.0,0.2052884881900859,6.184804928131417,69,0.9272375462179537,0.374473674486883,1.0,6.123233995736766e-17,1,1064063.1904761903,763869.1492827572,0.0,588.2352941176471,3,2026,11,13.473020249017498,8928d547077ffff,"[9, 9, 9, 9, 9, 9, 9]",9,-0.9759661234769837,-0.323727239153266,-1.5526299041494542,2.8813281823503942,1.2868691995948212,0.7662792626043098,1.4576488146837816,0.203319546889736,,,-0.49289181873384763,13.4709215,708511.44,13.473021,710000.2,0.18614408,0.047384612,0.012156099,0.61862427,0.021739665,0.090704635,0.2667714582875657,189010.62939529447,420016.5768515414,1195163.5246080211,-1488.5625,-0.20965669014084506
2026-03-10,825000.0,577,47.674934,-122.392624,1402.0,1197.9,,,3.0,2.0,124003122,"2661 NW 64th Street, Seattle, WA 98107",Seattle,WA,98107,TOWNHOUSE,FOR_SALE,18,https://www.zillow.com/homedetails/2661-NW-64th-St-Seattle-WA-98107/124003122_zpid/,813000.0,8728d5470ffffff,9,,,,,30.0,0.2052884881900859,6.184804928131417,69,0.9272375462179537,0.374473674486883,1.0,6.123233995736766e-17,1,1077491.491803279,772702.1073065096,0.0,588.4450784593438,3,2026,11,13.623138665316818,8928d547077ffff,"[9, 9, 9, 9, 9, 9, 9]",9,-0.7705909151756876,-0.3085227258853844,-0.47205412931655344,2.8813281823503942,1.2868691995948212,0.7662792626043098,1.4576488146837816,0.203319546889736,,,-0.21461995764535605,13.563618,777328.0,13.623138,824999.8,0.18104355,0.04807297,0.012499441,0.62303704,0.022454945,0.09012816,0.2606535397342536,202613.29473454788,466371.0161933706,1295618.3690157118,-47672.0,-5.778424242424243
2026-03-10,750000.0,576,47.613113,-122.30655,1464.0,4826.448,,,2.0,3.0,59699612,"1920 E Union #104, Seattle, WA 98122",Seattle,WA,98122,TOWNHOUSE,FOR_SALE,18,https://www.zillow.com/homedetails/1920-E-Union-St-APT-104-Seattle-WA-98122/59699612_zpid/,735500.0,8728d5421ffffff,9,,,,,30.0,0.2052884881900859,6.184804928131417,69,0.9272375462179537,0.374473674486883,1.0,6.123233995736766e-17,1,1081699.683333333,778517.695303775,0.0,512.2950819672132,3,2026,11,13.527828485512494,8928d542177ffff,"[9, 9, 9, 9, 9, 9, 9]",9,-0.7052921309978396,-0.22785164593541346,-1.5526299041494542,2.8813281823503942,1.2868691995948212,0.7662792626043098,1.4576488146837816,0.203319546889736,,,-0.3912947572378709,13.77971,964832.5,13.527828,749999.8,0.21343389,0.059082292,0.014714747,0.52381295,0.044124812,0.119771264,0.26780894653333814,258390.77540612698,570805.7743497981,1630855.6132783343,214832.5,28.644333333333332
2026-03-10,699950.0,598,47.71446,-122.310776,1480.0,8102.16,,,2.0,1.0,49007646,"11716 16th Avenue NE, Seattle, WA 98125",Seattle,WA,98125,SINGLE_FAMILY,FOR_SALE,19,https://www.zillow.com/homedetails/11716-16th-Ave-NE-Seattle-WA-98125/49007646_zpid/,683200.0,8728d540bffffff,9,,,,,30.0,0.2052884881900859,6.184804928131417,69,0.9272375462179537,0.374473674486883,1.0,6.123233995736766e-17,1,920323.6315789474,507196.9675761096,0.0,472.93918918918916,3,2026,11,13.458764182902971,8928d540b67ffff,"[9, 9, 9, 9, 9, 9, 9]",9,-0.6884408318551691,-0.15502493270326687,-1.5526299041494542,2.8813281823503942,1.2868691995948212,0.7662792626043098,1.4576488146837816,0.203319546889736,,,-0.5193180370972234,13.758063,944171.7,13.458764,699949.94,0.25638747,0.07210575,0.017242424,0.39890987,0.07097058,0.1564614,0.26688718313908005,251987.32207654676,559592.6780283808,1593051.9428509928,244221.6875,34.891304736052575
2026-03-10,1220000.0,575,47.547073,-122.31941,2600.0,3998.808,,,3.0,3.0,48822187,"6217 Flora Avenue S, Seattle, WA 98108",Seattle,WA,98108,SINGLE_FAMILY,FOR_SALE,18,https://www.zillow.com/homedetails/6217-Flora-Ave-S-Seattle-WA-98108/48822187_zpid/,1195400.0,8728d5509ffffff,38,,,,,30.0,0.6142970148843488,6.184804928131417,69,0.9272375462179537,0.374473674486883,1.0,6.123233995736766e-17,1,796350.0,263032.59588879853,0.0,469.2307692307692,3,2026,11,14.01436141670944,8928d5509d3ffff,"[38, 38, 38, 231, 231, 38, 38]",38,0.4911501081317629,-0.2462520123105569,-0.47205412931655344,2.8813281823503942,1.2868691995948212,0.7662792626043098,1.4576488146837816,0.203319546889736,,,0.510582757743793,13.590905,798831.4,14.014361,1.22e+06,0.27481687,0.045314744,0.0128272,0.5498591,0.024319002,0.07573891,0.2706386265508326,216194.6261757131,469983.7889400743,1357773.6544604339,-421168.625,-34.52201844262295
2026-03-10,1899500.0,573,47.680107,-122.34568,3742.0,8446.284,,,4.0,3.0,48868803,"937 N 71st Street, Seattle, WA 98103",Seattle,WA,98103,SINGLE_FAMILY,FOR_SALE,18,https://www.zillow.com/homedetails/937-N-71st-St-Seattle-WA-98103/48868803_zpid/,1844500.0,8728d540dffffff,9,,,,,30.0,0.2052884881900859,6.184804928131417,69,0.9272375462179537,0.374473674486883,1.0,6.123233995736766e-17,1,1024258.2931034482,621798.9274209065,0.0,507.6162479957242,3,2026,11,14.457101251609817,8928d540d23ffff,"[9, 231, 231, 9, 9, 9, 231]",9,1.6939115844398667,-0.14737425405254934,0.6085216455163474,2.8813281823503942,1.2868691995948212,0.7662792626043098,1.4576488146837816,0.203319546889736,,,1.331281782373046,14.511611,2.0059152e+06,14.457101,1.8994992e+06,0.3316336,0.05184602,0.014323974,0.46159673,0.03628524,0.08765462,0.2612734988894694,524092.4958432447,1202021.0747324687,3347442.0421483186,106415.25,5.602276914977625
2026-03-10,675000.0,571,47.51211,-122.37181,960.0,8258.976,,,3.0,1.0,49038229,"3012 SW 102nd Street, Seattle, WA 98146",Seattle,WA,98146,SINGLE_FAMILY,FOR_SALE,18,https://www.zillow.com/homedetails/3012-SW-102nd-St-Seattle-WA-98146/49038229_zpid/,667500.0,8728d5574ffffff,9,,,,,30.0,0.2052884881900859,6.184804928131417,69,0.9272375462179537,0.374473674486883,1.0,6.123233995736766e-17,1,1012651.4464285716,621051.8796680039,0.0,703.125,3,2026,11,13.422467969854667,8928d557447ffff,"[9, 9, 9, 9, 9, 9, 9]",9,-1.2361080539919589,-0.15153854749534493,-0.47205412931655344,2.8813281823503942,1.2868691995948212,0.7662792626043098,1.4576488146837816,0.203319546889736,,,-0.5865996871732364,13.488269,720909.5,13.422468,675000.1,0.2754461,0.071489826,0.01690853,0.37971368,0.06855044,0.15834339,0.2669793868100212,192467.97625551897,427192.17695374007,1216573.003352792,45909.5,6.801407407407408
2026-03-10,650000.0,570,47.541847,-122.32248,1455.0,1045.44,,,2.0,2.0,2061177563,"6719 Carleton Avenue S #B, Seattle, WA 98108",Seattle,WA,98108,TOWNHOUSE,FOR_SALE,18,https://www.zillow.com/homedetails/6719-Carleton-Ave-S-B-Seattle-WA-98108/2061177563_zpid/,642300.0,8728d550dffffff,38,,,,,30.0,0.6142970148843488,6.184804928131417,69,0.9272375462179537,0.374473674486883,1.0,6.123233995736766e-17,1,753985.0,234386.71991438043,0.0,446.73539518900344,3,2026,11,13.38472764187182,8928d550d63ffff,"[38, 38, 38, 38, 231, 231, 38]",38,-0.7147709867655917,-0.3119122670597529,-1.5526299041494542,2.8813281823503942,1.2868691995948212,0.7662792626043098,1.4576488146837816,0.203319546889736,,,-0.6565582676377216,13.254176,570447.3,13.3847275,649999.9,0.19565742,0.05439119,0.013950001,0.58043957,0.022270072,0.10518389,0.2670077633539116,152313.86102187485,338013.4354941627,962713.7091758422,-79552.6875,-12.238875
2026-03-10,749000.0,612,47.573006,-122.38209,1240.0,2099.592,,,2.0,1.0,48791385,"3915 SW Hinds Street, Seattle, WA 98116",Seattle,WA,98116,SINGLE_FAMILY,FOR_SALE,19,https://www.zillow.com/homedetails/3915-SW-Hinds-St-Seattle-WA-98116/48791385_zpid/,734000.0,8728d5555ffffff,9,,,,,30.0,0.2052884881900859,6.184804928131417,69,0.9272375462179537,0.374473674486883,1.0,6.123233995736766e-17,1,1013143.8653846154,637656.6132164764,0.0,604.0322580645161,3,2026,11,13.526494262499357,8928d55550fffff,"[9, 9, 9, 9, 9, 9, 9]",9,-0.941210318995226,-0.2884760109398333,-1.5526299041494542,2.8813281823503942,1.2868691995948212,0.7662792626043098,1.4576488146837816,0.203319546889736,,,-0.39376798290947923,13.5960655,802964.3,13.526494,748999.8,0.19721128,0.051330827,0.013048753,0.58610964,0.028022958,0.10009479,0.26323144826317973,211365.45888302344,479323.91646683926,1345127.2279772742,53964.3125,7.204848130841121
2026-03-10,689950.0,590,47.68219,-122.31609,1002.0,2378.376,,,2.0,2.0,460597014,"7320 11th Avenue NE #B, Seattle, WA 98115",Seattle,WA,98115,TOWNHOUSE,FOR_SALE,18,https://www.zillow.com/homedetails/7320-11th-Ave-NE-B-Seattle-WA-98115/460597014_zpid/,685600.0,8728d5408ffffff,9,,,,,30.0,0.2052884881900859,6.184804928131417,69,0.9272375462179537,0.374473674486883,1.0,6.123233995736766e-17,1,1018323.1568627452,642896.0058302236,0.0,688.5728542914171,3,2026,11,13.4443744101797,8928d5408bbffff,"[9, 9, 9, 9, 9, 9, 9]",9,-1.191873393742449,-0.2822779927924166,-1.5526299041494542,2.8813281823503942,1.2868691995948212,0.7662792626043098,1.4576488146837816,0.203319546889736,,,-0.5459921050434314,13.591106,798992.2,13.444374,689949.75,0.21206184,0.053615943,0.013438123,0.55674565,0.03136296,0.107300766,0.2646445358394714,211448.9166003014,475633.6169530994,1342185.354441812,109042.1875,15.804360823248063
2026-03-10,1700000.0,591,47.610935,-122.313614,2630.0,1790.316,,,4.0,3.0,353108736,"916 B 14th Avenue, Seattle, WA 98122",Seattle,WA,98122,SINGLE_FAMILY,FOR_SALE,18,https://www.zillow.com/homedetails/916-B-14th-Ave-Seattle-WA-98122/353108736_zpid/,,8728d5421ffffff,9,,,,,30.0,0.2052884881900859,6.184804928131417,69,0.9272375462179537,0.374473674486883,1.0,6.123233995736766e-17,1,1024890.62,647692.5796172601,0.0,646.3878326996198,3,2026,11,14.346138809026444,8928d542123ffff,"[9, 9, 9, 9, 9, 9, 9]",9,0.52274629402427,-0.2953519373221238,0.6085216455163474,2.8813281823503942,1.2868691995948212,0.7662792626043098,1.4576488146837816,0.203319546889736,,,1.1255926592808239,14.065054,1.2834392e+06,14.346139,1.7000002e+06,0.12551942,0.045375653,0.012517452,0.6970283,0.02631764,0.0766595,0.2639221799658207,338728.0847136979,765103.5530304209,2152932.4748101104,-416560.75,-24.503573529411764
2026-03-10,849950.0,607,47.67123,-122.39175,1460.0,1001.88,,,3.0,3.0,460590112,"2634 NW 58th Street #B, Seattle, WA 98107",Seattle,WA,98107,TOWNHOUSE,FOR_SALE,19,https://www.zillow.com/homedetails/2634-NW-58th-St-B-Seattle-WA-98107/460590112_zpid/,838600.0,8728d5470ffffff,9,,,,,30.0,0.2052884881900859,6.184804928131417,69,0.9272375462179537,0.374473674486883,1.0,6.123233995736766e-17,1,1012326.7608695652,642388.6578756642,0.0,582.1575342465753,3,2026,11,13.652932803206916,8928d54700fffff,"[9, 9, 9, 9, 9, 9, 9]",9,-0.7095049557835071,-0.3128807073952868,-0.47205412931655344,2.8813281823503942,1.2868691995948212,0.7662792626043098,1.4576488146837816,0.203319546889736,,,-0.1593910896317625,13.576579,787468.9,13.652933,849950.25,0.17578003,0.047214333,0.012338108,0.6332081,0.021532472,0.087678164,0.2618675413371774,206212.53817580306,471332.33228918095,1315647.4698842529,-62481.125,-7.35115300900053
2026-03-10,1415000.0,606,47.653645,-122.330635,2040.0,4560.732,,,4.0,2.0,48919688,"3815 Sunnyside Avenue N, Seattle, WA 98103",Seattle,WA,98103,SINGLE_FAMILY,FOR_SALE,19,https://www.zillow.com/homedetails/3815-Sunnyside-Ave-N-Seattle-WA-98103/48919688_zpid/,1381200.0,8728d542bffffff,9,,,,,30.0,0.2052884881900859,6.184804928131417,69,0.9272375462179537,0.374473674486883,1.0,6.123233995736766e-17,1,1015935.1333333332,649175.8992828244,0.0,693.6274509803922,3,2026,11,14.162640089059476,8928d542b1bffff,"[9, 231, 9, 9, 9, 9, 231]",9,-0.09864536186170311,-0.23375913198217002,0.6085216455163474,2.8813281823503942,1.2868691995948212,0.7662792626043098,1.4576488146837816,0.203319546889736,,,0.7854443179157569,13.8943615,1.082043e+06,14.162641,1.4150006e+06,0.24981454,0.0527895,0.013961928,0.53345126,0.032035936,0.09655231,0.26524679381914995,287008.43652445445,643371.6178708547,1819814.6475426832,-332957.0,-23.53053003533569
2026-03-10,619888.0,605,47.560417,-122.3659,940.0,5479.848,,,3.0,1.0,48755599,"4721 26th Avenue SW, Seattle, WA 98106",Seattle,WA,98106,SINGLE_FAMILY,FOR_SALE,19,https://www.zillow.com/homedetails/4721-26th-Ave-SW-Seattle-WA-98106/48755599_zpid/,609000.0,8728d5554ffffff,9,,,,,30.0,0.2052884881900859,6.184804928131417,69,0.9272375462179537,0.374473674486883,1.0,6.123233995736766e-17,1,1006865.4772727272,653790.7205928199,0.0,659.4553191489362,3,2026,11,13.337294095541681,8928d5554a3ffff,"[9, 9, 9, 9, 231, 231, 9]",9,-1.2571721779202971,-0.2133250409024055,-0.47205412931655344,2.8813281823503942,1.2868691995948212,0.7662792626043098,1.4576488146837816,0.203319546889736,,,-0.7444849960212438,13.51359,739396.7,13.337294,619887.7,0.33965838,0.058360346,0.014451207,0.40053004,0.040477775,0.11998329,0.2679147677298743,198095.29179180096,437344.6842224718,1250060.8695830675,119508.6875,19.27907743011641
2026-03-10,629950.0,604,47.688873,-122.37165,1009.0,692.604,,,2.0,3.0,460590667,"8303 C 12th Avenue NW, Seattle, WA 98117",Seattle,WA,98117,TOWNHOUSE,FOR_SALE,19,https://www.zillow.com/homedetails/8303-C-12th-Ave-NW-Seattle-WA-98117/460590667_zpid/,629400.0,8728d5472ffffff,9,,,,,30.0,0.2052884881900859,6.184804928131417,69,0.9272375462179537,0.374473674486883,1.0,6.123233995736766e-17,1,1015864.953488372,658764.8075468121,0.0,624.3310208126858,3,2026,11,13.353395730138775,8928d54722fffff,"[9, 9, 9, 9, 9, 9, 9]",9,-1.1845009503675308,-0.3197566337775772,-1.5526299041494542,2.8813281823503942,1.2868691995948212,0.7662792626043098,1.4576488146837816,0.203319546889736,,,-0.7146376799067021,13.402196,661454.1,13.353395,629949.8,0.19701694,0.048953373,0.012441701,0.5986129,0.023320843,0.09536056,0.26572634937221595,175765.7899134434,392924.31346902775,1113500.901457607,31504.125,5.001051670767522
2026-03-10,1100000.0,601,47.560913,-122.27354,1820.0,7200.468,,,3.0,2.0,48925778,"4625 48th Avenue S, Seattle, WA 98118",Seattle,WA,98118,SINGLE_FAMILY,FOR_SALE,19,https://www.zillow.com/homedetails/4625-48th-Ave-S-Seattle-WA-98118/48925778_zpid/,,8728d550affffff,38,,,,,30.0,0.6142970148843488,6.184804928131417,69,0.9272375462179537,0.374473674486883,1.0,6.123233995736766e-17,1,1100000.0,0.0,0.0,604.3956043956044,3,2026,11,13.9108207377686,8928d550a0fffff,"[38, 38, 38, 38, 38, 38, 38]",38,-0.3303507250734219,-0.17507164764881786,-0.47205412931655344,2.8813281823503942,1.2868691995948212,0.7662792626043098,1.4576488146837816,0.203319546889736,,,0.31865122703949395,13.323558,611431.3,13.910821,1.1000002e+06,0.2401277,0.063962646,0.016908962,0.49581614,0.034834057,0.11982144,0.26805819387607593,163899.17330802858,361552.9539111884,1034006.8033756501,-488568.6875,-44.41533522727273
2026-03-10,2499995.0,600,47.650143,-122.333534,3950.0,4800.312,,,6.0,6.0,48668193,"3532 Meridian Avenue N, Seattle, WA 98103",Seattle,WA,98103,SINGLE_FAMILY,FOR_SALE,19,https://www.zillow.com/homedetails/3532-Meridian-Ave-N-Seattle-WA-98103/48668193_zpid/,2442200.0,8728d542bffffff,9,,,,,30.0,0.2052884881900859,6.184804928131417,69,0.9272375462179537,0.374473674486883,1.0,6.123233995736766e-17,1,975956.075,561741.8093465792,0.0,632.9101265822785,3,2026,11,14.73179928983643,8928d542b8bffff,"[9, 231, 231, 9, 9, 231, 231]",9,1.9129784732945827,-0.22843271013673377,2.769673195182149,2.8813281823503942,1.2868691995948212,0.7662792626043098,1.4576488146837816,0.203319546889736,,,1.8404846917766637,14.487058,1.9572631e+06,14.731799,2.4999945e+06,0.37653333,0.05214564,0.014817879,0.42819393,0.028708164,0.08212932,0.2617393404527685,512292.75943002454,1171796.4757837548,3269235.7276976546,-542731.875,-21.709318418636837
2026-03-10,4745000.0,574,47.658276,-122.41255,6656.0,0.8102999999999999,,,6.0,5.0,72496274,"4200 Washington Avenue W, Seattle, WA 98199",Seattle,WA,98199,SINGLE_FAMILY,FOR_SALE,18,https://www.zillow.com/homedetails/4200-Washington-Ave-W-Seattle-WA-98199/72496274_zpid/,4466000.0,8728d5475ffffff,9,,,,,30.0,0.2052884881900859,6.184804928131417,69,0.9272375462179537,0.374473674486883,1.0,6.123233995736766e-17,1,1087321.7118644067,783970.9794852993,0.0,712.890625,3,2026,11,15.372601990026165,8928d54750bffff,"[9, 231, 231, 9, 231, 231, 9]",9,4.762954440798723,-0.3351368202548089,2.769673195182149,2.8813281823503942,1.2868691995948212,0.7662792626043098,1.4576488146837816,0.203319546889736,,,3.028329357129272,14.9320135,3.054155e+06,15.3726015,4.7449975e+06,0.3864591,0.05171948,0.014756069,0.4193325,0.029402029,0.08135967,0.2662433330239656,813148.4067718096,1812425.5317406824,5146618.44515752,-1690845.0,-35.634246575342466
2026-03-10,895000.0,747,47.64991,-122.383934,1619.0,1372.14,,,3.0,3.0,122182404,"3245 21st Avenue W, Seattle, WA 98199",Seattle,WA,98199,SINGLE_FAMILY,FOR_SALE,25,https://www.zillow.com/homedetails/3245-21st-Ave-W-Seattle-WA-98199/122182404_zpid/,885100.0,8728d5474ffffff,9,,,,,30.0,0.2052884881900859,6.184804928131417,69,0.9272375462179537,0.374473674486883,1.0,6.123233995736766e-17,1,1031224.9888888889,911145.1815611128,0.0,552.8103767757875,3,2026,11,13.704578997256993,8928d54741bffff,"[9, 9, 9, 9, 9, 9, 9]",9,-0.5420451705532195,-0.3046489645432489,-0.47205412931655344,2.8813281823503942,1.2868691995948212,0.7662792626043098,1.4576488146837816,0.203319546889736,,,-0.0636554504561078,13.647329,845200.6,13.704579,895000.3,0.16716293,0.04676933,0.012343148,0.64538014,0.021653393,0.08532152,0.2626204763533094,221966.9907516148,505141.1614354309,1414187.1392452526,-49799.375,-5.5641759776536315
2026-03-10,1069000.0,750,47.659306,-122.3537,1587.0,1041.084,,,3.0,2.0,460456036,"4307 Francis Avenue N #B, Seattle, WA 98103",Seattle,WA,98103,TOWNHOUSE,FOR_SALE,25,https://www.zillow.com/homedetails/4307-Francis-Ave-N-B-Seattle-WA-98103/460456036_zpid/,,8728d5476ffffff,9,,,,,30.0,0.2052884881900859,6.184804928131417,69,0.9272375462179537,0.374473674486883,1.0,6.123233995736766e-17,1,1028102.2111111112,913640.502528339,0.0,673.5979836168872,3,2026,11,13.882234190007182,8928d5476cfffff,"[9, 9, 9, 9, 9, 9, 9]",9,-0.5757477688385604,-0.31200911109330626,-0.47205412931655344,2.8813281823503942,1.2868691995948212,0.7662792626043098,1.4576488146837816,0.203319546889736,,,0.265660847552652,13.625588,827023.5,13.882235,1.0690004e+06,0.16695976,0.046244916,0.012199471,0.64801204,0.020829782,0.08439688,0.2627684684703126,217315.69848395756,494134.10100279056,1384174.6719534493,-241976.5,-22.63578110383536
2026-03-10,675000.0,751,47.69211,-122.33052,860.0,2617.956,,,2.0,1.0,48972722,"2311 N 88th St, Seattle, WA 98103",Seattle,WA,98103,SINGLE_FAMILY,FOR_SALE,26,https://www.zillow.com/homedetails/2311-N-88th-St-Seattle-WA-98103/48972722_zpid/,652500.0,8728d5409ffffff,9,,,,,30.0,0.2052884881900859,6.184804928131417,69,0.9272375462179537,0.374473674486883,1.0,6.123233995736766e-17,1,1026724.4333333332,914083.2617859351,0.0,784.8837209302326,3,2026,11,13.422467969854667,8928d5409cfffff,"[9, 9, 9, 9, 9, 9, 9]",9,-1.3414286736336494,-0.27695157094698036,-1.5526299041494542,2.8813281823503942,1.2868691995948212,0.7662792626043098,1.4576488146837816,0.203319546889736,,,-0.5865996871732364,13.594938,802059.7,13.422468,675000.1,0.2204282,0.05505763,0.013681536,0.53875923,0.034018286,0.11193555,0.2668168125257043,214003.0092741125,475431.1357925778,1353087.0326240754,127059.6875,18.823657407407406
2026-03-10,549995.0,704,47.54867,-122.28784,1400.0,801.504,,,3.0,2.0,2084624258,"5936 S 36th Avenue #F, Seattle, WA 98118",Seattle,WA,98118,TOWNHOUSE,FOR_SALE,24,https://www.zillow.com/homedetails/5936-36th-Ave-S-F-Seattle-WA-98118/2084624258_zpid/,547200.0,8728d5508ffffff,38,,,,,30.0,0.6142970148843488,6.184804928131417,69,0.9272375462179537,0.374473674486883,1.0,6.123233995736766e-17,1,761123.5,312766.5649612675,0.0,392.85357142857146,3,2026,11,13.21766446625824,8928d550843ffff,"[38, 38, 38, 38, 38, 38, 38]",38,-0.7726973275685214,-0.3173355329387425,-0.47205412931655344,2.8813281823503942,1.2868691995948212,0.7662792626043098,1.4576488146837816,0.203319546889736,,,-0.9662403302612068,13.262594,575269.7,13.217665,549995.1,0.115413986,0.059165966,0.015105637,0.63955474,0.024279643,0.115520805,0.2667403646695012,153447.64622705997,341049.5686359263,970343.4284573337,25274.6875,4.595439503995491
2026-03-10,1245000.0,702,47.566124,-122.29473,2577.0,2931.588,,,4.0,4.0,460489823,"3007 S Dakota Street, Seattle, WA 98108",Seattle,WA,98108,SINGLE_FAMILY,FOR_SALE,24,https://www.zillow.com/homedetails/3007-S-Dakota-St-Seattle-WA-98108/460489823_zpid/,1240500.0,8728d550bffffff,38,,,,,30.0,0.6142970148843488,6.184804928131417,69,0.9272375462179537,0.374473674486883,1.0,6.123233995736766e-17,1,766272.9756097561,314844.304613049,0.0,483.11990686845166,3,2026,11,14.034646087880946,8928d550b1bffff,"[38, 38, 38, 38, 38, 38, 38]",38,0.4669263656141741,-0.26997880053113654,0.6085216455163474,2.8813281823503942,1.2868691995948212,0.7662792626043098,1.4576488146837816,0.203319546889736,,,0.5481840949921708,13.658231,854464.94,14.034646,1.2449999e+06,0.17667323,0.049488474,0.01390129,0.6297411,0.027300656,0.08400927,0.27172825368149817,232182.26529894548,501642.7060548434,1455439.0399924242,-390535.0625,-31.3682781124498
2026-03-10,854000.0,701,47.566166,-122.29556,1740.0,1650.924,,,3.0,3.0,460489753,"3003 S Dakota Street #1, Seattle, WA 98108",Seattle,WA,98108,TOWNHOUSE,FOR_SALE,24,https://www.zillow.com/homedetails/3003-S-Dakota-St-1-Seattle-WA-98108/460489753_zpid/,852400.0,8728d550bffffff,38,,,,,30.0,0.6142970148843488,6.184804928131417,69,0.9272375462179537,0.374473674486883,1.0,6.123233995736766e-17,1,754304.8,309265.8135132467,0.0,490.8045977011494,3,2026,11,13.657686472770706,8928d550b1bffff,"[38, 38, 38, 38, 38, 38, 38]",38,-0.4146072207867742,-0.29845094639583214,-0.47205412931655344,2.8813281823503942,1.2868691995948212,0.7662792626043098,1.4576488146837816,0.203319546889736,,,-0.1505792961881248,13.368916,639803.0,13.657686,853999.8,0.12527056,0.053803932,0.014206347,0.656912,0.023959499,0.10012519,0.2671193884781216,170903.78610646765,379026.55836237915,1079997.7969945339,-214197.0,-25.081615925058546
2026-03-10,725000.0,697,47.551815,-122.28017,1108.0,1097.712,,,2.0,2.0,48863095,"4215 S Findlay Street, Seattle, WA 98118",Seattle,WA,98118,SINGLE_FAMILY,FOR_SALE,23,https://www.zillow.com/homedetails/4215-S-Findlay-St-Seattle-WA-98118/48863095_zpid/,718600.0,8728d550affffff,38,,,,,30.0,0.6142970148843488,6.184804928131417,69,0.9272375462179537,0.374473674486883,1.0,6.123233995736766e-17,1,751748.5128205129,312880.27012394916,0.0,654.3321299638989,3,2026,11,13.493926933836812,8928d550a87ffff,"[38, 38, 38, 38, 38, 38, 38]",38,-1.0802335369222573,-0.31075013865711226,-1.5526299041494542,2.8813281823503942,1.2868691995948212,0.7662792626043098,1.4576488146837816,0.203319546889736,,,-0.45413746575518876,13.210919,546297.75,13.493927,725000.06,0.13820037,0.065926455,0.016374018,0.58257955,0.027154546,0.13359313,0.27106342260900307,148081.3378785975,321140.84388338064,929315.6076838649,-178702.25,-24.648586206896553
2026-03-10,468500.0,696,47.70751,-122.33596,1100.0,2378.376,,,2.0,1.0,59695685,"10717 Burke Ave N APT D, Seattle, WA 98133",Seattle,WA,98133,TOWNHOUSE,FOR_SALE,23,https://www.zillow.com/homedetails/10717-Burke-Ave-N-APT-D-Seattle-WA-98133/59695685_zpid/,,8728d5456ffffff,9,,,,,30.0,0.2052884881900859,6.184804928131417,69,0.9272375462179537,0.374473674486883,1.0,6.123233995736766e-17,1,929833.2,531972.2933726965,0.0,425.90909090909093,3,2026,11,13.057291380660613,8928d5456d7ffff,"[9, 231, 9, 9, 9, 9, 9]",9,-1.0886591864935924,-0.2822779927924166,-1.5526299041494542,2.8813281823503942,1.2868691995948212,0.7662792626043098,1.4576488146837816,0.203319546889736,,,-1.2635210909959431,13.672253,866530.56,13.057291,468499.84,0.23085818,0.052056335,0.013130775,0.546816,0.029485496,0.102990344,0.26386142361490755,228643.98782707663,516631.05122792284,1453407.0463180633,398030.5625,84.95849786552829
2026-03-10,999950.0,695,47.64182,-122.37448,1725.0,1502.82,,,4.0,3.0,460503861,"2538 14th Avenue W #C, Seattle, WA 98119",Seattle,WA,98119,TOWNHOUSE,FOR_SALE,23,https://www.zillow.com/homedetails/2538-14th-Ave-W-C-Seattle-WA-98119/460503861_zpid/,995300.0,8728d5429ffffff,9,,,,,30.0,0.2052884881900859,6.184804928131417,69,0.9272375462179537,0.374473674486883,1.0,6.123233995736766e-17,1,951272.088888889,551686.1941503353,0.0,579.6811594202899,3,2026,11,13.815460556714232,8928d5429afffff,"[9, 9, 9, 9, 231, 9, 9]",9,-0.4304053137330277,-0.3017436435366473,0.6085216455163474,2.8813281823503942,1.2868691995948212,0.7662792626043098,1.4576488146837816,0.203319546889736,,,0.1418837410115013,13.74809,934801.8,13.81546,999949.6,0.19657713,0.050109554,0.013244132,0.6017251,0.024577366,0.091387436,0.2644190990698224,247179.45307008707,556725.9328010511,1569631.1674294807,-65148.1875,-6.515144507225361
2026-03-10,999950.0,694,47.64182,-122.37448,1802.0,1502.82,,,3.0,2.0,460503860,"2538 14th Avenue W #D, Seattle, WA 98119",Seattle,WA,98119,TOWNHOUSE,FOR_SALE,23,https://www.zillow.com/homedetails/2538-14th-Ave-W-D-Seattle-WA-98119/460503860_zpid/,995300.0,8728d5429ffffff,9,,,,,30.0,0.2052884881900859,6.184804928131417,69,0.9272375462179537,0.374473674486883,1.0,6.123233995736766e-17,1,948600.4222222222,552029.9215289286,0.0,554.9112097669256,3,2026,11,13.815460556714232,8928d5429afffff,"[9, 9, 9, 9, 231, 9, 9]",9,-0.34930843660892613,-0.3017436435366473,-0.47205412931655344,2.8813281823503942,1.2868691995948212,0.7662792626043098,1.4576488146837816,0.203319546889736,,,0.1418837410115013,13.751083,937604.4,13.81546,999949.6,0.17416316,0.045598492,0.012144422,0.6443027,0.02181188,0.081873775,0.2643761403586184,247880.22584585467,558442.0538444394,1574204.477717271,-62345.625,-6.234874243712186
2026-03-10,685000.0,667,47.55914,-122.36318,1260.0,609.84,,,4.0,3.0,338640698,"2403 SW Edmunds Street, Seattle, WA 98106",Seattle,WA,98106,TOWNHOUSE,FOR_SALE,20,https://www.zillow.com/homedetails/2403-SW-Edmunds-St-Seattle-WA-98106/338640698_zpid/,678700.0,8728d5554ffffff,9,,,,,30.0,0.2052884881900859,6.184804928131417,69,0.9272375462179537,0.374473674486883,1.0,6.123233995736766e-17,1,943878.7555555556,553401.4337653406,0.0,543.6507936507936,3,2026,11,13.437174117244362,8928d5554bbffff,"[9, 9, 9, 9, 9, 9, 9]",9,-0.9201461950668879,-0.32159667041509155,0.6085216455163474,2.8813281823503942,1.2868691995948212,0.7662792626043098,1.4576488146837816,0.203319546889736,,,-0.559339161086866,13.591397,799224.6,13.437174,684999.8,0.19503012,0.0499969,0.01291464,0.59888935,0.02378833,0.09529194,0.2632093258130987,210363.37471947662,477112.22124647687,1338804.4391144356,114224.625,16.675127737226276
2026-03-10,949950.0,665,47.611877,-122.28902,1416.0,505.296,,,3.0,2.0,457082913,"3402 E Spring Street, Seattle, WA 98122",Seattle,WA,98122,TOWNHOUSE,FOR_SALE,20,https://www.zillow.com/homedetails/3402-E-Spring-St-Seattle-WA-98122/457082913_zpid/,947000.0,8728d5423ffffff,7,,,,,13.0,0.9451888581895366,6.184804928131417,69,0.9272375462179537,0.374473674486883,1.0,6.123233995736766e-17,1,949950.0,0.0,0.0,670.8686440677966,3,2026,11,13.764164630612687,8928d54214bffff,"[9, 7, 7, 7, 9, 9, 9]",7,-0.7558460284258509,-0.3239209272203728,-0.47205412931655344,2.8813281823503942,1.2868691995948212,0.7662792626043098,1.4576488146837816,0.203319546889736,,,0.04679738735537455,13.59944,805678.1,13.764165,949950.25,0.1750567,0.045330085,0.012067765,0.6434721,0.020829681,0.08250081,0.2689568541011723,216692.65391813108,475577.0495885865,1364904.5467156235,-144271.875,-15.187312490131061
2026-03-10,534997.0,664,47.552628,-122.28597,770.0,2726.856,,,1.0,1.0,48863198,"5429 Renton Avenue S, Seattle, WA 98118",Seattle,WA,98118,SINGLE_FAMILY,FOR_SALE,20,https://www.zillow.com/homedetails/5429-Renton-Ave-S-Seattle-WA-98118/48863198_zpid/,519000.0,8728d5508ffffff,38,,,,,30.0,0.6142970148843488,6.184804928131417,69,0.9272375462179537,0.374473674486883,1.0,6.123233995736766e-17,1,752452.4210526316,317048.89634878107,0.0,694.8012987012987,3,2026,11,13.190016418385786,8928d55084fffff,"[38, 38, 38, 38, 38, 38, 38]",38,-1.4362172313111707,-0.27453047010814574,-2.633205678982355,2.8813281823503942,1.2868691995948212,0.7662792626043098,1.4576488146837816,0.203319546889736,,,-1.0174910290534926,13.210058,545827.44,13.190017,534997.2,0.20662174,0.07412743,0.018081445,0.47240344,0.033668254,0.15418161,0.2751808350114503,150201.2500234102,318285.41022237076,936039.2130840155,10830.4375,2.024392192853418
2026-03-10,1599900.0,705,47.635765,-122.3469,2070.0,2378.376,,,4.0,4.0,452050954,"517B Plan, Trolley Vue",Seattle,WA,98109,TOWNHOUSE,FOR_SALE,24,https://www.zillow.com/community/trolley-vue/452050954_zpid/,,8728d5428ffffff,9,,,,,30.0,0.2052884881900859,6.184804928131417,69,0.9272375462179537,0.374473674486883,1.0,6.123233995736766e-17,1,925998.7555555556,536555.9645921171,0.0,772.8985507246376,3,2026,11,14.285451685256803,8928d5428afffff,"[9, 9, 9, 9, 9, 9, 9]",9,-0.067049175969196,-0.2822779927924166,0.6085216455163474,2.8813281823503942,1.2868691995948212,0.7662792626043098,1.4576488146837816,0.203319546889736,,,1.0130980081128158,13.889165,1.0764348e+06,14.285452,1.5999004e+06,0.16161916,0.050485704,0.013512457,0.63580555,0.027710013,0.09011651,0.26695157297380007,287355.94971615926,637901.9337093162,1816441.6495201208,-523465.25,-32.71862303893993
2026-03-10,1015000.0,629,47.549034,-122.30953,2876.0,2443.716,,,4.0,4.0,452755316,"5930 18th Avenue S, Seattle, WA 98108",Seattle,WA,98108,SINGLE_FAMILY,FOR_SALE,19,https://www.zillow.com/homedetails/5930-18th-Ave-S-Seattle-WA-98108/452755316_zpid/,1012700.0,8728d5508ffffff,38,,,,,30.0,0.6142970148843488,6.184804928131417,69,0.9272375462179537,0.374473674486883,1.0,6.123233995736766e-17,1,729116.5277777778,269069.4045457403,0.0,352.9207232267037,3,2026,11,13.830399170458024,8928d550833ffff,"[38, 38, 38, 38, 38, 38, 38]",38,0.7818350183428283,-0.2808253322891158,0.6085216455163474,2.8813281823503942,1.2868691995948212,0.7662792626043098,1.4576488146837816,0.203319546889736,,,0.16957518587912293,13.686103,878615.7,13.8303995,1.0150004e+06,0.17956883,0.04765177,0.013581555,0.6360258,0.027149836,0.07886784,0.27065724413600256,237803.70063340923,516905.14702417504,1493437.4968315447,-136384.3125,-13.436878078817735
2026-03-10,1419000.0,635,47.64972,-122.40192,2690.0,5998.212,,,4.0,2.0,49009812,"3234 35th Avenue W, Seattle, WA 98199",Seattle,WA,98199,SINGLE_FAMILY,FOR_SALE,19,https://www.zillow.com/homedetails/3234-35th-Ave-W-Seattle-WA-98199/49009812_zpid/,,8728d5474ffffff,9,,,,,30.0,0.2052884881900859,6.184804928131417,69,0.9272375462179537,0.374473674486883,1.0,6.123233995736766e-17,1,946056.5333333332,553005.8694540125,0.0,527.5092936802974,3,2026,11,14.16546295614218,8928d5474afffff,"[9, 9, 9, 9, 9, 9, 9]",9,0.5859386658092842,-0.20180060090955249,0.6085216455163474,2.8813281823503942,1.2868691995948212,0.7662792626043098,1.4576488146837816,0.203319546889736,,,0.7906770168482007,14.042705,1.2550734e+06,14.1654625,1.4189994e+06,0.1558212,0.05578418,0.014686529,0.6053246,0.045767643,0.103793174,0.26343042169501374,330624.50843443413,748915.1380091971,2103321.266307563,-163926.625,-11.55226391825229
2026-03-10,724900.0,633,47.71596,-122.30693,1108.0,1755.468,,,2.0,2.0,460584731,"2006 120th Street NE Unit 2, Seattle, WA 98125",Seattle,WA,98125,SINGLE_FAMILY,FOR_SALE,19,https://www.zillow.com/homedetails/2006-120th-St-NE-UNIT-2-Seattle-WA-98125/460584731_zpid/,,8728d540bffffff,9,,,,,30.0,0.2052884881900859,6.184804928131417,69,0.9272375462179537,0.374473674486883,1.0,6.123233995736766e-17,1,941088.7555555556,549196.5533575632,0.0,654.2418772563177,3,2026,11,13.49378899328897,8928d540b6fffff,"[9, 9, 9, 9, 9, 9, 9]",9,-1.0802335369222573,-0.2961266895905509,-1.5526299041494542,2.8813281823503942,1.2868691995948212,0.7662792626043098,1.4576488146837816,0.203319546889736,,,-0.4543931637162653,13.499994,729412.2,13.493789,724899.8,0.20113803,0.051174425,0.012963101,0.5824976,0.02724024,0.100398615,0.2615717339541527,190793.61065166653,436836.2454166547,1217944.1550695295,4512.1875,0.6224565457304456
2026-03-10,575000.0,632,47.558918,-122.362495,1170.0,601.128,,,2.0,2.0,353133405,"4810 C Delridge Way SW, Seattle, WA 98106",Seattle,WA,98106,TOWNHOUSE,FOR_SALE,19,https://www.zillow.com/homedetails/4810-C-Delridge-Way-SW-Seattle-WA-98106/353133405_zpid/,570900.0,8728d5554ffffff,9,,,,,30.0,0.2052884881900859,6.184804928131417,69,0.9272375462179537,0.374473674486883,1.0,6.123233995736766e-17,1,944912.088888889,548872.2669705036,0.0,491.45299145299145,3,2026,11,13.262125319779487,8928d5554bbffff,"[9, 9, 9, 9, 9, 9, 9]",9,-1.0149347527444093,-0.3217903584821983,-1.5526299041494542,2.8813281823503942,1.2868691995948212,0.7662792626043098,1.4576488146837816,0.203319546889736,,,-0.883824030116716,13.457037,698742.06,13.262125,574999.8,0.18874997,0.047811307,0.0122371,0.61357707,0.02220707,0.091919065,0.26658677763052974,186275.3948367852,414375.10275166825,1178257.3186233481,123742.0625,21.520358695652174
2026-03-10,899950.0,628,47.513794,-122.26119,1900.0,5549.544,,,5.0,3.0,48659874,"9744 57th Avenue S, Seattle, WA 98118",Seattle,WA,98118,SINGLE_FAMILY,FOR_SALE,19,https://www.zillow.com/homedetails/9744-57th-Ave-S-Seattle-WA-98118/48659874_zpid/,885200.0,8728d5501ffffff,38,,,,,30.0,0.6142970148843488,6.184804928131417,69,0.9272375462179537,0.374473674486883,1.0,6.123233995736766e-17,1,720948.4285714285,268431.039010163,0.0,473.6578947368421,3,2026,11,13.710094485207625,8928d5501c3ffff,"[38, 38, 38, 38, 38, 38, 38]",38,-0.2460942293600696,-0.21177553636555133,1.6890974203492484,2.8813281823503942,1.2868691995948212,0.7662792626043098,1.4576488146837816,0.203319546889736,,,-0.05343148770277552,13.308973,602578.56,13.710094,899950.0,0.2315954,0.075519785,0.01999164,0.45941287,0.037717555,0.14098436,0.26679613703820126,160765.6327370323,357200.62717180134,1016518.1232610416,-297371.4375,-33.04310656147564
2026-03-10,1470000.0,617,47.62456,-122.3081,1865.0,1354.716,,,4.0,3.0,460588097,"1810 E Mercer Street, Seattle, WA 98112",Seattle,WA,98112,TOWNHOUSE,FOR_SALE,19,https://www.zillow.com/homedetails/1810-E-Mercer-St-Seattle-WA-98112/460588097_zpid/,1452000.0,8728d542effffff,9,,,,,30.0,0.2052884881900859,6.184804928131417,69,0.9272375462179537,0.374473674486883,1.0,6.123233995736766e-17,1,947167.088888889,548897.6865670556,0.0,788.2037533512064,3,2026,11,14.20077295875492,8928d542e17ffff,"[9, 9, 9, 9, 9, 9, 9]",9,-0.2829564462346612,-0.30503634067746244,0.6085216455163474,2.8813281823503942,1.2868691995948212,0.7662792626043098,1.4576488146837816,0.203319546889736,,,0.8561305460307558,13.767111,952752.9,14.200773,1.4700004e+06,0.16880637,0.049807314,0.013271984,0.63234603,0.024620052,0.08946663,0.2648587827651841,252344.9667485296,566928.0112509483,1601152.177200083,-517247.125,-35.18687925170068
2026-03-10,649950.0,627,47.548973,-122.3094,1103.0,1328.58,,,3.0,3.0,450234534,"5928 18th Avenue S, Seattle, WA 98108",Seattle,WA,98108,SINGLE_FAMILY,FOR_SALE,19,https://www.zillow.com/homedetails/5928-18th-Ave-S-Seattle-WA-98108/450234534_zpid/,649100.0,8728d5508ffffff,38,,,,,30.0,0.6142970148843488,6.184804928131417,69,0.9272375462179537,0.374473674486883,1.0,6.123233995736766e-17,1,715683.6764705882,270627.4197437033,0.0,589.2565729827743,3,2026,11,13.384650715836164,8928d550833ffff,"[38, 38, 38, 38, 38, 38, 38]",38,-1.0854995679043418,-0.30561740487878275,-0.47205412931655344,2.8813281823503942,1.2868691995948212,0.7662792626043098,1.4576488146837816,0.203319546889736,,,-0.6567008640734932,13.16331,520898.28,13.384651,649950.3,0.14322723,0.06723936,0.016735287,0.57158047,0.028077463,0.13633986,0.2711079890564048,141219.68553262507,306183.04623908224,886185.6186569462,-129051.71875,-19.855637933687206
2026-03-10,2475000.0,622,47.637833,-122.358665,2948.0,5401.44,,,5.0,4.0,48758459,"2121 1st Avenue W, Seattle, WA 98119",Seattle,WA,98119,SINGLE_FAMILY,FOR_SALE,19,https://www.zillow.com/homedetails/2121-1st-Ave-W-Seattle-WA-98119/48758459_zpid/,,8728d5429ffffff,9,,,,,30.0,0.2052884881900859,6.184804928131417,69,0.9272375462179537,0.374473674486883,1.0,6.123233995736766e-17,1,943945.4222222222,549740.2321020919,0.0,839.5522388059702,3,2026,11,14.721750953984929,8928d5429c7ffff,"[9, 9, 9, 9, 9, 9, 9]",9,0.8576658644848453,-0.21506823350636645,1.6890974203492484,2.8813281823503942,1.2868691995948212,0.7662792626043098,1.4576488146837816,0.203319546889736,,,1.8218582688022564,14.129252,1.3685365e+06,14.721751,2.4750008e+06,0.15850294,0.060582917,0.016364139,0.5952959,0.04246515,0.106077135,0.2667447055572351,365049.8657368291,811332.1544856591,2308415.8237901772,-1106463.5,-44.70559595959596
2026-03-10,1175000.0,620,47.637306,-122.27872,1873.0,2378.376,,,3.0,3.0,460650605,"2009 42nd Avenue E, Seattle, WA 98112",Seattle,WA,98112,TOWNHOUSE,FOR_SALE,19,https://www.zillow.com/homedetails/2009-42nd-Ave-E-Seattle-WA-98112/460650605_zpid/,,8728d5405ffffff,7,,,,,10.0,0.3150629527298455,6.184804928131417,69,0.9272375462179537,0.374473674486883,1.0,6.123233995736766e-17,1,1175000.0,0.0,0.0,627.3358248798719,3,2026,11,13.976778705560397,8928d540513ffff,"[7, 231, 231, 7, 7, 7, 7]",7,-0.274530796663326,-0.2822779927924166,-0.47205412931655344,2.8813281823503942,1.2868691995948212,0.7662792626043098,1.4576488146837816,0.203319546889736,,,0.4409163488246988,13.8379545,1.02269775e+06,13.976779,1.1750004e+06,0.18853639,0.04690917,0.0127761215,0.62452626,0.025330523,0.08276418,0.2653444637931635,271367.18609622476,607969.1211915029,1720335.1254933141,-152302.25,-12.961893617021278
2026-03-10,760000.0,619,47.54751,-122.37487,1679.0,2378.376,,,3.0,4.0,2068043270,"3280 SW Graham Street #601, Seattle, WA 98126",Seattle,WA,98126,TOWNHOUSE,FOR_SALE,19,https://www.zillow.com/homedetails/3280-SW-Graham-St-UNIT-601-Seattle-WA-98126/2068043270_zpid/,757200.0,8728d5573ffffff,14,,,,,14.0,1.1552308266761002,6.184804928131417,69,0.9272375462179537,0.374473674486883,1.0,6.123233995736766e-17,1,760000.0,0.0,0.0,452.65038713519954,3,2026,11,13.541073712262515,8928d5573cfffff,"[14, 14, 14, 14, 14, 14, 14]",14,-0.4788527987682053,-0.2822779927924166,-0.47205412931655344,2.8813281823503942,1.2868691995948212,0.7662792626043098,1.4576488146837816,0.203319546889736,,,-0.36674231397922114,13.419547,673031.25,13.541074,760000.06,0.2070745,0.045922697,0.012199638,0.6067352,0.024060756,0.08396019,0.26957541452589606,181432.67820763198,396796.6725007522,1141569.8031610874,-86968.75,-11.443256578947368
2026-03-10,2345000.0,638,47.61663,-122.281425,3460.0,6660.324,,,4.0,4.0,49146443,"1702 Lake Washington Boulevard, Seattle, WA 98122",Seattle,WA,98122,SINGLE_FAMILY,FOR_SALE,19,https://www.zillow.com/homedetails/1702-Lake-Washington-Blvd-Seattle-WA-98122/49146443_zpid/,2273100.0,8728d5423ffffff,7,,,,,12.0,0.7351468897029728,6.184804928131417,69,0.9272375462179537,0.374473674486883,1.0,6.123233995736766e-17,1,2345000.0,0.0,0.0,677.7456647398844,3,2026,11,14.667795959862516,8928d542317ffff,"[7, 231, 231, 7, 7, 7, 7]",7,1.3969074370502998,-0.1870803078094378,0.6085216455163474,2.8813281823503942,1.2868691995948212,0.7662792626043098,1.4576488146837816,0.203319546889736,,,1.7218428476461627,14.376197,1.7518744e+06,14.667796,2.3450005e+06,0.16645406,0.061416745,0.016551998,0.5711397,0.05254197,0.112498656,0.26367143742841903,461919.2346502632,1044867.7119240032,2937275.1171106948,-593125.625,-25.293203624733472
2026-03-10,1288000.0,643,47.663155,-122.33336,2185.0,4373.424,,,4.0,3.0,48674072,"4616 Meridian Avenue N, Seattle, WA 98103",Seattle,WA,98103,SINGLE_FAMILY,FOR_SALE,19,https://www.zillow.com/homedetails/4616-Meridian-Ave-N-Seattle-WA-98103/48674072_zpid/,1268400.0,8728d542bffffff,9,,,,,30.0,0.2052884881900859,6.184804928131417,69,0.9272375462179537,0.374473674486883,1.0,6.123233995736766e-17,1,927467.2,522985.87112758856,0.0,589.4736842105264,3,2026,11,14.068601185646436,8928d542b67ffff,"[9, 9, 9, 9, 9, 9, 9]",9,0.05406953661874791,-0.23792342542496564,0.6085216455163474,2.8813281823503942,1.2868691995948212,0.7662792626043098,1.4576488146837816,0.203319546889736,,,0.6111260609519301,13.905813,1.0945055e+06,14.068602,1.2880005e+06,0.16937135,0.05445742,0.014386509,0.60479635,0.03587084,0.09996588,0.26548726292224795,290577.26944834646,650475.0244674314,1841642.2385765696,-193494.5,-15.022864906832298
2026-03-10,319995.0,640,47.50257,-122.3383,1063.0,2378.376,,,2.0,2.0,48974690,"323 SW 112th Street #102, Seattle, WA 98146",Seattle,WA,98146,TOWNHOUSE,FOR_SALE,19,https://www.zillow.com/homedetails/323-SW-112th-St-APT-102-Seattle-WA-98146/48974690_zpid/,321300.0,8728d5529ffffff,38,,,,,30.0,0.6142970148843488,6.184804928131417,69,0.9272375462179537,0.374473674486883,1.0,6.123233995736766e-17,1,722915.46875,277282.204643338,0.0,301.03010348071496,3,2026,11,12.676060649653838,8928d552953ffff,"[38, 38, 231, 38, 231, 38, 38]",38,-1.1276278157610178,-0.2822779927924166,-1.5526299041494542,2.8813281823503942,1.2868691995948212,0.7662792626043098,1.4576488146837816,0.203319546889736,,,-1.9702017743962947,13.164971,521764.38,12.676061,319995.0,0.25655827,0.06522596,0.016297743,0.46830028,0.026958369,0.1312326,0.27367210320875424,142792.35388565116,305154.6661947099,892131.3676892077,201769.375,63.0539149049204
2026-03-10,899950.0,662,47.611797,-122.28896,1418.0,505.296,,,3.0,2.0,2086809848,"3404 E Spring Street, Seattle, WA 98122",Seattle,WA,98122,TOWNHOUSE,FOR_SALE,20,https://www.zillow.com/homedetails/3404-E-Spring-St-Seattle-WA-98122/2086809848_zpid/,897800.0,8728d5423ffffff,7,,,,,11.0,0.5251049212164092,6.184804928131417,69,0.9272375462179537,0.374473674486883,1.0,6.123233995736766e-17,1,899950.0,0.0,0.0,634.6614950634697,3,2026,11,13.710094485207625,8928d54214bffff,"[9, 7, 7, 7, 9, 9, 9]",7,-0.7537396160330171,-0.3239209272203728,-0.47205412931655344,2.8813281823503942,1.2868691995948212,0.7662792626043098,1.4576488146837816,0.203319546889736,,,-0.05343148770277552,13.600119,806225.4,13.710094,899950.0,0.17491587,0.04532272,0.012067232,0.64367175,0.020820083,0.082467705,0.2689557447631959,216838.9461801119,475901.1184804808,1365828.6838927162,-93724.625,-10.414425801433413
2026-03-10,819950.0,661,47.56272,-122.28915,1601.0,2787.84,,,3.0,3.0,48745320,"4501 35th Avenue S, Seattle, WA 98118",Seattle,WA,98118,TOWNHOUSE,FOR_SALE,20,https://www.zillow.com/homedetails/4501-35th-Ave-S-Seattle-WA-98118/48745320_zpid/,816800.0,8728d550bffffff,38,,,,,30.0,0.6142970148843488,6.184804928131417,69,0.9272375462179537,0.374473674486883,1.0,6.123233995736766e-17,1,735912.9032258064,271776.0238896918,0.0,512.1486570893192,3,2026,11,13.616998641771591,8928d550bcbffff,"[38, 38, 38, 38, 38, 38, 38]",38,-0.5610028820887237,-0.2731746536383983,-0.47205412931655344,2.8813281823503942,1.2868691995948212,0.7662792626043098,1.4576488146837816,0.203319546889736,,,-0.22600161101725533,13.328875,614690.75,13.616999,819950.0,0.14916568,0.0585912,0.015255967,0.6100683,0.026757263,0.11151736,0.2674677527574509,164409.95354329204,363901.2405400673,1038316.6805540582,-205259.25,-25.03314226477224
2026-03-10,1750000.0,706,47.660507,-122.32807,2661.0,2478.564,,,4.0,4.0,460485962,"4406 1st Avenue NE, Seattle, WA 98105",Seattle,WA,98105,TOWNHOUSE,FOR_SALE,24,https://www.zillow.com/homedetails/4406-1st-Ave-NE-Seattle-WA-98105/460485962_zpid/,1737400.0,8728d542bffffff,9,,,,,30.0,0.2052884881900859,6.184804928131417,69,0.9272375462179537,0.374473674486883,1.0,6.123233995736766e-17,1,937109.8666666668,543183.5656900499,0.0,657.6475009394965,3,2026,11,14.375126345899696,8928d542b7bffff,"[9, 9, 9, 9, 9, 9, 9]",9,0.555395686113194,-0.2800505800206887,0.6085216455163474,2.8813281823503942,1.2868691995948212,0.7662792626043098,1.4576488146837816,0.203319546889736,,,1.179326345213186,14.089138,1.314725e+06,14.375126,1.7499992e+06,0.12913802,0.046911202,0.012860086,0.68478817,0.029081656,0.08037284,0.2645450491235544,347803.98970896506,782797.8239909537,2208107.4017388974,-435275.0,-24.872857142857143
2026-03-10,679950.0,710,47.56059,-122.36261,1420.0,1058.508,,,3.0,2.0,125989542,"4714 Delridge Way SW, Seattle, WA 98106",Seattle,WA,98106,TOWNHOUSE,FOR_SALE,24,https://www.zillow.com/homedetails/4714-Delridge-Way-SW-Seattle-WA-98106/125989542_zpid/,674800.0,8728d5554ffffff,9,,,,,30.0,0.2052884881900859,6.184804928131417,69,0.9272375462179537,0.374473674486883,1.0,6.123233995736766e-17,1,933276.5333333332,542863.8547346193,0.0,478.8380281690141,3,2026,11,13.429774545037105,8928d5554abffff,"[9, 9, 9, 9, 9, 9, 9]",9,-0.7516332036401833,-0.31162173495909273,-0.47205412931655344,2.8813281823503942,1.2868691995948212,0.7662792626043098,1.4576488146837816,0.203319546889736,,,-0.5730556176025442,13.563952,777588.25,13.429774,679949.8,0.17892157,0.04764574,0.012412131,0.6275188,0.021945326,0.088998035,0.26146750441645233,203314.05919105644,465783.46481050714,1298121.4704387772,97638.25,14.359622031031694
2026-03-10,630000.0,137,47.559032,-122.36331,1166.0,662.112,,,3.0,3.0,353233399,"4805 B Delridge Way SW, Seattle, WA 98106",Seattle,WA,98106,TOWNHOUSE,FOR_SALE,4,https://www.zillow.com/homedetails/4805-B-Delridge-Way-SW-Seattle-WA-98106/353233399_zpid/,625400.0,8728d5554ffffff,9,,,,,30.0,0.2052884881900859,6.184804928131417,69,0.9272375462179537,0.374473674486883,1.0,6.123233995736766e-17,1,948875.9666666668,607621.4143937798,0.0,540.3087478559177,3,2026,11,13.353475098367715,8928d5554bbffff,"[9, 9, 9, 9, 9, 9, 9]",9,-1.019147577530077,-0.3204345420124509,-0.47205412931655344,2.8813281823503942,1.2868691995948212,0.7662792626043098,1.4576488146837816,0.203319546889736,,,-0.7144905564203043,13.45224,695398.25,13.353476,630000.3,0.19195658,0.048305266,0.012388216,0.60816514,0.022538692,0.09291361,0.26371486238312036,183386.85380021273,414719.99471541686,1166036.6999759823,65398.25,10.380674603174603
2026-03-10,2395000.0,136,47.647636,-122.40542,3430.0,6150.672,,,4.0,3.0,48943285,"3026 38th Avenue W, Seattle, WA 98199",Seattle,WA,98199,SINGLE_FAMILY,FOR_SALE,4,https://www.zillow.com/homedetails/3026-38th-Ave-W-Seattle-WA-98199/48943285_zpid/,2295600.0,8728d5474ffffff,9,,,,,30.0,0.2052884881900859,6.184804928131417,69,0.9272375462179537,0.374473674486883,1.0,6.123233995736766e-17,1,952985.9666666668,606690.5805622264,0.0,698.2507288629738,3,2026,11,14.688893788827153,8928d5474a7ffff,"[9, 9, 9, 9, 9, 59, 9]",9,1.3653112511577927,-0.19841105973518397,0.6085216455163474,2.8813281823503942,1.2868691995948212,0.7662792626043098,1.4576488146837816,0.203319546889736,,,1.7609515211563478,14.316513,1.650375e+06,14.688893,2.3949988e+06,0.1353172,0.059487842,0.015548317,0.60173076,0.056473713,0.11326616,0.274530473564735,453078.2303093995,963601.7186916969,2826621.639950527,-744625.0,-31.09081419624217
2026-03-10,850000.0,135,47.556965,-122.38203,1630.0,1916.64,,,4.0,4.0,460880507,"5017 Fauntleroy Way SW #B, Seattle, WA 98136",Seattle,WA,98136,TOWNHOUSE,FOR_SALE,4,https://www.zillow.com/homedetails/5017-Fauntleroy-Way-SW-B-Seattle-WA-98136/460880507_zpid/,,8728d5573ffffff,14,,,,,3.0,-1.1552308266761002,6.184804928131417,69,0.9272375462179537,0.374473674486883,1.0,6.123233995736766e-17,1,850000.0,0.0,0.0,521.4723926380368,3,2026,11,13.652991628466498,8928d557377ffff,"[14, 14, 14, 14, 14, 14, 14]",14,-0.5304599023926335,-0.2925434603490756,0.6085216455163474,2.8813281823503942,1.2868691995948212,0.7662792626043098,1.4576488146837816,0.203319546889736,,,-0.15928204628540574,13.409413,666245.4,13.652991,849999.7,0.22429492,0.048917025,0.012964897,0.5765493,0.025651265,0.09004794,0.2680433866256946,178582.66663870588,393977.1926467349,1126671.6202960322,-183754.625,-21.61819117647059
2026-03-10,675000.0,134,47.69848,-122.34051,1366.0,592.416,,,3.0,2.0,351345003,"9518 Interlake Avenue N, Seattle, WA 98103",Seattle,WA,98103,TOWNHOUSE,FOR_SALE,4,https://www.zillow.com/homedetails/9518-Interlake-Ave-N-Seattle-WA-98103/351345003_zpid/,668800.0,8728d5409ffffff,9,,,,,30.0,0.2052884881900859,6.184804928131417,69,0.9272375462179537,0.374473674486883,1.0,6.123233995736766e-17,1,933485.411111111,587729.4013747605,0.0,494.14348462664714,3,2026,11,13.422467969854667,8928d54093bffff,"[9, 9, 9, 9, 9, 9, 9]",9,-0.8085063382466962,-0.32198404654930507,-0.47205412931655344,2.8813281823503942,1.2868691995948212,0.7662792626043098,1.4576488146837816,0.203319546889736,,,-0.5865996871732364,13.535844,756035.7,13.422468,675000.1,0.1797488,0.04708594,0.01224165,0.6289634,0.021074757,0.08825495,0.26332783204823507,199085.23854047194,451224.9607141602,1266751.6172082033,81035.6875,12.005287037037036
2026-03-10,650000.0,132,47.706676,-122.34637,1091.0,1197.9,,,2.0,3.0,460880730,"904 N 107th Street, Seattle, WA 98133",Seattle,WA,98133,TOWNHOUSE,FOR_SALE,4,https://www.zillow.com/homedetails/904-N-107th-St-Seattle-WA-98133/460880730_zpid/,,8728d5456ffffff,9,,,,,30.0,0.2052884881900859,6.184804928131417,69,0.9272375462179537,0.374473674486883,1.0,6.123233995736766e-17,1,926867.6333333332,589602.3428107074,0.0,595.7836846929423,3,2026,11,13.38472764187182,8928d545687ffff,"[9, 9, 231, 231, 9, 9, 9]",9,-1.0981380422613445,-0.3085227258853844,-1.5526299041494542,2.8813281823503942,1.2868691995948212,0.7662792626043098,1.4576488146837816,0.203319546889736,,,-0.6565582676377216,13.502407,731174.25,13.3847275,649999.9,0.24241419,0.048002973,0.012233896,0.55734825,0.023382537,0.0931247,0.26293056043377017,192248.05532724157,436726.8299475244,1224142.2742414926,81174.25,12.488346153846154
2026-03-10,850000.0,411,47.562737,-122.38259,1460.0,1158.696,,,3.0,2.0,48697928,"3955 SW Oregon Street, Seattle, WA 98116",Seattle,WA,98116,SINGLE_FAMILY,FOR_SALE,12,https://www.zillow.com/homedetails/3955-SW-Oregon-St-Seattle-WA-98116/48697928_zpid/,840600.0,8728d5555ffffff,9,,,,,30.0,0.2052884881900859,6.184804928131417,69,0.9272375462179537,0.374473674486883,1.0,6.123233995736766e-17,1,946412.0777777778,611794.8736779441,0.0,582.1917808219179,3,2026,11,13.652991628466498,8928d55559bffff,"[9, 14, 9, 9, 9, 9, 14]",9,-0.7095049557835071,-0.30939432218736485,-0.47205412931655344,2.8813281823503942,1.2868691995948212,0.7662792626043098,1.4576488146837816,0.203319546889736,,,-0.15928204628540574,13.539763,759004.9,13.652991,849999.7,0.1847851,0.046776094,0.012255392,0.6258391,0.021795142,0.08672134,0.264583248935613,200819.97578546885,451883.7713465206,1274859.6072311932,-90995.125,-10.705308823529412
2026-03-10,999990.0,412,47.529297,-122.2672,3280.0,9199.872,,,6.0,3.0,48864074,"8305 Duncan Ave S, Seattle, WA 98118",Seattle,WA,98118,SINGLE_FAMILY,FOR_SALE,12,https://www.zillow.com/homedetails/8305-Duncan-Ave-S-Seattle-WA-98118/48864074_zpid/,975900.0,8728d5501ffffff,38,,,,,30.0,0.6142970148843488,6.184804928131417,69,0.9272375462179537,0.374473674486883,1.0,6.123233995736766e-17,1,758934.2826086957,302316.9161472527,0.0,304.875,3,2026,11,13.815500557914273,8928d55016fffff,"[38, 38, 9, 9, 9, 38, 38]",38,1.2073303216952573,-0.1306202362478135,2.769673195182149,2.8813281823503942,1.2868691995948212,0.7662792626043098,1.4576488146837816,0.203319546889736,,,0.1419578905306319,13.877207,1.0636392e+06,13.8155,999989.7,0.22855571,0.076566175,0.021003207,0.45964035,0.053879768,0.13409328,0.26190228451641084,278569.54947632184,636588.2426705189,1777174.4617776186,63649.25,6.3649886498865
2026-03-10,830000.0,687,47.54263,-122.3744,1870.0,2313.036,,,3.0,3.0,333458109,"3221 SW Holly Street, Seattle, WA 98126",Seattle,WA,98126,SINGLE_FAMILY,FOR_SALE,21,https://www.zillow.com/homedetails/3221-SW-Holly-St-Seattle-WA-98126/333458109_zpid/,,8728d5573ffffff,14,,,,,15.0,1.365272795162664,6.184804928131417,69,0.9272375462179537,0.374473674486883,1.0,6.123233995736766e-17,1,830000.0,0.0,0.0,443.85026737967917,3,2026,11,13.62918097977278,8928d5573d3ffff,"[14, 38, 14, 14, 14, 9, 9]",14,-0.2776904152525767,-0.28373065329571745,-0.47205412931655344,2.8813281823503942,1.2868691995948212,0.7662792626043098,1.4576488146837816,0.203319546889736,,,-0.20341942588921202,13.4786215,713988.06,13.629181,829999.94,0.15549755,0.048430167,0.012897959,0.6489093,0.025173709,0.08805379,0.2745070327709717,195994.7444707701,416894.1779275647,1222801.7095751432,-116011.9375,-13.97734186746988
2026-03-10,2590000.0,688,47.629326,-122.36095,4120.0,4935.348,,,5.0,4.0,48753290,"307 W Highland Drive, Seattle, WA 98119",Seattle,WA,98119,SINGLE_FAMILY,FOR_SALE,21,https://www.zillow.com/homedetails/307-W-Highland-Dr-Seattle-WA-98119/48753290_zpid/,,8728d542dffffff,59,,,,,30.0,0.4733823513436473,6.184804928131417,69,0.9272375462179537,0.374473674486883,1.0,6.123233995736766e-17,1,1478120.5283018867,1518225.1079749416,0.0,628.6407766990292,3,2026,11,14.767168433675721,8928d542d67ffff,"[59, 59, 59, 9, 9, 59, 59]",59,2.0920235266854563,-0.2254305450965788,1.6890974203492484,2.8813281823503942,1.2868691995948212,0.7662792626043098,1.4576488146837816,0.203319546889736,,,1.906047850007976,14.472322,1.9286339e+06,14.767168,2.589999e+06,0.117777325,0.06363171,0.016819334,0.5984233,0.061774716,0.12215705,0.2653730171880356,511807.39045980264,1146462.130607567,3244440.8358959043,-661366.125,-25.53537162162162
2026-03-10,699950.0,686,47.592194,-122.29848,1458.0,914.76,,,3.0,2.0,125252040,"2608 S Judkins Street #A, Seattle, WA 98144",Seattle,WA,98144,TOWNHOUSE,FOR_SALE,21,https://www.zillow.com/homedetails/2608-S-Judkins-St-A-Seattle-WA-98144/125252040_zpid/,692200.0,8728d5425ffffff,9,,,,,30.0,0.2052884881900859,6.184804928131417,69,0.9272375462179537,0.374473674486883,1.0,6.123233995736766e-17,1,950578.7444444444,612407.5490464038,0.0,480.0754458161866,3,2026,11,13.458764182902971,8928d542573ffff,"[9, 9, 9, 9, 9, 9, 9]",9,-0.711611368176341,-0.31481758806635446,-0.47205412931655344,2.8813281823503942,1.2868691995948212,0.7662792626043098,1.4576488146837816,0.203319546889736,,,-0.5193180370972234,13.573157,784778.94,13.458764,699949.94,0.17539307,0.047052644,0.012298394,0.63438725,0.021320412,0.08733838,0.26226002189777303,205816.14133366104,469361.09077816684,1312162.3108932467,84828.9375,12.119285306093293
2026-03-10,699950.0,684,47.557713,-122.36264,1260.0,1128.204,,,3.0,3.0,108801788,"4854 Delridge Way SW #B, Seattle, WA 98106",Seattle,WA,98106,TOWNHOUSE,FOR_SALE,21,https://www.zillow.com/homedetails/4854-Delridge-Way-SW-B-Seattle-WA-98106/108801788_zpid/,689700.0,8728d5554ffffff,9,,,,,30.0,0.2052884881900859,6.184804928131417,69,0.9272375462179537,0.374473674486883,1.0,6.123233995736766e-17,1,970779.3,640064.9242901276,0.0,555.515873015873,3,2026,11,13.458764182902971,8928d5554bbffff,"[9, 9, 9, 9, 9, 9, 9]",9,-0.9201461950668879,-0.3100722304222385,-0.47205412931655344,2.8813281823503942,1.2868691995948212,0.7662792626043098,1.4576488146837816,0.203319546889736,,,-0.5193180370972234,13.516419,741491.8,13.458764,699949.94,0.18961705,0.04880323,0.012568004,0.60905904,0.023239316,0.093165904,0.26050966342191656,193165.78250448187,444995.9546347416,1235539.594210852,41541.8125,5.934968569183513
2026-03-10,2499000.0,682,47.65995,-122.27227,3110.0,5000.688,,,4.0,4.0,48998421,"4315 52nd Avenue NE, Seattle, WA 98105",Seattle,WA,98105,SINGLE_FAMILY,FOR_SALE,21,https://www.zillow.com/homedetails/4315-52nd-Ave-NE-Seattle-WA-98105/48998421_zpid/,2418200.0,8728d5401ffffff,59,,,,,30.0,0.4733823513436473,6.184804928131417,69,0.9272375462179537,0.374473674486883,1.0,6.123233995736766e-17,1,1456738.2307692308,1524957.9768172023,0.0,803.5369774919615,3,2026,11,14.73140120981709,8928d540157ffff,"[59, 59, 59, 59, 59, 59, 59]",59,1.0282852683043837,-0.223977884593278,0.6085216455163474,2.8813281823503942,1.2868691995948212,0.7662792626043098,1.4576488146837816,0.203319546889736,,,1.8397467778646037,14.191786,1.4568481e+06,14.731401,2.4990005e+06,0.11441362,0.05398226,0.014403285,0.6469091,0.049591765,0.10325985,0.26719520931720764,389262.8397027565,862925.12250823,2459548.66764622,-1042151.875,-41.70275610244097
2026-03-10,899950.0,709,47.67679,-122.29143,1600.0,1228.392,,,3.0,3.0,460487460,"6534 34th Avenue NE #A, Seattle, WA 98115",Seattle,WA,98115,TOWNHOUSE,FOR_SALE,24,https://www.zillow.com/homedetails/6534-34th-Ave-NE-APT-A-Seattle-WA-98115/460487460_zpid/,887400.0,8728d540effffff,59,,,,,30.0,0.4733823513436473,6.184804928131417,69,0.9272375462179537,0.374473674486883,1.0,6.123233995736766e-17,1,1456647.76,1541514.8111949128,0.0,562.46875,3,2026,11,13.710094485207625,8928d540ea3ffff,"[59, 59, 59, 59, 59, 59, 59]",59,-0.5620560882851406,-0.30784481765051064,-0.47205412931655344,2.8813281823503942,1.2868691995948212,0.7662792626043098,1.4576488146837816,0.203319546889736,,,-0.05343148770277552,13.567191,780110.7,13.710094,899950.0,0.12192516,0.050223716,0.013156377,0.67254233,0.023033313,0.09485577,0.265223851423608,206903.9610754687,463866.63956772315,1311956.2117683887,-119839.3125,-13.316218956608699
2026-03-10,625000.0,680,47.693066,-122.33951,1104.0,910.404,,,2.0,2.0,444732507,"8823 Ashworth Avenue N #B, Seattle, WA 98103",Seattle,WA,98103,TOWNHOUSE,FOR_SALE,21,https://www.zillow.com/homedetails/8823-Ashworth-Ave-N-B-Seattle-WA-98103/444732507_zpid/,623000.0,8728d5409ffffff,9,,,,,30.0,0.2052884881900859,6.184804928131417,69,0.9272375462179537,0.374473674486883,1.0,6.123233995736766e-17,1,953002.0777777778,642117.9016240143,0.0,566.1231884057971,3,2026,11,13.345506928718539,8928d540917ffff,"[9, 9, 9, 9, 9, 9, 9]",9,-1.0844463617079247,-0.3149144320999078,-1.5526299041494542,2.8813281823503942,1.2868691995948212,0.7662792626043098,1.4576488146837816,0.203319546889736,,,-0.7292610119873553,13.44333,689229.6,13.345507,624999.8,0.19436936,0.04897228,0.012478357,0.601545,0.02364022,0.09496419,0.26633818945963306,183568.17044444184,408933.144079516,1161650.8087800867,64229.625,10.27674
2026-03-10,4475000.0,678,47.669437,-122.40368,9505.0,0.4645999999999999,,,8.0,7.0,48710754,"3437 NW 56th Street, Seattle, WA 98107",Seattle,WA,98107,SINGLE_FAMILY,FOR_SALE,21,https://www.zillow.com/homedetails/3437-NW-56th-St-Seattle-WA-98107/48710754_zpid/,4266100.0,8728d5470ffffff,9,,,,,30.0,0.2052884881900859,6.184804928131417,69,0.9272375462179537,0.374473674486883,1.0,6.123233995736766e-17,1,954335.411111111,641273.2249511207,0.0,470.8048395581273,3,2026,11,15.314016909691093,8928d5470afffff,"[9, 9, 9, 9, 59, 9, 9]",9,7.763538894390481,-0.33514450597161316,4.930824744847952,2.8813281823503942,1.2868691995948212,0.7662792626043098,1.4576488146837816,0.203319546889736,,,2.9197312268082465,15.129992,3.7228182e+06,15.314017,4.4750015e+06,0.20190932,0.093509175,0.02394675,0.37377447,0.096914314,0.18277708,0.2646478960081247,985236.0170831488,2216149.2046393803,6253809.822179251,-752181.75,-16.808530726256983
2026-03-10,849000.0,674,47.542294,-122.2778,1837.0,2378.376,,,3.0,3.0,458738257,"4405 S Holly Street, Seattle, WA 98118",Seattle,WA,98118,TOWNHOUSE,FOR_SALE,20,https://www.zillow.com/homedetails/4405-S-Holly-St-Seattle-WA-98118/458738257_zpid/,844800.0,8728d550effffff,9,,,,,30.0,0.2052884881900859,6.184804928131417,69,0.9272375462179537,0.374473674486883,1.0,6.123233995736766e-17,1,928335.411111111,534181.0889817491,0.0,462.166575939031,3,2026,11,13.651814465293484,8928d550e33ffff,"[9, 9, 9, 9, 9, 231, 9]",9,-0.3124462197343345,-0.2822779927924166,-0.47205412931655344,2.8813281823503942,1.2868691995948212,0.7662792626043098,1.4576488146837816,0.203319546889736,,,-0.1614641329009915,13.797938,982581.25,13.651814,849000.0,0.18082072,0.047268942,0.012542909,0.6289739,0.024405207,0.085564785,0.2640008464979768,259402.28175304015,585661.1668289702,1648506.0409474038,133581.25,15.733951707891638
2026-03-10,599000.0,672,47.71938,-122.28996,1317.0,1.0704,,,3.0,3.0,457591629,"3510 NE 125th Street #E, Seattle, WA 98125",Seattle,WA,98125,TOWNHOUSE,FOR_SALE,20,https://www.zillow.com/homedetails/3510-NE-125th-St-E-Seattle-WA-98125/457591629_zpid/,,8728d54e4ffffff,9,,,,,30.0,0.2052884881900859,6.184804928131417,69,0.9272375462179537,0.374473674486883,1.0,6.123233995736766e-17,1,920096.5222222222,540255.7895748763,0.0,454.8215641609719,3,2026,11,13.303016877097587,8928d54e407ffff,"[9, 9, 9, 9, 9, 9, 9]",9,-0.8601134418711244,-0.33513103762553265,-0.47205412931655344,2.8813281823503942,1.2868691995948212,0.7662792626043098,1.4576488146837816,0.203319546889736,,,-0.8080240714026174,13.502227,731042.44,13.303017,598999.9,0.1795372,0.046264507,0.012009468,0.6326941,0.019972255,0.0869343,0.2671540030384592,195300.91356911763,433048.4885776929,1234095.2586498687,132042.4375,22.04381260434057
2026-03-10,699950.0,671,47.689182,-122.37007,950.0,1306.8,,,2.0,3.0,2063074624,"8314 11th Avenue NW #A, Seattle, WA 98117",Seattle,WA,98117,SINGLE_FAMILY,FOR_SALE,20,https://www.zillow.com/homedetails/8314-11th-Ave-NW-A-Seattle-WA-98117/2063074624_zpid/,,8728d5472ffffff,9,,,,,30.0,0.2052884881900859,6.184804928131417,69,0.9272375462179537,0.374473674486883,1.0,6.123233995736766e-17,1,925218.7444444444,539361.8886762755,0.0,736.7894736842105,3,2026,11,13.458764182902971,8928d54722bffff,"[9, 9, 9, 9, 9, 9, 9]",9,-1.246640115956128,-0.3061016250465497,-1.5526299041494542,2.8813281823503942,1.2868691995948212,0.7662792626043098,1.4576488146837816,0.203319546889736,,,-0.5193180370972234,13.417908,671928.8,13.458764,699949.94,0.20427275,0.050789036,0.012829016,0.58092284,0.026136927,0.1001337,0.2643052391922975,177594.3055080089,400259.9323941826,1127987.899580841,-28021.1875,-4.003312736624045
2026-03-10,760000.0,670,47.70608,-122.342415,1688.0,696.96,,,3.0,3.0,460558966,"10533 C Stone Avenue N, Seattle, WA 98133",Seattle,WA,98133,TOWNHOUSE,FOR_SALE,20,https://www.zillow.com/homedetails/10533-C-Stone-Ave-N-Seattle-WA-98133/460558966_zpid/,,8728d5456ffffff,9,,,,,30.0,0.2052884881900859,6.184804928131417,69,0.9272375462179537,0.374473674486883,1.0,6.123233995736766e-17,1,935774.8555555556,544178.9404039223,0.0,450.2369668246445,3,2026,11,13.541073712262515,8928d545683ffff,"[9, 9, 9, 231, 9, 9, 9]",9,-0.46937394300045315,-0.31965978974402376,-0.47205412931655344,2.8813281823503942,1.2868691995948212,0.7662792626043098,1.4576488146837816,0.203319546889736,,,-0.36674231397922114,13.666999,861989.94,13.541074,760000.06,0.17342359,0.04451675,0.011822971,0.64987427,0.019805297,0.08025843,0.2637091066875324,227314.59639176689,514077.3472321904,1445359.6081340048,101989.9375,13.419728618421054
2026-03-10,710000.0,669,47.70608,-122.342415,1559.0,901.692,,,3.0,3.0,460559019,"10533 E Stone Avenue N, Seattle, WA 98133",Seattle,WA,98133,TOWNHOUSE,FOR_SALE,20,https://www.zillow.com/homedetails/10533-E-Stone-Ave-N-Seattle-WA-98133/460559019_zpid/,,8728d5456ffffff,9,,,,,30.0,0.2052884881900859,6.184804928131417,69,0.9272375462179537,0.374473674486883,1.0,6.123233995736766e-17,1,937608.1888888888,543857.9499416334,0.0,455.42014111610007,3,2026,11,13.473020249017498,8928d545683ffff,"[9, 9, 9, 231, 9, 9, 9]",9,-0.6052375423382337,-0.3151081201670146,-0.47205412931655344,2.8813281823503942,1.2868691995948212,0.7662792626043098,1.4576488146837816,0.203319546889736,,,-0.49289181873384763,13.627726,828792.94,13.473021,710000.2,0.1822434,0.045526832,0.011991536,0.6354222,0.02030974,0.08332251,0.2622017093058805,217310.92487314178,495741.67373783985,1385596.029770502,118792.9375,16.731399647887322
2026-03-10,1200000.0,642,47.6714,-122.36991,2200.0,5000.688,,,3.0,2.0,48823916,"929 NW 59th Street, Seattle, WA 98107",Seattle,WA,98107,SINGLE_FAMILY,FOR_SALE,19,https://www.zillow.com/homedetails/929-NW-59th-St-Seattle-WA-98107/48823916_zpid/,1153700.0,8728d5476ffffff,9,,,,,30.0,0.2052884881900859,6.184804928131417,69,0.9272375462179537,0.374473674486883,1.0,6.123233995736766e-17,1,937930.411111111,543730.1584674844,0.0,545.4545454545455,3,2026,11,13.997832114758229,8928d54762fffff,"[9, 9, 9, 9, 9, 231, 9]",9,0.06986762956500146,-0.223977884593278,-0.47205412931655344,2.8813281823503942,1.2868691995948212,0.7662792626043098,1.4576488146837816,0.203319546889736,,,0.47994268219646025,13.923902,1.1144834e+06,13.997832,1.2000002e+06,0.19371235,0.051124796,0.0134130325,0.590701,0.03632671,0.095317684,0.26449421250498145,294774.40262051893,663638.5324648316,1871611.185572083,-85516.625,-7.1263854166666665
2026-03-10,1100000.0,716,47.6578,-122.328674,1153.0,2138.796,,,2.0,2.0,460481195,"2509 N 42nd Street, Seattle, WA 98103",Seattle,WA,98103,SINGLE_FAMILY,FOR_SALE,25,https://www.zillow.com/homedetails/2509-N-42nd-St-Seattle-WA-98103/460481195_zpid/,1093500.0,8728d542bffffff,9,,,,,30.0,0.2052884881900859,6.184804928131417,69,0.9272375462179537,0.374473674486883,1.0,6.123233995736766e-17,1,928597.0777777778,546384.071566451,0.0,954.0329575021683,3,2026,11,13.9108207377686,8928d542b47ffff,"[9, 9, 9, 9, 9, 9, 9]",9,-1.0328392580834966,-0.28760441463785286,-1.5526299041494542,2.8813281823503942,1.2868691995948212,0.7662792626043098,1.4576488146837816,0.203319546889736,,,0.31865122703949395,13.570738,782882.44,13.910821,1.1000002e+06,0.20241453,0.052001677,0.013153617,0.5765748,0.028873634,0.102329284,0.2637413096435734,206478.43936320298,466869.4147958751,1312797.357189887,-317117.5625,-28.828869318181816
2026-03-10,1049950.0,693,47.64182,-122.37448,1764.0,888.624,,,4.0,3.0,460503858,"2538 14th Avenue W #B, Seattle, WA 98119",Seattle,WA,98119,TOWNHOUSE,FOR_SALE,23,https://www.zillow.com/homedetails/2538-14th-Ave-W-B-Seattle-WA-98119/460503858_zpid/,1044500.0,8728d5429ffffff,9,,,,,30.0,0.2052884881900859,6.184804928131417,69,0.9272375462179537,0.374473674486883,1.0,6.123233995736766e-17,1,932308.7444444444,545490.5717417448,0.0,595.2097505668934,3,2026,11,13.864253101952265,8928d5429afffff,"[9, 9, 9, 9, 231, 9, 9]",9,-0.3893302720727685,-0.3153986522676748,0.6085216455163474,2.8813281823503942,1.2868691995948212,0.7662792626043098,1.4576488146837816,0.203319546889736,,,0.23232962170584384,13.731329,919264.3,13.864253,1.04995e+06,0.1893976,0.04879599,0.01295652,0.6157334,0.023103043,0.08819715,0.2637773229344031,242481.07942038454,548161.5990749928,1541601.7282926354,-130685.6875,-12.446848659459974
2026-03-10,995000.0,689,47.666916,-122.29882,1460.0,2500.344,,,3.0,2.0,49117662,"5121 27th Avenue NE, Seattle, WA 98105",Seattle,WA,98105,SINGLE_FAMILY,FOR_SALE,22,https://www.zillow.com/homedetails/5121-27th-Ave-NE-Seattle-WA-98105/49117662_zpid/,988300.0,8728d540cffffff,9,,,,,30.0,0.2052884881900859,6.184804928131417,69,0.9272375462179537,0.374473674486883,1.0,6.123233995736766e-17,1,933975.9666666668,546083.1496144324,0.0,681.5068493150685,3,2026,11,13.81049801614073,8928d540c57ffff,"[9, 9, 9, 9, 9, 9, 231]",9,-0.7095049557835071,-0.27956635985292183,-0.47205412931655344,2.8813281823503942,1.2868691995948212,0.7662792626043098,1.4576488146837816,0.203319546889736,,,0.1326847670604175,13.714095,903557.56,13.810498,995000.25,0.20558935,0.04972613,0.0128925145,0.58941233,0.02571094,0.09382923,0.26450209041235045,238992.864089138,538030.763348012,1517415.6459673545,-91442.4375,-9.19019472361809
2026-03-10,618800.0,713,47.524914,-122.28067,1500.0,1271.952,,,3.0,2.0,247768329,"8706 S 42nd Avenue, Seattle, WA 98118",Seattle,WA,98118,TOWNHOUSE,FOR_SALE,24,https://www.zillow.com/homedetails/8706-42nd-Ave-S-Seattle-WA-98118/247768329_zpid/,614900.0,8728d5501ffffff,38,,,,,30.0,0.6142970148843488,6.184804928131417,69,0.9272375462179537,0.374473674486883,1.0,6.123233995736766e-17,1,757813.6511627907,309781.9817013314,0.0,412.53333333333336,3,2026,11,13.335537397681048,8928d550127ffff,"[38, 38, 38, 38, 38, 38, 38]",38,-0.667376707926831,-0.3068763773149768,-0.47205412931655344,2.8813281823503942,1.2868691995948212,0.7662792626043098,1.4576488146837816,0.203319546889736,,,-0.7477413558676866,13.297694,595820.2,13.335537,618799.75,0.119944945,0.057668358,0.014875196,0.6428244,0.024326513,0.110994615,0.2669756086299565,159069.4571918273,353070.1400922939,1005470.7513933394,-22979.8125,-3.7136090012928245
2026-03-10,1599950.0,711,47.68875,-122.299545,2020.0,9983.952,,,4.0,3.0,48738139,"2604 NE 82nd Street, Seattle, WA 98115",Seattle,WA,98115,SINGLE_FAMILY,FOR_SALE,24,https://www.zillow.com/homedetails/2604-NE-82nd-St-Seattle-WA-98115/48738139_zpid/,,8728d5408ffffff,9,,,,,30.0,0.2052884881900859,6.184804928131417,69,0.9272375462179537,0.374473674486883,1.0,6.123233995736766e-17,1,937053.7555555556,546334.3101930321,0.0,792.0544554455446,3,2026,11,14.285482936721719,8928d540843ffff,"[9, 9, 9, 9, 9, 9, 231]",9,-0.11970948579004118,-0.11318831020820394,0.6085216455163474,2.8813281823503942,1.2868691995948212,0.7662792626043098,1.4576488146837816,0.203319546889736,,,1.0131559384022393,13.702236,892905.6,14.285483,1.5999506e+06,0.27735594,0.067577854,0.017033013,0.41989097,0.057948414,0.13501328,0.2643765583700298,236063.31608674047,531818.8065571642,1499158.0821685528,-707044.375,-44.191654426700836
2026-03-10,1025000.0,679,47.664787,-122.338486,1794.0,1163.052,,,3.0,2.0,457405287,"1615 N 50th Street #C, Seattle, WA 98103",Seattle,WA,98103,TOWNHOUSE,FOR_SALE,21,https://www.zillow.com/homedetails/1615-N-50th-St-C-Seattle-WA-98103/457405287_zpid/,1022000.0,8728d540dffffff,9,,,,,30.0,0.2052884881900859,6.184804928131417,69,0.9272375462179537,0.374473674486883,1.0,6.123233995736766e-17,1,956557.6333333332,641166.5234064301,0.0,571.3489409141583,3,2026,11,13.840203170554645,8928d540d93ffff,"[9, 9, 9, 9, 9, 9, 9]",9,-0.35773408618026137,-0.3092974781538115,-0.47205412931655344,2.8813281823503942,1.2868691995948212,0.7662792626043098,1.4576488146837816,0.203319546889736,,,0.1877486879733539,13.711952,901623.44,13.840203,1.0250001e+06,0.15657735,0.045642864,0.012172254,0.66235447,0.02132097,0.08170606,0.26400198799067714,238030.37991898804,537405.5555879093,1512683.9872235712,-123376.5625,-12.03673780487805
2026-03-10,1675000.0,139,47.63717,-122.40173,2980.0,5244.624,,,4.0,2.0,48726838,"1945 35th Avenue W, Seattle, WA 98199",Seattle,WA,98199,SINGLE_FAMILY,FOR_SALE,4,https://www.zillow.com/homedetails/1945-35th-Ave-W-Seattle-WA-98199/48726838_zpid/,1626600.0,8728d555bffffff,59,,,,,30.0,0.4733823513436473,6.184804928131417,69,0.9272375462179537,0.374473674486883,1.0,6.123233995736766e-17,1,1481766.4444444445,1504072.6635998306,0.0,562.0805369127517,3,2026,11,14.331323723241304,8928d555b53ffff,"[59, 9, 59, 59, 59, 231, 59]",59,0.8913684627701862,-0.21855461871428836,0.6085216455163474,2.8813281823503942,1.2868691995948212,0.7662792626043098,1.4576488146837816,0.203319546889736,,,1.098130196011851,14.173953,1.4310988e+06,14.331324,1.6749999e+06,0.13086623,0.053371795,0.01418372,0.6342401,0.04811632,0.10178541,0.2665410214583417,381446.522632756,848760.7761566298,2412980.970642173,-243901.25,-14.561268656716416
2026-03-10,699950.0,658,47.716846,-122.29907,1274.0,2378.376,,,3.0,3.0,460566031,"12044 Hiram Place NE #C, Seattle, WA 98125",Seattle,WA,98125,TOWNHOUSE,FOR_SALE,20,https://www.zillow.com/homedetails/12044-Hiram-Pl-NE-C-Seattle-WA-98125/460566031_zpid/,,8728d54e4ffffff,9,,,,,30.0,0.2052884881900859,6.184804928131417,69,0.9272375462179537,0.374473674486883,1.0,6.123233995736766e-17,1,915378.9777777778,503305.8178466782,0.0,549.4113029827315,3,2026,11,13.458764182902971,8928d54e4a7ffff,"[9, 9, 231, 9, 9, 9, 9]",9,-0.9054013083170512,-0.2822779927924166,-0.47205412931655344,2.8813281823503942,1.2868691995948212,0.7662792626043098,1.4576488146837816,0.203319546889736,,,-0.5193180370972234,13.668196,863022.25,13.458764,699949.94,0.21843731,0.05075357,0.012996663,0.5690522,0.026886057,0.09799728,0.26526706737260364,228931.38133480598,513123.72398705466,1451516.1321924236,163072.25,23.297699835702552
2026-03-10,1875000.0,654,47.590984,-122.29105,2700.0,3219.084,,,4.0,3.0,49012915,"1354 32nd Avenue S, Seattle, WA 98144",Seattle,WA,98144,SINGLE_FAMILY,FOR_SALE,20,https://www.zillow.com/homedetails/1354-32nd-Ave-S-Seattle-WA-98144/49012915_zpid/,,8728d5425ffffff,9,,,,,30.0,0.2052884881900859,6.184804928131417,69,0.9272375462179537,0.374473674486883,1.0,6.123233995736766e-17,1,925390.6444444444,500053.4347645751,0.0,694.4444444444445,3,2026,11,14.444119217386648,8928d54254fffff,"[9, 9, 59, 59, 9, 9, 9]",9,0.5964707277734532,-0.26358709431661304,0.6085216455163474,2.8813281823503942,1.2868691995948212,0.7662792626043098,1.4576488146837816,0.203319546889736,,,1.3072172144602539,14.116158,1.3507324e+06,14.444119,1.8750005e+06,0.111493856,0.049491882,0.013502418,0.687662,0.033515256,0.08683961,0.26521520180286406,358234.75941728684,803181.2923124336,2271564.4276732933,-524267.625,-27.96094
2026-03-10,945000.0,799,47.669598,-122.39626,1670.0,1171.764,,,3.0,3.0,460409815,"3012 B NW 56th Street, Seattle, WA 98107",Seattle,WA,98107,TOWNHOUSE,FOR_SALE,27,https://www.zillow.com/homedetails/3012-B-Northwest-St-56-Seattle-WA-98107/460409815_zpid/,943400.0,8728d5470ffffff,9,,,,,30.0,0.2052884881900859,6.184804928131417,69,0.9272375462179537,0.374473674486883,1.0,6.123233995736766e-17,1,1044959.9888888889,838699.3209774889,0.0,565.8682634730538,3,2026,11,13.758940206475879,8928d5470abffff,"[9, 9, 9, 9, 9, 9, 231]",9,-0.48833165453595745,-0.3091037900867047,-0.47205412931655344,2.8813281823503942,1.2868691995948212,0.7662792626043098,1.4576488146837816,0.203319546889736,,,0.037112964461075273,13.675994,869778.56,13.75894,944999.56,0.17809807,0.045485765,0.012047419,0.64040685,0.020841872,0.082446605,0.26331812132160065,229028.45704330242,519120.0271433167,1457302.1431668634,-75221.4375,-7.959940476190476
2026-03-10,890000.0,797,47.593456,-122.314026,1780.0,1346.004,,,3.0,4.0,351696665,"1019 Sturgus Avenue S #A, Seattle, WA 98144",Seattle,WA,98144,TOWNHOUSE,FOR_SALE,27,https://www.zillow.com/homedetails/1019-Sturgus-Ave-S-A-Seattle-WA-98144/351696665_zpid/,882000.0,8728d5425ffffff,9,,,,,30.0,0.2052884881900859,6.184804928131417,69,0.9272375462179537,0.374473674486883,1.0,6.123233995736766e-17,1,1050282.211111111,839794.6714399224,0.0,500.0,3,2026,11,13.698976741708323,8928d542527ffff,"[9, 9, 9, 231, 231, 231, 9]",9,-0.372478972930098,-0.3052300287445692,-0.47205412931655344,2.8813281823503942,1.2868691995948212,0.7662792626043098,1.4576488146837816,0.203319546889736,,,-0.07404025277585334,13.791966,976730.9,13.6989765,889999.8,0.23092946,0.0434468,0.011582767,0.59664893,0.019989574,0.0779628,0.265804292423083,259619.25911715374,580119.8651047287,1644493.268798096,86730.875,9.745042134831461
2026-03-10,1125000.0,796,47.652134,-122.35323,1869.0,1171.764,,,3.0,4.0,456275288,"3606 Francis Avenue N, Seattle, WA 98103",Seattle,WA,98103,TOWNHOUSE,FOR_SALE,27,https://www.zillow.com/homedetails/3606-Francis-Ave-N-Seattle-WA-98103/456275288_zpid/,,8728d5429ffffff,9,,,,,30.0,0.2052884881900859,6.184804928131417,69,0.9272375462179537,0.374473674486883,1.0,6.123233995736766e-17,1,1049837.7666666666,839891.0297498676,0.0,601.9261637239165,3,2026,11,13.933293593620657,8928d54296bffff,"[9, 231, 9, 9, 9, 9, 9]",9,-0.2787436214489936,-0.3091037900867047,-0.47205412931655344,2.8813281823503942,1.2868691995948212,0.7662792626043098,1.4576488146837816,0.203319546889736,,,0.36030876364350867,13.770929,956397.94,13.933293,1.1249998e+06,0.16817789,0.044621184,0.011939084,0.65518665,0.02110298,0.0794474,0.2648663873573994,253317.66658169287,569088.4887805538,1607301.8406988916,-168602.0625,-14.986849999999999
2026-03-10,2099000.0,768,47.655807,-122.337746,3360.0,3598.056,,,4.0,4.0,48919584,"4003 Densmore Avenue N, Seattle, WA 98103",Seattle,WA,98103,SINGLE_FAMILY,FOR_SALE,26,https://www.zillow.com/homedetails/4003-Densmore-Ave-N-Seattle-WA-98103/48919584_zpid/,2029100.0,8728d542bffffff,9,,,,,30.0,0.2052884881900859,6.184804928131417,69,0.9272375462179537,0.374473674486883,1.0,6.123233995736766e-17,1,1040393.3222222222,843806.2790258536,0.0,624.702380952381,3,2026,11,14.55697159880277,8928d542b07ffff,"[9, 9, 9, 9, 9, 9, 9]",9,1.2915868174086096,-0.25516166339746843,0.6085216455163474,2.8813281823503942,1.2868691995948212,0.7662792626043098,1.4576488146837816,0.203319546889736,,,1.5164096838393417,14.287364,1.6029625e+06,14.556972,2.099e+06,0.13263907,0.052437376,0.01414929,0.64972746,0.041340508,0.09302148,0.2722553660712937,436415.1422360561,940101.8397550335,2733202.4097362896,-496037.5,-23.63208670795617
2026-03-10,1060000.0,741,47.637157,-122.32927,1307.0,1.0,,,2.0,3.0,460460656,"2016 Fairview Avenue E #D, Seattle, WA 98102",Seattle,WA,98102,TOWNHOUSE,FOR_SALE,25,https://www.zillow.com/homedetails/2016-Fairview-Ave-E-D-Seattle-WA-98102/460460656_zpid/,1052900.0,8728d5428ffffff,9,,,,,30.0,0.2052884881900859,6.184804928131417,69,0.9272375462179537,0.374473674486883,1.0,6.123233995736766e-17,1,1044709.4333333332,829906.6607709846,0.0,811.0175975516449,3,2026,11,13.87377946608825,8928d54280bffff,"[9, 9, 9, 9, 231, 231, 231]",9,-0.8706455038352934,-0.3351326027816305,-1.5526299041494542,2.8813281823503942,1.2868691995948212,0.7662792626043098,1.4576488146837816,0.203319546889736,,,0.24998847491570894,13.5083885,735560.8,13.873779,1.0599999e+06,0.23869763,0.04330962,0.0112124225,0.5854303,0.018475588,0.08158148,0.26541639391065097,195229.8983557385,437211.52121897065,1237501.086435143,-324439.1875,-30.607470518867924
2026-03-10,1650000.0,740,47.567654,-122.40918,2070.0,3371.544,,,3.0,5.0,48743634,"4030 Beach Drive SW, Seattle, WA 98116",Seattle,WA,98116,SINGLE_FAMILY,FOR_SALE,25,https://www.zillow.com/homedetails/4030-Beach-Dr-SW-Seattle-WA-98116/48743634_zpid/,1604600.0,8728d5542ffffff,9,,,,,30.0,0.2052884881900859,6.184804928131417,69,0.9272375462179537,0.374473674486883,1.0,6.123233995736766e-17,1,1040153.3222222222,830946.6904648384,0.0,797.1014492753624,3,2026,11,14.316285845876763,8928d55466fffff,"[9, 9, 9, 9, 9, 9, 9]",9,-0.067049175969196,-0.2601975531422445,-0.47205412931655344,2.8813281823503942,1.2868691995948212,0.7662792626043098,1.4576488146837816,0.203319546889736,,,1.0702547479208735,13.867112,1.0529561e+06,14.316286,1.6500004e+06,0.15614821,0.048958592,0.012988409,0.6435747,0.029581,0.08903997,0.26587540259510967,279955.1336493616,625305.9760751823,1773078.6586896242,-597043.875,-36.18447727272727
2026-03-10,925000.0,739,47.67286,-122.36728,1650.0,4748.04,,,2.0,1.0,48672336,"827 NW 61st Street, Seattle, WA 98107",Seattle,WA,98107,SINGLE_FAMILY,FOR_SALE,25,https://www.zillow.com/homedetails/827-NW-61st-St-Seattle-WA-98107/48672336_zpid/,895300.0,8728d5472ffffff,9,,,,,30.0,0.2052884881900859,6.184804928131417,69,0.9272375462179537,0.374473674486883,1.0,6.123233995736766e-17,1,1029042.2111111112,829384.7682350067,0.0,560.6060606060606,3,2026,11,13.737549016494562,8928d547293ffff,"[9, 9, 9, 9, 9, 9, 9]",9,-0.5093957784642955,-0.22959483853937443,-1.5526299041494542,2.8813281823503942,1.2868691995948212,0.7662792626043098,1.4576488146837816,0.203319546889736,,,-0.002539507192568479,13.799639,984253.5,13.737549,924999.8,0.19651702,0.056835435,0.014377752,0.55552244,0.041037012,0.11217541,0.2692138989644692,264974.72230442514,580694.1668039822,1668270.451825125,59253.5,6.405783783783783
2026-03-10,1099000.0,738,47.625927,-122.349655,1460.0,1332.936,,,3.0,4.0,453908144,"718 Nob Hill Avenue N #A, Seattle, WA 98109",Seattle,WA,98109,TOWNHOUSE,FOR_SALE,25,https://www.zillow.com/homedetails/718-Nob-Hill-Ave-N-A-Seattle-WA-98109/453908144_zpid/,1078100.0,8728d542dffffff,59,,,,,30.0,0.4733823513436473,6.184804928131417,69,0.9272375462179537,0.374473674486883,1.0,6.123233995736766e-17,1,1647309.9677419355,1744024.43699719,0.0,752.7397260273973,3,2026,11,13.909911233385758,8928d542d43ffff,,59,-0.7095049557835071,-0.3055205608452294,-0.47205412931655344,2.8813281823503942,1.2868691995948212,0.7662792626043098,1.4576488146837816,0.203319546889736,,,0.3169652948033267,13.291652,592230.8,13.909911,1.0989999e+06,0.48009986,0.03856857,0.010175771,0.36592406,0.014926473,0.07124086,0.2646212879740519,156716.8803816692,352566.3115235747,994812.3945757203,-506769.1875,-46.11184599636033
2026-03-10,739000.0,737,47.594437,-122.29699,1350.0,2295.612,,,3.0,2.0,2058949702,"901 28th Avenue S #H, Seattle, WA 98144",Seattle,WA,98144,TOWNHOUSE,FOR_SALE,25,https://www.zillow.com/homedetails/901-28th-Ave-S-H-Seattle-WA-98144/2058949702_zpid/,734300.0,8728d5425ffffff,9,,,,,30.0,0.2052884881900859,6.184804928131417,69,0.9272375462179537,0.374473674486883,1.0,6.123233995736766e-17,1,1022931.1,832181.5426096255,0.0,547.4074074074074,3,2026,11,13.513053199930338,8928d542563ffff,"[9, 9, 9, 9, 9, 9, 9]",9,-0.8253576373893665,-0.284118029429931,-0.47205412931655344,2.8813281823503942,1.2868691995948212,0.7662792626043098,1.4576488146837816,0.203319546889736,,,-0.41868344357241355,13.647927,845706.2,13.513053,738999.8,0.19224933,0.05094811,0.013111574,0.59586644,0.02659474,0.0974491,0.26465644916469677,223821.59662036327,503430.3469714257,1420690.9910052554,106706.1875,14.43926759133965
2026-03-10,1000000.0,735,47.720425,-122.31578,2235.0,7579.44,,,4.0,3.0,48995158,"12533 12th Avenue NE, Seattle, WA 98125",Seattle,WA,98125,SINGLE_FAMILY,FOR_SALE,25,https://www.zillow.com/homedetails/12533-12th-Ave-NE-Seattle-WA-98125/48995158_zpid/,967600.0,8728d54e5ffffff,9,,,,,30.0,0.2052884881900859,6.184804928131417,69,0.9272375462179537,0.374473674486883,1.0,6.123233995736766e-17,1,1021108.8777777776,833147.2159316699,0.0,447.42729306487695,3,2026,11,13.815510557964274,8928d54e583ffff,"[9, 9, 9, 9, 9, 9, 9]",9,0.10672984643959309,-0.16664621672967325,0.6085216455163474,2.8813281823503942,1.2868691995948212,0.7662792626043098,1.4576488146837816,0.203319546889736,,,0.1419764274469758,13.815061,999550.2,13.815511,1.0000002e+06,0.1951599,0.062841415,0.01601497,0.5260343,0.053642936,0.12352034,0.2657102720102384,265590.7522085098,593782.5669337773,1682603.3224328812,-449.8125,-0.04498125
2026-03-10,1850000.0,734,47.63089,-122.350815,2290.0,1912.284,,,4.0,2.0,62901992,"1238 3rd Avenue N, Seattle, WA 98109",Seattle,WA,98109,SINGLE_FAMILY,FOR_SALE,25,https://www.zillow.com/homedetails/1238-3rd-Ave-N-Seattle-WA-98109/62901992_zpid/,1792900.0,8728d542dffffff,59,,,,,30.0,0.4733823513436473,6.184804928131417,69,0.9272375462179537,0.374473674486883,1.0,6.123233995736766e-17,1,1665586.9666666666,1770816.7979376356,0.0,807.8602620087336,3,2026,11,14.430696197054507,8928d542d6bffff,"[59, 9, 9, 9, 59, 59, 59]",59,0.1646561872425228,-0.292640304382629,0.6085216455163474,2.8813281823503942,1.2868691995948212,0.7662792626043098,1.4576488146837816,0.203319546889736,,,1.282335198373661,14.013196,1.218579e+06,14.4306965,1.8500005e+06,0.112066,0.04953944,0.013492089,0.689817,0.027757179,0.08745368,0.26583459825041067,323940.4589013872,723720.2335533659,2051807.7752106397,-631421.0,-34.13086486486486
2026-03-10,1075000.0,733,47.585773,-122.38535,1466.0,3123.252,,,4.0,3.0,49124326,"1927 42nd Avenue SW, Seattle, WA 98116",Seattle,WA,98116,SINGLE_FAMILY,FOR_SALE,25,https://www.zillow.com/homedetails/1927-42nd-Ave-SW-Seattle-WA-98116/49124326_zpid/,,8728d5551ffffff,9,,,,,30.0,0.2052884881900859,6.184804928131417,69,0.9272375462179537,0.374473674486883,1.0,6.123233995736766e-17,1,1013653.3222222222,836334.4155348092,0.0,733.2878581173261,3,2026,11,13.8878312195439,8928d555113ffff,"[9, 9, 9, 9, 9, 9, 9]",9,-0.7031857186050058,-0.26571766305478756,0.6085216455163474,2.8813281823503942,1.2868691995948212,0.7662792626043098,1.4576488146837816,0.203319546889736,,,0.27603596250619805,13.679115,872497.7,13.887832,1.0750005e+06,0.20174234,0.054877765,0.014172776,0.569293,0.030442202,0.10463521,0.2636920646838362,230070.7166487475,520361.3997257095,1462929.8686623417,-202502.3125,-18.837424418604652
2026-03-10,2150000.0,802,47.643578,-122.41553,3750.0,7039.296,,,5.0,4.0,48726367,"4527 W Raye Street, Seattle, WA 98199",Seattle,WA,98199,SINGLE_FAMILY,FOR_SALE,27,https://www.zillow.com/homedetails/4527-W-Raye-St-Seattle-WA-98199/48726367_zpid/,,8728d555bffffff,59,,,,,30.0,0.4733823513436473,6.184804928131417,69,0.9272375462179537,0.374473674486883,1.0,6.123233995736766e-17,1,1594164.9705882352,1688993.691005503,0.0,573.3333333333334,3,2026,11,14.580978400103845,8928d555b77ffff,"[59, 59, 59, 59, 231, 231, 59]",59,1.702337234011202,-0.17865487689029314,1.6890974203492484,2.8813281823503942,1.2868691995948212,0.7662792626043098,1.4576488146837816,0.203319546889736,,,1.5609106680724276,14.348662,1.7042955e+06,14.580978,2.15e+06,0.18818904,0.059081078,0.0154306255,0.5395629,0.061814323,0.11788139,0.2689761147808214,458414.7820284374,1005976.4214386479,2887366.968899924,-445704.5,-20.730441860465117
2026-03-10,1200000.0,732,47.696575,-122.34563,3540.0,4804.668,,,5.0,4.0,48740836,"936 N 93rd Street, Seattle, WA 98103",Seattle,WA,98103,SINGLE_FAMILY,FOR_SALE,25,https://www.zillow.com/homedetails/936-N-93rd-St-Seattle-WA-98103/48740836_zpid/,1168100.0,8728d5409ffffff,9,,,,,30.0,0.2052884881900859,6.184804928131417,69,0.9272375462179537,0.374473674486883,1.0,6.123233995736766e-17,1,1011153.3222222222,836485.2507823976,0.0,338.9830508474576,3,2026,11,13.997832114758229,8928d540933ffff,"[9, 9, 9, 9, 9, 9, 9]",9,1.4811639327636523,-0.2283358661031804,1.6890974203492484,2.8813281823503942,1.2868691995948212,0.7662792626043098,1.4576488146837816,0.203319546889736,,,0.47994268219646025,14.333826,1.6791966e+06,13.997832,1.2000002e+06,0.14620778,0.059537165,0.016110918,0.60947,0.0454869,0.10422888,0.2745750400121367,461065.48049761984,980344.1736954252,2876236.2606339715,479196.625,39.93305208333333
2026-03-10,688000.0,729,47.69011,-122.390564,1118.0,3959.604,,,2.0,2.0,2055755673,"8338 27th Avenue NW #B, Seattle, WA 98117",Seattle,WA,98117,TOWNHOUSE,FOR_SALE,25,https://www.zillow.com/homedetails/8338-27th-Ave-NW-B-Seattle-WA-98117/2055755673_zpid/,,8728d5473ffffff,9,,,,,30.0,0.2052884881900859,6.184804928131417,69,0.9272375462179537,0.374473674486883,1.0,6.123233995736766e-17,1,1005826.6555555556,836032.7040297837,0.0,615.3846153846154,3,2026,11,13.44154411691548,8928d547303ffff,"[9, 9, 9, 9, 9, 9, 9]",9,-1.0697014749580882,-0.24712360861253738,-1.5526299041494542,2.8813281823503942,1.2868691995948212,0.7662792626043098,1.4576488146837816,0.203319546889736,,,-0.5512385697575954,13.740673,927894.25,13.441545,688000.3,0.22466272,0.058343746,0.014404707,0.5150603,0.041305766,0.120003566,0.2647125430806364,245625.2466273998,552294.3802977863,1558929.0695825801,239894.25,34.86835029069768
2026-03-10,1149000.0,727,47.57346,-122.28723,2390.0,2587.464,,,4.0,3.0,96712736,"3609 York Road S, Seattle, WA 98144",Seattle,WA,98144,SINGLE_FAMILY,FOR_SALE,25,https://www.zillow.com/homedetails/3609-York-Rd-S-Seattle-WA-98144/96712736_zpid/,1131800.0,8728d5424ffffff,43,,,,,2.0,0.7071057811879616,6.184804928131417,69,0.9272375462179537,0.374473674486883,1.0,6.123233995736766e-17,1,1149000.0,0.0,0.0,480.7531380753138,3,2026,11,13.954402556830892,8928d5424b3ffff,"[43, 43, 43, 43, 43, 38, 38]",43,0.26997680688421316,-0.2776294791818541,0.6085216455163474,2.8813281823503942,1.2868691995948212,0.7662792626043098,1.4576488146837816,0.203319546889736,,,0.3994380765084169,13.955147,1.1498555e+06,13.954403,1.1490004e+06,0.025281401,0.057089858,0.015702277,0.747043,0.033272568,0.099587694,0.26636487788051577,306281.1198377394,682195.5520284008,1938106.3579625043,855.5,0.07445604873803308
2026-03-10,850000.0,721,47.594345,-122.29623,1512.0,1036.728,,,3.0,2.0,460480454,"2809 S Charles Street, Seattle, WA 98144",Seattle,WA,98144,TOWNHOUSE,FOR_SALE,25,https://www.zillow.com/homedetails/2809-S-Charles-St-Seattle-WA-98144/460480454_zpid/,847800.0,8728d5425ffffff,9,,,,,30.0,0.2052884881900859,6.184804928131417,69,0.9272375462179537,0.374473674486883,1.0,6.123233995736766e-17,1,991647.7666666668,833261.9119430381,0.0,562.1693121693122,3,2026,11,13.652991628466498,8928d54257bffff,"[9, 9, 59, 9, 9, 9, 9]",9,-0.6547382335698282,-0.3121059551268596,-0.47205412931655344,2.8813281823503942,1.2868691995948212,0.7662792626043098,1.4576488146837816,0.203319546889736,,,-0.15928204628540574,13.613895,817409.44,13.652991,849999.7,0.15897591,0.047891334,0.012551048,0.6476083,0.021704996,0.0887186,0.2628044174516944,214818.81104170473,488355.4291044555,1368180.1737709602,-32590.5625,-3.834183823529412
2026-03-10,599000.0,767,47.570217,-122.28792,1270.0,1228.392,,,2.0,3.0,2133662431,"3646 36th Avenue S #A, Seattle, WA 98144",Seattle,WA,98144,TOWNHOUSE,FOR_SALE,26,https://www.zillow.com/homedetails/3646-36th-Ave-S-A-Seattle-WA-98144/2133662431_zpid/,,8728d550bffffff,38,,,,,30.0,0.6142970148843488,6.184804928131417,69,0.9272375462179537,0.374473674486883,1.0,6.123233995736766e-17,1,761808.3333333334,212789.80885752777,0.0,471.65354330708664,3,2026,11,13.303016877097587,8928d550b43ffff,"[38, 38, 38, 38, 38, 38, 38]",38,-0.9096141331027189,-0.30784481765051064,-1.5526299041494542,2.8813281823503942,1.2868691995948212,0.7662792626043098,1.4576488146837816,0.203319546889736,,,-0.8080240714026174,13.231784,557815.7,13.303017,598999.9,0.13539155,0.062478993,0.015697733,0.60224426,0.026186273,0.12459941,0.26529742143201723,147987.06352807794,331638.5403379776,938245.3987317747,-41184.3125,-6.8755112687813025
2026-03-10,1150000.0,744,47.684067,-122.318306,2680.0,4120.776,,,5.0,3.0,48840185,"7532 9th Avenue NE, Seattle, WA 98115",Seattle,WA,98115,SINGLE_FAMILY,FOR_SALE,25,https://www.zillow.com/homedetails/7532-9th-Ave-NE-Seattle-WA-98115/48840185_zpid/,1124600.0,8728d5408ffffff,9,,,,,30.0,0.2052884881900859,6.184804928131417,69,0.9272375462179537,0.374473674486883,1.0,6.123233995736766e-17,1,994647.7666666668,833717.5581522629,0.0,429.1044776119403,3,2026,11,13.955272500339433,8928d5408bbffff,"[9, 9, 9, 9, 9, 9, 9]",9,0.5754066038451152,-0.24354037937106207,1.6890974203492484,2.8813281823503942,1.2868691995948212,0.7662792626043098,1.4576488146837816,0.203319546889736,,,0.40105067544951356,14.052774,1.2677756e+06,13.955273,1.1500002e+06,0.16213097,0.05894459,0.016004406,0.6032177,0.036324766,0.101856634,0.26514811097133184,336148.3121042496,753952.1110807011,2131773.3006255385,117775.625,10.241358695652174
2026-03-10,995000.0,765,47.68481,-122.33499,1534.0,2378.376,,,2.0,3.0,48835332,"7700 E Green Lake Drive N #D13, Seattle, WA 98103",Seattle,WA,98103,TOWNHOUSE,FOR_SALE,26,https://www.zillow.com/homedetails/7700-E-Green-Lake-Dr-N-APT-D13-Seattle-WA-98103/48835332_zpid/,970700.0,8728d5409ffffff,9,,,,,30.0,0.2052884881900859,6.184804928131417,69,0.9272375462179537,0.374473674486883,1.0,6.123233995736766e-17,1,988535.5444444444,834581.8517838154,0.0,648.6310299869622,3,2026,11,13.81049801614073,8928d540d6fffff,"[9, 9, 9, 9, 9, 231, 9]",9,-0.6315676972486564,-0.2822779927924166,-1.5526299041494542,2.8813281823503942,1.2868691995948212,0.7662792626043098,1.4576488146837816,0.203319546889736,,,0.1326847670604175,13.72684,915147.0,13.810498,995000.25,0.20031217,0.04909304,0.012713336,0.59687144,0.026275612,0.092556894,0.26474476211403936,242280.3748143768,544672.6687894651,1537609.8956739877,-79853.0,-8.025427135678392
2026-03-10,1690000.0,763,47.596264,-122.28944,2200.0,6298.776,,,4.0,3.0,48717199,"707 Lake Washington Boulevard S, Seattle, WA 98144",Seattle,WA,98144,SINGLE_FAMILY,FOR_SALE,26,https://www.zillow.com/homedetails/707-Lake-Washington-Blvd-S-Seattle-WA-98144/48717199_zpid/,1634500.0,8728d5420ffffff,59,,,,,30.0,0.4733823513436473,6.184804928131417,69,0.9272375462179537,0.374473674486883,1.0,6.123233995736766e-17,1,1757505.888888889,1830519.6035273348,0.0,768.1818181818181,3,2026,11,14.340239086899256,8928d5420a3ffff,"[59, 231, 231, 59, 59, 59, 59]",59,0.06986762956500146,-0.19511836259436885,0.6085216455163474,2.8813281823503942,1.2868691995948212,0.7662792626043098,1.4576488146837816,0.203319546889736,,,1.1146564484100399,13.851922,1.0370825e+06,14.34024,1.6900008e+06,0.18601039,0.057284005,0.014744788,0.55737466,0.047807455,0.11469843,0.2662465806510851,276119.66947807895,615431.3832900159,1747619.8480148357,-652917.5,-38.63417159763314
2026-03-10,2398000.0,761,47.63296,-122.30588,3180.0,5588.748,,,4.0,4.0,48883986,"1939 E Crescent Drive, Seattle, WA 98112",Seattle,WA,98112,SINGLE_FAMILY,FOR_SALE,26,https://www.zillow.com/homedetails/1939-E-Crescent-Dr-Seattle-WA-98112/48883986_zpid/,2293900.0,8728d542effffff,9,,,,,30.0,0.2052884881900859,6.184804928131417,69,0.9272375462179537,0.374473674486883,1.0,6.123233995736766e-17,1,983245.5444444444,834946.4274916444,0.0,754.0880503144654,3,2026,11,14.690145614569596,8928d542e77ffff,"[9, 9, 9, 9, 9, 9, 9]",9,1.1020097020535669,-0.21090394006357085,0.6085216455163474,2.8813281823503942,1.2868691995948212,0.7662792626043098,1.4576488146837816,0.203319546889736,,,1.7632720084602744,14.223479,1.5037601e+06,14.6901455,2.3979998e+06,0.14713599,0.056401093,0.014911406,0.6105751,0.048992578,0.10422358,0.27054000801246236,406827.2762663214,884891.9757412291,2555446.92140819,-894239.875,-37.29107068390326
2026-03-10,759500.0,760,47.670715,-122.316956,1380.0,1149.984,,,3.0,4.0,247766571,"5728 Roosevelt Way NE, Seattle, WA 98105",Seattle,WA,98105,TOWNHOUSE,FOR_SALE,26,https://www.zillow.com/homedetails/5728-Roosevelt-Way-NE-Seattle-WA-98105/247766571_zpid/,744400.0,8728d540cffffff,9,,,,,30.0,0.2052884881900859,6.184804928131417,69,0.9272375462179537,0.374473674486883,1.0,6.123233995736766e-17,1,962434.4333333332,822537.4713768439,0.0,550.3623188405797,3,2026,11,13.540415601017965,8928d540c23ffff,"[9, 9, 9, 9, 9, 9, 9]",9,-0.7937614514968595,-0.3095880102544716,-0.47205412931655344,2.8813281823503942,1.2868691995948212,0.7662792626043098,1.4576488146837816,0.203319546889736,,,-0.367962243188032,13.554229,770063.9,13.540416,759500.1,0.18223268,0.048131593,0.012497777,0.62132764,0.022469586,0.09046312,0.26098965306375593,200978.70357318153,461708.52036141197,1284356.6669518615,10563.875,1.3908986175115208
2026-03-10,1050000.0,755,47.627445,-122.35447,1948.0,2378.376,,,3.0,3.0,2077673886,"116 Aloha Street #116, Seattle, WA 98109",Seattle,WA,98109,TOWNHOUSE,FOR_SALE,26,https://www.zillow.com/homedetails/116-Aloha-St-116-Seattle-WA-98109/2077673886_zpid/,1032900.0,8728d542dffffff,59,,,,,30.0,0.4733823513436473,6.184804928131417,69,0.9272375462179537,0.374473674486883,1.0,6.123233995736766e-17,1,1805506.36,1890503.953174807,0.0,539.0143737166325,3,2026,11,13.864300722133706,8928d542d73ffff,,59,-0.19554033193205825,-0.2822779927924166,-0.47205412931655344,2.8813281823503942,1.2868691995948212,0.7662792626043098,1.4576488146837816,0.203319546889736,,,0.2324178943964408,13.424018,676047.0,13.864301,1.05e+06,0.47515345,0.03637561,0.00989203,0.38330397,0.0147835845,0.06392726,0.2674899877490658,180835.80374779267,400207.1352570312,1142007.5520470366,-373953.0,-35.61457142857143
2026-03-10,920000.0,745,47.715168,-122.334984,2080.0,2448.072,,,4.0,4.0,92570131,"11740 Burke Avenue N, Seattle, WA 98133",Seattle,WA,98133,SINGLE_FAMILY,FOR_SALE,25,https://www.zillow.com/homedetails/11740-Burke-Ave-N-Seattle-WA-98133/92570131_zpid/,906700.0,8728d5456ffffff,9,,,,,30.0,0.2052884881900859,6.184804928131417,69,0.9272375462179537,0.374473674486883,1.0,6.123233995736766e-17,1,967417.7666666668,820125.1165865432,0.0,442.3076923076923,3,2026,11,13.732128949025222,8928d54560bffff,"[9, 9, 9, 9, 9, 9, 9]",9,-0.056517114005026965,-0.28072848825556246,0.6085216455163474,2.8813281823503942,1.2868691995948212,0.7662792626043098,1.4576488146837816,0.203319546889736,,,-0.012586590682384855,13.893834,1.0814725e+06,13.732129,920000.1,0.161466,0.05057033,0.0135345515,0.6354684,0.027951056,0.09028876,0.26706350356788766,288821.8348623224,640746.7980875532,1825343.1980917915,161472.5,17.551358695652176
2026-03-10,721900.0,752,47.691387,-122.323395,800.0,1668.348,,,2.0,2.0,2076974988,"8605 5th Avenue NE #B, Seattle, WA 98115",Seattle,WA,98115,SINGLE_FAMILY,FOR_SALE,26,https://www.zillow.com/homedetails/8605-5th-Ave-NE-B-Seattle-WA-98115/2076974988_zpid/,715000.0,8728d5409ffffff,9,,,,,30.0,0.2052884881900859,6.184804928131417,69,0.9272375462179537,0.374473674486883,1.0,6.123233995736766e-17,1,1013639.9888888889,909868.2652337984,0.0,902.375,3,2026,11,13.489641904127252,8928d5409cbffff,"[9, 9, 9, 9, 9, 9, 9]",9,-1.4046210454186636,-0.2980635702616186,-1.5526299041494542,2.8813281823503942,1.2868691995948212,0.7662792626043098,1.4576488146837816,0.203319546889736,,,-0.4620805497650903,13.423805,675903.25,13.489642,721900.2,0.21306139,0.052400522,0.013120451,0.5618378,0.028916392,0.10505141,0.2639109097350744,178378.24160039343,402938.7538155924,1133783.2641298508,-45996.75,-6.371623493558665
2026-03-10,1199000.0,731,47.615444,-122.297195,2760.0,3149.388,,,3.0,2.0,49146866,"1600 27th Avenue, Seattle, WA 98122",Seattle,WA,98122,SINGLE_FAMILY,FOR_SALE,25,https://www.zillow.com/homedetails/1600-27th-Ave-Seattle-WA-98122/49146866_zpid/,1159800.0,8728d5421ffffff,9,,,,,30.0,0.2052884881900859,6.184804928131417,69,0.9272375462179537,0.374473674486883,1.0,6.123233995736766e-17,1,1008253.3222222222,836275.5868631058,0.0,434.42028985507244,3,2026,11,13.996998434009651,8928d54216bffff,"[9, 7, 7, 9, 9, 9, 9]",9,0.6596630995584675,-0.26513659885346724,-0.47205412931655344,2.8813281823503942,1.2868691995948212,0.7662792626043098,1.4576488146837816,0.203319546889736,,,0.478397302894045,14.139725,1.3829435e+06,13.996999,1.1990004e+06,0.10855173,0.049249575,0.0133978315,0.68961626,0.03532408,0.08698187,0.2650939945709154,366610.0166808828,822530.2195873157,2325182.202975623,183943.5,15.34140950792327
2026-03-10,749000.0,656,47.6896,-122.342514,920.0,4038.012,,,2.0,1.0,48972936,"1145 N 84th Street, Seattle, WA 98103",Seattle,WA,98103,SINGLE_FAMILY,FOR_SALE,20,https://www.zillow.com/homedetails/1145-N-84th-St-Seattle-WA-98103/48972936_zpid/,729200.0,8728d5409ffffff,9,,,,,30.0,0.2052884881900859,6.184804928131417,69,0.9272375462179537,0.374473674486883,1.0,6.123233995736766e-17,1,922323.9777777778,500281.9562748155,0.0,814.1304347826087,3,2026,11,13.526494262499357,8928d54098fffff,"[9, 9, 9, 9, 9, 9, 9]",9,-1.2782363018486351,-0.24538041600857638,-1.5526299041494542,2.8813281823503942,1.2868691995948212,0.7662792626043098,1.4576488146837816,0.203319546889736,,,-0.39376798290947923,13.665267,860498.4,13.526494,748999.8,0.23501343,0.059754305,0.014605937,0.49458373,0.043954715,0.12506545,0.2649570636789528,227995.1227405104,511934.08006052126,1446392.1415165442,111498.375,14.886298397863818
2026-03-10,2889000.0,803,47.641663,-122.402695,3965.0,5000.688,,,7.0,5.0,48727047,"2515 35th Avenue W, Seattle, WA 98199",Seattle,WA,98199,SINGLE_FAMILY,FOR_SALE,27,https://www.zillow.com/homedetails/2515-35th-Ave-W-Seattle-WA-98199/48727047_zpid/,2833800.0,8728d555bffffff,59,,,,,30.0,0.4733823513436473,6.184804928131417,69,0.9272375462179537,0.374473674486883,1.0,6.123233995736766e-17,1,1631160.2571428572,1678302.5797522038,0.0,728.625472887768,3,2026,11,14.876420979448373,8928d555b4bffff,"[59, 9, 9, 9, 59, 59, 59]",59,1.9287765662408363,-0.223977884593278,3.85024897001505,2.8813281823503942,1.2868691995948212,0.7662792626043098,1.4576488146837816,0.203319546889736,,,2.108567367534682,14.336211,1.6832066e+06,14.876421,2.889e+06,0.14347634,0.076039076,0.020416014,0.53273535,0.064073294,0.13901985,0.27021778552370856,454832.36678633536,991113.5073058655,2858587.169769053,-1205793.375,-41.73739615784008
2026-03-10,2495000.0,812,47.65243,-122.332306,3298.0,3040.488,,,4.0,5.0,48919923,"3714 Bagley Avenue N, Seattle, WA 98103",Seattle,WA,98103,SINGLE_FAMILY,FOR_SALE,28,https://www.zillow.com/homedetails/3714-Bagley-Ave-N-Seattle-WA-98103/48919923_zpid/,2443000.0,8728d542bffffff,9,,,,,30.0,0.2052884881900859,6.184804928131417,69,0.9272375462179537,0.374473674486883,1.0,6.123233995736766e-17,1,1082204.9888888889,864604.7916645064,0.0,756.5191024863553,3,2026,11,14.729799287167756,8928d542b1bffff,"[9, 231, 9, 9, 9, 9, 231]",9,1.2262880332307615,-0.2675576996923019,0.6085216455163474,2.8813281823503942,1.2868691995948212,0.7662792626043098,1.4576488146837816,0.203319546889736,,,1.8367773220980235,14.282949,1.5959016e+06,14.729799,2.495e+06,0.20204195,0.047200274,0.01301351,0.6097239,0.032431412,0.08009343,0.27303052000167866,435729.850545274,934539.925076558,2725300.5316302567,-899098.375,-36.03600701402805
2026-03-10,1099000.0,644,47.663086,-122.34002,1703.0,1398.276,,,3.0,3.0,460574682,"1412 N 47th Street #A, Seattle, WA 98103",Seattle,WA,98103,SINGLE_FAMILY,FOR_SALE,19,https://www.zillow.com/homedetails/1412-N-47th-St-A-Seattle-WA-98103/460574682_zpid/,1095500.0,8728d542bffffff,9,,,,,30.0,0.2052884881900859,6.184804928131417,69,0.9272375462179537,0.374473674486883,1.0,6.123233995736766e-17,1,914768.4222222222,489701.62912931904,0.0,645.3317674691721,3,2026,11,13.909911233385758,8928d540d93ffff,"[9, 9, 9, 9, 9, 9, 9]",9,-0.4535758500541996,-0.3040679003419286,-0.47205412931655344,2.8813281823503942,1.2868691995948212,0.7662792626043098,1.4576488146837816,0.203319546889736,,,0.3169652948033267,13.682315,875293.8,13.909911,1.0989999e+06,0.16287227,0.046497174,0.012325263,0.65142083,0.021812083,0.084168166,0.2630388414666889,230236.2703829612,522697.7935656325,1465740.307305714,-223706.1875,-20.355431073703368
2026-03-10,578900.0,651,47.580338,-122.295456,1115.0,1001.88,,,3.0,2.0,460572246,"2527 29th Avenue S #B, Seattle, WA 98144",Seattle,WA,98144,TOWNHOUSE,FOR_SALE,19,https://www.zillow.com/homedetails/2527-29th-Ave-S-B-Seattle-WA-98144/460572246_zpid/,577600.0,8728d5425ffffff,9,,,,,30.0,0.2052884881900859,6.184804928131417,69,0.9272375462179537,0.374473674486883,1.0,6.123233995736766e-17,1,916578.9777777778,486046.20115590753,0.0,519.1928251121076,3,2026,11,13.268885030067096,8928d5425d3ffff,"[9, 43, 9, 9, 231, 231, 38]",9,-1.0728610935473388,-0.3128807073952868,-0.47205412931655344,2.8813281823503942,1.2868691995948212,0.7662792626043098,1.4576488146837816,0.203319546889736,,,-0.8712936743580902,13.507374,734814.8,13.268885,578899.8,0.17168748,0.054030616,0.013764823,0.60223633,0.025229841,0.10581023,0.2650345244089605,194751.294359597,437095.1312233175,1235321.0795010116,155914.8125,26.93294394541372
2026-03-10,1898950.0,641,47.679752,-122.38504,2830.0,3750.516,,,3.0,3.0,120902313,"7002 23rd Avenue NW, Seattle, WA 98117",Seattle,WA,98117,SINGLE_FAMILY,FOR_SALE,19,https://www.zillow.com/homedetails/7002-23rd-Ave-NW-Seattle-WA-98117/120902313_zpid/,1850100.0,8728d5470ffffff,9,,,,,30.0,0.2052884881900859,6.184804928131417,69,0.9272375462179537,0.374473674486883,1.0,6.123233995736766e-17,1,920135.6444444444,484716.8106282054,0.0,671.0070671378091,3,2026,11,14.456811659800609,8928d54706bffff,"[9, 9, 9, 9, 9, 9, 9]",9,0.7333875333076507,-0.2517721222230999,-0.47205412931655344,2.8813281823503942,1.2868691995948212,0.7662792626043098,1.4576488146837816,0.203319546889736,,,1.3307449711430122,14.127181,1.3657046e+06,14.456812,1.8989505e+06,0.13406497,0.049555223,0.013260149,0.6584252,0.038605265,0.08955091,0.2643619118932683,361040.285746479,813443.4638851454,2292905.6189264986,-533245.375,-28.081064535664446
2026-03-10,975000.0,649,47.69074,-122.374344,1939.0,914.76,,,3.0,3.0,48825916,"8501 14th Avenue NW, Seattle, WA 98117",Seattle,WA,98117,TOWNHOUSE,FOR_SALE,19,https://www.zillow.com/homedetails/8501-14th-Ave-NW-Seattle-WA-98117/48825916_zpid/,958900.0,8728d5472ffffff,9,,,,,30.0,0.2052884881900859,6.184804928131417,69,0.9272375462179537,0.374473674486883,1.0,6.123233995736766e-17,1,906425.088888889,474053.5563707853,0.0,502.8365136668386,3,2026,11,13.790192749979985,8928d54722fffff,"[9, 9, 9, 9, 9, 9, 9]",9,-0.20501918769981037,-0.31481758806635446,-0.47205412931655344,2.8813281823503942,1.2868691995948212,0.7662792626043098,1.4576488146837816,0.203319546889736,,,0.09504525324366118,13.775056,960352.7,13.790193,974999.9,0.14753506,0.0444028,0.011937832,0.67762804,0.020954035,0.07834956,0.2654485164798821,254924.1961943428,570790.0843937143,1615790.6761948126,-14647.3125,-1.5022884615384615
2026-03-10,1095000.0,647,47.59356,-122.30504,2080.0,4499.748,,,5.0,4.0,49016338,"2025 S Ingersoll Pl, Seattle, WA 98144",Seattle,WA,98144,SINGLE_FAMILY,FOR_SALE,19,https://www.zillow.com/homedetails/2025-S-Ingersoll-Pl-Seattle-WA-98144/49016338_zpid/,,8728d5425ffffff,9,,,,,30.0,0.2052884881900859,6.184804928131417,69,0.9272375462179537,0.374473674486883,1.0,6.123233995736766e-17,1,903647.3111111112,471707.405660522,0.0,526.4423076923077,3,2026,11,13.906264921232738,8928d54252bffff,"[9, 9, 9, 9, 9, 9, 9]",9,-0.056517114005026965,-0.23511494845191744,1.6890974203492484,2.8813281823503942,1.2868691995948212,0.7662792626043098,1.4576488146837816,0.203319546889736,,,0.31020619026476537,13.828392,1.0129648e+06,13.906265,1.0950004e+06,0.20434412,0.064086795,0.016848363,0.53157645,0.039434135,0.11776857,0.26623879920788796,269690.5353198434,601128.4888080797,1706952.3300950965,-82035.1875,-7.491797945205479
2026-03-10,1795000.0,646,47.620064,-122.30285,1740.0,4199.184,,,3.0,3.0,48697997,"137 23rd Avenue E, Seattle, WA 98112",Seattle,WA,98112,SINGLE_FAMILY,FOR_SALE,19,https://www.zillow.com/homedetails/137-23rd-Ave-E-Seattle-WA-98112/48697997_zpid/,,8728d542effffff,9,,,,,30.0,0.2052884881900859,6.184804928131417,69,0.9272375462179537,0.374473674486883,1.0,6.123233995736766e-17,1,897136.2,473078.8013189265,0.0,1031.6091954022988,3,2026,11,14.400515579904516,8928d542ed7ffff,"[9, 9, 9, 9, 9, 9, 9]",9,-0.4146072207867742,-0.24179718676710113,-0.47205412931655344,2.8813281823503942,1.2868691995948212,0.7662792626043098,1.4576488146837816,0.203319546889736,,,1.226389920571224,13.765381,951106.06,14.400516,1.795e+06,0.18089181,0.052893557,0.013753161,0.59837687,0.032091416,0.099552654,0.2634751328386733,250592.796160855,567485.0015554148,1594055.7613372637,-843893.9375,-47.01358983286908
2026-03-10,899000.0,614,47.683052,-122.32719,1411.0,884.268,,,2.0,2.0,456959910,"221 NE 75th Street, Seattle, WA 98115",Seattle,WA,98115,TOWNHOUSE,FOR_SALE,19,https://www.zillow.com/homedetails/221-NE-75th-St-Seattle-WA-98115/456959910_zpid/,897300.0,8728d540dffffff,9,,,,,30.0,0.2052884881900859,6.184804928131417,69,0.9272375462179537,0.374473674486883,1.0,6.123233995736766e-17,1,943113.9777777778,592718.1238402983,0.0,637.1367824238129,3,2026,11,13.709038313453757,8928d5408b7ffff,"[9, 9, 9, 9, 9, 231, 9]",9,-0.7611120594079355,-0.3154954963012282,-1.5526299041494542,2.8813281823503942,1.2868691995948212,0.7662792626043098,1.4576488146837816,0.203319546889736,,,-0.05538929465826582,13.589816,797961.9,13.709039,899000.4,0.1915546,0.04622842,0.011993224,0.62012255,0.021436192,0.08671182,0.26323287914839577,210049.80180690228,476336.42096938525,1336750.9140227786,-101038.125,-11.238946051167964
2026-03-10,679950.0,615,47.683777,-122.363106,1041.0,670.824,,,2.0,2.0,460588447,"359 NW 76th Street, Seattle, WA 98117",Seattle,WA,98117,TOWNHOUSE,FOR_SALE,19,https://www.zillow.com/homedetails/359-NW-76th-St-Seattle-WA-98117/460588447_zpid/,678700.0,8728d5472ffffff,9,,,,,30.0,0.2052884881900859,6.184804928131417,69,0.9272375462179537,0.374473674486883,1.0,6.123233995736766e-17,1,940102.8666666668,593632.4069724582,0.0,653.1700288184438,3,2026,11,13.429774545037105,8928d54720fffff,"[9, 9, 9, 9, 9, 9, 9]",9,-1.1507983520821898,-0.32024085394534413,-1.5526299041494542,2.8813281823503942,1.2868691995948212,0.7662792626043098,1.4576488146837816,0.203319546889736,,,-0.5730556176025442,13.413411,668914.25,13.429774,679949.8,0.19547924,0.048738077,0.012403569,0.6014434,0.023083894,0.09470171,0.26599702783846974,177929.2023787991,397145.09277232457,1126656.9055102868,-11035.75,-1.623023751746452
2026-03-10,945000.0,769,47.691586,-122.30457,1834.0,1877.436,,,3.0,3.0,2079304684,"8613 23rd Avenue NE #B, Seattle, WA 98115",Seattle,WA,98115,TOWNHOUSE,FOR_SALE,26,https://www.zillow.com/homedetails/8613-23rd-Ave-NE-B-Seattle-WA-98115/2079304684_zpid/,930500.0,8728d5408ffffff,9,,,,,30.0,0.2052884881900859,6.184804928131417,69,0.9272375462179537,0.374473674486883,1.0,6.123233995736766e-17,1,943991.7555555556,593055.1404184127,0.0,515.2671755725191,3,2026,11,13.758940206475879,8928d540873ffff,"[9, 9, 9, 9, 9, 9, 9]",9,-0.31560583832358524,-0.2934150566510561,-0.47205412931655344,2.8813281823503942,1.2868691995948212,0.7662792626043098,1.4576488146837816,0.203319546889736,,,0.037112964461075273,13.765132,950869.4,13.75894,944999.56,0.15896931,0.046971984,0.012499644,0.65321445,0.023399737,0.08451661,0.26430639676235984,251320.85829792713,566420.1593064918,1596257.6647380255,5869.375,0.6210978835978836
2026-03-10,719000.0,793,47.671337,-122.38289,1140.0,1180.476,,,3.0,3.0,82363144,"2017 NW 59th Street #A, Seattle, WA 98107",Seattle,WA,98107,TOWNHOUSE,FOR_SALE,27,https://www.zillow.com/homedetails/2017-NW-59th-St-A-Seattle-WA-98107/82363144_zpid/,713900.0,8728d5470ffffff,9,,,,,30.0,0.2052884881900859,6.184804928131417,69,0.9272375462179537,0.374473674486883,1.0,6.123233995736766e-17,1,986269.5333333332,716008.0687991179,0.0,630.7017543859649,3,2026,11,13.485616636703183,8928d547057ffff,"[9, 9, 9, 9, 9, 231, 9]",9,-1.0465309386369164,-0.3089101020195979,-0.47205412931655344,2.8813281823503942,1.2868691995948212,0.7662792626043098,1.4576488146837816,0.203319546889736,,,-0.46954211700705467,13.535106,755477.8,13.485617,719000.06,0.21426292,0.048804037,0.012475004,0.58228475,0.023876358,0.094502434,0.26348182102125595,199054.66977865496,450755.94768278743,1266199.0216971952,36477.8125,5.073409248956884
2026-03-10,899950.0,791,47.719925,-122.30633,1390.0,6677.748,,,3.0,2.0,48779856,"12517 22nd Avenue NE, Seattle, WA 98125",Seattle,WA,98125,SINGLE_FAMILY,FOR_SALE,27,https://www.zillow.com/homedetails/12517-22nd-Ave-NE-Seattle-WA-98125/48779856_zpid/,,8728d54e5ffffff,9,,,,,30.0,0.2052884881900859,6.184804928131417,69,0.9272375462179537,0.374473674486883,1.0,6.123233995736766e-17,1,990480.6444444444,715532.8574709365,0.0,647.4460431654676,3,2026,11,13.710094485207625,8928d54e5d7ffff,"[9, 9, 9, 9, 9, 9, 9]",9,-0.7832293895326904,-0.18669293167522424,-0.47205412931655344,2.8813281823503942,1.2868691995948212,0.7662792626043098,1.4576488146837816,0.203319546889736,,,-0.05343148770277552,13.596424,803252.25,13.710094,899950.0,0.23215988,0.06371283,0.015703723,0.4786466,0.051342472,0.13183354,0.26675909479620497,214274.84310301492,476191.93512020895,1354945.6876585311,-96697.75,-10.74479137729874
2026-03-10,659000.0,789,47.58669,-122.296745,1144.0,1263.24,,,2.0,2.0,449923303,"1804 B 28th Avenue S, Seattle, WA 98144",Seattle,WA,98144,TOWNHOUSE,FOR_SALE,27,https://www.zillow.com/homedetails/1804-B-28th-Ave-S-Seattle-WA-98144/449923303_zpid/,655800.0,8728d5425ffffff,9,,,,,30.0,0.2052884881900859,6.184804928131417,69,0.9272375462179537,0.374473674486883,1.0,6.123233995736766e-17,1,994425.088888889,713133.2786333185,0.0,576.048951048951,3,2026,11,13.398478813484644,8928d54251bffff,"[9, 9, 9, 9, 9, 9, 9]",9,-1.0423181138512487,-0.3070700653820836,-1.5526299041494542,2.8813281823503942,1.2868691995948212,0.7662792626043098,1.4576488146837816,0.203319546889736,,,-0.6310679633087835,13.472561,709673.94,13.3984785,658999.8,0.195157,0.049623325,0.012637792,0.5973421,0.024808746,0.09635315,0.2635670792718228,187046.68694220914,423356.29446758144,1189629.3642264125,50673.9375,7.689520106221548
2026-03-10,1225000.0,811,47.66302,-122.33725,1694.0,1228.392,,,3.0,3.0,460397115,"1706 B N 47th Street, Seattle, WA 98103",Seattle,WA,98103,TOWNHOUSE,FOR_SALE,28,https://www.zillow.com/homedetails/1706-B-North-St-47-Seattle-WA-98103/460397115_zpid/,1220900.0,8728d542bffffff,9,,,,,30.0,0.2052884881900859,6.184804928131417,69,0.9272375462179537,0.374473674486883,1.0,6.123233995736766e-17,1,1064471.6555555556,851571.3209028388,0.0,723.1404958677685,3,2026,11,14.018451401960965,8928d542b67ffff,"[9, 9, 9, 9, 9, 9, 9]",9,-0.46305470582195174,-0.30784481765051064,-0.47205412931655344,2.8813281823503942,1.2868691995948212,0.7662792626043098,1.4576488146837816,0.203319546889736,,,0.5181642912812714,13.667721,862612.44,14.018452,1.2250004e+06,0.16234869,0.04618697,0.012246583,0.65345067,0.021367133,0.083545744,0.26311705783270956,226968.04660490205,515045.9306131256,1444725.9795692128,-362387.5625,-29.582658163265307
2026-03-10,629000.0,788,47.58664,-122.29673,1101.0,1132.56,,,2.0,2.0,455605701,"1806 B 28th Avenue S, Seattle, WA 98144",Seattle,WA,98144,TOWNHOUSE,FOR_SALE,27,https://www.zillow.com/homedetails/1806-B-28th-Ave-S-Seattle-WA-98144/455605701_zpid/,626400.0,8728d5425ffffff,9,,,,,30.0,0.2052884881900859,6.184804928131417,69,0.9272375462179537,0.374473674486883,1.0,6.123233995736766e-17,1,1039880.6444444444,814666.3461943468,0.0,571.2988192552225,3,2026,11,13.351886535682578,8928d54251bffff,"[9, 9, 9, 9, 9, 9, 9]",9,-1.0876059802971756,-0.30997538638868516,-1.5526299041494542,2.8813281823503942,1.2868691995948212,0.7662792626043098,1.4576488146837816,0.203319546889736,,,-0.7174352470568451,13.452416,695520.94,13.351887,629000.1,0.19623394,0.04954826,0.012606322,0.5965284,0.024522446,0.09636833,0.26488514963882726,184233.16760662492,413842.8232316606,1168920.5958244035,66520.9375,10.57566573926868
2026-03-10,1050000.0,783,47.621834,-122.29955,1740.0,2495.988,,,3.0,3.0,48941610,"314 25th Avenue E, Seattle, WA 98112",Seattle,WA,98112,SINGLE_FAMILY,FOR_SALE,27,https://www.zillow.com/homedetails/314-25th-Ave-E-Seattle-WA-98112/48941610_zpid/,1037000.0,8728d542effffff,9,,,,,30.0,0.2052884881900859,6.184804928131417,69,0.9272375462179537,0.374473674486883,1.0,6.123233995736766e-17,1,1046557.3111111112,825616.352622226,0.0,603.448275862069,3,2026,11,13.864300722133706,8928d542ec3ffff,"[9, 9, 9, 9, 9, 9, 9]",9,-0.4146072207867742,-0.2796632038864752,-0.47205412931655344,2.8813281823503942,1.2868691995948212,0.7662792626043098,1.4576488146837816,0.203319546889736,,,0.2324178943964408,13.759388,945423.25,13.864301,1.05e+06,0.16802968,0.048765216,0.01286668,0.63459146,0.025218932,0.089157775,0.26448840857730754,250053.49082448598,562975.1058374179,1587681.3679999097,-104576.75,-9.959690476190476
2026-03-10,1425000.0,782,47.717113,-122.28888,6416.0,0.3382,,,6.0,4.0,2079031469,"3601 NE 123rd Street, Seattle, WA 98125",Seattle,WA,98125,SINGLE_FAMILY,FOR_SALE,26,https://www.zillow.com/homedetails/3601-NE-123rd-St-Seattle-WA-98125/2079031469_zpid/,1385400.0,8728d54e4ffffff,9,,,,,30.0,0.2052884881900859,6.184804928131417,69,0.9272375462179537,0.374473674486883,1.0,6.123233995736766e-17,1,1053223.9777777777,828063.2705261002,0.0,222.10099750623442,3,2026,11,14.169682371684887,8928d54e417ffff,"[9, 9, 9, 9, 9, 9, 9]",9,4.5101849536586665,-0.33514731613824333,2.769673195182149,2.8813281823503942,1.2868691995948212,0.7662792626043098,1.4576488146837816,0.203319546889736,,,0.7984984730340535,14.808052,2.698083e+06,14.1696825,1.4250001e+06,0.16892391,0.06921148,0.018399611,0.5364024,0.06026933,0.12582627,0.2585357331504005,697550.8665056321,1625493.5098586238,4478425.536893693,1273083.0,89.33915789473684
2026-03-10,2850000.0,781,47.66644,-122.27769,3400.0,5000.688,,,4.0,4.0,48929558,"5113 47th Avenue NE, Seattle, WA 98105",Seattle,WA,98105,SINGLE_FAMILY,FOR_SALE,26,https://www.zillow.com/homedetails/5113-47th-Ave-NE-Seattle-WA-98105/48929558_zpid/,,8728d5401ffffff,59,,,,,30.0,0.4733823513436473,6.184804928131417,69,0.9272375462179537,0.374473674486883,1.0,6.123233995736766e-17,1,1632062.4146341465,1624384.0863275065,0.0,838.2352941176471,3,2026,11,14.862829552244833,8928d540163ffff,"[59, 59, 59, 59, 59, 59, 59]",59,1.3337150652652858,-0.223977884593278,0.6085216455163474,2.8813281823503942,1.2868691995948212,0.7662792626043098,1.4576488146837816,0.203319546889736,,,2.083373178600283,14.2761345,1.5850626e+06,14.862829,2.849999e+06,0.11504273,0.05520296,0.014628118,0.6368985,0.053761166,0.1071879,0.26886608131544715,426169.5766233261,935799.9196842834,2684787.1535044974,-1264937.375,-44.38376754385965
2026-03-10,3700000.0,780,47.65915,-122.27131,3566.0,5009.4,,,6.0,6.0,456027877,"4231 53rd Ave NE, Seattle, WA 98105",Seattle,WA,98105,SINGLE_FAMILY,FOR_SALE,26,https://www.zillow.com/homedetails/4231-53rd-Ave-NE-Seattle-WA-98105/456027877_zpid/,3594100.0,8728d5401ffffff,59,,,,,30.0,0.4733823513436473,6.184804928131417,69,0.9272375462179537,0.374473674486883,1.0,6.123233995736766e-17,1,1601613.975,1633185.4208458103,0.0,1037.5771172181717,3,2026,11,15.123843377614453,8928d540157ffff,"[59, 59, 59, 59, 59, 59, 59]",59,1.5085472938704918,-0.22378419652617124,2.769673195182149,2.8813281823503942,1.2868691995948212,0.7662792626043098,1.4576488146837816,0.203319546889736,,,2.5672099039398906,14.221097,1.500182e+06,15.123843,3.6999992e+06,0.14081717,0.06497896,0.017626604,0.57998145,0.0549008,0.12034018,0.2666139483722718,399969.44629701145,889605.739010096,2529824.096729817,-2199818.0,-59.45454054054055
2026-03-10,399000.0,777,47.637318,-122.33895,912.0,505.296,,,1.0,1.0,2069752375,"2040 Westlake Avenue N #17, Seattle, WA 98109",Seattle,WA,98109,SINGLE_FAMILY,FOR_SALE,26,https://www.zillow.com/homedetails/2040-Westlake-Ave-N-17-Seattle-WA-98109/2069752375_zpid/,394700.0,8728d5428ffffff,9,,,,,30.0,0.2052884881900859,6.184804928131417,69,0.9272375462179537,0.374473674486883,1.0,6.123233995736766e-17,1,1047668.9777777778,827351.8595130263,0.0,437.5,3,2026,11,12.896716695872,8928d54283bffff,,9,-1.2866619514199704,-0.3239209272203728,-2.633205678982355,2.8813281823503942,1.2868691995948212,0.7662792626043098,1.4576488146837816,0.203319546889736,,,-1.561175552595989,13.09513,486567.03,12.896717,399000.16,0.50132924,0.039434634,0.010137423,0.33808315,0.014753405,0.075609595,0.28418277506574097,138273.96919612412,278767.0393516002,849266.4075341958,87567.03125,21.946624373433586
2026-03-10,575000.0,773,47.526855,-122.27501,1300.0,6499.152,,,3.0,2.0,48872009,"8435 46th ave S, Seattle, WA 98118",Seattle,WA,98118,SINGLE_FAMILY,FOR_SALE,26,https://www.zillow.com/homedetails/8435-46th-Ave-S-Seattle-WA-98118/48872009_zpid/,566200.0,8728d5501ffffff,38,,,,,30.0,0.6142970148843488,6.184804928131417,69,0.9272375462179537,0.374473674486883,1.0,6.123233995736766e-17,1,721051.8518518518,236059.32862535663,0.0,442.3076923076923,3,2026,11,13.262125319779487,8928d55012bffff,"[38, 38, 38, 9, 38, 38, 38]",38,-0.8780179472102118,-0.19066353705091307,-0.47205412931655344,2.8813281823503942,1.2868691995948212,0.7662792626043098,1.4576488146837816,0.203319546889736,,,-0.883824030116716,13.209187,545351.9,13.262125,574999.8,0.22618854,0.0745021,0.018798184,0.4544977,0.03999556,0.14918643,0.26830401674071247,146320.09859957892,322323.40412911767,922702.7618299838,-29648.125,-5.156195652173913
2026-03-10,836000.0,771,47.6619,-122.330414,1428.0,731.808,,,3.0,2.0,460440230,"4515 Sunnyside Avenue N #B, Seattle, WA 98103",Seattle,WA,98103,TOWNHOUSE,FOR_SALE,26,https://www.zillow.com/homedetails/4515-Sunnyside-Ave-N-B-Seattle-WA-98103/460440230_zpid/,831100.0,8728d542bffffff,9,,,,,30.0,0.2052884881900859,6.184804928131417,69,0.9272375462179537,0.374473674486883,1.0,6.123233995736766e-17,1,1050850.9666666666,825491.4686698776,0.0,585.4341736694678,3,2026,11,13.636383892066839,8928d542b63ffff,"[9, 9, 9, 9, 9, 9, 9]",9,-0.7432075540688481,-0.3188850374755967,-0.47205412931655344,2.8813281823503942,1.2868691995948212,0.7662792626043098,1.4576488146837816,0.203319546889736,,,-0.19006751438670633,13.55832,773220.9,13.636384,836000.1,0.17637917,0.046917256,0.0122450935,0.63379216,0.021048974,0.087312266,0.2626518754412515,203087.91294907551,462093.4256336093,1293830.4547854492,-62779.125,-7.5094647129186605
2026-03-10,995000.0,792,47.660767,-122.35277,1760.0,1258.884,,,3.0,3.0,2073599139,"4416 Francis Avenue N #B, Seattle, WA 98103",Seattle,WA,98103,TOWNHOUSE,FOR_SALE,27,https://www.zillow.com/homedetails/4416-Francis-Ave-N-UNIT-B-Seattle-WA-98103/2073599139_zpid/,,8728d5476ffffff,9,,,,,30.0,0.2052884881900859,6.184804928131417,69,0.9272375462179537,0.374473674486883,1.0,6.123233995736766e-17,1,1052029.9888888889,826898.0113657821,0.0,565.3409090909091,3,2026,11,13.81049801614073,8928d547653ffff,"[9, 9, 9, 9, 9, 9, 9]",9,-0.3935430968584361,-0.30716690941563696,-0.47205412931655344,2.8813281823503942,1.2868691995948212,0.7662792626043098,1.4576488146837816,0.203319546889736,,,0.1326847670604175,13.699611,890564.44,13.810498,995000.25,0.15896131,0.04598314,0.012235334,0.6581606,0.021516401,0.082657516,0.26368392953867553,234827.5303874002,531144.9339367482,1493198.784561499,-104435.5625,-10.496036432160805
2026-03-10,860000.0,720,47.594257,-122.29642,1521.0,906.048,,,3.0,3.0,460480550,"904 A 28th Avenue S, Seattle, WA 98144",Seattle,WA,98144,TOWNHOUSE,FOR_SALE,25,https://www.zillow.com/homedetails/904-A-28th-Ave-S-Seattle-WA-98144/460480550_zpid/,857400.0,8728d5425ffffff,9,,,,,30.0,0.2052884881900859,6.184804928131417,69,0.9272375462179537,0.374473674486883,1.0,6.123233995736766e-17,1,1044752.2111111112,830281.0944605825,0.0,565.4174884944116,3,2026,11,13.664687668229691,8928d54257bffff,"[9, 9, 59, 9, 9, 9, 9]",9,-0.6452593778020761,-0.31501127613346125,-0.47205412931655344,2.8813281823503942,1.2868691995948212,0.7662792626043098,1.4576488146837816,0.203319546889736,,,-0.13760130362569706,13.612689,816423.94,13.664688,860000.4,0.15769386,0.04753674,0.012473298,0.6507356,0.021309828,0.08785487,0.26334431134426206,215000.59958590835,487250.75555233797,1367977.4163116717,-43576.0625,-5.066984011627907
2026-03-10,1799000.0,718,47.66977,-122.411865,2920.0,0.7629,,,2.0,2.0,48700901,"4240 W Cramer Street, Seattle, WA 98199",Seattle,WA,98199,SINGLE_FAMILY,FOR_SALE,25,https://www.zillow.com/homedetails/4240-W-Cramer-St-Seattle-WA-98199/48700901_zpid/,1712600.0,8728d5471ffffff,59,,,,,30.0,0.4733823513436473,6.184804928131417,69,0.9272375462179537,0.374473674486883,1.0,6.123233995736766e-17,1,1572093.6578947369,1632725.927439707,0.0,616.0958904109589,3,2026,11,14.40274151293267,8928d5471d3ffff,"[59, 9, 59, 59, 59, 231, 9]",59,0.828176090985172,-0.3351378740672952,-1.5526299041494542,2.8813281823503942,1.2868691995948212,0.7662792626043098,1.4576488146837816,0.203319546889736,,,1.2305160933731514,14.186322,1.4489101e+06,14.402741,1.7989999e+06,0.09893547,0.03960048,0.0112128,0.748613,0.0225215,0.065068215,0.26687795473330495,386682.1707523772,858757.1263005476,2444626.7322657146,-350089.875,-19.46024874930517
2026-03-10,999900.0,795,47.652515,-122.353226,1819.0,919.116,,,5.0,4.0,48771468,"3616 Francis Avenue N, Seattle, WA 98103",Seattle,WA,98103,TOWNHOUSE,FOR_SALE,27,https://www.zillow.com/homedetails/3616-Francis-Ave-N-Seattle-WA-98103/48771468_zpid/,,8728d5429ffffff,9,,,,,30.0,0.2052884881900859,6.184804928131417,69,0.9272375462179537,0.374473674486883,1.0,6.123233995736766e-17,1,1054363.322222222,833120.0730294405,0.0,549.6976360637713,3,2026,11,13.815410552963941,8928d54296bffff,"[9, 231, 9, 9, 9, 9, 9]",9,-0.3314039312698388,-0.3147207440328011,1.6890974203492484,2.8813281823503942,1.2868691995948212,0.7662792626043098,1.4576488146837816,0.203319546889736,,,0.1417910499413595,13.81263,997123.3,13.815411,999900.06,0.21242729,0.05585409,0.0148704285,0.56590915,0.026107617,0.10006635,0.26595614310696086,265191.07039453683,592055.4998493227,1679327.10800598,-2776.6875,-0.2776965196519652
2026-03-10,739000.0,813,47.59175,-122.301636,1160.0,4800.312,,,3.0,2.0,460395706,"2311 S Judkins Street, Seattle, WA 98144",Seattle,WA,98144,TOWNHOUSE,FOR_SALE,28,https://www.zillow.com/homedetails/2311-S-Judkins-St-Seattle-WA-98144/460395706_zpid/,735900.0,8728d5425ffffff,9,,,,,30.0,0.2052884881900859,6.184804928131417,69,0.9272375462179537,0.374473674486883,1.0,6.123233995736766e-17,1,1084527.211111111,863384.7856726585,0.0,637.0689655172414,3,2026,11,13.513053199930338,8928d542577ffff,"[9, 9, 9, 9, 9, 9, 9]",9,-1.0254668147085781,-0.22843271013673377,-0.47205412931655344,2.8813281823503942,1.2868691995948212,0.7662792626043098,1.4576488146837816,0.203319546889736,,,-0.41868344357241355,13.560063,774570.06,13.513053,738999.8,0.22936127,0.059797674,0.014776085,0.50280774,0.043488324,0.12322854,0.26683506033154886,206682.44935819908,459119.8857202265,1306758.342052376,35570.0625,4.813269621109607
2026-03-10,1450000.0,786,47.566807,-122.27287,2830.0,7200.468,,,3.0,2.0,48925820,"4026 48th Avenue S, Seattle, WA 98118",Seattle,WA,98118,SINGLE_FAMILY,FOR_SALE,27,https://www.zillow.com/homedetails/4026-48th-Ave-S-Seattle-WA-98118/48925820_zpid/,1427400.0,8728d550affffff,38,,,,,30.0,0.6142970148843488,6.184804928131417,69,0.9272375462179537,0.374473674486883,1.0,6.123233995736766e-17,1,749772.4137931034,265052.1204088947,0.0,512.3674911660777,3,2026,11,14.187074114396758,8928d550a67ffff,"[38, 38, 231, 231, 43, 38, 38]",38,0.7333875333076507,-0.17507164764881786,-0.47205412931655344,2.8813281823503942,1.2868691995948212,0.7662792626043098,1.4576488146837816,0.203319546889736,,,0.8307372398110408,13.957344,1.1523848e+06,14.187074,1.4499994e+06,0.2511913,0.056420118,0.015696095,0.5214404,0.037968814,0.097642496,0.2646302269873114,304955.8379692161,686024.6302929786,1935776.8951526606,-297615.25,-20.52518965517241
2026-03-10,2750000.0,818,47.644753,-122.41192,7617.0,0.3064,,,10.0,5.0,48727175,"4221 W Armour Street, Seattle, WA 98199",Seattle,WA,98199,SINGLE_FAMILY,FOR_SALE,28,https://www.zillow.com/homedetails/4221-W-Armour-St-Seattle-WA-98199/48727175_zpid/,2619200.0,8728d555bffffff,59,,,,,30.0,0.4733823513436473,6.184804928131417,69,0.9272375462179537,0.374473674486883,1.0,6.123233995736766e-17,1,1365721.8444444444,1063642.49086161,0.0,361.0345280294079,3,2026,11,14.827111469642754,8928d555b63ffff,"[59, 59, 59, 59, 59, 59, 59]",59,5.7750855955553675,-0.3351480231263671,7.091976294513753,2.8813281823503942,1.2868691995948212,0.7662792626043098,1.4576488146837816,0.203319546889736,,,2.0171631987376184,14.751808,2.550521e+06,14.827111,2.7499995e+06,0.17785631,0.08785045,0.023146894,0.41982594,0.091118574,0.17363559,0.25977243598843663,662555.0532096634,1532872.8185705785,4243768.12404292,-199479.0,-7.253781818181817
