sale_date,sale_price,sale_nbr,lat,lng,sqft,sqft_lot,year_built,year_reno,beds,baths,zillow_id,address,city,state,zipcode,home_type,status,days_on_zillow,url,zestimate,h3_07,community,date_x,mortgage_rate,date_y,unemployment_rate,rolling_sales_volume,inventory_proxy,time_trend,day_of_year,sin_day,cos_day,sin_month,cos_month,quarter,price_ma_3m,price_volatility_3m,yoy_price_change
2026-03-10,3270000.0,1,47.690784,-122.27016,9000.0,10733.184,,,4.0,4.0,49034753,"8508 54TH Avenue NE, Seattle, WA 98115",Seattle,WA,98115,SINGLE_FAMILY,FOR_SALE,0,https://www.zillow.com/homedetails/8508-54th-Ave-NE-Seattle-WA-98115/49034753_zpid/,3247700.0,8728d541dffffff,58,,,,,1.0,,0.0,69,0.9272375462179536,0.374473674486883,1.0,6.123233995736766e-17,1,3270000.0,0.0,0.0
2026-03-10,980000.0,546,47.690186,-122.33074,1800.0,4112.064,,,4.0,3.0,49008321,"8250 Corliss Avenue N, Seattle, WA 98103",Seattle,WA,98103,SINGLE_FAMILY,FOR_SALE,17,https://www.zillow.com/homedetails/8250-Corliss-Ave-N-Seattle-WA-98103/49008321_zpid/,961100.0,8728d5409ffffff,9,,,,,30.0,0.2052884881900859,0.0,69,0.9272375462179536,0.374473674486883,1.0,6.123233995736766e-17,1,980000.0,0.0,0.0
2026-03-10,1149000.0,547,47.580006,-122.405945,1559.0,1690.128,,,3.0,3.0,460618477,"2628 58th Avenue SW, Seattle, WA 98116",Seattle,WA,98116,SINGLE_FAMILY,FOR_SALE,17,https://www.zillow.com/homedetails/2628-58th-Ave-SW-Seattle-WA-98116/460618477_zpid/,1140600.0,8728d5542ffffff,9,,,,,30.0,0.2052884881900859,0.0,69,0.9272375462179536,0.374473674486883,1.0,6.123233995736766e-17,1,1149000.0,0.0,0.0
2026-03-10,989000.0,548,47.580006,-122.4059,1407.0,940.896,,,2.0,2.0,460617980,"2626 A 58th Avenue SW, Seattle, WA 98116",Seattle,WA,98116,SINGLE_FAMILY,FOR_SALE,17,https://www.zillow.com/homedetails/2626-A-58th-Ave-SW-Seattle-WA-98116/460617980_zpid/,982400.0,8728d5542ffffff,9,,,,,30.0,0.2052884881900859,0.0,69,0.9272375462179536,0.374473674486883,1.0,6.123233995736766e-17,1,989000.0,0.0,0.0
2026-03-10,650000.0,550,47.57088,-122.314545,1340.0,1894.86,,,3.0,3.0,125890925,"1465 S Columbian Way, Seattle, WA 98144",Seattle,WA,98144,TOWNHOUSE,FOR_SALE,17,https://www.zillow.com/homedetails/1465-S-Columbian-Way-Seattle-WA-98144/125890925_zpid/,644700.0,8728d550bffffff,38,,,,,30.0,0.6142970148843488,0.0,69,0.9272375462179536,0.374473674486883,1.0,6.123233995736766e-17,1,650000.0,0.0,0.0
2026-03-10,1525000.0,555,47.6741,-122.271355,2520.0,5301.252,,,4.0,3.0,48848438,"6206 52nd Avenue NE, Seattle, WA 98115",Seattle,WA,98115,SINGLE_FAMILY,FOR_SALE,18,https://www.zillow.com/homedetails/6206-52nd-Ave-NE-Seattle-WA-98115/48848438_zpid/,1490600.0,8728d540effffff,59,,,,,30.0,0.4733823513436473,0.0,69,0.9272375462179536,0.374473674486883,1.0,6.123233995736766e-17,1,1525000.0,0.0,0.0
2026-03-10,749950.0,557,47.72778,-122.28785,1850.0,8145.72,,,2.0,2.0,48897628,"13544 37th Ave NE, Seattle, WA 98125",Seattle,WA,98125,SINGLE_FAMILY,FOR_SALE,18,https://www.zillow.com/homedetails/13544-37th-Ave-NE-Seattle-WA-98125/48897628_zpid/,724800.0,8728d54e4ffffff,9,,,,,30.0,0.2052884881900859,0.0,69,0.9272375462179536,0.374473674486883,1.0,6.123233995736766e-17,1,749950.0,0.0,0.0
2026-03-10,565000.0,558,47.73199,-122.34378,840.0,3288.78,,,2.0,1.0,48997112,"14052 Midvale Avenue N, Seattle, WA 98133",Seattle,WA,98133,SINGLE_FAMILY,FOR_SALE,18,https://www.zillow.com/homedetails/14052-Midvale-Ave-N-Seattle-WA-98133/48997112_zpid/,550500.0,8728d5452ffffff,59,,,,,30.0,0.4733823513436473,0.0,69,0.9272375462179536,0.374473674486883,1.0,6.123233995736766e-17,1,565000.0,0.0,0.0
2026-03-10,789900.0,554,47.711483,-122.35572,1910.0,6703.884,,,4.0,3.0,460615535,"11229 Greenwood Avenue N #B, Seattle, WA 98133",Seattle,WA,98133,TOWNHOUSE,FOR_SALE,18,https://www.zillow.com/homedetails/11229-Greenwood-Ave-N-B-Seattle-WA-98133/460615535_zpid/,789500.0,8728d5456ffffff,9,,,,,30.0,0.2052884881900859,0.0,69,0.9272375462179536,0.374473674486883,1.0,6.123233995736766e-17,1,730026.8461538461,274422.19801060983,0.0
2026-03-10,1270000.0,539,47.691605,-122.34693,1970.0,1899.216,,,3.0,3.0,440396344,"8606 Linden Avenue N, Seattle, WA 98103",Seattle,WA,98103,TOWNHOUSE,FOR_SALE,17,https://www.zillow.com/homedetails/8606-Linden-Ave-N-Seattle-WA-98103/440396344_zpid/,,8728d5409ffffff,9,,,,,30.0,0.2052884881900859,0.0,69,0.9272375462179536,0.374473674486883,1.0,6.123233995736766e-17,1,769956.6,289682.532419741,0.0
2026-03-10,499000.0,538,47.5419,-122.32286,1061.0,413.82,,,2.0,2.0,460742581,"6722 Corson Avenue S #B, Seattle, WA 98108",Seattle,WA,98108,TOWNHOUSE,FOR_SALE,17,https://www.zillow.com/homedetails/6722-Corson-Ave-S-B-Seattle-WA-98108/460742581_zpid/,498000.0,8728d550dffffff,38,,,,,30.0,0.6142970148843488,0.0,69,0.9272375462179536,0.374473674486883,1.0,6.123233995736766e-17,1,499000.0,0.0,0.0
2026-03-10,719000.0,518,47.67637,-122.381256,1081.0,1.0,,,2.0,2.0,460643672,"6513 19th Avenue NW, Seattle, WA 98117",Seattle,WA,98117,TOWNHOUSE,FOR_SALE,15,https://www.zillow.com/homedetails/6513-19th-Ave-NW-Seattle-WA-98117/460643672_zpid/,717600.0,8728d5470ffffff,9,,,,,30.0,0.2052884881900859,0.0,69,0.9272375462179536,0.374473674486883,1.0,6.123233995736766e-17,1,766771.8125,280149.70562045777,0.0
2026-03-10,775000.0,519,47.55181,-122.28001,1079.0,1001.88,,,3.0,2.0,460641241,"4217 S Findlay Street, Seattle, WA 98118",Seattle,WA,98118,SINGLE_FAMILY,FOR_SALE,15,https://www.zillow.com/homedetails/4217-S-Findlay-St-Seattle-WA-98118/460641241_zpid/,771900.0,8728d550affffff,38,,,,,30.0,0.6142970148843488,0.0,69,0.9272375462179536,0.374473674486883,1.0,6.123233995736766e-17,1,775000.0,0.0,0.0
2026-03-10,789000.0,523,47.69334,-122.33992,1560.0,5127.012,,,2.0,1.0,48698967,"8832 Interlake Ave N, Seattle, WA 98103",Seattle,WA,98103,SINGLE_FAMILY,FOR_SALE,16,https://www.zillow.com/homedetails/8832-Interlake-Ave-N-Seattle-WA-98103/48698967_zpid/,,8728d5409ffffff,9,,,,,30.0,0.2052884881900859,0.0,69,0.9272375462179536,0.374473674486883,1.0,6.123233995736766e-17,1,825567.45,316222.5043184283,0.0
2026-03-10,1089900.0,525,47.517036,-122.34169,2607.0,4338.576,,,5.0,3.0,453329253,"544 SW 97th Street #5, Seattle, WA 98106",Seattle,WA,98106,SINGLE_FAMILY,FOR_SALE,17,https://www.zillow.com/homedetails/544-SW-97th-St-5-Seattle-WA-98106/453329253_zpid/,1085800.0,8728d5576ffffff,38,,,,,30.0,0.6142970148843488,0.0,69,0.9272375462179536,0.374473674486883,1.0,6.123233995736766e-17,1,1089900.0,0.0,0.0
2026-03-10,699000.0,529,47.601894,-122.29949,1340.0,1324.224,,,2.0,3.0,2064437832,"2508 E Yesler Way #A, Seattle, WA 98122",Seattle,WA,98122,TOWNHOUSE,FOR_SALE,17,https://www.zillow.com/homedetails/2508-E-Yesler-Way-A-Seattle-WA-98122/2064437832_zpid/,686800.0,8728d5421ffffff,9,,,,,30.0,0.2052884881900859,0.0,69,0.9272375462179536,0.374473674486883,1.0,6.123233995736766e-17,1,818606.7727272727,302024.5968138438,0.0
2026-03-10,499950.0,530,47.503567,-122.34808,1220.0,7670.916,,,4.0,3.0,48811242,"11040 11th Avenue SW, Seattle, WA 98146",Seattle,WA,98146,SINGLE_FAMILY,FOR_SALE,17,https://www.zillow.com/homedetails/11040-11th-Ave-SW-Seattle-WA-98146/48811242_zpid/,494400.0,8728d5529ffffff,38,,,,,30.0,0.6142970148843488,0.0,69,0.9272375462179536,0.374473674486883,1.0,6.123233995736766e-17,1,499950.0,0.0,0.0
2026-03-10,2855000.0,531,47.651596,-122.41288,4300.0,4024.944,,,4.0,4.0,48942913,"3505 43rd Avenue W, Seattle, WA 98199",Seattle,WA,98199,SINGLE_FAMILY,FOR_SALE,17,https://www.zillow.com/homedetails/3505-43rd-Ave-W-Seattle-WA-98199/48942913_zpid/,2729100.0,8728d5475ffffff,9,,,,,30.0,0.2052884881900859,0.0,69,0.9272375462179536,0.374473674486883,1.0,6.123233995736766e-17,1,907145.6086956522,517080.6816268652,0.0
2026-03-10,695000.0,532,47.511963,-122.38819,1081.0,1393.92,,,2.0,2.0,459629624,"4319 SW 102nd Street, Seattle, WA 98146",Seattle,WA,98146,TOWNHOUSE,FOR_SALE,17,https://www.zillow.com/homedetails/4319-SW-102nd-St-Seattle-WA-98146/459629624_zpid/,692400.0,8728d5574ffffff,9,,,,,30.0,0.2052884881900859,0.0,69,0.9272375462179536,0.374473674486883,1.0,6.123233995736766e-17,1,898306.2083333334,507565.54548567627,0.0
2026-03-10,1689000.0,535,47.637077,-122.32921,2051.0,1.0,,,3.0,4.0,460621603,"2010 Fairview Avenue E #C, Seattle, WA 98102",Seattle,WA,98102,TOWNHOUSE,FOR_SALE,17,https://www.zillow.com/homedetails/2010-Fairview-Ave-E-C-Seattle-WA-98102/460621603_zpid/,1671400.0,8728d5428ffffff,9,,,,,30.0,0.2052884881900859,0.0,69,0.9272375462179536,0.374473674486883,1.0,6.123233995736766e-17,1,911790.7037037036,507295.2525126093,0.0
2026-03-10,895000.0,536,47.637157,-122.32927,1307.0,1.0,,,2.0,3.0,460621605,"2016 Fairview Avenue E #C, Seattle, WA 98102",Seattle,WA,98102,TOWNHOUSE,FOR_SALE,17,https://www.zillow.com/homedetails/2016-Fairview-Ave-E-C-Seattle-WA-98102/460621605_zpid/,892000.0,8728d5428ffffff,9,,,,,30.0,0.2052884881900859,0.0,69,0.9272375462179536,0.374473674486883,1.0,6.123233995736766e-17,1,911191.0357142856,497822.3750849503,0.0
2026-03-10,1025000.0,527,47.569588,-122.293915,2590.0,5039.892,,,5.0,3.0,48905956,"3001 S Charlestown Street, Seattle, WA 98144",Seattle,WA,98144,SINGLE_FAMILY,FOR_SALE,17,https://www.zillow.com/homedetails/3001-S-Charlestown-St-Seattle-WA-98144/48905956_zpid/,1001900.0,8728d550bffffff,38,,,,,30.0,0.6142970148843488,0.0,69,0.9272375462179536,0.374473674486883,1.0,6.123233995736766e-17,1,1025000.0,0.0,0.0
2026-03-10,749999.0,564,47.607555,-122.29612,1440.0,910.404,,,2.0,2.0,333790213,"551 28th Avenue, Seattle, WA 98122",Seattle,WA,98122,TOWNHOUSE,FOR_SALE,18,https://www.zillow.com/homedetails/551-28th-Ave-Seattle-WA-98122/333790213_zpid/,740800.0,8728d5421ffffff,9,,,,,30.0,0.2052884881900859,0.0,69,0.9272375462179536,0.374473674486883,1.0,6.123233995736766e-17,1,880398.3225806452,487940.2000250569,0.0
2026-03-10,669000.0,592,47.549866,-122.28226,1122.0,1023.66,,,3.0,3.0,460596496,"3918 S Juneau Street, Seattle, WA 98118",Seattle,WA,98118,SINGLE_FAMILY,FOR_SALE,18,https://www.zillow.com/homedetails/3918-S-Juneau-St-Seattle-WA-98118/460596496_zpid/,667000.0,8728d550affffff,38,,,,,30.0,0.6142970148843488,0.0,69,0.9272375462179536,0.374473674486883,1.0,6.123233995736766e-17,1,669000.0,0.0,0.0
2026-03-10,1395000.0,593,47.627384,-122.30274,2618.0,3885.552,,,5.0,4.0,351638818,"919 23rd Avenue E #A, Seattle, WA 98112",Seattle,WA,98112,TOWNHOUSE,FOR_SALE,18,https://www.zillow.com/homedetails/919-23rd-Ave-E-A-Seattle-WA-98112/351638818_zpid/,1362400.0,8728d542effffff,9,,,,,30.0,0.2052884881900859,0.0,69,0.9272375462179536,0.374473674486883,1.0,6.123233995736766e-17,1,889039.6470588235,474478.0470400739,0.0
2026-03-10,2750000.0,594,47.62856,-122.34845,3226.0,7980.192,,,3.0,2.0,48963678,"1014 4th Avenue N, Seattle, WA 98109",Seattle,WA,98109,SINGLE_FAMILY,FOR_SALE,18,https://www.zillow.com/homedetails/1014-4th-Ave-N-Seattle-WA-98109/48963678_zpid/,,8728d542dffffff,59,,,,,30.0,0.4733823513436473,0.0,69,0.9272375462179536,0.374473674486883,1.0,6.123233995736766e-17,1,2750000.0,0.0,0.0
2026-03-10,650000.0,595,47.694088,-122.36272,1104.0,4778.532,,,2.0,3.0,2053893016,"341 NW 90th Street #B, Seattle, WA 98117",Seattle,WA,98117,TOWNHOUSE,FOR_SALE,18,https://www.zillow.com/homedetails/341-NW-90th-St-B-Seattle-WA-98117/2053893016_zpid/,643800.0,8728d5454ffffff,9,,,,,30.0,0.2052884881900859,0.0,69,0.9272375462179536,0.374473674486883,1.0,6.123233995736766e-17,1,882209.9428571429,469191.36155736656,0.0
2026-03-10,2300000.0,596,47.641636,-122.35496,4044.0,5619.24,,,4.0,3.0,48820675,"110 Smith Street, Seattle, WA 98109",Seattle,WA,98109,SINGLE_FAMILY,FOR_SALE,19,https://www.zillow.com/homedetails/110-Smith-St-Seattle-WA-98109/48820675_zpid/,2209900.0,8728d5429ffffff,9,,,,,30.0,0.2052884881900859,0.0,69,0.9272375462179536,0.374473674486883,1.0,6.123233995736766e-17,1,921593.0,519314.6551572426,0.0
2026-03-10,1095000.0,597,47.707592,-122.33784,2550.0,7200.468,,,5.0,2.0,48935916,"10723 Densmore Avenue N, Seattle, WA 98133",Seattle,WA,98133,SINGLE_FAMILY,FOR_SALE,19,https://www.zillow.com/homedetails/10723-Densmore-Ave-N-Seattle-WA-98133/48935916_zpid/,1065800.0,8728d5456ffffff,9,,,,,30.0,0.2052884881900859,0.0,69,0.9272375462179536,0.374473674486883,1.0,6.123233995736766e-17,1,926279.6756756756,512844.11678669497,0.0
2026-03-10,699950.0,598,47.71446,-122.310776,1480.0,8102.16,,,2.0,1.0,49007646,"11716 16th Avenue NE, Seattle, WA 98125",Seattle,WA,98125,SINGLE_FAMILY,FOR_SALE,19,https://www.zillow.com/homedetails/11716-16th-Ave-NE-Seattle-WA-98125/49007646_zpid/,683200.0,8728d540bffffff,9,,,,,30.0,0.2052884881900859,0.0,69,0.9272375462179536,0.374473674486883,1.0,6.123233995736766e-17,1,920323.6315789474,507196.9675761096,0.0
2026-03-10,1565950.0,599,47.622486,-122.300255,2540.0,6398.964,,,4.0,3.0,48941734,"337 25th Avenue E, Seattle, WA 98112",Seattle,WA,98112,SINGLE_FAMILY,FOR_SALE,19,https://www.zillow.com/homedetails/337-25th-Ave-E-Seattle-WA-98112/48941734_zpid/,,8728d542effffff,9,,,,,30.0,0.2052884881900859,0.0,69,0.9272375462179536,0.374473674486883,1.0,6.123233995736766e-17,1,936878.153846154,511045.10143145,0.0
2026-03-10,2499995.0,600,47.650143,-122.333534,3950.0,4800.312,,,6.0,6.0,48668193,"3532 Meridian Avenue N, Seattle, WA 98103",Seattle,WA,98103,SINGLE_FAMILY,FOR_SALE,19,https://www.zillow.com/homedetails/3532-Meridian-Ave-N-Seattle-WA-98103/48668193_zpid/,2442200.0,8728d542bffffff,9,,,,,30.0,0.2052884881900859,0.0,69,0.9272375462179536,0.374473674486883,1.0,6.123233995736766e-17,1,975956.075,561741.8093465792,0.0
2026-03-10,1100000.0,601,47.560913,-122.27354,1820.0,7200.468,,,3.0,2.0,48925778,"4625 48th Avenue S, Seattle, WA 98118",Seattle,WA,98118,SINGLE_FAMILY,FOR_SALE,19,https://www.zillow.com/homedetails/4625-48th-Ave-S-Seattle-WA-98118/48925778_zpid/,,8728d550affffff,38,,,,,30.0,0.6142970148843488,0.0,69,0.9272375462179536,0.374473674486883,1.0,6.123233995736766e-17,1,1100000.0,0.0,0.0
2026-03-10,629950.0,604,47.688873,-122.37165,1009.0,692.604,,,2.0,3.0,460590667,"8303 C 12th Avenue NW, Seattle, WA 98117",Seattle,WA,98117,TOWNHOUSE,FOR_SALE,19,https://www.zillow.com/homedetails/8303-C-12th-Ave-NW-Seattle-WA-98117/460590667_zpid/,629400.0,8728d5472ffffff,9,,,,,30.0,0.2052884881900859,0.0,69,0.9272375462179536,0.374473674486883,1.0,6.123233995736766e-17,1,1015864.953488372,658764.8075468121,0.0
2026-03-10,619888.0,605,47.560417,-122.3659,940.0,5479.848,,,3.0,1.0,48755599,"4721 26th Avenue SW, Seattle, WA 98106",Seattle,WA,98106,SINGLE_FAMILY,FOR_SALE,19,https://www.zillow.com/homedetails/4721-26th-Ave-SW-Seattle-WA-98106/48755599_zpid/,609000.0,8728d5554ffffff,9,,,,,30.0,0.2052884881900859,0.0,69,0.9272375462179536,0.374473674486883,1.0,6.123233995736766e-17,1,1006865.4772727272,653790.7205928199,0.0
2026-03-10,1415000.0,606,47.653645,-122.330635,2040.0,4560.732,,,4.0,2.0,48919688,"3815 Sunnyside Avenue N, Seattle, WA 98103",Seattle,WA,98103,SINGLE_FAMILY,FOR_SALE,19,https://www.zillow.com/homedetails/3815-Sunnyside-Ave-N-Seattle-WA-98103/48919688_zpid/,1381200.0,8728d542bffffff,9,,,,,30.0,0.2052884881900859,0.0,69,0.9272375462179536,0.374473674486883,1.0,6.123233995736766e-17,1,1015935.1333333332,649175.8992828244,0.0
2026-03-10,849950.0,607,47.67123,-122.39175,1460.0,1001.88,,,3.0,3.0,460590112,"2634 NW 58th Street #B, Seattle, WA 98107",Seattle,WA,98107,TOWNHOUSE,FOR_SALE,19,https://www.zillow.com/homedetails/2634-NW-58th-St-B-Seattle-WA-98107/460590112_zpid/,838600.0,8728d5470ffffff,9,,,,,30.0,0.2052884881900859,0.0,69,0.9272375462179536,0.374473674486883,1.0,6.123233995736766e-17,1,1012326.7608695652,642388.6578756642,0.0
2026-03-10,1700000.0,591,47.610935,-122.313614,2630.0,1790.316,,,4.0,3.0,353108736,"916 B 14th Avenue, Seattle, WA 98122",Seattle,WA,98122,SINGLE_FAMILY,FOR_SALE,18,https://www.zillow.com/homedetails/916-B-14th-Ave-Seattle-WA-98122/353108736_zpid/,,8728d5421ffffff,9,,,,,30.0,0.2052884881900859,0.0,69,0.9272375462179536,0.374473674486883,1.0,6.123233995736766e-17,1,1024890.62,647692.5796172601,0.0
2026-03-10,689950.0,590,47.68219,-122.31609,1002.0,2378.376,,,2.0,2.0,460597014,"7320 11th Avenue NE #B, Seattle, WA 98115",Seattle,WA,98115,TOWNHOUSE,FOR_SALE,18,https://www.zillow.com/homedetails/7320-11th-Ave-NE-B-Seattle-WA-98115/460597014_zpid/,685600.0,8728d5408ffffff,9,,,,,30.0,0.2052884881900859,0.0,69,0.9272375462179536,0.374473674486883,1.0,6.123233995736766e-17,1,1018323.1568627452,642896.0058302236,0.0
2026-03-10,749000.0,612,47.573006,-122.38209,1240.0,2099.592,,,2.0,1.0,48791385,"3915 SW Hinds Street, Seattle, WA 98116",Seattle,WA,98116,SINGLE_FAMILY,FOR_SALE,19,https://www.zillow.com/homedetails/3915-SW-Hinds-St-Seattle-WA-98116/48791385_zpid/,734000.0,8728d5555ffffff,9,,,,,30.0,0.2052884881900859,0.0,69,0.9272375462179536,0.374473674486883,1.0,6.123233995736766e-17,1,1013143.8653846154,637656.6132164764,0.0
2026-03-10,650000.0,570,47.541847,-122.32248,1455.0,1045.44,,,2.0,2.0,2061177563,"6719 Carleton Avenue S #B, Seattle, WA 98108",Seattle,WA,98108,TOWNHOUSE,FOR_SALE,18,https://www.zillow.com/homedetails/6719-Carleton-Ave-S-B-Seattle-WA-98108/2061177563_zpid/,642300.0,8728d550dffffff,38,,,,,30.0,0.6142970148843488,0.0,69,0.9272375462179536,0.374473674486883,1.0,6.123233995736766e-17,1,753985.0,234386.71991438043,0.0
2026-03-10,675000.0,571,47.51211,-122.37181,960.0,8258.976,,,3.0,1.0,49038229,"3012 SW 102nd Street, Seattle, WA 98146",Seattle,WA,98146,SINGLE_FAMILY,FOR_SALE,18,https://www.zillow.com/homedetails/3012-SW-102nd-St-Seattle-WA-98146/49038229_zpid/,667500.0,8728d5574ffffff,9,,,,,30.0,0.2052884881900859,0.0,69,0.9272375462179536,0.374473674486883,1.0,6.123233995736766e-17,1,1012651.4464285716,621051.8796680039,0.0
2026-03-10,1899500.0,573,47.680107,-122.34568,3742.0,8446.284,,,4.0,3.0,48868803,"937 N 71st Street, Seattle, WA 98103",Seattle,WA,98103,SINGLE_FAMILY,FOR_SALE,18,https://www.zillow.com/homedetails/937-N-71st-St-Seattle-WA-98103/48868803_zpid/,1844500.0,8728d540dffffff,9,,,,,30.0,0.2052884881900859,0.0,69,0.9272375462179536,0.374473674486883,1.0,6.123233995736766e-17,1,1024258.2931034482,621798.9274209065,0.0
2026-03-10,4745000.0,574,47.658276,-122.41255,6656.0,0.8102999999999999,,,6.0,5.0,72496274,"4200 Washington Avenue W, Seattle, WA 98199",Seattle,WA,98199,SINGLE_FAMILY,FOR_SALE,18,https://www.zillow.com/homedetails/4200-Washington-Ave-W-Seattle-WA-98199/72496274_zpid/,4466000.0,8728d5475ffffff,9,,,,,30.0,0.2052884881900859,0.0,69,0.9272375462179536,0.374473674486883,1.0,6.123233995736766e-17,1,1087321.7118644067,783970.9794852993,0.0
2026-03-10,1220000.0,575,47.547073,-122.31941,2600.0,3998.808,,,3.0,3.0,48822187,"6217 Flora Avenue S, Seattle, WA 98108",Seattle,WA,98108,SINGLE_FAMILY,FOR_SALE,18,https://www.zillow.com/homedetails/6217-Flora-Ave-S-Seattle-WA-98108/48822187_zpid/,1195400.0,8728d5509ffffff,38,,,,,30.0,0.6142970148843488,0.0,69,0.9272375462179536,0.374473674486883,1.0,6.123233995736766e-17,1,796350.0,263032.59588879853,0.0
2026-03-10,750000.0,576,47.613113,-122.30655,1464.0,4826.448,,,2.0,3.0,59699612,"1920 E Union #104, Seattle, WA 98122",Seattle,WA,98122,TOWNHOUSE,FOR_SALE,18,https://www.zillow.com/homedetails/1920-E-Union-St-APT-104-Seattle-WA-98122/59699612_zpid/,735500.0,8728d5421ffffff,9,,,,,30.0,0.2052884881900859,0.0,69,0.9272375462179536,0.374473674486883,1.0,6.123233995736766e-17,1,1081699.683333333,778517.695303775,0.0
2026-03-10,825000.0,577,47.674934,-122.392624,1402.0,1197.9,,,3.0,2.0,124003122,"2661 NW 64th Street, Seattle, WA 98107",Seattle,WA,98107,TOWNHOUSE,FOR_SALE,18,https://www.zillow.com/homedetails/2661-NW-64th-St-Seattle-WA-98107/124003122_zpid/,813000.0,8728d5470ffffff,9,,,,,30.0,0.2052884881900859,0.0,69,0.9272375462179536,0.374473674486883,1.0,6.123233995736766e-17,1,1077491.491803279,772702.1073065096,0.0
2026-03-10,710000.0,579,47.673977,-122.39167,1207.0,514.008,,,2.0,2.0,333460445,"2636 NW 62nd Street, Seattle, WA 98107",Seattle,WA,98107,TOWNHOUSE,FOR_SALE,18,https://www.zillow.com/homedetails/2636-NW-62nd-St-Seattle-WA-98107/333460445_zpid/,702300.0,8728d5470ffffff,9,,,,,30.0,0.2052884881900859,0.0,69,0.9272375462179536,0.374473674486883,1.0,6.123233995736766e-17,1,1064063.1904761903,763869.1492827572,0.0
2026-03-10,649950.0,581,47.691734,-122.38033,1950.0,3998.808,,,2.0,2.0,48859499,"8535 18th Avenue NW, Seattle, WA 98117",Seattle,WA,98117,SINGLE_FAMILY,FOR_SALE,18,https://www.zillow.com/homedetails/8535-18th-Ave-NW-Seattle-WA-98117/48859499_zpid/,640900.0,8728d5473ffffff,9,,,,,30.0,0.2052884881900859,0.0,69,0.9272375462179536,0.374473674486883,1.0,6.123233995736766e-17,1,1049398.9384615384,756480.9360948661,0.0
2026-03-10,1143950.0,582,47.560963,-122.36126,2007.0,4456.188,,,4.0,4.0,251398225,"4570 22nd Avenue SW, Seattle, WA 98106",Seattle,WA,98106,SINGLE_FAMILY,FOR_SALE,18,https://www.zillow.com/homedetails/4570-22nd-Ave-SW-Seattle-WA-98106/251398225_zpid/,1139300.0,8728d5554ffffff,9,,,,,30.0,0.2052884881900859,0.0,69,0.9272375462179536,0.374473674486883,1.0,6.123233995736766e-17,1,1050831.5303030305,750729.5167661555,0.0
2026-03-10,670000.0,584,47.58536,-122.30778,1160.0,5998.212,,,2.0,2.0,48737396,"1901 S Plum Street, Seattle, WA 98144",Seattle,WA,98144,SINGLE_FAMILY,FOR_SALE,18,https://www.zillow.com/homedetails/1901-S-Plum-St-Seattle-WA-98144/48737396_zpid/,652800.0,8728d5425ffffff,9,,,,,30.0,0.2052884881900859,0.0,69,0.9272375462179536,0.374473674486883,1.0,6.123233995736766e-17,1,1038599.7205882352,742845.079461448,0.0
2026-03-10,1200000.0,585,47.684982,-122.34363,2360.0,4081.572,,,4.0,2.0,48966964,"1114 N 77th Street, Seattle, WA 98103",Seattle,WA,98103,SINGLE_FAMILY,FOR_SALE,18,https://www.zillow.com/homedetails/1114-N-77th-St-Seattle-WA-98103/48966964_zpid/,1166400.0,8728d5409ffffff,9,,,,,30.0,0.2052884881900859,0.0,69,0.9272375462179536,0.374473674486883,1.0,6.123233995736766e-17,1,1040938.8550724636,737618.7135023295,0.0
2026-03-10,874900.0,586,47.55554,-122.292786,1660.0,6777.936,,,4.0,3.0,48822407,"3032 S Dawson Street, Seattle, WA 98108",Seattle,WA,98108,SINGLE_FAMILY,FOR_SALE,18,https://www.zillow.com/homedetails/3032-S-Dawson-St-Seattle-WA-98108/48822407_zpid/,862700.0,8728d5508ffffff,38,,,,,30.0,0.6142970148843488,0.0,69,0.9272375462179536,0.374473674486883,1.0,6.123233995736766e-17,1,802895.8333333334,251814.75736444668,0.0
2026-03-10,724900.0,587,47.54947,-122.387566,1396.0,1724.976,,,3.0,4.0,88878110,"5927 California Avenue SW, Seattle, WA 98136",Seattle,WA,98136,TOWNHOUSE,FOR_SALE,18,https://www.zillow.com/homedetails/5927-California-Ave-SW-Seattle-WA-98136/88878110_zpid/,720500.0,8728d5573ffffff,14,,,,,13.0,0.9451888581895366,0.0,69,0.9272375462179536,0.374473674486883,1.0,6.123233995736766e-17,1,724900.0,0.0,0.0
2026-03-10,849950.0,589,47.5203,-122.34761,2380.0,7649.136,,,4.0,3.0,49073476,"9220 10th Avenue SW, Seattle, WA 98106",Seattle,WA,98106,SINGLE_FAMILY,FOR_SALE,18,https://www.zillow.com/homedetails/9220-10th-Ave-SW-Seattle-WA-98106/49073476_zpid/,835200.0,8728d5576ffffff,38,,,,,30.0,0.6142970148843488,0.0,69,0.9272375462179536,0.374473674486883,1.0,6.123233995736766e-17,1,806515.3846153846,241447.22886569452,0.0
2026-03-10,850000.0,588,47.65416,-122.37336,1346.0,879.912,,,2.0,2.0,48825131,"1230 W Emerson Street, Seattle, WA 98119",Seattle,WA,98119,TOWNHOUSE,FOR_SALE,18,https://www.zillow.com/homedetails/1230-W-Emerson-St-Seattle-WA-98119/48825131_zpid/,836100.0,8728d5476ffffff,9,,,,,30.0,0.2052884881900859,0.0,69,0.9272375462179536,0.374473674486883,1.0,6.123233995736766e-17,1,1029785.647887324,730814.4781225377,0.0
2026-03-10,949950.0,487,47.69659,-122.32439,1700.0,6080.976,,,3.0,2.0,48772376,"403 NE 94th Street, Seattle, WA 98115",Seattle,WA,98115,SINGLE_FAMILY,FOR_SALE,13,https://www.zillow.com/homedetails/403-NE-94th-St-Seattle-WA-98115/48772376_zpid/,931400.0,8728d5409ffffff,9,,,,,30.0,0.2052884881900859,0.0,69,0.9272375462179536,0.374473674486883,1.0,6.123233995736766e-17,1,1028676.8194444444,725710.6406145387,0.0
2026-03-10,980600.0,443,47.71631,-122.3028,2788.0,0.2521,,,4.0,4.0,452068901,"12019 B 25th Avenue NE, Seattle, WA 98125",Seattle,WA,98125,SINGLE_FAMILY,FOR_SALE,12,https://www.zillow.com/homedetails/12019B-25th-Ave-NE-Seattle-WA-98125/452068901_zpid/,972100.0,8728d540bffffff,9,,,,,30.0,0.2052884881900859,0.0,69,0.9272375462179536,0.374473674486883,1.0,6.123233995736766e-17,1,1023584.2027027028,716737.8316802442,0.0
2026-03-10,939000.0,444,47.603184,-122.30529,1780.0,1006.236,,,3.0,3.0,124003203,"171 21st Avenue, Seattle, WA 98122",Seattle,WA,98122,TOWNHOUSE,FOR_SALE,12,https://www.zillow.com/homedetails/171-21st-Ave-Seattle-WA-98122/124003203_zpid/,924400.0,8728d5421ffffff,9,,,,,30.0,0.2052884881900859,0.0,69,0.9272375462179536,0.374473674486883,1.0,6.123233995736766e-17,1,1022456.4133333332,711945.5339741652,0.0
2026-03-10,850000.0,445,47.620785,-122.3007,1400.0,1398.276,,,3.0,2.0,2073599651,"218 24th Avenue E #A, Seattle, WA 98112",Seattle,WA,98112,TOWNHOUSE,FOR_SALE,12,https://www.zillow.com/homedetails/218-24th-Ave-E-A-Seattle-WA-98112/2073599651_zpid/,842300.0,8728d542effffff,9,,,,,30.0,0.2052884881900859,0.0,69,0.9272375462179536,0.374473674486883,1.0,6.123233995736766e-17,1,1020187.25,707459.9323430856,0.0
2026-03-10,1349000.0,447,47.68137,-122.29226,1880.0,4120.776,,,3.0,2.0,48857515,"7302 33rd Avenue NE, Seattle, WA 98115",Seattle,WA,98115,SINGLE_FAMILY,FOR_SALE,12,https://www.zillow.com/homedetails/7302-33rd-Ave-NE-Seattle-WA-98115/48857515_zpid/,,8728d540effffff,59,,,,,30.0,0.4733823513436473,0.0,69,0.9272375462179536,0.374473674486883,1.0,6.123233995736766e-17,1,955600.0,735946.1332944899,0.0
2026-03-10,793000.0,453,47.67075,-122.26957,1510.0,1698.84,,,3.0,4.0,70583318,"5807 B 55th Avenue NE, Seattle, WA 98105",Seattle,WA,98105,TOWNHOUSE,FOR_SALE,12,https://www.zillow.com/homedetails/5807-B-55th-Ave-NE-Seattle-WA-98105/70583318_zpid/,778400.0,8728d5403ffffff,59,,,,,30.0,0.4733823513436473,0.0,69,0.9272375462179536,0.374473674486883,1.0,6.123233995736766e-17,1,940818.1818181818,699898.966734745,0.0
2026-03-10,779950.0,454,47.64819,-122.357544,1218.0,627.264,,,2.0,4.0,460704577,"3110 Queen Anne Avenue N, Seattle, WA 98109",Seattle,WA,98109,TOWNHOUSE,FOR_SALE,12,https://www.zillow.com/homedetails/3110-Queen-Anne-Ave-N-Seattle-WA-98109/460704577_zpid/,,8728d5429ffffff,9,,,,,30.0,0.2052884881900859,0.0,69,0.9272375462179536,0.374473674486883,1.0,6.123233995736766e-17,1,978953.3855421686,692112.5395035439,0.0
2026-03-10,1275000.0,455,47.68652,-122.39477,2350.0,4748.04,,,3.0,3.0,49042293,"7755 29th Avenue NW, Seattle, WA 98117",Seattle,WA,98117,SINGLE_FAMILY,FOR_SALE,12,https://www.zillow.com/homedetails/7755-29th-Ave-NW-Seattle-WA-98117/49042293_zpid/,1238900.0,8728d5473ffffff,9,,,,,30.0,0.2052884881900859,0.0,69,0.9272375462179536,0.374473674486883,1.0,6.123233995736766e-17,1,982477.75,688688.4789263229,0.0
2026-03-10,1050000.0,456,47.624733,-122.31303,1722.0,1184.832,,,3.0,2.0,333460390,"609 15th Avenue E, Seattle, WA 98112",Seattle,WA,98112,TOWNHOUSE,FOR_SALE,12,https://www.zillow.com/homedetails/609-15th-Ave-E-Seattle-WA-98112/333460390_zpid/,1034800.0,8728d542effffff,9,,,,,30.0,0.2052884881900859,0.0,69,0.9272375462179536,0.374473674486883,1.0,6.123233995736766e-17,1,983272.1294117648,684616.0442822223,0.0
2026-03-10,1472500.0,457,47.70052,-122.29837,3100.0,9151.956,,,4.0,3.0,48744160,"2708 NE 98th Street, Seattle, WA 98115",Seattle,WA,98115,SINGLE_FAMILY,FOR_SALE,12,https://www.zillow.com/homedetails/2708-NE-98th-St-Seattle-WA-98115/48744160_zpid/,,8728d540affffff,59,,,,,30.0,0.4733823513436473,0.0,69,0.9272375462179536,0.374473674486883,1.0,6.123233995736766e-17,1,985125.0,684750.3899895998,0.0
2026-03-10,850000.0,459,47.59613,-122.29791,1820.0,1502.82,,,3.0,4.0,2068217780,"717 Martin Luther King Jr. Way S #B, Seattle, WA 98144",Seattle,WA,98144,TOWNHOUSE,FOR_SALE,12,https://www.zillow.com/homedetails/717-Martin-Luther-King-Jr-Way-S-UNIT-B-Seattle-WA-98144/2068217780_zpid/,834700.0,8728d5425ffffff,9,,,,,30.0,0.2052884881900859,0.0,69,0.9272375462179536,0.374473674486883,1.0,6.123233995736766e-17,1,973599.2068965518,680987.6329582275,0.0
2026-03-10,799000.0,450,47.62107,-122.29828,1290.0,1446.192,,,2.0,2.0,247768303,"230 26th Avenue E, Seattle, WA 98112",Seattle,WA,98112,TOWNHOUSE,FOR_SALE,12,https://www.zillow.com/homedetails/230-26th-Ave-E-Seattle-WA-98112/247768303_zpid/,790200.0,8728d542effffff,9,,,,,30.0,0.2052884881900859,0.0,69,0.9272375462179536,0.374473674486883,1.0,6.123233995736766e-17,1,971615.125,677318.376221347,0.0
2026-03-10,1450000.0,460,47.651463,-122.38786,2240.0,4325.508,,,3.0,2.0,48943042,"3439 24th Avenue W, Seattle, WA 98199",Seattle,WA,98199,SINGLE_FAMILY,FOR_SALE,13,https://www.zillow.com/homedetails/3439-24th-Ave-W-Seattle-WA-98199/48943042_zpid/,1395300.0,8728d5474ffffff,9,,,,,30.0,0.2052884881900859,0.0,69,0.9272375462179536,0.374473674486883,1.0,6.123233995736766e-17,1,976990.2359550562,675365.360863575,0.0
2026-03-10,649950.0,452,47.575882,-122.38192,864.0,914.76,,,2.0,2.0,458402905,"3054 Fairmount Ave SW #B, Seattle, WA 98116",Seattle,WA,98116,SINGLE_FAMILY,FOR_SALE,12,https://www.zillow.com/homedetails/3054-Fairmount-Ave-SW-B-Seattle-WA-98116/458402905_zpid/,648700.0,8728d5555ffffff,9,,,,,30.0,0.2052884881900859,0.0,69,0.9272375462179536,0.374473674486883,1.0,6.123233995736766e-17,1,973356.4555555556,672444.6724754964,0.0
2026-03-10,2160000.0,440,47.66078,-122.280075,3260.0,3998.808,,,6.0,4.0,48928629,"4326 NE 44th Street, Seattle, WA 98105",Seattle,WA,98105,SINGLE_FAMILY,FOR_SALE,12,https://www.zillow.com/homedetails/4326-NE-44th-St-Seattle-WA-98105/48928629_zpid/,2098800.0,8728d5401ffffff,59,,,,,30.0,0.4733823513436473,0.0,69,0.9272375462179536,0.374473674486883,1.0,6.123233995736766e-17,1,1075500.0,732112.5824170305,0.0
2026-03-10,600000.0,437,47.57448,-122.37265,1000.0,10206.108,,,3.0,2.0,450227933,"3265 31st Avenue SW, Seattle, WA 98126",Seattle,WA,98126,SINGLE_FAMILY,FOR_SALE,12,https://www.zillow.com/homedetails/3265-31st-Ave-SW-Seattle-WA-98126/450227933_zpid/,599600.0,8728d5555ffffff,9,,,,,30.0,0.2052884881900859,0.0,69,0.9272375462179536,0.374473674486883,1.0,6.123233995736766e-17,1,964367.5666666668,676538.1249801551,0.0
2026-03-10,610000.0,416,47.723427,-122.2988,920.0,5000.688,,,2.0,1.0,48779993,"13018 27th Avenue NE, Seattle, WA 98125",Seattle,WA,98125,SINGLE_FAMILY,FOR_SALE,12,https://www.zillow.com/homedetails/13018-27th-Ave-NE-Seattle-WA-98125/48779993_zpid/,597100.0,8728d54e5ffffff,9,,,,,30.0,0.2052884881900859,0.0,69,0.9272375462179536,0.374473674486883,1.0,6.123233995736766e-17,1,958378.6777777778,677270.6336801756,0.0
2026-03-10,600000.0,419,47.72744,-122.35683,1470.0,1171.764,,,3.0,3.0,2068056107,"13435 Greenwood Avenue N #E, Seattle, WA 98133",Seattle,WA,98133,TOWNHOUSE,FOR_SALE,12,https://www.zillow.com/homedetails/13435-Greenwood-Ave-N-APT-E-Seattle-WA-98133/2068056107_zpid/,595600.0,8728d5450ffffff,59,,,,,30.0,0.4733823513436473,0.0,69,0.9272375462179536,0.374473674486883,1.0,6.123233995736766e-17,1,1041535.7142857144,714778.9455027799,0.0
2026-03-10,1847000.0,420,47.64281,-122.392876,3480.0,6398.964,,,4.0,3.0,48663447,"2568 28th Avenue W, Seattle, WA 98199",Seattle,WA,98199,SINGLE_FAMILY,FOR_SALE,12,https://www.zillow.com/homedetails/2568-28th-Ave-W-Seattle-WA-98199/48663447_zpid/,1776900.0,8728d5474ffffff,9,,,,,30.0,0.2052884881900859,0.0,69,0.9272375462179536,0.374473674486883,1.0,6.123233995736766e-17,1,963089.7888888888,685946.8144530455,0.0
2026-03-10,899000.0,421,47.634125,-122.32267,2280.0,3698.244,,,2.0,1.0,48657099,"1603 Lakeview Boulevard E, Seattle, WA 98102",Seattle,WA,98102,SINGLE_FAMILY,FOR_SALE,12,https://www.zillow.com/homedetails/1603-Lakeview-Blvd-E-Seattle-WA-98102/48657099_zpid/,904700.0,8728d5428ffffff,9,,,,,30.0,0.2052884881900859,0.0,69,0.9272375462179536,0.374473674486883,1.0,6.123233995736766e-17,1,968250.9,683668.6633502882,0.0
2026-03-10,530000.0,422,47.719147,-122.30134,1336.0,1014.948,,,3.0,3.0,70583780,"2503 NE 125th Street, Lake City, WA 98125",Seattle,WA,98125,TOWNHOUSE,FOR_SALE,12,https://www.zillow.com/homedetails/2503-NE-125th-St-Seattle-WA-98125/70583780_zpid/,524200.0,8728d54e4ffffff,9,,,,,30.0,0.2052884881900859,0.0,69,0.9272375462179536,0.374473674486883,1.0,6.123233995736766e-17,1,970862.0111111111,681513.8167615772,0.0
2026-03-10,3295000.0,423,47.637238,-122.36593,4100.0,5401.44,,,6.0,4.0,48795691,"1942 7th Avenue W, Seattle, WA 98119",Seattle,WA,98119,SINGLE_FAMILY,FOR_SALE,12,https://www.zillow.com/homedetails/1942-7th-Ave-W-Seattle-WA-98119/48795691_zpid/,3151300.0,8728d5429ffffff,9,,,,,30.0,0.2052884881900859,0.0,69,0.9272375462179536,0.374473674486883,1.0,6.123233995736766e-17,1,1004417.5666666668,720120.8700978889,0.0
2026-03-10,615000.0,414,47.702713,-122.359276,1240.0,1576.872,,,3.0,2.0,2080967494,"10130 NW Holman Road #A, Seattle, WA 98177",Seattle,WA,98177,TOWNHOUSE,FOR_SALE,12,https://www.zillow.com/homedetails/10130-Holman-Rd-NW-UNIT-A-Seattle-WA-98177/2080967494_zpid/,609900.0,8728d5454ffffff,9,,,,,30.0,0.2052884881900859,0.0,69,0.9272375462179536,0.374473674486883,1.0,6.123233995736766e-17,1,1002918.1222222224,720796.8589818708,0.0
2026-03-10,749000.0,424,47.68307,-122.37926,830.0,4081.572,,,2.0,1.0,49041295,"7361 17th Avenue NW, Seattle, WA 98117",Seattle,WA,98117,SINGLE_FAMILY,FOR_SALE,12,https://www.zillow.com/homedetails/7361-17th-Ave-NW-Seattle-WA-98117/49041295_zpid/,,8728d5472ffffff,9,,,,,30.0,0.2052884881900859,0.0,69,0.9272375462179536,0.374473674486883,1.0,6.123233995736766e-17,1,1004573.6888888888,720031.7242805323,0.0
2026-03-10,925000.0,427,47.60819,-122.3132,1420.0,801.504,,,3.0,3.0,333459186,"1422 E Cherry St, Seattle, WA 98122",Seattle,WA,98122,TOWNHOUSE,FOR_SALE,12,https://www.zillow.com/homedetails/1422-E-Cherry-St-Seattle-WA-98122/333459186_zpid/,912700.0,8728d5421ffffff,9,,,,,30.0,0.2052884881900859,0.0,69,0.9272375462179536,0.374473674486883,1.0,6.123233995736766e-17,1,1008018.1333333332,718887.7364535651,0.0
2026-03-10,7498000.0,428,47.62843,-122.28165,4940.0,7801.596,,,5.0,5.0,457427886,"1027 McGilvra Boulevard E, Seattle, WA 98112",Seattle,WA,98112,SINGLE_FAMILY,FOR_SALE,12,https://www.zillow.com/homedetails/1027-McGilvra-Blvd-E-Seattle-WA-98112/457427886_zpid/,7079400.0,8728d5423ffffff,7,,,,,9.0,0.1050209842432818,0.0,69,0.9272375462179536,0.374473674486883,1.0,6.123233995736766e-17,1,7498000.0,0.0,0.0
2026-03-10,749950.0,429,47.551754,-122.27306,1000.0,1829.52,,,3.0,3.0,460720415,"4725 S Findlay Street, Seattle, WA 98118",Seattle,WA,98118,SINGLE_FAMILY,FOR_SALE,12,https://www.zillow.com/homedetails/4725-S-Findlay-St-Seattle-WA-98118/460720415_zpid/,748500.0,8728d550affffff,38,,,,,30.0,0.6142970148843488,0.0,69,0.9272375462179536,0.374473674486883,1.0,6.123233995736766e-17,1,820643.3333333334,234802.4731150683,0.0
2026-03-10,1725000.0,430,47.58648,-122.39725,1700.0,1276.308,,,3.0,3.0,2058162315,"1772 Alki Avenue SW #B, Seattle, WA 98116",Seattle,WA,98116,SINGLE_FAMILY,FOR_SALE,12,https://www.zillow.com/homedetails/1772-Alki-Ave-SW-B-Seattle-WA-98116/2058162315_zpid/,,8728d5551ffffff,9,,,,,30.0,0.2052884881900859,0.0,69,0.9272375462179536,0.374473674486883,1.0,6.123233995736766e-17,1,1016351.4666666668,722836.8365198829,0.0
2026-03-10,785000.0,431,47.55154,-122.38644,1280.0,1123.848,,,3.0,2.0,2069744058,"5616 California Street SW #C, Seattle, WA 98136",Seattle,WA,98136,TOWNHOUSE,FOR_SALE,12,https://www.zillow.com/homedetails/5616-California-Ave-SW-C-Seattle-WA-98136/2069744058_zpid/,779300.0,8728d5573ffffff,14,,,,,11.0,0.5251049212164092,0.0,69,0.9272375462179536,0.374473674486883,1.0,6.123233995736766e-17,1,785000.0,0.0,0.0
2026-03-10,640000.0,432,47.540146,-122.288536,1809.0,2378.376,,,3.0,3.0,2146937886,"7005 Holly Park Drive S, Seattle, WA 98118",Seattle,WA,98118,TOWNHOUSE,FOR_SALE,12,https://www.zillow.com/homedetails/7005-Holly-Park-Dr-S-Seattle-WA-98118/2146937886_zpid/,632300.0,8728d5508ffffff,38,,,,,30.0,0.6142970148843488,0.0,69,0.9272375462179536,0.374473674486883,1.0,6.123233995736766e-17,1,809353.125,231292.50345882375,0.0
2026-03-10,1195000.0,435,47.663074,-122.403244,2136.0,5998.212,,,4.0,3.0,48930966,"4570 36th Avenue W, Seattle, WA 98199",Seattle,WA,98199,SINGLE_FAMILY,FOR_SALE,12,https://www.zillow.com/homedetails/4570-36th-Ave-W-Seattle-WA-98199/48930966_zpid/,1169100.0,8728d5470ffffff,9,,,,,30.0,0.2052884881900859,0.0,69,0.9272375462179536,0.374473674486883,1.0,6.123233995736766e-17,1,1006919.2444444444,727624.4764364533,0.0
2026-03-10,785000.0,436,47.665146,-122.36669,1541.0,836.352,,,2.0,2.0,2079472186,"806 NW 50th Street #B, Seattle, WA 98107",Seattle,WA,98107,TOWNHOUSE,FOR_SALE,12,https://www.zillow.com/homedetails/806-NW-50th-St-B-Seattle-WA-98107/2079472186_zpid/,,8728d5476ffffff,9,,,,,30.0,0.2052884881900859,0.0,69,0.9272375462179536,0.374473674486883,1.0,6.123233995736766e-17,1,1007652.5777777778,727364.2501623872,0.0
2026-03-10,5588000.0,491,47.628235,-122.34966,4420.0,4861.296,,,5.0,5.0,48963653,"362 Ward Street, Seattle, WA 98109",Seattle,WA,98109,SINGLE_FAMILY,FOR_SALE,13,https://www.zillow.com/homedetails/362-Ward-St-Seattle-WA-98109/48963653_zpid/,5325500.0,8728d542dffffff,59,,,,,30.0,0.4733823513436473,0.0,69,0.9272375462179536,0.374473674486883,1.0,6.123233995736766e-17,1,1344633.3333333333,1361042.962304311,0.0
2026-03-10,945000.0,492,47.7078,-122.353195,1600.0,7370.352,,,3.0,2.0,48754371,"10731 Dayton Avenue N, Seattle, WA 98133",Seattle,WA,98133,SINGLE_FAMILY,FOR_SALE,14,https://www.zillow.com/homedetails/10731-Dayton-Ave-N-Seattle-WA-98133/48754371_zpid/,923500.0,8728d5454ffffff,9,,,,,30.0,0.2052884881900859,0.0,69,0.9272375462179536,0.374473674486883,1.0,6.123233995736766e-17,1,986340.1222222224,730509.790834799,0.0
2026-03-10,1100000.0,496,47.696205,-122.28037,1750.0,0.3099,,,5.0,1.0,48952859,"9229 45th Avenue NE, Seattle, WA 98115",Seattle,WA,98115,SINGLE_FAMILY,FOR_SALE,14,https://www.zillow.com/homedetails/9229-45th-Ave-NE-Seattle-WA-98115/48952859_zpid/,1066700.0,8728d540affffff,59,,,,,30.0,0.4733823513436473,0.0,69,0.9272375462179536,0.374473674486883,1.0,6.123233995736766e-17,1,1329343.75,1316313.9534162558,0.0
2026-03-10,2495000.0,497,47.718533,-122.28203,3800.0,7213.536,,,5.0,5.0,49103085,"4224 NE 124th Street, Seattle, WA 98125",Seattle,WA,98125,SINGLE_FAMILY,FOR_SALE,14,https://www.zillow.com/homedetails/4224-NE-124th-St-Seattle-WA-98125/49103085_zpid/,2396300.0,8728d54e4ffffff,9,,,,,30.0,0.2052884881900859,0.0,69,0.9272375462179536,0.374473674486883,1.0,6.123233995736766e-17,1,988472.3444444444,726271.1974406453,0.0
2026-03-10,525000.0,498,47.54225,-122.322945,1061.0,413.82,,,2.0,2.0,460742580,"6712 Corson Avenue S #C, Seattle, WA 98108",Seattle,WA,98108,TOWNHOUSE,FOR_SALE,14,https://www.zillow.com/homedetails/6712-Corson-Ave-S-C-Seattle-WA-98108/460742580_zpid/,523800.0,8728d550dffffff,38,,,,,30.0,0.6142970148843488,0.0,69,0.9272375462179536,0.374473674486883,1.0,6.123233995736766e-17,1,775768.4210526316,226697.52376393913,0.0
2026-03-10,685000.0,499,47.674427,-122.366356,1150.0,814.572,,,3.0,2.0,333458857,"6251 8th Avenue NW, Seattle, WA 98107",Seattle,WA,98107,TOWNHOUSE,FOR_SALE,14,https://www.zillow.com/homedetails/6251-8th-Ave-NW-Seattle-WA-98107/333458857_zpid/,681200.0,8728d5472ffffff,9,,,,,30.0,0.2052884881900859,0.0,69,0.9272375462179536,0.374473674486883,1.0,6.123233995736766e-17,1,988361.2333333332,726317.3632678955,0.0
2026-03-10,4889000.0,500,47.730595,-122.281555,4810.0,0.3559,,,5.0,5.0,49034318,"14014 Riviera Place NE, Seattle, WA 98125",Seattle,WA,98125,SINGLE_FAMILY,FOR_SALE,14,https://www.zillow.com/homedetails/14014-Riviera-Pl-NE-Seattle-WA-98125/49034318_zpid/,,8728d54e0ffffff,59,,,,,30.0,0.4733823513436473,0.0,69,0.9272375462179536,0.374473674486883,1.0,6.123233995736766e-17,1,1538735.294117647,1539399.7827648509,0.0
2026-03-10,579950.0,501,47.524387,-122.27555,1230.0,4199.184,,,3.0,1.0,49007967,"4504 S Trenton Street, Seattle, WA 98118",Seattle,WA,98118,SINGLE_FAMILY,FOR_SALE,14,https://www.zillow.com/homedetails/4504-S-Trenton-St-Seattle-WA-98118/49007967_zpid/,570400.0,8728d5501ffffff,38,,,,,30.0,0.6142970148843488,0.0,69,0.9272375462179536,0.374473674486883,1.0,6.123233995736766e-17,1,765977.5,224953.72885329105,0.0
2026-03-10,4750000.0,502,47.533123,-122.26412,4530.0,0.6847,,,5.0,4.0,63339817,"7734 Seward Park Avenue S, Seattle, WA 98118",Seattle,WA,98118,SINGLE_FAMILY,FOR_SALE,14,https://www.zillow.com/homedetails/7734-Seward-Park-Ave-S-Seattle-WA-98118/63339817_zpid/,,8728d550effffff,9,,,,,30.0,0.2052884881900859,0.0,69,0.9272375462179536,0.374473674486883,1.0,6.123233995736766e-17,1,1031694.5666666668,827291.2857695714,0.0
2026-03-10,829950.0,503,47.665478,-122.32382,2840.0,3118.896,,,7.0,2.0,49144011,"341 NE 51st Street, Seattle, WA 98105",Seattle,WA,98105,SINGLE_FAMILY,FOR_SALE,14,https://www.zillow.com/homedetails/341-NE-51st-St-Seattle-WA-98105/49144011_zpid/,814400.0,8728d540cffffff,9,,,,,30.0,0.2052884881900859,0.0,69,0.9272375462179536,0.374473674486883,1.0,6.123233995736766e-17,1,1035138.4555555556,825781.0036407299,0.0
2026-03-10,825000.0,504,47.544647,-122.27071,1747.0,5018.112,,,4.0,3.0,2064945775,"4846 B S Morgan Street, Seattle, WA 98118",Seattle,WA,98118,SINGLE_FAMILY,FOR_SALE,14,https://www.zillow.com/homedetails/4846-S-Morgan-St-B-Seattle-WA-98118/2064945775_zpid/,811400.0,8728d550effffff,9,,,,,30.0,0.2052884881900859,0.0,69,0.9272375462179536,0.374473674486883,1.0,6.123233995736766e-17,1,1025538.4555555556,823112.0619631157,0.0
2026-03-10,1098000.0,505,47.639412,-122.36417,1515.0,2400.156,,,3.0,2.0,48795466,"511 W McGraw Street, Seattle, WA 98119",Seattle,WA,98119,SINGLE_FAMILY,FOR_SALE,14,https://www.zillow.com/homedetails/511-W-McGraw-St-Seattle-WA-98119/48795466_zpid/,1069400.0,8728d5429ffffff,9,,,,,30.0,0.2052884881900859,0.0,69,0.9272375462179536,0.374473674486883,1.0,6.123233995736766e-17,1,1027794.0111111111,823028.4650567934,0.0
2026-03-10,669950.0,506,47.512203,-122.35814,1440.0,2500.344,,,3.0,3.0,84760222,"10050 19th Avenue SW, Seattle, WA 98146",Seattle,WA,98146,SINGLE_FAMILY,FOR_SALE,14,https://www.zillow.com/homedetails/10050-19th-Ave-SW-Seattle-WA-98146/84760222_zpid/,663300.0,8728d5576ffffff,38,,,,,30.0,0.6142970148843488,0.0,69,0.9272375462179536,0.374473674486883,1.0,6.123233995736766e-17,1,761404.7619047619,220256.8494421694,0.0
2026-03-10,4750000.0,507,47.636856,-122.33096,1000.0,1.0,,,3.0,2.0,241740976,"2017 Fairview Avenue E #I, Seattle, WA 98102",Seattle,WA,98102,SINGLE_FAMILY,FOR_SALE,14,https://www.zillow.com/homedetails/2017-Fairview-Ave-E-UNIT-I-Seattle-WA-98102/241740976_zpid/,,8728d5428ffffff,9,,,,,30.0,0.2052884881900859,0.0,69,0.9272375462179536,0.374473674486883,1.0,6.123233995736766e-17,1,1077794.0111111111,907591.6082288604,0.0
2026-03-10,1029950.0,508,47.620964,-122.31044,1667.0,1537.668,,,3.0,3.0,460655908,"313 17th Avenue E #B, Seattle, WA 98112",Seattle,WA,98112,TOWNHOUSE,FOR_SALE,14,https://www.zillow.com/homedetails/313-17th-Ave-E-B-Seattle-WA-98112/460655908_zpid/,1022200.0,8728d542effffff,9,,,,,30.0,0.2052884881900859,0.0,69,0.9272375462179536,0.374473674486883,1.0,6.123233995736766e-17,1,1080582.3444444444,907048.6551387128,0.0
2026-03-10,1948000.0,513,47.707687,-122.310646,3382.0,4673.988,,,5.0,4.0,49109025,"10733 17th Avenue NE, Seattle, WA 98125",Seattle,WA,98125,SINGLE_FAMILY,FOR_SALE,15,https://www.zillow.com/homedetails/10733-17th-Ave-NE-Seattle-WA-98125/49109025_zpid/,1919300.0,8728d540bffffff,9,,,,,30.0,0.2052884881900859,0.0,69,0.9272375462179536,0.374473674486883,1.0,6.123233995736766e-17,1,1131537.911111111,971559.4448502484,0.0
2026-03-10,1225000.0,514,47.610752,-122.312546,1938.0,1123.848,,,3.0,3.0,460650061,"910 15th Avenue #B, Seattle, WA 98122",Seattle,WA,98122,TOWNHOUSE,FOR_SALE,15,https://www.zillow.com/homedetails/910-15th-Ave-B-Seattle-WA-98122/460650061_zpid/,1212600.0,8728d5421ffffff,9,,,,,30.0,0.2052884881900859,0.0,69,0.9272375462179536,0.374473674486883,1.0,6.123233995736766e-17,1,1128082.3555555556,972102.3960436616,0.0
2026-03-10,825000.0,468,47.65949,-122.34886,1110.0,662.112,,,2.0,2.0,337597551,"728 N 43rd Street, Seattle, WA 98103",Seattle,WA,98103,TOWNHOUSE,FOR_SALE,13,https://www.zillow.com/homedetails/728-N-43rd-St-Seattle-WA-98103/337597551_zpid/,,8728d5476ffffff,9,,,,,30.0,0.2052884881900859,0.0,69,0.9272375462179536,0.374473674486883,1.0,6.123233995736766e-17,1,1102283.4666666666,963867.3045220549,0.0
2026-03-10,799950.0,469,47.63601,-122.36445,880.0,1515.888,,,2.0,1.0,48795671,"516 W Howe Street, Seattle, WA 98119",Seattle,WA,98119,SINGLE_FAMILY,FOR_SALE,13,https://www.zillow.com/homedetails/516-W-Howe-St-Seattle-WA-98119/48795671_zpid/,786200.0,8728d5429ffffff,9,,,,,30.0,0.2052884881900859,0.0,69,0.9272375462179536,0.374473674486883,1.0,6.123233995736766e-17,1,1083394.0777777778,952762.224768561,0.0
2026-03-10,919000.0,470,47.673607,-122.38951,1763.0,2025.54,,,3.0,4.0,247768152,"2441 NW 62nd Street, Seattle, WA 98107",Seattle,WA,98117,TOWNHOUSE,FOR_SALE,13,https://www.zillow.com/homedetails/2441-NW-62nd-St-Seattle-WA-98117/247768152_zpid/,908000.0,8728d5470ffffff,9,,,,,30.0,0.2052884881900859,0.0,69,0.9272375462179536,0.374473674486883,1.0,6.123233995736766e-17,1,1086505.1888888888,951751.4279481638,0.0
2026-03-10,725000.0,471,47.54383,-122.356834,1000.0,3524.004,,,3.0,3.0,2130221818,"6530 18th Avenue SW #B, Seattle, WA 98106",Seattle,WA,98106,TOWNHOUSE,FOR_SALE,13,https://www.zillow.com/homedetails/6530-18th-Ave-SW-LOT-B-Seattle-WA-98106/2130221818_zpid/,722700.0,8728d5572ffffff,38,,,,,30.0,0.6142970148843488,0.0,69,0.9272375462179536,0.374473674486883,1.0,6.123233995736766e-17,1,759750.0,215088.75908729932,0.0
2026-03-10,879000.0,473,47.589146,-122.315506,1830.0,1507.176,,,3.0,2.0,2063281375,"1524 13th Avenue S #A, Seattle, WA 98144",Seattle,WA,98144,TOWNHOUSE,FOR_SALE,13,https://www.zillow.com/homedetails/1524-13th-Ave-S-A-Seattle-WA-98144/2063281375_zpid/,,8728d5425ffffff,9,,,,,30.0,0.2052884881900859,0.0,69,0.9272375462179536,0.374473674486883,1.0,6.123233995736766e-17,1,1063161.3,919031.5205366572,0.0
2026-03-10,958000.0,476,47.638863,-122.32446,1332.0,888.624,,,3.0,3.0,2068044692,"2220 Franklin Avenue E #C, Seattle, WA 98102",Seattle,WA,98102,TOWNHOUSE,FOR_SALE,13,https://www.zillow.com/homedetails/2220-Franklin-Ave-E-UNIT-C-Seattle-WA-98102/2068044692_zpid/,940400.0,8728d5428ffffff,9,,,,,30.0,0.2052884881900859,0.0,69,0.9272375462179536,0.374473674486883,1.0,6.123233995736766e-17,1,1061095.8777777778,917318.5034125564,0.0
2026-03-10,735000.0,477,47.619102,-122.309326,1200.0,710.028,,,2.0,2.0,456986573,"119 A 18th Avenue E, Seattle, WA 98122",Seattle,WA,98122,TOWNHOUSE,FOR_SALE,13,https://www.zillow.com/homedetails/119A-18th-Ave-Seattle-WA-98122/456986573_zpid/,728400.0,8728d542effffff,9,,,,,30.0,0.2052884881900859,0.0,69,0.9272375462179536,0.374473674486883,1.0,6.123233995736766e-17,1,1059818.6555555556,917695.74154037,0.0
2026-03-10,4940000.0,478,47.67383,-122.27454,6020.0,9217.296,,,6.0,6.0,48848776,"6016 Princeton Avenue NE, Seattle, WA 98115",Seattle,WA,98115,SINGLE_FAMILY,FOR_SALE,13,https://www.zillow.com/homedetails/6016-Princeton-Ave-NE-Seattle-WA-98115/48848776_zpid/,4695100.0,8728d540effffff,59,,,,,30.0,0.4733823513436473,0.0,69,0.9272375462179536,0.374473674486883,1.0,6.123233995736766e-17,1,1895880.9523809524,1968502.0059982275,0.0
2026-03-10,879000.0,479,47.665264,-122.339066,1890.0,3210.372,,,2.0,2.0,49115212,"1420 N 50th Street, Seattle, WA 98103",Seattle,WA,98103,SINGLE_FAMILY,FOR_SALE,13,https://www.zillow.com/homedetails/1420-N-50th-St-Seattle-WA-98103/49115212_zpid/,858700.0,8728d540dffffff,9,,,,,30.0,0.2052884881900859,0.0,69,0.9272375462179536,0.374473674486883,1.0,6.123233995736766e-17,1,1047374.2111111112,912395.4346758644,0.0
2026-03-10,3600000.0,481,47.63912,-122.40667,3490.0,4504.104,,,4.0,4.0,48726484,"2301 Rosemont Place W, Seattle, WA 98199",Seattle,WA,98199,SINGLE_FAMILY,FOR_SALE,13,https://www.zillow.com/homedetails/2301-Rosemont-Pl-W-Seattle-WA-98199/48726484_zpid/,,8728d555bffffff,59,,,,,30.0,0.4733823513436473,0.0,69,0.9272375462179536,0.374473674486883,1.0,6.123233995736766e-17,1,1973340.9090909092,1955115.679115418,0.0
2026-03-10,649780.0,483,47.72031,-122.30234,1012.0,1598.652,,,3.0,2.0,458298727,"12531 25th Avenue NE Unit B, Seattle, WA 98125",Seattle,WA,98125,TOWNHOUSE,FOR_SALE,13,https://www.zillow.com/homedetails/12531-25th-Ave-NE-UNIT-B-Seattle-WA-98125/458298727_zpid/,648100.0,8728d54e5ffffff,9,,,,,30.0,0.2052884881900859,0.0,69,0.9272375462179536,0.374473674486883,1.0,6.123233995736766e-17,1,1050633.5444444444,910637.7876560376,0.0
2026-03-10,969900.0,415,47.54025,-122.353004,2970.0,7200.468,,,4.0,3.0,48875099,"7025 14th Avenue SW, Seattle, WA 98106",Seattle,WA,98106,SINGLE_FAMILY,FOR_SALE,12,https://www.zillow.com/homedetails/7025-14th-Ave-SW-Seattle-WA-98106/48875099_zpid/,951700.0,8728d5572ffffff,38,,,,,30.0,0.6142970148843488,0.0,69,0.9272375462179536,0.374473674486883,1.0,6.123233995736766e-17,1,768886.9565217391,214663.53705349265,0.0
2026-03-10,895000.0,747,47.64991,-122.383934,1619.0,1372.14,,,3.0,3.0,122182404,"3245 21st Avenue W, Seattle, WA 98199",Seattle,WA,98199,SINGLE_FAMILY,FOR_SALE,25,https://www.zillow.com/homedetails/3245-21st-Ave-W-Seattle-WA-98199/122182404_zpid/,885100.0,8728d5474ffffff,9,,,,,30.0,0.2052884881900859,0.0,69,0.9272375462179536,0.374473674486883,1.0,6.123233995736766e-17,1,1031224.9888888889,911145.1815611128,0.0
2026-03-10,1069000.0,750,47.659306,-122.3537,1587.0,1041.084,,,3.0,2.0,460456036,"4307 Francis Avenue N #B, Seattle, WA 98103",Seattle,WA,98103,TOWNHOUSE,FOR_SALE,25,https://www.zillow.com/homedetails/4307-Francis-Ave-N-B-Seattle-WA-98103/460456036_zpid/,,8728d5476ffffff,9,,,,,30.0,0.2052884881900859,0.0,69,0.9272375462179536,0.374473674486883,1.0,6.123233995736766e-17,1,1028102.2111111112,913640.502528339,0.0
2026-03-10,675000.0,751,47.69211,-122.33052,860.0,2617.956,,,2.0,1.0,48972722,"2311 N 88th St, Seattle, WA 98103",Seattle,WA,98103,SINGLE_FAMILY,FOR_SALE,26,https://www.zillow.com/homedetails/2311-N-88th-St-Seattle-WA-98103/48972722_zpid/,652500.0,8728d5409ffffff,9,,,,,30.0,0.2052884881900859,0.0,69,0.9272375462179536,0.374473674486883,1.0,6.123233995736766e-17,1,1026724.4333333332,914083.2617859351,0.0
2026-03-10,721900.0,752,47.691387,-122.323395,800.0,1668.348,,,2.0,2.0,2076974988,"8605 5th Avenue NE #B, Seattle, WA 98115",Seattle,WA,98115,SINGLE_FAMILY,FOR_SALE,26,https://www.zillow.com/homedetails/8605-5th-Ave-NE-B-Seattle-WA-98115/2076974988_zpid/,715000.0,8728d5409ffffff,9,,,,,30.0,0.2052884881900859,0.0,69,0.9272375462179536,0.374473674486883,1.0,6.123233995736766e-17,1,1013639.9888888889,909868.2652337984,0.0
2026-03-10,920000.0,745,47.715168,-122.334984,2080.0,2448.072,,,4.0,4.0,92570131,"11740 Burke Avenue N, Seattle, WA 98133",Seattle,WA,98133,SINGLE_FAMILY,FOR_SALE,25,https://www.zillow.com/homedetails/11740-Burke-Ave-N-Seattle-WA-98133/92570131_zpid/,906700.0,8728d5456ffffff,9,,,,,30.0,0.2052884881900859,0.0,69,0.9272375462179536,0.374473674486883,1.0,6.123233995736766e-17,1,967417.7666666668,820125.1165865432,0.0
2026-03-10,1050000.0,755,47.627445,-122.35447,1948.0,2378.376,,,3.0,3.0,2077673886,"116 Aloha Street #116, Seattle, WA 98109",Seattle,WA,98109,TOWNHOUSE,FOR_SALE,26,https://www.zillow.com/homedetails/116-Aloha-St-116-Seattle-WA-98109/2077673886_zpid/,1032900.0,8728d542dffffff,59,,,,,30.0,0.4733823513436473,0.0,69,0.9272375462179536,0.374473674486883,1.0,6.123233995736766e-17,1,1805506.36,1890503.953174807,0.0
2026-03-10,759500.0,760,47.670715,-122.316956,1380.0,1149.984,,,3.0,4.0,247766571,"5728 Roosevelt Way NE, Seattle, WA 98105",Seattle,WA,98105,TOWNHOUSE,FOR_SALE,26,https://www.zillow.com/homedetails/5728-Roosevelt-Way-NE-Seattle-WA-98105/247766571_zpid/,744400.0,8728d540cffffff,9,,,,,30.0,0.2052884881900859,0.0,69,0.9272375462179536,0.374473674486883,1.0,6.123233995736766e-17,1,962434.4333333332,822537.4713768439,0.0
2026-03-10,2398000.0,761,47.63296,-122.30588,3180.0,5588.748,,,4.0,4.0,48883986,"1939 E Crescent Drive, Seattle, WA 98112",Seattle,WA,98112,SINGLE_FAMILY,FOR_SALE,26,https://www.zillow.com/homedetails/1939-E-Crescent-Dr-Seattle-WA-98112/48883986_zpid/,2293900.0,8728d542effffff,9,,,,,30.0,0.2052884881900859,0.0,69,0.9272375462179536,0.374473674486883,1.0,6.123233995736766e-17,1,983245.5444444444,834946.4274916444,0.0
2026-03-10,1690000.0,763,47.596264,-122.28944,2200.0,6298.776,,,4.0,3.0,48717199,"707 Lake Washington Boulevard S, Seattle, WA 98144",Seattle,WA,98144,SINGLE_FAMILY,FOR_SALE,26,https://www.zillow.com/homedetails/707-Lake-Washington-Blvd-S-Seattle-WA-98144/48717199_zpid/,1634500.0,8728d5420ffffff,59,,,,,30.0,0.4733823513436473,0.0,69,0.9272375462179536,0.374473674486883,1.0,6.123233995736766e-17,1,1757505.888888889,1830519.6035273348,0.0
2026-03-10,995000.0,765,47.68481,-122.33499,1534.0,2378.376,,,2.0,3.0,48835332,"7700 E Green Lake Drive N #D13, Seattle, WA 98103",Seattle,WA,98103,TOWNHOUSE,FOR_SALE,26,https://www.zillow.com/homedetails/7700-E-Green-Lake-Dr-N-APT-D13-Seattle-WA-98103/48835332_zpid/,970700.0,8728d5409ffffff,9,,,,,30.0,0.2052884881900859,0.0,69,0.9272375462179536,0.374473674486883,1.0,6.123233995736766e-17,1,988535.5444444444,834581.8517838154,0.0
2026-03-10,1150000.0,744,47.684067,-122.318306,2680.0,4120.776,,,5.0,3.0,48840185,"7532 9th Avenue NE, Seattle, WA 98115",Seattle,WA,98115,SINGLE_FAMILY,FOR_SALE,25,https://www.zillow.com/homedetails/7532-9th-Ave-NE-Seattle-WA-98115/48840185_zpid/,1124600.0,8728d5408ffffff,9,,,,,30.0,0.2052884881900859,0.0,69,0.9272375462179536,0.374473674486883,1.0,6.123233995736766e-17,1,994647.7666666668,833717.5581522629,0.0
2026-03-10,599000.0,767,47.570217,-122.28792,1270.0,1228.392,,,2.0,3.0,2133662431,"3646 36th Avenue S #A, Seattle, WA 98144",Seattle,WA,98144,TOWNHOUSE,FOR_SALE,26,https://www.zillow.com/homedetails/3646-36th-Ave-S-A-Seattle-WA-98144/2133662431_zpid/,,8728d550bffffff,38,,,,,30.0,0.6142970148843488,0.0,69,0.9272375462179536,0.374473674486883,1.0,6.123233995736766e-17,1,761808.3333333334,212789.80885752777,0.0
2026-03-10,850000.0,721,47.594345,-122.29623,1512.0,1036.728,,,3.0,2.0,460480454,"2809 S Charles Street, Seattle, WA 98144",Seattle,WA,98144,TOWNHOUSE,FOR_SALE,25,https://www.zillow.com/homedetails/2809-S-Charles-St-Seattle-WA-98144/460480454_zpid/,847800.0,8728d5425ffffff,9,,,,,30.0,0.2052884881900859,0.0,69,0.9272375462179536,0.374473674486883,1.0,6.123233995736766e-17,1,991647.7666666668,833261.9119430381,0.0
2026-03-10,1149000.0,727,47.57346,-122.28723,2390.0,2587.464,,,4.0,3.0,96712736,"3609 York Road S, Seattle, WA 98144",Seattle,WA,98144,SINGLE_FAMILY,FOR_SALE,25,https://www.zillow.com/homedetails/3609-York-Rd-S-Seattle-WA-98144/96712736_zpid/,1131800.0,8728d5424ffffff,43,,,,,2.0,0.7071057811879616,0.0,69,0.9272375462179536,0.374473674486883,1.0,6.123233995736766e-17,1,1149000.0,0.0,0.0
2026-03-10,688000.0,729,47.69011,-122.390564,1118.0,3959.604,,,2.0,2.0,2055755673,"8338 27th Avenue NW #B, Seattle, WA 98117",Seattle,WA,98117,TOWNHOUSE,FOR_SALE,25,https://www.zillow.com/homedetails/8338-27th-Ave-NW-B-Seattle-WA-98117/2055755673_zpid/,,8728d5473ffffff,9,,,,,30.0,0.2052884881900859,0.0,69,0.9272375462179536,0.374473674486883,1.0,6.123233995736766e-17,1,1005826.6555555556,836032.7040297837,0.0
2026-03-10,1199000.0,731,47.615444,-122.297195,2760.0,3149.388,,,3.0,2.0,49146866,"1600 27th Avenue, Seattle, WA 98122",Seattle,WA,98122,SINGLE_FAMILY,FOR_SALE,25,https://www.zillow.com/homedetails/1600-27th-Ave-Seattle-WA-98122/49146866_zpid/,1159800.0,8728d5421ffffff,9,,,,,30.0,0.2052884881900859,0.0,69,0.9272375462179536,0.374473674486883,1.0,6.123233995736766e-17,1,1008253.3222222222,836275.5868631058,0.0
2026-03-10,1200000.0,732,47.696575,-122.34563,3540.0,4804.668,,,5.0,4.0,48740836,"936 N 93rd Street, Seattle, WA 98103",Seattle,WA,98103,SINGLE_FAMILY,FOR_SALE,25,https://www.zillow.com/homedetails/936-N-93rd-St-Seattle-WA-98103/48740836_zpid/,1168100.0,8728d5409ffffff,9,,,,,30.0,0.2052884881900859,0.0,69,0.9272375462179536,0.374473674486883,1.0,6.123233995736766e-17,1,1011153.3222222222,836485.2507823976,0.0
2026-03-10,1075000.0,733,47.585773,-122.38535,1466.0,3123.252,,,4.0,3.0,49124326,"1927 42nd Avenue SW, Seattle, WA 98116",Seattle,WA,98116,SINGLE_FAMILY,FOR_SALE,25,https://www.zillow.com/homedetails/1927-42nd-Ave-SW-Seattle-WA-98116/49124326_zpid/,,8728d5551ffffff,9,,,,,30.0,0.2052884881900859,0.0,69,0.9272375462179536,0.374473674486883,1.0,6.123233995736766e-17,1,1013653.3222222222,836334.4155348092,0.0
2026-03-10,1850000.0,734,47.63089,-122.350815,2290.0,1912.284,,,4.0,2.0,62901992,"1238 3rd Avenue N, Seattle, WA 98109",Seattle,WA,98109,SINGLE_FAMILY,FOR_SALE,25,https://www.zillow.com/homedetails/1238-3rd-Ave-N-Seattle-WA-98109/62901992_zpid/,1792900.0,8728d542dffffff,59,,,,,30.0,0.4733823513436473,0.0,69,0.9272375462179536,0.374473674486883,1.0,6.123233995736766e-17,1,1665586.9666666666,1770816.7979376356,0.0
2026-03-10,1000000.0,735,47.720425,-122.31578,2235.0,7579.44,,,4.0,3.0,48995158,"12533 12th Avenue NE, Seattle, WA 98125",Seattle,WA,98125,SINGLE_FAMILY,FOR_SALE,25,https://www.zillow.com/homedetails/12533-12th-Ave-NE-Seattle-WA-98125/48995158_zpid/,967600.0,8728d54e5ffffff,9,,,,,30.0,0.2052884881900859,0.0,69,0.9272375462179536,0.374473674486883,1.0,6.123233995736766e-17,1,1021108.8777777776,833147.2159316699,0.0
2026-03-10,739000.0,737,47.594437,-122.29699,1350.0,2295.612,,,3.0,2.0,2058949702,"901 28th Avenue S #H, Seattle, WA 98144",Seattle,WA,98144,TOWNHOUSE,FOR_SALE,25,https://www.zillow.com/homedetails/901-28th-Ave-S-H-Seattle-WA-98144/2058949702_zpid/,734300.0,8728d5425ffffff,9,,,,,30.0,0.2052884881900859,0.0,69,0.9272375462179536,0.374473674486883,1.0,6.123233995736766e-17,1,1022931.1,832181.5426096255,0.0
2026-03-10,1099000.0,738,47.625927,-122.349655,1460.0,1332.936,,,3.0,4.0,453908144,"718 Nob Hill Avenue N #A, Seattle, WA 98109",Seattle,WA,98109,TOWNHOUSE,FOR_SALE,25,https://www.zillow.com/homedetails/718-Nob-Hill-Ave-N-A-Seattle-WA-98109/453908144_zpid/,1078100.0,8728d542dffffff,59,,,,,30.0,0.4733823513436473,0.0,69,0.9272375462179536,0.374473674486883,1.0,6.123233995736766e-17,1,1647309.9677419355,1744024.43699719,0.0
2026-03-10,925000.0,739,47.67286,-122.36728,1650.0,4748.04,,,2.0,1.0,48672336,"827 NW 61st Street, Seattle, WA 98107",Seattle,WA,98107,SINGLE_FAMILY,FOR_SALE,25,https://www.zillow.com/homedetails/827-NW-61st-St-Seattle-WA-98107/48672336_zpid/,895300.0,8728d5472ffffff,9,,,,,30.0,0.2052884881900859,0.0,69,0.9272375462179536,0.374473674486883,1.0,6.123233995736766e-17,1,1029042.2111111112,829384.7682350067,0.0
2026-03-10,1650000.0,740,47.567654,-122.40918,2070.0,3371.544,,,3.0,5.0,48743634,"4030 Beach Drive SW, Seattle, WA 98116",Seattle,WA,98116,SINGLE_FAMILY,FOR_SALE,25,https://www.zillow.com/homedetails/4030-Beach-Dr-SW-Seattle-WA-98116/48743634_zpid/,1604600.0,8728d5542ffffff,9,,,,,30.0,0.2052884881900859,0.0,69,0.9272375462179536,0.374473674486883,1.0,6.123233995736766e-17,1,1040153.3222222222,830946.6904648384,0.0
2026-03-10,1060000.0,741,47.637157,-122.32927,1307.0,1.0,,,2.0,3.0,460460656,"2016 Fairview Avenue E #D, Seattle, WA 98102",Seattle,WA,98102,TOWNHOUSE,FOR_SALE,25,https://www.zillow.com/homedetails/2016-Fairview-Ave-E-D-Seattle-WA-98102/460460656_zpid/,1052900.0,8728d5428ffffff,9,,,,,30.0,0.2052884881900859,0.0,69,0.9272375462179536,0.374473674486883,1.0,6.123233995736766e-17,1,1044709.4333333332,829906.6607709846,0.0
2026-03-10,2099000.0,768,47.655807,-122.337746,3360.0,3598.056,,,4.0,4.0,48919584,"4003 Densmore Avenue N, Seattle, WA 98103",Seattle,WA,98103,SINGLE_FAMILY,FOR_SALE,26,https://www.zillow.com/homedetails/4003-Densmore-Ave-N-Seattle-WA-98103/48919584_zpid/,2029100.0,8728d542bffffff,9,,,,,30.0,0.2052884881900859,0.0,69,0.9272375462179536,0.374473674486883,1.0,6.123233995736766e-17,1,1040393.3222222222,843806.2790258536,0.0
2026-03-10,1125000.0,796,47.652134,-122.35323,1869.0,1171.764,,,3.0,4.0,456275288,"3606 Francis Avenue N, Seattle, WA 98103",Seattle,WA,98103,TOWNHOUSE,FOR_SALE,27,https://www.zillow.com/homedetails/3606-Francis-Ave-N-Seattle-WA-98103/456275288_zpid/,,8728d5429ffffff,9,,,,,30.0,0.2052884881900859,0.0,69,0.9272375462179536,0.374473674486883,1.0,6.123233995736766e-17,1,1049837.7666666666,839891.0297498676,0.0
2026-03-10,890000.0,797,47.593456,-122.314026,1780.0,1346.004,,,3.0,4.0,351696665,"1019 Sturgus Avenue S #A, Seattle, WA 98144",Seattle,WA,98144,TOWNHOUSE,FOR_SALE,27,https://www.zillow.com/homedetails/1019-Sturgus-Ave-S-A-Seattle-WA-98144/351696665_zpid/,882000.0,8728d5425ffffff,9,,,,,30.0,0.2052884881900859,0.0,69,0.9272375462179536,0.374473674486883,1.0,6.123233995736766e-17,1,1050282.211111111,839794.6714399224,0.0
2026-03-10,945000.0,799,47.669598,-122.39626,1670.0,1171.764,,,3.0,3.0,460409815,"3012 B NW 56th Street, Seattle, WA 98107",Seattle,WA,98107,TOWNHOUSE,FOR_SALE,27,https://www.zillow.com/homedetails/3012-B-Northwest-St-56-Seattle-WA-98107/460409815_zpid/,943400.0,8728d5470ffffff,9,,,,,30.0,0.2052884881900859,0.0,69,0.9272375462179536,0.374473674486883,1.0,6.123233995736766e-17,1,1044959.9888888889,838699.3209774889,0.0
2026-03-10,2150000.0,802,47.643578,-122.41553,3750.0,7039.296,,,5.0,4.0,48726367,"4527 W Raye Street, Seattle, WA 98199",Seattle,WA,98199,SINGLE_FAMILY,FOR_SALE,27,https://www.zillow.com/homedetails/4527-W-Raye-St-Seattle-WA-98199/48726367_zpid/,,8728d555bffffff,59,,,,,30.0,0.4733823513436473,0.0,69,0.9272375462179536,0.374473674486883,1.0,6.123233995736766e-17,1,1594164.9705882352,1688993.691005503,0.0
2026-03-10,2889000.0,803,47.641663,-122.402695,3965.0,5000.688,,,7.0,5.0,48727047,"2515 35th Avenue W, Seattle, WA 98199",Seattle,WA,98199,SINGLE_FAMILY,FOR_SALE,27,https://www.zillow.com/homedetails/2515-35th-Ave-W-Seattle-WA-98199/48727047_zpid/,2833800.0,8728d555bffffff,59,,,,,30.0,0.4733823513436473,0.0,69,0.9272375462179536,0.374473674486883,1.0,6.123233995736766e-17,1,1631160.2571428572,1678302.5797522038,0.0
2026-03-10,1225000.0,811,47.66302,-122.33725,1694.0,1228.392,,,3.0,3.0,460397115,"1706 B N 47th Street, Seattle, WA 98103",Seattle,WA,98103,TOWNHOUSE,FOR_SALE,28,https://www.zillow.com/homedetails/1706-B-North-St-47-Seattle-WA-98103/460397115_zpid/,1220900.0,8728d542bffffff,9,,,,,30.0,0.2052884881900859,0.0,69,0.9272375462179536,0.374473674486883,1.0,6.123233995736766e-17,1,1064471.6555555556,851571.3209028388,0.0
2026-03-10,2495000.0,812,47.65243,-122.332306,3298.0,3040.488,,,4.0,5.0,48919923,"3714 Bagley Avenue N, Seattle, WA 98103",Seattle,WA,98103,SINGLE_FAMILY,FOR_SALE,28,https://www.zillow.com/homedetails/3714-Bagley-Ave-N-Seattle-WA-98103/48919923_zpid/,2443000.0,8728d542bffffff,9,,,,,30.0,0.2052884881900859,0.0,69,0.9272375462179536,0.374473674486883,1.0,6.123233995736766e-17,1,1082204.9888888889,864604.7916645064,0.0
2026-03-10,739000.0,813,47.59175,-122.301636,1160.0,4800.312,,,3.0,2.0,460395706,"2311 S Judkins Street, Seattle, WA 98144",Seattle,WA,98144,TOWNHOUSE,FOR_SALE,28,https://www.zillow.com/homedetails/2311-S-Judkins-St-Seattle-WA-98144/460395706_zpid/,735900.0,8728d5425ffffff,9,,,,,30.0,0.2052884881900859,0.0,69,0.9272375462179536,0.374473674486883,1.0,6.123233995736766e-17,1,1084527.211111111,863384.7856726585,0.0
2026-03-10,999900.0,795,47.652515,-122.353226,1819.0,919.116,,,5.0,4.0,48771468,"3616 Francis Avenue N, Seattle, WA 98103",Seattle,WA,98103,TOWNHOUSE,FOR_SALE,27,https://www.zillow.com/homedetails/3616-Francis-Ave-N-Seattle-WA-98103/48771468_zpid/,,8728d5429ffffff,9,,,,,30.0,0.2052884881900859,0.0,69,0.9272375462179536,0.374473674486883,1.0,6.123233995736766e-17,1,1054363.322222222,833120.0730294405,0.0
2026-03-10,1799000.0,718,47.66977,-122.411865,2920.0,0.7629,,,2.0,2.0,48700901,"4240 W Cramer Street, Seattle, WA 98199",Seattle,WA,98199,SINGLE_FAMILY,FOR_SALE,25,https://www.zillow.com/homedetails/4240-W-Cramer-St-Seattle-WA-98199/48700901_zpid/,1712600.0,8728d5471ffffff,59,,,,,30.0,0.4733823513436473,0.0,69,0.9272375462179536,0.374473674486883,1.0,6.123233995736766e-17,1,1572093.6578947369,1632725.927439707,0.0
2026-03-10,860000.0,720,47.594257,-122.29642,1521.0,906.048,,,3.0,3.0,460480550,"904 A 28th Avenue S, Seattle, WA 98144",Seattle,WA,98144,TOWNHOUSE,FOR_SALE,25,https://www.zillow.com/homedetails/904-A-28th-Ave-S-Seattle-WA-98144/460480550_zpid/,857400.0,8728d5425ffffff,9,,,,,30.0,0.2052884881900859,0.0,69,0.9272375462179536,0.374473674486883,1.0,6.123233995736766e-17,1,1044752.2111111112,830281.0944605825,0.0
2026-03-10,995000.0,792,47.660767,-122.35277,1760.0,1258.884,,,3.0,3.0,2073599139,"4416 Francis Avenue N #B, Seattle, WA 98103",Seattle,WA,98103,TOWNHOUSE,FOR_SALE,27,https://www.zillow.com/homedetails/4416-Francis-Ave-N-UNIT-B-Seattle-WA-98103/2073599139_zpid/,,8728d5476ffffff,9,,,,,30.0,0.2052884881900859,0.0,69,0.9272375462179536,0.374473674486883,1.0,6.123233995736766e-17,1,1052029.9888888889,826898.0113657821,0.0
2026-03-10,836000.0,771,47.6619,-122.330414,1428.0,731.808,,,3.0,2.0,460440230,"4515 Sunnyside Avenue N #B, Seattle, WA 98103",Seattle,WA,98103,TOWNHOUSE,FOR_SALE,26,https://www.zillow.com/homedetails/4515-Sunnyside-Ave-N-B-Seattle-WA-98103/460440230_zpid/,831100.0,8728d542bffffff,9,,,,,30.0,0.2052884881900859,0.0,69,0.9272375462179536,0.374473674486883,1.0,6.123233995736766e-17,1,1050850.9666666666,825491.4686698776,0.0
2026-03-10,575000.0,773,47.526855,-122.27501,1300.0,6499.152,,,3.0,2.0,48872009,"8435 46th ave S, Seattle, WA 98118",Seattle,WA,98118,SINGLE_FAMILY,FOR_SALE,26,https://www.zillow.com/homedetails/8435-46th-Ave-S-Seattle-WA-98118/48872009_zpid/,566200.0,8728d5501ffffff,38,,,,,30.0,0.6142970148843488,0.0,69,0.9272375462179536,0.374473674486883,1.0,6.123233995736766e-17,1,721051.8518518518,236059.32862535663,0.0
2026-03-10,399000.0,777,47.637318,-122.33895,912.0,505.296,,,1.0,1.0,2069752375,"2040 Westlake Avenue N #17, Seattle, WA 98109",Seattle,WA,98109,SINGLE_FAMILY,FOR_SALE,26,https://www.zillow.com/homedetails/2040-Westlake-Ave-N-17-Seattle-WA-98109/2069752375_zpid/,394700.0,8728d5428ffffff,9,,,,,30.0,0.2052884881900859,0.0,69,0.9272375462179536,0.374473674486883,1.0,6.123233995736766e-17,1,1047668.9777777778,827351.8595130263,0.0
2026-03-10,3700000.0,780,47.65915,-122.27131,3566.0,5009.4,,,6.0,6.0,456027877,"4231 53rd Ave NE, Seattle, WA 98105",Seattle,WA,98105,SINGLE_FAMILY,FOR_SALE,26,https://www.zillow.com/homedetails/4231-53rd-Ave-NE-Seattle-WA-98105/456027877_zpid/,3594100.0,8728d5401ffffff,59,,,,,30.0,0.4733823513436473,0.0,69,0.9272375462179536,0.374473674486883,1.0,6.123233995736766e-17,1,1601613.975,1633185.4208458103,0.0
2026-03-10,2850000.0,781,47.66644,-122.27769,3400.0,5000.688,,,4.0,4.0,48929558,"5113 47th Avenue NE, Seattle, WA 98105",Seattle,WA,98105,SINGLE_FAMILY,FOR_SALE,26,https://www.zillow.com/homedetails/5113-47th-Ave-NE-Seattle-WA-98105/48929558_zpid/,,8728d5401ffffff,59,,,,,30.0,0.4733823513436473,0.0,69,0.9272375462179536,0.374473674486883,1.0,6.123233995736766e-17,1,1632062.4146341465,1624384.0863275065,0.0
2026-03-10,1425000.0,782,47.717113,-122.28888,6416.0,0.3382,,,6.0,4.0,2079031469,"3601 NE 123rd Street, Seattle, WA 98125",Seattle,WA,98125,SINGLE_FAMILY,FOR_SALE,26,https://www.zillow.com/homedetails/3601-NE-123rd-St-Seattle-WA-98125/2079031469_zpid/,1385400.0,8728d54e4ffffff,9,,,,,30.0,0.2052884881900859,0.0,69,0.9272375462179536,0.374473674486883,1.0,6.123233995736766e-17,1,1053223.9777777777,828063.2705261002,0.0
2026-03-10,1050000.0,783,47.621834,-122.29955,1740.0,2495.988,,,3.0,3.0,48941610,"314 25th Avenue E, Seattle, WA 98112",Seattle,WA,98112,SINGLE_FAMILY,FOR_SALE,27,https://www.zillow.com/homedetails/314-25th-Ave-E-Seattle-WA-98112/48941610_zpid/,1037000.0,8728d542effffff,9,,,,,30.0,0.2052884881900859,0.0,69,0.9272375462179536,0.374473674486883,1.0,6.123233995736766e-17,1,1046557.3111111112,825616.352622226,0.0
2026-03-10,1450000.0,786,47.566807,-122.27287,2830.0,7200.468,,,3.0,2.0,48925820,"4026 48th Avenue S, Seattle, WA 98118",Seattle,WA,98118,SINGLE_FAMILY,FOR_SALE,27,https://www.zillow.com/homedetails/4026-48th-Ave-S-Seattle-WA-98118/48925820_zpid/,1427400.0,8728d550affffff,38,,,,,30.0,0.6142970148843488,0.0,69,0.9272375462179536,0.374473674486883,1.0,6.123233995736766e-17,1,749772.4137931034,265052.1204088947,0.0
2026-03-10,629000.0,788,47.58664,-122.29673,1101.0,1132.56,,,2.0,2.0,455605701,"1806 B 28th Avenue S, Seattle, WA 98144",Seattle,WA,98144,TOWNHOUSE,FOR_SALE,27,https://www.zillow.com/homedetails/1806-B-28th-Ave-S-Seattle-WA-98144/455605701_zpid/,626400.0,8728d5425ffffff,9,,,,,30.0,0.2052884881900859,0.0,69,0.9272375462179536,0.374473674486883,1.0,6.123233995736766e-17,1,1039880.6444444444,814666.3461943468,0.0
2026-03-10,659000.0,789,47.58669,-122.296745,1144.0,1263.24,,,2.0,2.0,449923303,"1804 B 28th Avenue S, Seattle, WA 98144",Seattle,WA,98144,TOWNHOUSE,FOR_SALE,27,https://www.zillow.com/homedetails/1804-B-28th-Ave-S-Seattle-WA-98144/449923303_zpid/,655800.0,8728d5425ffffff,9,,,,,30.0,0.2052884881900859,0.0,69,0.9272375462179536,0.374473674486883,1.0,6.123233995736766e-17,1,994425.088888889,713133.2786333185,0.0
2026-03-10,899950.0,791,47.719925,-122.30633,1390.0,6677.748,,,3.0,2.0,48779856,"12517 22nd Avenue NE, Seattle, WA 98125",Seattle,WA,98125,SINGLE_FAMILY,FOR_SALE,27,https://www.zillow.com/homedetails/12517-22nd-Ave-NE-Seattle-WA-98125/48779856_zpid/,,8728d54e5ffffff,9,,,,,30.0,0.2052884881900859,0.0,69,0.9272375462179536,0.374473674486883,1.0,6.123233995736766e-17,1,990480.6444444444,715532.8574709365,0.0
2026-03-10,719000.0,793,47.671337,-122.38289,1140.0,1180.476,,,3.0,3.0,82363144,"2017 NW 59th Street #A, Seattle, WA 98107",Seattle,WA,98107,TOWNHOUSE,FOR_SALE,27,https://www.zillow.com/homedetails/2017-NW-59th-St-A-Seattle-WA-98107/82363144_zpid/,713900.0,8728d5470ffffff,9,,,,,30.0,0.2052884881900859,0.0,69,0.9272375462179536,0.374473674486883,1.0,6.123233995736766e-17,1,986269.5333333332,716008.0687991179,0.0
2026-03-10,945000.0,769,47.691586,-122.30457,1834.0,1877.436,,,3.0,3.0,2079304684,"8613 23rd Avenue NE #B, Seattle, WA 98115",Seattle,WA,98115,TOWNHOUSE,FOR_SALE,26,https://www.zillow.com/homedetails/8613-23rd-Ave-NE-B-Seattle-WA-98115/2079304684_zpid/,930500.0,8728d5408ffffff,9,,,,,30.0,0.2052884881900859,0.0,69,0.9272375462179536,0.374473674486883,1.0,6.123233995736766e-17,1,943991.7555555556,593055.1404184127,0.0
2026-03-10,679950.0,615,47.683777,-122.363106,1041.0,670.824,,,2.0,2.0,460588447,"359 NW 76th Street, Seattle, WA 98117",Seattle,WA,98117,TOWNHOUSE,FOR_SALE,19,https://www.zillow.com/homedetails/359-NW-76th-St-Seattle-WA-98117/460588447_zpid/,678700.0,8728d5472ffffff,9,,,,,30.0,0.2052884881900859,0.0,69,0.9272375462179536,0.374473674486883,1.0,6.123233995736766e-17,1,940102.8666666668,593632.4069724582,0.0
2026-03-10,899000.0,614,47.683052,-122.32719,1411.0,884.268,,,2.0,2.0,456959910,"221 NE 75th Street, Seattle, WA 98115",Seattle,WA,98115,TOWNHOUSE,FOR_SALE,19,https://www.zillow.com/homedetails/221-NE-75th-St-Seattle-WA-98115/456959910_zpid/,897300.0,8728d540dffffff,9,,,,,30.0,0.2052884881900859,0.0,69,0.9272375462179536,0.374473674486883,1.0,6.123233995736766e-17,1,943113.9777777778,592718.1238402983,0.0
2026-03-10,1795000.0,646,47.620064,-122.30285,1740.0,4199.184,,,3.0,3.0,48697997,"137 23rd Avenue E, Seattle, WA 98112",Seattle,WA,98112,SINGLE_FAMILY,FOR_SALE,19,https://www.zillow.com/homedetails/137-23rd-Ave-E-Seattle-WA-98112/48697997_zpid/,,8728d542effffff,9,,,,,30.0,0.2052884881900859,0.0,69,0.9272375462179536,0.374473674486883,1.0,6.123233995736766e-17,1,897136.2,473078.8013189265,0.0
2026-03-10,1095000.0,647,47.59356,-122.30504,2080.0,4499.748,,,5.0,4.0,49016338,"2025 S Ingersoll Pl, Seattle, WA 98144",Seattle,WA,98144,SINGLE_FAMILY,FOR_SALE,19,https://www.zillow.com/homedetails/2025-S-Ingersoll-Pl-Seattle-WA-98144/49016338_zpid/,,8728d5425ffffff,9,,,,,30.0,0.2052884881900859,0.0,69,0.9272375462179536,0.374473674486883,1.0,6.123233995736766e-17,1,903647.3111111112,471707.405660522,0.0
2026-03-10,975000.0,649,47.69074,-122.374344,1939.0,914.76,,,3.0,3.0,48825916,"8501 14th Avenue NW, Seattle, WA 98117",Seattle,WA,98117,TOWNHOUSE,FOR_SALE,19,https://www.zillow.com/homedetails/8501-14th-Ave-NW-Seattle-WA-98117/48825916_zpid/,958900.0,8728d5472ffffff,9,,,,,30.0,0.2052884881900859,0.0,69,0.9272375462179536,0.374473674486883,1.0,6.123233995736766e-17,1,906425.088888889,474053.5563707853,0.0
2026-03-10,1898950.0,641,47.679752,-122.38504,2830.0,3750.516,,,3.0,3.0,120902313,"7002 23rd Avenue NW, Seattle, WA 98117",Seattle,WA,98117,SINGLE_FAMILY,FOR_SALE,19,https://www.zillow.com/homedetails/7002-23rd-Ave-NW-Seattle-WA-98117/120902313_zpid/,1850100.0,8728d5470ffffff,9,,,,,30.0,0.2052884881900859,0.0,69,0.9272375462179536,0.374473674486883,1.0,6.123233995736766e-17,1,920135.6444444444,484716.8106282054,0.0
2026-03-10,578900.0,651,47.580338,-122.295456,1115.0,1001.88,,,3.0,2.0,460572246,"2527 29th Avenue S #B, Seattle, WA 98144",Seattle,WA,98144,TOWNHOUSE,FOR_SALE,19,https://www.zillow.com/homedetails/2527-29th-Ave-S-B-Seattle-WA-98144/460572246_zpid/,577600.0,8728d5425ffffff,9,,,,,30.0,0.2052884881900859,0.0,69,0.9272375462179536,0.374473674486883,1.0,6.123233995736766e-17,1,916578.9777777778,486046.20115590753,0.0
2026-03-10,1099000.0,644,47.663086,-122.34002,1703.0,1398.276,,,3.0,3.0,460574682,"1412 N 47th Street #A, Seattle, WA 98103",Seattle,WA,98103,SINGLE_FAMILY,FOR_SALE,19,https://www.zillow.com/homedetails/1412-N-47th-St-A-Seattle-WA-98103/460574682_zpid/,1095500.0,8728d542bffffff,9,,,,,30.0,0.2052884881900859,0.0,69,0.9272375462179536,0.374473674486883,1.0,6.123233995736766e-17,1,914768.4222222222,489701.62912931904,0.0
2026-03-10,1875000.0,654,47.590984,-122.29105,2700.0,3219.084,,,4.0,3.0,49012915,"1354 32nd Avenue S, Seattle, WA 98144",Seattle,WA,98144,SINGLE_FAMILY,FOR_SALE,20,https://www.zillow.com/homedetails/1354-32nd-Ave-S-Seattle-WA-98144/49012915_zpid/,,8728d5425ffffff,9,,,,,30.0,0.2052884881900859,0.0,69,0.9272375462179536,0.374473674486883,1.0,6.123233995736766e-17,1,925390.6444444444,500053.4347645751,0.0
2026-03-10,749000.0,656,47.6896,-122.342514,920.0,4038.012,,,2.0,1.0,48972936,"1145 N 84th Street, Seattle, WA 98103",Seattle,WA,98103,SINGLE_FAMILY,FOR_SALE,20,https://www.zillow.com/homedetails/1145-N-84th-St-Seattle-WA-98103/48972936_zpid/,729200.0,8728d5409ffffff,9,,,,,30.0,0.2052884881900859,0.0,69,0.9272375462179536,0.374473674486883,1.0,6.123233995736766e-17,1,922323.9777777778,500281.9562748155,0.0
2026-03-10,699950.0,658,47.716846,-122.29907,1274.0,2378.376,,,3.0,3.0,460566031,"12044 Hiram Place NE #C, Seattle, WA 98125",Seattle,WA,98125,TOWNHOUSE,FOR_SALE,20,https://www.zillow.com/homedetails/12044-Hiram-Pl-NE-C-Seattle-WA-98125/460566031_zpid/,,8728d54e4ffffff,9,,,,,30.0,0.2052884881900859,0.0,69,0.9272375462179536,0.374473674486883,1.0,6.123233995736766e-17,1,915378.9777777778,503305.8178466782,0.0
2026-03-10,819950.0,661,47.56272,-122.28915,1601.0,2787.84,,,3.0,3.0,48745320,"4501 35th Avenue S, Seattle, WA 98118",Seattle,WA,98118,TOWNHOUSE,FOR_SALE,20,https://www.zillow.com/homedetails/4501-35th-Ave-S-Seattle-WA-98118/48745320_zpid/,816800.0,8728d550bffffff,38,,,,,30.0,0.6142970148843488,0.0,69,0.9272375462179536,0.374473674486883,1.0,6.123233995736766e-17,1,735912.9032258064,271776.0238896918,0.0
2026-03-10,319995.0,640,47.50257,-122.3383,1063.0,2378.376,,,2.0,2.0,48974690,"323 SW 112th Street #102, Seattle, WA 98146",Seattle,WA,98146,TOWNHOUSE,FOR_SALE,19,https://www.zillow.com/homedetails/323-SW-112th-St-APT-102-Seattle-WA-98146/48974690_zpid/,321300.0,8728d5529ffffff,38,,,,,30.0,0.6142970148843488,0.0,69,0.9272375462179536,0.374473674486883,1.0,6.123233995736766e-17,1,722915.46875,277282.204643338,0.0
2026-03-10,1288000.0,643,47.663155,-122.33336,2185.0,4373.424,,,4.0,3.0,48674072,"4616 Meridian Avenue N, Seattle, WA 98103",Seattle,WA,98103,SINGLE_FAMILY,FOR_SALE,19,https://www.zillow.com/homedetails/4616-Meridian-Ave-N-Seattle-WA-98103/48674072_zpid/,1268400.0,8728d542bffffff,9,,,,,30.0,0.2052884881900859,0.0,69,0.9272375462179536,0.374473674486883,1.0,6.123233995736766e-17,1,927467.2,522985.87112758856,0.0
2026-03-10,2345000.0,638,47.61663,-122.281425,3460.0,6660.324,,,4.0,4.0,49146443,"1702 Lake Washington Boulevard, Seattle, WA 98122",Seattle,WA,98122,SINGLE_FAMILY,FOR_SALE,19,https://www.zillow.com/homedetails/1702-Lake-Washington-Blvd-Seattle-WA-98122/49146443_zpid/,2273100.0,8728d5423ffffff,7,,,,,12.0,0.7351468897029728,0.0,69,0.9272375462179536,0.374473674486883,1.0,6.123233995736766e-17,1,2345000.0,0.0,0.0
2026-03-10,760000.0,619,47.54751,-122.37487,1679.0,2378.376,,,3.0,4.0,2068043270,"3280 SW Graham Street #601, Seattle, WA 98126",Seattle,WA,98126,TOWNHOUSE,FOR_SALE,19,https://www.zillow.com/homedetails/3280-SW-Graham-St-UNIT-601-Seattle-WA-98126/2068043270_zpid/,757200.0,8728d5573ffffff,14,,,,,14.0,1.1552308266761002,0.0,69,0.9272375462179536,0.374473674486883,1.0,6.123233995736766e-17,1,760000.0,0.0,0.0
2026-03-10,1175000.0,620,47.637306,-122.27872,1873.0,2378.376,,,3.0,3.0,460650605,"2009 42nd Avenue E, Seattle, WA 98112",Seattle,WA,98112,TOWNHOUSE,FOR_SALE,19,https://www.zillow.com/homedetails/2009-42nd-Ave-E-Seattle-WA-98112/460650605_zpid/,,8728d5405ffffff,7,,,,,10.0,0.3150629527298455,0.0,69,0.9272375462179536,0.374473674486883,1.0,6.123233995736766e-17,1,1175000.0,0.0,0.0
2026-03-10,2475000.0,622,47.637833,-122.358665,2948.0,5401.44,,,5.0,4.0,48758459,"2121 1st Avenue W, Seattle, WA 98119",Seattle,WA,98119,SINGLE_FAMILY,FOR_SALE,19,https://www.zillow.com/homedetails/2121-1st-Ave-W-Seattle-WA-98119/48758459_zpid/,,8728d5429ffffff,9,,,,,30.0,0.2052884881900859,0.0,69,0.9272375462179536,0.374473674486883,1.0,6.123233995736766e-17,1,943945.4222222222,549740.2321020919,0.0
2026-03-10,649950.0,627,47.548973,-122.3094,1103.0,1328.58,,,3.0,3.0,450234534,"5928 18th Avenue S, Seattle, WA 98108",Seattle,WA,98108,SINGLE_FAMILY,FOR_SALE,19,https://www.zillow.com/homedetails/5928-18th-Ave-S-Seattle-WA-98108/450234534_zpid/,649100.0,8728d5508ffffff,38,,,,,30.0,0.6142970148843488,0.0,69,0.9272375462179536,0.374473674486883,1.0,6.123233995736766e-17,1,715683.6764705882,270627.4197437033,0.0
2026-03-10,1470000.0,617,47.62456,-122.3081,1865.0,1354.716,,,4.0,3.0,460588097,"1810 E Mercer Street, Seattle, WA 98112",Seattle,WA,98112,TOWNHOUSE,FOR_SALE,19,https://www.zillow.com/homedetails/1810-E-Mercer-St-Seattle-WA-98112/460588097_zpid/,1452000.0,8728d542effffff,9,,,,,30.0,0.2052884881900859,0.0,69,0.9272375462179536,0.374473674486883,1.0,6.123233995736766e-17,1,947167.088888889,548897.6865670556,0.0
2026-03-10,899950.0,628,47.513794,-122.26119,1900.0,5549.544,,,5.0,3.0,48659874,"9744 57th Avenue S, Seattle, WA 98118",Seattle,WA,98118,SINGLE_FAMILY,FOR_SALE,19,https://www.zillow.com/homedetails/9744-57th-Ave-S-Seattle-WA-98118/48659874_zpid/,885200.0,8728d5501ffffff,38,,,,,30.0,0.6142970148843488,0.0,69,0.9272375462179536,0.374473674486883,1.0,6.123233995736766e-17,1,720948.4285714285,268431.039010163,0.0
2026-03-10,575000.0,632,47.558918,-122.362495,1170.0,601.128,,,2.0,2.0,353133405,"4810 C Delridge Way SW, Seattle, WA 98106",Seattle,WA,98106,TOWNHOUSE,FOR_SALE,19,https://www.zillow.com/homedetails/4810-C-Delridge-Way-SW-Seattle-WA-98106/353133405_zpid/,570900.0,8728d5554ffffff,9,,,,,30.0,0.2052884881900859,0.0,69,0.9272375462179536,0.374473674486883,1.0,6.123233995736766e-17,1,944912.088888889,548872.2669705036,0.0
2026-03-10,724900.0,633,47.71596,-122.30693,1108.0,1755.468,,,2.0,2.0,460584731,"2006 120th Street NE Unit 2, Seattle, WA 98125",Seattle,WA,98125,SINGLE_FAMILY,FOR_SALE,19,https://www.zillow.com/homedetails/2006-120th-St-NE-UNIT-2-Seattle-WA-98125/460584731_zpid/,,8728d540bffffff,9,,,,,30.0,0.2052884881900859,0.0,69,0.9272375462179536,0.374473674486883,1.0,6.123233995736766e-17,1,941088.7555555556,549196.5533575632,0.0
2026-03-10,1419000.0,635,47.64972,-122.40192,2690.0,5998.212,,,4.0,2.0,49009812,"3234 35th Avenue W, Seattle, WA 98199",Seattle,WA,98199,SINGLE_FAMILY,FOR_SALE,19,https://www.zillow.com/homedetails/3234-35th-Ave-W-Seattle-WA-98199/49009812_zpid/,,8728d5474ffffff,9,,,,,30.0,0.2052884881900859,0.0,69,0.9272375462179536,0.374473674486883,1.0,6.123233995736766e-17,1,946056.5333333332,553005.8694540125,0.0
2026-03-10,899950.0,662,47.611797,-122.28896,1418.0,505.296,,,3.0,2.0,2086809848,"3404 E Spring Street, Seattle, WA 98122",Seattle,WA,98122,TOWNHOUSE,FOR_SALE,20,https://www.zillow.com/homedetails/3404-E-Spring-St-Seattle-WA-98122/2086809848_zpid/,897800.0,8728d5423ffffff,7,,,,,11.0,0.5251049212164092,0.0,69,0.9272375462179536,0.374473674486883,1.0,6.123233995736766e-17,1,899950.0,0.0,0.0
2026-03-10,1015000.0,629,47.549034,-122.30953,2876.0,2443.716,,,4.0,4.0,452755316,"5930 18th Avenue S, Seattle, WA 98108",Seattle,WA,98108,SINGLE_FAMILY,FOR_SALE,19,https://www.zillow.com/homedetails/5930-18th-Ave-S-Seattle-WA-98108/452755316_zpid/,1012700.0,8728d5508ffffff,38,,,,,30.0,0.6142970148843488,0.0,69,0.9272375462179536,0.374473674486883,1.0,6.123233995736766e-17,1,729116.5277777778,269069.4045457403,0.0
2026-03-10,534997.0,664,47.552628,-122.28597,770.0,2726.856,,,1.0,1.0,48863198,"5429 Renton Avenue S, Seattle, WA 98118",Seattle,WA,98118,SINGLE_FAMILY,FOR_SALE,20,https://www.zillow.com/homedetails/5429-Renton-Ave-S-Seattle-WA-98118/48863198_zpid/,519000.0,8728d5508ffffff,38,,,,,30.0,0.6142970148843488,0.0,69,0.9272375462179536,0.374473674486883,1.0,6.123233995736766e-17,1,752452.4210526316,317048.89634878107,0.0
2026-03-10,949950.0,665,47.611877,-122.28902,1416.0,505.296,,,3.0,2.0,457082913,"3402 E Spring Street, Seattle, WA 98122",Seattle,WA,98122,TOWNHOUSE,FOR_SALE,20,https://www.zillow.com/homedetails/3402-E-Spring-St-Seattle-WA-98122/457082913_zpid/,947000.0,8728d5423ffffff,7,,,,,13.0,0.9451888581895366,0.0,69,0.9272375462179536,0.374473674486883,1.0,6.123233995736766e-17,1,949950.0,0.0,0.0
2026-03-10,685000.0,667,47.55914,-122.36318,1260.0,609.84,,,4.0,3.0,338640698,"2403 SW Edmunds Street, Seattle, WA 98106",Seattle,WA,98106,TOWNHOUSE,FOR_SALE,20,https://www.zillow.com/homedetails/2403-SW-Edmunds-St-Seattle-WA-98106/338640698_zpid/,678700.0,8728d5554ffffff,9,,,,,30.0,0.2052884881900859,0.0,69,0.9272375462179536,0.374473674486883,1.0,6.123233995736766e-17,1,943878.7555555556,553401.4337653406,0.0
2026-03-10,999950.0,694,47.64182,-122.37448,1802.0,1502.82,,,3.0,2.0,460503860,"2538 14th Avenue W #D, Seattle, WA 98119",Seattle,WA,98119,TOWNHOUSE,FOR_SALE,23,https://www.zillow.com/homedetails/2538-14th-Ave-W-D-Seattle-WA-98119/460503860_zpid/,995300.0,8728d5429ffffff,9,,,,,30.0,0.2052884881900859,0.0,69,0.9272375462179536,0.374473674486883,1.0,6.123233995736766e-17,1,948600.4222222222,552029.9215289286,0.0
2026-03-10,999950.0,695,47.64182,-122.37448,1725.0,1502.82,,,4.0,3.0,460503861,"2538 14th Avenue W #C, Seattle, WA 98119",Seattle,WA,98119,TOWNHOUSE,FOR_SALE,23,https://www.zillow.com/homedetails/2538-14th-Ave-W-C-Seattle-WA-98119/460503861_zpid/,995300.0,8728d5429ffffff,9,,,,,30.0,0.2052884881900859,0.0,69,0.9272375462179536,0.374473674486883,1.0,6.123233995736766e-17,1,951272.088888889,551686.1941503353,0.0
2026-03-10,468500.0,696,47.70751,-122.33596,1100.0,2378.376,,,2.0,1.0,59695685,"10717 Burke Ave N APT D, Seattle, WA 98133",Seattle,WA,98133,TOWNHOUSE,FOR_SALE,23,https://www.zillow.com/homedetails/10717-Burke-Ave-N-APT-D-Seattle-WA-98133/59695685_zpid/,,8728d5456ffffff,9,,,,,30.0,0.2052884881900859,0.0,69,0.9272375462179536,0.374473674486883,1.0,6.123233995736766e-17,1,929833.2,531972.2933726965,0.0
2026-03-10,725000.0,697,47.551815,-122.28017,1108.0,1097.712,,,2.0,2.0,48863095,"4215 S Findlay Street, Seattle, WA 98118",Seattle,WA,98118,SINGLE_FAMILY,FOR_SALE,23,https://www.zillow.com/homedetails/4215-S-Findlay-St-Seattle-WA-98118/48863095_zpid/,718600.0,8728d550affffff,38,,,,,30.0,0.6142970148843488,0.0,69,0.9272375462179536,0.374473674486883,1.0,6.123233995736766e-17,1,751748.5128205129,312880.27012394916,0.0
2026-03-10,0.0,698,47.61541,-122.35125,549.0,0.64,,,1.0,1.0,82366116,"76 Cedar St Unit 710, Seattle, WA 98121",Seattle,WA,98121,SINGLE_FAMILY,FOR_SALE,24,https://www.zillow.com/homedetails/76-Cedar-St-UNIT-710-Seattle-WA-98121/82366116_zpid/,397000.0,8728d542dffffff,59,,,,,30.0,0.4733823513436473,0.0,69,0.9272375462179536,0.374473674486883,1.0,6.123233995736766e-17,1,1498592.4583333333,1556871.8191566328,0.0
2026-03-10,0.0,699,47.72999,-122.355255,1390.0,1306.8,,,3.0,4.0,2068085764,"13810 Greenwood Ave N Unit D, Seattle, WA 98133",Seattle,WA,98133,SINGLE_FAMILY,FOR_SALE,24,https://www.zillow.com/homedetails/13810-Greenwood-Ave-N-UNIT-D-Seattle-WA-98133/2068085764_zpid/,647300.0,8728d5452ffffff,59,,,,,30.0,0.4733823513436473,0.0,69,0.9272375462179536,0.374473674486883,1.0,6.123233995736766e-17,1,1468008.9387755103,1555373.0166531247,0.0
2026-03-10,854000.0,701,47.566166,-122.29556,1740.0,1650.924,,,3.0,3.0,460489753,"3003 S Dakota Street #1, Seattle, WA 98108",Seattle,WA,98108,TOWNHOUSE,FOR_SALE,24,https://www.zillow.com/homedetails/3003-S-Dakota-St-1-Seattle-WA-98108/460489753_zpid/,852400.0,8728d550bffffff,38,,,,,30.0,0.6142970148843488,0.0,69,0.9272375462179536,0.374473674486883,1.0,6.123233995736766e-17,1,754304.8,309265.8135132467,0.0
2026-03-10,1245000.0,702,47.566124,-122.29473,2577.0,2931.588,,,4.0,4.0,460489823,"3007 S Dakota Street, Seattle, WA 98108",Seattle,WA,98108,SINGLE_FAMILY,FOR_SALE,24,https://www.zillow.com/homedetails/3007-S-Dakota-St-Seattle-WA-98108/460489823_zpid/,1240500.0,8728d550bffffff,38,,,,,30.0,0.6142970148843488,0.0,69,0.9272375462179536,0.374473674486883,1.0,6.123233995736766e-17,1,766272.9756097561,314844.304613049,0.0
2026-03-10,549995.0,704,47.54867,-122.28784,1400.0,801.504,,,3.0,2.0,2084624258,"5936 S 36th Avenue #F, Seattle, WA 98118",Seattle,WA,98118,TOWNHOUSE,FOR_SALE,24,https://www.zillow.com/homedetails/5936-36th-Ave-S-F-Seattle-WA-98118/2084624258_zpid/,547200.0,8728d5508ffffff,38,,,,,30.0,0.6142970148843488,0.0,69,0.9272375462179536,0.374473674486883,1.0,6.123233995736766e-17,1,761123.5,312766.5649612675,0.0
2026-03-10,1599900.0,705,47.635765,-122.3469,2070.0,2378.376,,,4.0,4.0,452050954,"517B Plan, Trolley Vue",Seattle,WA,98109,TOWNHOUSE,FOR_SALE,24,https://www.zillow.com/community/trolley-vue/452050954_zpid/,,8728d5428ffffff,9,,,,,30.0,0.2052884881900859,0.0,69,0.9272375462179536,0.374473674486883,1.0,6.123233995736766e-17,1,925998.7555555556,536555.9645921171,0.0
2026-03-10,1750000.0,706,47.660507,-122.32807,2661.0,2478.564,,,4.0,4.0,460485962,"4406 1st Avenue NE, Seattle, WA 98105",Seattle,WA,98105,TOWNHOUSE,FOR_SALE,24,https://www.zillow.com/homedetails/4406-1st-Ave-NE-Seattle-WA-98105/460485962_zpid/,1737400.0,8728d542bffffff,9,,,,,30.0,0.2052884881900859,0.0,69,0.9272375462179536,0.374473674486883,1.0,6.123233995736766e-17,1,937109.8666666668,543183.5656900499,0.0
2026-03-10,899950.0,709,47.67679,-122.29143,1600.0,1228.392,,,3.0,3.0,460487460,"6534 34th Avenue NE #A, Seattle, WA 98115",Seattle,WA,98115,TOWNHOUSE,FOR_SALE,24,https://www.zillow.com/homedetails/6534-34th-Ave-NE-APT-A-Seattle-WA-98115/460487460_zpid/,887400.0,8728d540effffff,59,,,,,30.0,0.4733823513436473,0.0,69,0.9272375462179536,0.374473674486883,1.0,6.123233995736766e-17,1,1456647.76,1541514.8111949128,0.0
2026-03-10,679950.0,710,47.56059,-122.36261,1420.0,1058.508,,,3.0,2.0,125989542,"4714 Delridge Way SW, Seattle, WA 98106",Seattle,WA,98106,TOWNHOUSE,FOR_SALE,24,https://www.zillow.com/homedetails/4714-Delridge-Way-SW-Seattle-WA-98106/125989542_zpid/,674800.0,8728d5554ffffff,9,,,,,30.0,0.2052884881900859,0.0,69,0.9272375462179536,0.374473674486883,1.0,6.123233995736766e-17,1,933276.5333333332,542863.8547346193,0.0
2026-03-10,1599950.0,711,47.68875,-122.299545,2020.0,9983.952,,,4.0,3.0,48738139,"2604 NE 82nd Street, Seattle, WA 98115",Seattle,WA,98115,SINGLE_FAMILY,FOR_SALE,24,https://www.zillow.com/homedetails/2604-NE-82nd-St-Seattle-WA-98115/48738139_zpid/,,8728d5408ffffff,9,,,,,30.0,0.2052884881900859,0.0,69,0.9272375462179536,0.374473674486883,1.0,6.123233995736766e-17,1,937053.7555555556,546334.3101930321,0.0
2026-03-10,618800.0,713,47.524914,-122.28067,1500.0,1271.952,,,3.0,2.0,247768329,"8706 S 42nd Avenue, Seattle, WA 98118",Seattle,WA,98118,TOWNHOUSE,FOR_SALE,24,https://www.zillow.com/homedetails/8706-42nd-Ave-S-Seattle-WA-98118/247768329_zpid/,614900.0,8728d5501ffffff,38,,,,,30.0,0.6142970148843488,0.0,69,0.9272375462179536,0.374473674486883,1.0,6.123233995736766e-17,1,757813.6511627907,309781.9817013314,0.0
2026-03-10,995000.0,689,47.666916,-122.29882,1460.0,2500.344,,,3.0,2.0,49117662,"5121 27th Avenue NE, Seattle, WA 98105",Seattle,WA,98105,SINGLE_FAMILY,FOR_SALE,22,https://www.zillow.com/homedetails/5121-27th-Ave-NE-Seattle-WA-98105/49117662_zpid/,988300.0,8728d540cffffff,9,,,,,30.0,0.2052884881900859,0.0,69,0.9272375462179536,0.374473674486883,1.0,6.123233995736766e-17,1,933975.9666666668,546083.1496144324,0.0
2026-03-10,1049950.0,693,47.64182,-122.37448,1764.0,888.624,,,4.0,3.0,460503858,"2538 14th Avenue W #B, Seattle, WA 98119",Seattle,WA,98119,TOWNHOUSE,FOR_SALE,23,https://www.zillow.com/homedetails/2538-14th-Ave-W-B-Seattle-WA-98119/460503858_zpid/,1044500.0,8728d5429ffffff,9,,,,,30.0,0.2052884881900859,0.0,69,0.9272375462179536,0.374473674486883,1.0,6.123233995736766e-17,1,932308.7444444444,545490.5717417448,0.0
2026-03-10,1100000.0,716,47.6578,-122.328674,1153.0,2138.796,,,2.0,2.0,460481195,"2509 N 42nd Street, Seattle, WA 98103",Seattle,WA,98103,SINGLE_FAMILY,FOR_SALE,25,https://www.zillow.com/homedetails/2509-N-42nd-St-Seattle-WA-98103/460481195_zpid/,1093500.0,8728d542bffffff,9,,,,,30.0,0.2052884881900859,0.0,69,0.9272375462179536,0.374473674486883,1.0,6.123233995736766e-17,1,928597.0777777778,546384.071566451,0.0
2026-03-10,1200000.0,642,47.6714,-122.36991,2200.0,5000.688,,,3.0,2.0,48823916,"929 NW 59th Street, Seattle, WA 98107",Seattle,WA,98107,SINGLE_FAMILY,FOR_SALE,19,https://www.zillow.com/homedetails/929-NW-59th-St-Seattle-WA-98107/48823916_zpid/,1153700.0,8728d5476ffffff,9,,,,,30.0,0.2052884881900859,0.0,69,0.9272375462179536,0.374473674486883,1.0,6.123233995736766e-17,1,937930.411111111,543730.1584674844,0.0
2026-03-10,710000.0,669,47.70608,-122.342415,1559.0,901.692,,,3.0,3.0,460559019,"10533 E Stone Avenue N, Seattle, WA 98133",Seattle,WA,98133,TOWNHOUSE,FOR_SALE,20,https://www.zillow.com/homedetails/10533-E-Stone-Ave-N-Seattle-WA-98133/460559019_zpid/,,8728d5456ffffff,9,,,,,30.0,0.2052884881900859,0.0,69,0.9272375462179536,0.374473674486883,1.0,6.123233995736766e-17,1,937608.1888888888,543857.9499416334,0.0
2026-03-10,760000.0,670,47.70608,-122.342415,1688.0,696.96,,,3.0,3.0,460558966,"10533 C Stone Avenue N, Seattle, WA 98133",Seattle,WA,98133,TOWNHOUSE,FOR_SALE,20,https://www.zillow.com/homedetails/10533-C-Stone-Ave-N-Seattle-WA-98133/460558966_zpid/,,8728d5456ffffff,9,,,,,30.0,0.2052884881900859,0.0,69,0.9272375462179536,0.374473674486883,1.0,6.123233995736766e-17,1,935774.8555555556,544178.9404039223,0.0
2026-03-10,699950.0,671,47.689182,-122.37007,950.0,1306.8,,,2.0,3.0,2063074624,"8314 11th Avenue NW #A, Seattle, WA 98117",Seattle,WA,98117,SINGLE_FAMILY,FOR_SALE,20,https://www.zillow.com/homedetails/8314-11th-Ave-NW-A-Seattle-WA-98117/2063074624_zpid/,,8728d5472ffffff,9,,,,,30.0,0.2052884881900859,0.0,69,0.9272375462179536,0.374473674486883,1.0,6.123233995736766e-17,1,925218.7444444444,539361.8886762755,0.0
2026-03-10,599000.0,672,47.71938,-122.28996,1317.0,1.0704,,,3.0,3.0,457591629,"3510 NE 125th Street #E, Seattle, WA 98125",Seattle,WA,98125,TOWNHOUSE,FOR_SALE,20,https://www.zillow.com/homedetails/3510-NE-125th-St-E-Seattle-WA-98125/457591629_zpid/,,8728d54e4ffffff,9,,,,,30.0,0.2052884881900859,0.0,69,0.9272375462179536,0.374473674486883,1.0,6.123233995736766e-17,1,920096.5222222222,540255.7895748763,0.0
2026-03-10,849000.0,674,47.542294,-122.2778,1837.0,2378.376,,,3.0,3.0,458738257,"4405 S Holly Street, Seattle, WA 98118",Seattle,WA,98118,TOWNHOUSE,FOR_SALE,20,https://www.zillow.com/homedetails/4405-S-Holly-St-Seattle-WA-98118/458738257_zpid/,844800.0,8728d550effffff,9,,,,,30.0,0.2052884881900859,0.0,69,0.9272375462179536,0.374473674486883,1.0,6.123233995736766e-17,1,928335.411111111,534181.0889817491,0.0
2026-03-10,4475000.0,678,47.669437,-122.40368,9505.0,0.4645999999999999,,,8.0,7.0,48710754,"3437 NW 56th Street, Seattle, WA 98107",Seattle,WA,98107,SINGLE_FAMILY,FOR_SALE,21,https://www.zillow.com/homedetails/3437-NW-56th-St-Seattle-WA-98107/48710754_zpid/,4266100.0,8728d5470ffffff,9,,,,,30.0,0.2052884881900859,0.0,69,0.9272375462179536,0.374473674486883,1.0,6.123233995736766e-17,1,954335.411111111,641273.2249511207,0.0
2026-03-10,1025000.0,679,47.664787,-122.338486,1794.0,1163.052,,,3.0,2.0,457405287,"1615 N 50th Street #C, Seattle, WA 98103",Seattle,WA,98103,TOWNHOUSE,FOR_SALE,21,https://www.zillow.com/homedetails/1615-N-50th-St-C-Seattle-WA-98103/457405287_zpid/,1022000.0,8728d540dffffff,9,,,,,30.0,0.2052884881900859,0.0,69,0.9272375462179536,0.374473674486883,1.0,6.123233995736766e-17,1,956557.6333333332,641166.5234064301,0.0
2026-03-10,625000.0,680,47.693066,-122.33951,1104.0,910.404,,,2.0,2.0,444732507,"8823 Ashworth Avenue N #B, Seattle, WA 98103",Seattle,WA,98103,TOWNHOUSE,FOR_SALE,21,https://www.zillow.com/homedetails/8823-Ashworth-Ave-N-B-Seattle-WA-98103/444732507_zpid/,623000.0,8728d5409ffffff,9,,,,,30.0,0.2052884881900859,0.0,69,0.9272375462179536,0.374473674486883,1.0,6.123233995736766e-17,1,953002.0777777778,642117.9016240143,0.0
2026-03-10,2499000.0,682,47.65995,-122.27227,3110.0,5000.688,,,4.0,4.0,48998421,"4315 52nd Avenue NE, Seattle, WA 98105",Seattle,WA,98105,SINGLE_FAMILY,FOR_SALE,21,https://www.zillow.com/homedetails/4315-52nd-Ave-NE-Seattle-WA-98105/48998421_zpid/,2418200.0,8728d5401ffffff,59,,,,,30.0,0.4733823513436473,0.0,69,0.9272375462179536,0.374473674486883,1.0,6.123233995736766e-17,1,1456738.2307692308,1524957.9768172023,0.0
2026-03-10,699950.0,684,47.557713,-122.36264,1260.0,1128.204,,,3.0,3.0,108801788,"4854 Delridge Way SW #B, Seattle, WA 98106",Seattle,WA,98106,TOWNHOUSE,FOR_SALE,21,https://www.zillow.com/homedetails/4854-Delridge-Way-SW-B-Seattle-WA-98106/108801788_zpid/,689700.0,8728d5554ffffff,9,,,,,30.0,0.2052884881900859,0.0,69,0.9272375462179536,0.374473674486883,1.0,6.123233995736766e-17,1,970779.3,640064.9242901276,0.0
2026-03-10,699950.0,686,47.592194,-122.29848,1458.0,914.76,,,3.0,2.0,125252040,"2608 S Judkins Street #A, Seattle, WA 98144",Seattle,WA,98144,TOWNHOUSE,FOR_SALE,21,https://www.zillow.com/homedetails/2608-S-Judkins-St-A-Seattle-WA-98144/125252040_zpid/,692200.0,8728d5425ffffff,9,,,,,30.0,0.2052884881900859,0.0,69,0.9272375462179536,0.374473674486883,1.0,6.123233995736766e-17,1,950578.7444444444,612407.5490464038,0.0
2026-03-10,2590000.0,688,47.629326,-122.36095,4120.0,4935.348,,,5.0,4.0,48753290,"307 W Highland Drive, Seattle, WA 98119",Seattle,WA,98119,SINGLE_FAMILY,FOR_SALE,21,https://www.zillow.com/homedetails/307-W-Highland-Dr-Seattle-WA-98119/48753290_zpid/,,8728d542dffffff,59,,,,,30.0,0.4733823513436473,0.0,69,0.9272375462179536,0.374473674486883,1.0,6.123233995736766e-17,1,1478120.5283018867,1518225.1079749416,0.0
2026-03-10,830000.0,687,47.54263,-122.3744,1870.0,2313.036,,,3.0,3.0,333458109,"3221 SW Holly Street, Seattle, WA 98126",Seattle,WA,98126,SINGLE_FAMILY,FOR_SALE,21,https://www.zillow.com/homedetails/3221-SW-Holly-St-Seattle-WA-98126/333458109_zpid/,,8728d5573ffffff,14,,,,,15.0,1.365272795162664,0.0,69,0.9272375462179536,0.374473674486883,1.0,6.123233995736766e-17,1,830000.0,0.0,0.0
2026-03-10,999990.0,412,47.529297,-122.2672,3280.0,9199.872,,,6.0,3.0,48864074,"8305 Duncan Ave S, Seattle, WA 98118",Seattle,WA,98118,SINGLE_FAMILY,FOR_SALE,12,https://www.zillow.com/homedetails/8305-Duncan-Ave-S-Seattle-WA-98118/48864074_zpid/,975900.0,8728d5501ffffff,38,,,,,30.0,0.6142970148843488,0.0,69,0.9272375462179536,0.374473674486883,1.0,6.123233995736766e-17,1,758934.2826086957,302316.9161472527,0.0
2026-03-10,850000.0,411,47.562737,-122.38259,1460.0,1158.696,,,3.0,2.0,48697928,"3955 SW Oregon Street, Seattle, WA 98116",Seattle,WA,98116,SINGLE_FAMILY,FOR_SALE,12,https://www.zillow.com/homedetails/3955-SW-Oregon-St-Seattle-WA-98116/48697928_zpid/,840600.0,8728d5555ffffff,9,,,,,30.0,0.2052884881900859,0.0,69,0.9272375462179536,0.374473674486883,1.0,6.123233995736766e-17,1,946412.0777777778,611794.8736779441,0.0
2026-03-10,650000.0,132,47.706676,-122.34637,1091.0,1197.9,,,2.0,3.0,460880730,"904 N 107th Street, Seattle, WA 98133",Seattle,WA,98133,TOWNHOUSE,FOR_SALE,4,https://www.zillow.com/homedetails/904-N-107th-St-Seattle-WA-98133/460880730_zpid/,,8728d5456ffffff,9,,,,,30.0,0.2052884881900859,0.0,69,0.9272375462179536,0.374473674486883,1.0,6.123233995736766e-17,1,926867.6333333332,589602.3428107074,0.0
2026-03-10,675000.0,134,47.69848,-122.34051,1366.0,592.416,,,3.0,2.0,351345003,"9518 Interlake Avenue N, Seattle, WA 98103",Seattle,WA,98103,TOWNHOUSE,FOR_SALE,4,https://www.zillow.com/homedetails/9518-Interlake-Ave-N-Seattle-WA-98103/351345003_zpid/,668800.0,8728d5409ffffff,9,,,,,30.0,0.2052884881900859,0.0,69,0.9272375462179536,0.374473674486883,1.0,6.123233995736766e-17,1,933485.411111111,587729.4013747605,0.0
2026-03-10,850000.0,135,47.556965,-122.38203,1630.0,1916.64,,,4.0,4.0,460880507,"5017 Fauntleroy Way SW #B, Seattle, WA 98136",Seattle,WA,98136,TOWNHOUSE,FOR_SALE,4,https://www.zillow.com/homedetails/5017-Fauntleroy-Way-SW-B-Seattle-WA-98136/460880507_zpid/,,8728d5573ffffff,14,,,,,3.0,-1.1552308266761002,0.0,69,0.9272375462179536,0.374473674486883,1.0,6.123233995736766e-17,1,850000.0,0.0,0.0
2026-03-10,2395000.0,136,47.647636,-122.40542,3430.0,6150.672,,,4.0,3.0,48943285,"3026 38th Avenue W, Seattle, WA 98199",Seattle,WA,98199,SINGLE_FAMILY,FOR_SALE,4,https://www.zillow.com/homedetails/3026-38th-Ave-W-Seattle-WA-98199/48943285_zpid/,2295600.0,8728d5474ffffff,9,,,,,30.0,0.2052884881900859,0.0,69,0.9272375462179536,0.374473674486883,1.0,6.123233995736766e-17,1,952985.9666666668,606690.5805622264,0.0
2026-03-10,630000.0,137,47.559032,-122.36331,1166.0,662.112,,,3.0,3.0,353233399,"4805 B Delridge Way SW, Seattle, WA 98106",Seattle,WA,98106,TOWNHOUSE,FOR_SALE,4,https://www.zillow.com/homedetails/4805-B-Delridge-Way-SW-Seattle-WA-98106/353233399_zpid/,625400.0,8728d5554ffffff,9,,,,,30.0,0.2052884881900859,0.0,69,0.9272375462179536,0.374473674486883,1.0,6.123233995736766e-17,1,948875.9666666668,607621.4143937798,0.0
2026-03-10,1085000.0,138,47.55205,-122.31145,2430.0,5601.816,,,4.0,4.0,49045067,"5545 17th Avenue S, Seattle, WA 98108",Seattle,WA,98108,SINGLE_FAMILY,FOR_SALE,4,https://www.zillow.com/homedetails/5545-17th-Ave-S-Seattle-WA-98108/49045067_zpid/,1057600.0,8728d5508ffffff,38,,,,,7.0,-1.9841087492241611,0.0,69,0.9272375462179536,0.374473674486883,1.0,6.123233995736766e-17,1,765871.8510638297,302771.7984583352,0.0
2026-03-10,1675000.0,139,47.63717,-122.40173,2980.0,5244.624,,,4.0,2.0,48726838,"1945 35th Avenue W, Seattle, WA 98199",Seattle,WA,98199,SINGLE_FAMILY,FOR_SALE,4,https://www.zillow.com/homedetails/1945-35th-Ave-W-Seattle-WA-98199/48726838_zpid/,1626600.0,8728d555bffffff,59,,,,,30.0,0.4733823513436473,0.0,69,0.9272375462179536,0.374473674486883,1.0,6.123233995736766e-17,1,1481766.4444444445,1504072.6635998306,0.0
2026-03-10,985000.0,131,47.70673,-122.34719,2153.0,2657.16,,,4.0,3.0,460880729,"10702 Linden Avenue N, Seattle, WA 98133",Seattle,WA,98133,TOWNHOUSE,FOR_SALE,4,https://www.zillow.com/homedetails/10702-Linden-Ave-N-Seattle-WA-98133/460880729_zpid/,,8728d5456ffffff,9,,,,,30.0,0.2052884881900859,0.0,69,0.9272375462179536,0.374473674486883,1.0,6.123233995736766e-17,1,943375.9666666668,610553.5010878012,0.0
2026-03-10,769000.0,141,47.638172,-122.38865,1172.0,906.048,,,2.0,2.0,2069945569,"2409 W Boston Street #A, Seattle, WA 98199",Seattle,WA,98199,TOWNHOUSE,FOR_SALE,4,https://www.zillow.com/homedetails/2409-W-Boston-St-A-Seattle-WA-98199/2069945569_zpid/,761700.0,8728d555affffff,9,,,,,30.0,0.2052884881900859,0.0,69,0.9272375462179536,0.374473674486883,1.0,6.123233995736766e-17,1,943943.8777777776,610365.14713061,0.0
2026-03-10,2900000.0,143,47.561264,-122.26858,3770.0,7200.468,,,4.0,4.0,48954471,"4615 52nd Avenue S, Seattle, WA 98118",Seattle,WA,98118,SINGLE_FAMILY,FOR_SALE,4,https://www.zillow.com/homedetails/4615-52nd-Ave-S-Seattle-WA-98118/48954471_zpid/,2809100.0,8728d550affffff,38,,,,,8.0,-1.8711345855672696,0.0,69,0.9272375462179536,0.374473674486883,1.0,6.123233995736766e-17,1,810332.8541666666,429657.7689859186,0.0
2026-03-10,1199000.0,144,47.70626,-122.31626,3300.0,6538.356,,,4.0,3.0,48736352,"1058 NE 106th Street, Seattle, WA 98125",Seattle,WA,98125,SINGLE_FAMILY,FOR_SALE,4,https://www.zillow.com/homedetails/1058-NE-106th-St-Seattle-WA-98125/48736352_zpid/,1161500.0,8728d540bffffff,9,,,,,30.0,0.2052884881900859,0.0,69,0.9272375462179536,0.374473674486883,1.0,6.123233995736766e-17,1,947977.2111111112,610843.0091878917,0.0
2026-03-10,1420000.0,145,47.72484,-122.36309,3090.0,7200.468,,,4.0,3.0,48695294,"417 NW 132nd Street, Seattle, WA 98177",Seattle,WA,98177,SINGLE_FAMILY,FOR_SALE,5,https://www.zillow.com/homedetails/417-NW-132nd-St-Seattle-WA-98177/48695294_zpid/,1390000.0,8728d5450ffffff,59,,,,,30.0,0.4733823513436473,0.0,69,0.9272375462179536,0.374473674486883,1.0,6.123233995736766e-17,1,1480643.4181818182,1490104.2613901054,0.0
2026-03-10,1275000.0,146,47.682014,-122.35971,2570.0,3750.516,,,5.0,2.0,48655125,"200 NW 73rd Street, Seattle, WA 98117",Seattle,WA,98117,SINGLE_FAMILY,FOR_SALE,5,https://www.zillow.com/homedetails/200-NW-73rd-St-Seattle-WA-98117/48655125_zpid/,,8728d5472ffffff,9,,,,,30.0,0.2052884881900859,0.0,69,0.9272375462179536,0.374473674486883,1.0,6.123233995736766e-17,1,957704.9888888889,608978.6731811296,0.0
2026-03-10,1195000.0,147,47.72192,-122.2834,2210.0,0.3818,,,3.0,2.0,48735353,"12725 42nd Avenue NE, Seattle, WA 98125",Seattle,WA,98125,SINGLE_FAMILY,FOR_SALE,5,https://www.zillow.com/homedetails/12725-42nd-Ave-NE-Seattle-WA-98125/48735353_zpid/,1149900.0,8728d54e4ffffff,9,,,,,30.0,0.2052884881900859,0.0,69,0.9272375462179536,0.374473674486883,1.0,6.123233995736766e-17,1,963760.5444444444,608594.1015103535,0.0
2026-03-10,675000.0,148,47.695904,-122.37598,1320.0,1502.82,,,3.0,2.0,48764503,"1459 NW 92nd Street, Seattle, WA 98117",Seattle,WA,98117,TOWNHOUSE,FOR_SALE,5,https://www.zillow.com/homedetails/1459-NW-92nd-St-Seattle-WA-98117/48764503_zpid/,665100.0,8728d5454ffffff,9,,,,,30.0,0.2052884881900859,0.0,69,0.9272375462179536,0.374473674486883,1.0,6.123233995736766e-17,1,966827.2111111112,606407.7802047232,0.0
2026-03-10,1600000.0,149,47.55684,-122.39082,2740.0,5405.796,,,4.0,4.0,48806579,"5022 46th Avenue SW, Seattle, WA 98136",Seattle,WA,98136,SINGLE_FAMILY,FOR_SALE,5,https://www.zillow.com/homedetails/5022-46th-Ave-SW-Seattle-WA-98136/48806579_zpid/,1562100.0,8728d5573ffffff,14,,,,,4.0,-0.9451888581895366,0.0,69,0.9272375462179536,0.374473674486883,1.0,6.123233995736766e-17,1,1600000.0,0.0,0.0
2026-03-10,1700000.0,128,47.71442,-122.27951,2354.0,7701.408,,,5.0,3.0,49103412,"11753 Lakeside Ave NE, Seattle, WA 98125",Seattle,WA,98125,SINGLE_FAMILY,FOR_SALE,4,https://www.zillow.com/homedetails/11753-Lakeside-Ave-NE-Seattle-WA-98125/49103412_zpid/,1634300.0,8728d54e4ffffff,9,,,,,30.0,0.2052884881900859,0.0,69,0.9272375462179536,0.374473674486883,1.0,6.123233995736766e-17,1,984883.3222222222,613090.3303294358,0.0
2026-03-10,1398000.0,142,47.680775,-122.37752,2300.0,5100.876,,,4.0,3.0,49041062,"7040 16th Avenue NW, Seattle, WA 98117",Seattle,WA,98117,SINGLE_FAMILY,FOR_SALE,4,https://www.zillow.com/homedetails/7040-16th-Ave-NW-Seattle-WA-98117/49041062_zpid/,,8728d5472ffffff,9,,,,,30.0,0.2052884881900859,0.0,69,0.9272375462179536,0.374473674486883,1.0,6.123233995736766e-17,1,988749.9888888889,614601.1553817973,0.0
2026-03-10,1900000.0,127,47.69326,-122.2717,3010.0,4887.432,,,5.0,4.0,48873576,"8770 Sand Point Way NE, Seattle, WA 98115",Seattle,WA,98115,SINGLE_FAMILY,FOR_SALE,4,https://www.zillow.com/homedetails/8770-Sand-Point-Way-NE-Seattle-WA-98115/48873576_zpid/,1828800.0,8728d540affffff,59,,,,,29.0,0.3427941164902274,0.0,69,0.9272375462179536,0.374473674486883,1.0,6.123233995736766e-17,1,1488131.9285714286,1477558.7846573372,0.0
2026-03-10,2295000.0,105,47.663776,-122.27973,3110.0,4081.572,,,5.0,3.0,49047009,"4721 45th Avenue NE, Seattle, WA 98105",Seattle,WA,98105,SINGLE_FAMILY,FOR_SALE,4,https://www.zillow.com/homedetails/4721-45th-Ave-NE-Seattle-WA-98105/49047009_zpid/,2214300.0,8728d5401ffffff,59,,,,,27.0,0.0816176467833874,0.0,69,0.9272375462179536,0.374473674486883,1.0,6.123233995736766e-17,1,1488023.9310344828,1459314.4079902107,0.0
2026-03-10,2295000.0,107,47.67232,-122.26367,3780.0,4360.356,,,4.0,4.0,48851374,"6001 60th Avenue NE, Seattle, WA 98115",Seattle,WA,98115,SINGLE_FAMILY,FOR_SALE,4,https://www.zillow.com/homedetails/6001-60th-Ave-NE-Seattle-WA-98115/48851374_zpid/,,8728d5403ffffff,59,,,,,20.0,-0.8324999971905522,0.0,69,0.9272375462179536,0.374473674486883,1.0,6.123233995736766e-17,1,1501701.4915254237,1450489.1551250415,0.0
2026-03-10,1350000.0,108,47.671227,-122.291084,2160.0,4477.968,,,4.0,2.0,49104391,"5728 34th Avenue NE, Seattle, WA 98105",Seattle,WA,98105,SINGLE_FAMILY,FOR_SALE,4,https://www.zillow.com/homedetails/5728-34th-Ave-NE-Seattle-WA-98105/49104391_zpid/,1310500.0,8728d540effffff,59,,,,,21.0,-0.7019117623371323,0.0,69,0.9272375462179536,0.374473674486883,1.0,6.123233995736766e-17,1,1499173.1333333333,1438277.6868012615,0.0
2026-03-10,925000.0,110,47.507587,-122.36077,2690.0,8738.136,,,5.0,3.0,49086524,"10633 21st Avenue SW, Seattle, WA 98146",Seattle,WA,98146,SINGLE_FAMILY,FOR_SALE,4,https://www.zillow.com/homedetails/10633-21st-Ave-SW-Seattle-WA-98146/49086524_zpid/,,8728d5529ffffff,38,,,,,5.0,-2.2100570765379444,0.0,69,0.9272375462179536,0.374473674486883,1.0,6.123233995736766e-17,1,812673.0,425474.0675518603,0.0
2026-03-10,650000.0,111,47.55786,-122.36462,1140.0,7200.468,,,3.0,2.0,48755692,"4849 25th Avenue SW, Seattle, WA 98106",Seattle,WA,98106,SINGLE_FAMILY,FOR_SALE,4,https://www.zillow.com/homedetails/4849-25th-Ave-SW-Seattle-WA-98106/48755692_zpid/,638700.0,8728d5554ffffff,9,,,,,30.0,0.2052884881900859,0.0,69,0.9272375462179536,0.374473674486883,1.0,6.123233995736766e-17,1,975694.4333333332,609092.84945242,0.0
2026-03-10,1170000.0,112,47.71712,-122.314926,2320.0,8280.756,,,5.0,3.0,48837860,"12046 12 Avenue NE, Seattle, WA 98125",Seattle,WA,98125,SINGLE_FAMILY,FOR_SALE,4,https://www.zillow.com/homedetails/12046-12th-Ave-NE-Seattle-WA-98125/48837860_zpid/,1128400.0,8728d54e5ffffff,9,,,,,30.0,0.2052884881900859,0.0,69,0.9272375462179536,0.374473674486883,1.0,6.123233995736766e-17,1,982861.1,607522.89007241,0.0
2026-03-10,1525000.0,113,47.581654,-122.38022,2350.0,3698.244,,,3.0,2.0,49124490,"3773 SW Grayson Street, Seattle, WA 98126",Seattle,WA,98126,SINGLE_FAMILY,FOR_SALE,4,https://www.zillow.com/homedetails/3773-SW-Grayson-St-Seattle-WA-98126/49124490_zpid/,1494100.0,8728d5551ffffff,9,,,,,30.0,0.2052884881900859,0.0,69,0.9272375462179536,0.374473674486883,1.0,6.123233995736766e-17,1,992816.6555555556,608998.6093011401,0.0
2026-03-10,1450000.0,114,47.681484,-122.29782,2830.0,5972.076,,,5.0,3.0,49119678,"7223 28th Avenue NE, Seattle, WA 98115",Seattle,WA,98115,SINGLE_FAMILY,FOR_SALE,4,https://www.zillow.com/homedetails/7223-28th-Ave-NE-Seattle-WA-98115/49119678_zpid/,,8728d5408ffffff,9,,,,,30.0,0.2052884881900859,0.0,69,0.9272375462179536,0.374473674486883,1.0,6.123233995736766e-17,1,1001605.5444444444,609834.1023758923,0.0
2026-03-10,799950.0,106,47.687443,-122.350716,2110.0,3772.296,,,5.0,1.0,48995874,"543 N 81st Street, Seattle, WA 98103",Seattle,WA,98103,SINGLE_FAMILY,FOR_SALE,4,https://www.zillow.com/homedetails/543-N-81st-St-Seattle-WA-98103/48995874_zpid/,814200.0,8728d5472ffffff,9,,,,,30.0,0.2052884881900859,0.0,69,0.9272375462179536,0.374473674486883,1.0,6.123233995736766e-17,1,1006049.4333333332,606850.8477837583,0.0
2026-03-10,850000.0,118,47.535847,-122.37019,2100.0,6499.152,,,4.0,3.0,49083601,"7353 29th Avenue SW, Seattle, WA 98126",Seattle,WA,98126,SINGLE_FAMILY,FOR_SALE,4,https://www.zillow.com/homedetails/7353-29th-Ave-SW-Seattle-WA-98126/49083601_zpid/,838300.0,8728d5570ffffff,9,,,,,30.0,0.2052884881900859,0.0,69,0.9272375462179536,0.374473674486883,1.0,6.123233995736766e-17,1,1001149.9888888889,610434.8722708105,0.0
2026-03-10,1274900.0,119,47.65548,-122.33412,2790.0,3998.808,,,3.0,2.0,48919639,"3939 Meridian Avenue N, Seattle, WA 98103",Seattle,WA,98103,SINGLE_FAMILY,FOR_SALE,4,https://www.zillow.com/homedetails/3939-Meridian-Ave-N-Seattle-WA-98103/48919639_zpid/,1237700.0,8728d542bffffff,9,,,,,30.0,0.2052884881900859,0.0,69,0.9272375462179536,0.374473674486883,1.0,6.123233995736766e-17,1,1004815.5444444444,611084.063829011,0.0
2026-03-10,749900.0,120,47.71601,-122.307175,1134.0,500.94,,,2.0,3.0,458720712,"12002 20th Street NE #3, Seattle, WA 98125",Seattle,WA,98125,SINGLE_FAMILY,FOR_SALE,4,https://www.zillow.com/homedetails/12002-20th-St-NE-3-Seattle-WA-98125/458720712_zpid/,748100.0,8728d540bffffff,9,,,,,30.0,0.2052884881900859,0.0,69,0.9272375462179536,0.374473674486883,1.0,6.123233995736766e-17,1,1005592.7666666668,610710.6027618595,0.0
2026-03-10,749950.0,122,47.704556,-122.34969,1296.0,3841.992,,,3.0,2.0,48984814,"704 N 104th Street, Seattle, WA 98133",Seattle,WA,98133,SINGLE_FAMILY,FOR_SALE,4,https://www.zillow.com/homedetails/704-N-104th-St-Seattle-WA-98133/48984814_zpid/,,8728d5454ffffff,9,,,,,30.0,0.2052884881900859,0.0,69,0.9272375462179536,0.374473674486883,1.0,6.123233995736766e-17,1,1005536.6555555556,609567.3396087497,0.0
2026-03-10,1650000.0,124,47.60695,-122.28541,2440.0,5052.96,,,4.0,3.0,48729626,"603 38th Avenue, Seattle, WA 98122",Seattle,WA,98122,SINGLE_FAMILY,FOR_SALE,4,https://www.zillow.com/homedetails/603-38th-Ave-Seattle-WA-98122/48729626_zpid/,1625300.0,8728d5420ffffff,59,,,,,24.0,-0.3101470577768724,0.0,69,0.9272375462179536,0.374473674486883,1.0,6.123233995736766e-17,1,1465513.3015873015,1417522.4618038016,0.0
2026-03-10,1985000.0,125,47.668175,-122.40917,2980.0,5501.628,,,4.0,3.0,48677282,"5412 40th Avenue W, Seattle, WA 98199",Seattle,WA,98199,SINGLE_FAMILY,FOR_SALE,4,https://www.zillow.com/homedetails/5412-40th-Ave-W-Seattle-WA-98199/48677282_zpid/,1916500.0,8728d5471ffffff,59,,,,,25.0,-0.1795588229234524,0.0,69,0.9272375462179536,0.374473674486883,1.0,6.123233995736766e-17,1,1473630.28125,1407725.7658703236,0.0
2026-03-10,3488000.0,150,47.64526,-122.41473,3740.0,7021.872,,,5.0,3.0,48906502,"2803 Magnolia Boulevard W, Seattle, WA 98199",Seattle,WA,98199,SINGLE_FAMILY,FOR_SALE,5,https://www.zillow.com/homedetails/2803-Magnolia-Blvd-W-Seattle-WA-98199/48906502_zpid/,,8728d555bffffff,59,,,,,26.0,-0.0489705880700324,0.0,69,0.9272375462179536,0.374473674486883,1.0,6.123233995736766e-17,1,1504620.5846153847,1418856.520475532,0.0
2026-03-10,795000.0,117,47.512,-122.33303,2230.0,5780.412,,,5.0,3.0,48998771,"10205 Occidental Avenue S, Seattle, WA 98168",Seattle,WA,98168,SINGLE_FAMILY,FOR_SALE,4,https://www.zillow.com/homedetails/10205-Occidental-Ave-S-Seattle-WA-98168/48998771_zpid/,783800.0,8728d552bffffff,38,,,,,6.0,-2.097082912881053,0.0,69,0.9272375462179536,0.374473674486883,1.0,6.123233995736766e-17,1,812319.54,421117.5324782619,0.0
2026-03-10,899950.0,151,47.50068,-122.376564,1770.0,8102.16,,,3.0,3.0,48989943,"11271 35th Avenue SW, Seattle, WA 98146",Seattle,WA,98146,SINGLE_FAMILY,FOR_SALE,5,https://www.zillow.com/homedetails/11271-35th-Ave-SW-Seattle-WA-98146/48989943_zpid/,,8728d5574ffffff,9,,,,,30.0,0.2052884881900859,0.0,69,0.9272375462179536,0.374473674486883,1.0,6.123233995736766e-17,1,995591.6555555556,603816.8232955815,0.0
2026-03-10,1370000.0,152,47.715652,-122.28002,2670.0,0.2852,,,4.0,2.0,49103381,"11904 Lakeside Avenue NE, Seattle, WA 98125",Seattle,WA,98125,SINGLE_FAMILY,FOR_SALE,5,https://www.zillow.com/homedetails/11904-Lakeside-Ave-NE-Seattle-WA-98125/49103381_zpid/,1318600.0,8728d54e4ffffff,9,,,,,30.0,0.2052884881900859,0.0,69,0.9272375462179536,0.374473674486883,1.0,6.123233995736766e-17,1,998647.2111111112,605020.1278488659,0.0
2026-03-10,1575000.0,179,47.6408,-122.31933,2980.0,4499.748,,,3.0,2.0,48766460,"2343 Federal Avenue E, Seattle, WA 98102",Seattle,WA,98102,SINGLE_FAMILY,FOR_SALE,5,https://www.zillow.com/homedetails/2343-Federal-Ave-E-Seattle-WA-98102/48766460_zpid/,1658900.0,8728d542affffff,59,,,,,30.0,0.4733823513436473,0.0,69,0.9272375462179536,0.374473674486883,1.0,6.123233995736766e-17,1,1489557.2835820897,1403443.6878611797,0.0
2026-03-10,1495000.0,180,47.649464,-122.38941,2220.0,5039.892,,,4.0,3.0,49013851,"3232 26th Avenue W, Seattle, WA 98199",Seattle,WA,98199,SINGLE_FAMILY,FOR_SALE,5,https://www.zillow.com/homedetails/3232-26th-Ave-W-Seattle-WA-98199/49013851_zpid/,,8728d5474ffffff,9,,,,,30.0,0.2052884881900859,0.0,69,0.9272375462179536,0.374473674486883,1.0,6.123233995736766e-17,1,999147.2111111112,605415.7904042456,0.0
2026-03-10,825000.0,183,47.519012,-122.35021,1690.0,8319.96,,,3.0,2.0,49073536,"9400 12th Avenue SW, Seattle, WA 98106",Seattle,WA,98106,SINGLE_FAMILY,FOR_SALE,5,https://www.zillow.com/homedetails/9400-12th-Ave-SW-Seattle-WA-98106/49073536_zpid/,813400.0,8728d5576ffffff,38,,,,,11.0,-1.5322120945965942,0.0,69,0.9272375462179536,0.374473674486883,1.0,6.123233995736766e-17,1,812568.1764705882,416888.86943907273,0.0
2026-03-10,999900.0,185,47.660423,-122.34358,1648.0,749.232,,,2.0,3.0,456513459,"4416 Midvale Avenue N, Seattle, WA 98103",Seattle,WA,98103,TOWNHOUSE,FOR_SALE,5,https://www.zillow.com/homedetails/4416-Midvale-Ave-N-Seattle-WA-98103/456513459_zpid/,997500.0,8728d542bffffff,9,,,,,30.0,0.2052884881900859,0.0,69,0.9272375462179536,0.374473674486883,1.0,6.123233995736766e-17,1,993836.6555555556,599555.9704516382,0.0
2026-03-10,3450000.0,186,47.65389,-122.27628,4610.0,5758.632,,,4.0,4.0,48928963,"3419 E Laurelhurst Drive NE, Seattle, WA 98105",Seattle,WA,98105,SINGLE_FAMILY,FOR_SALE,5,https://www.zillow.com/homedetails/3419-E-Laurelhurst-Dr-NE-Seattle-WA-98105/48928963_zpid/,3291200.0,8728d5401ffffff,59,,,,,30.0,0.4733823513436473,0.0,69,0.9272375462179536,0.374473674486883,1.0,6.123233995736766e-17,1,1518387.3235294118,1413073.2476306653,0.0
2026-03-10,1350000.0,187,47.615463,-122.305435,2023.0,3145.032,,,4.0,4.0,2062916827,"2014 E Pine Street #B, Seattle, WA 98122",Seattle,WA,98122,TOWNHOUSE,FOR_SALE,5,https://www.zillow.com/homedetails/2014-E-Pine-St-B-Seattle-WA-98122/2062916827_zpid/,,8728d5421ffffff,9,,,,,30.0,0.2052884881900859,0.0,69,0.9272375462179536,0.374473674486883,1.0,6.123233995736766e-17,1,996625.5444444444,600633.4500695145,0.0
2026-03-10,1845000.0,188,47.693233,-122.27774,3290.0,7200.468,,,4.0,4.0,48884342,"4601 NE 89th Street, Seattle, WA 98115",Seattle,WA,98115,SINGLE_FAMILY,FOR_SALE,5,https://www.zillow.com/homedetails/4601-NE-89th-St-Seattle-WA-98115/48884342_zpid/,,8728d540affffff,59,,,,,30.0,0.4733823513436473,0.0,69,0.9272375462179536,0.374473674486883,1.0,6.123233995736766e-17,1,1523120.8405797102,1403195.523387459,0.0
2026-03-10,549950.0,189,47.7317,-122.34315,810.0,5100.876,,,2.0,1.0,48997108,"14044 Lenora Place N, Seattle, WA 98133",Seattle,WA,98133,SINGLE_FAMILY,FOR_SALE,5,https://www.zillow.com/homedetails/14044-Lenora-Pl-N-Seattle-WA-98133/48997108_zpid/,534400.0,8728d5452ffffff,59,,,,,30.0,0.4733823513436473,0.0,69,0.9272375462179536,0.374473674486883,1.0,6.123233995736766e-17,1,1509218.4,1397838.15520057,0.0
2026-03-10,1150000.0,190,47.535313,-122.38462,2540.0,5327.388,,,5.0,3.0,48804680,"3960 SW Austin Street, Seattle, WA 98136",Seattle,WA,98136,SINGLE_FAMILY,FOR_SALE,5,https://www.zillow.com/homedetails/3960-SW-Austin-St-Seattle-WA-98136/48804680_zpid/,,8728d5570ffffff,9,,,,,30.0,0.2052884881900859,0.0,69,0.9272375462179536,0.374473674486883,1.0,6.123233995736766e-17,1,988569.9888888889,593540.4148478549,0.0
2026-03-10,770000.0,191,47.527245,-122.27838,1860.0,7893.072,,,4.0,3.0,48909025,"8415 44th Avenue S, Seattle, WA 98118",Seattle,WA,98118,SINGLE_FAMILY,FOR_SALE,5,https://www.zillow.com/homedetails/8415-44th-Ave-S-Seattle-WA-98118/48909025_zpid/,761400.0,8728d5501ffffff,38,,,,,12.0,-1.4192379309397023,0.0,69,0.9272375462179536,0.374473674486883,1.0,6.123233995736766e-17,1,811749.5576923077,412823.69772686134,0.0
2026-03-10,1219000.0,193,47.637547,-122.35544,1568.0,971.388,,,3.0,3.0,455613076,"2110 1st Avenue N, Seattle, WA 98109",Seattle,WA,98109,TOWNHOUSE,FOR_SALE,5,https://www.zillow.com/homedetails/2110-1st-Ave-N-Seattle-WA-98109/455613076_zpid/,1210100.0,8728d5429ffffff,9,,,,,30.0,0.2052884881900859,0.0,69,0.9272375462179536,0.374473674486883,1.0,6.123233995736766e-17,1,1037736.6555555556,690825.5770971582,0.0
2026-03-10,1229950.0,194,47.64778,-122.369804,1910.0,4229.676,,,3.0,2.0,49015107,"839 W Etruria Street, Seattle, WA 98119",Seattle,WA,98119,SINGLE_FAMILY,FOR_SALE,5,https://www.zillow.com/homedetails/839-W-Etruria-St-Seattle-WA-98119/49015107_zpid/,1197800.0,8728d5429ffffff,9,,,,,30.0,0.2052884881900859,0.0,69,0.9272375462179536,0.374473674486883,1.0,6.123233995736766e-17,1,1043625.5444444444,690172.4509580988,0.0
2026-03-10,1199000.0,196,47.637627,-122.35543,1568.0,971.388,,,3.0,3.0,456867245,"2108 1st Avenue N, Seattle, WA 98109",Seattle,WA,98109,TOWNHOUSE,FOR_SALE,5,https://www.zillow.com/homedetails/2108-1st-Ave-N-Seattle-WA-98109/456867245_zpid/,1191200.0,8728d5429ffffff,9,,,,,30.0,0.2052884881900859,0.0,69,0.9272375462179536,0.374473674486883,1.0,6.123233995736766e-17,1,1053392.211111111,689340.6348517139,0.0
2026-03-10,1039950.0,104,47.663494,-122.31995,1800.0,1001.88,,,8.0,3.0,385101742,"4709 B 8th Avenue NE, Seattle, WA 98105",Seattle,WA,98105,TOWNHOUSE,FOR_SALE,4,https://www.zillow.com/homedetails/4709B-8th-Ave-NE-Seattle-WA-98105/385101742_zpid/,1018700.0,8728d540cffffff,9,,,,,30.0,0.2052884881900859,0.0,69,0.9272375462179536,0.374473674486883,1.0,6.123233995736766e-17,1,1048391.6555555556,691078.9748039771,0.0
2026-03-10,605000.0,200,47.593983,-122.309265,1228.0,696.96,,,2.0,3.0,443609380,"909 Hiawatha Place S #C, Seattle, WA 98144",Seattle,WA,98144,TOWNHOUSE,FOR_SALE,5,https://www.zillow.com/homedetails/909-Hiawatha-Pl-S-C-Seattle-WA-98144/443609380_zpid/,,8728d5425ffffff,9,,,,,30.0,0.2052884881900859,0.0,69,0.9272375462179536,0.374473674486883,1.0,6.123233995736766e-17,1,1027613.8777777776,675644.1258380123,0.0
2026-03-10,899000.0,175,47.571045,-122.3861,1490.0,5000.688,,,3.0,2.0,48667115,"4207 SW Manning St, Seattle, WA 98116",Seattle,WA,98116,SINGLE_FAMILY,FOR_SALE,5,https://www.zillow.com/homedetails/4207-SW-Manning-St-Seattle-WA-98116/48667115_zpid/,,8728d5555ffffff,9,,,,,30.0,0.2052884881900859,0.0,69,0.9272375462179536,0.374473674486883,1.0,6.123233995736766e-17,1,1031492.2111111112,673870.9130421648,0.0
2026-03-10,1695000.0,154,47.70879,-122.279106,3370.0,6538.356,,,4.0,4.0,61766697,"10759 Durland Avenue NE, Seattle, WA 98125",Seattle,WA,98125,SINGLE_FAMILY,FOR_SALE,5,https://www.zillow.com/homedetails/10759-Durland-Ave-NE-Seattle-WA-98125/61766697_zpid/,1635300.0,8728d540affffff,59,,,,,30.0,0.4733823513436473,0.0,69,0.9272375462179536,0.374473674486883,1.0,6.123233995736766e-17,1,1511835.042253521,1387992.8094718894,0.0
2026-03-10,794880.0,156,47.72608,-122.35586,1740.0,1393.92,,,3.0,4.0,2066543808,"13333 Greenwood Avenue N #A, Seattle, WA 98133",Seattle,WA,98133,SINGLE_FAMILY,FOR_SALE,5,https://www.zillow.com/homedetails/13333-Greenwood-Ave-N-UNIT-A-Seattle-WA-98133/2066543808_zpid/,788100.0,8728d5450ffffff,59,,,,,30.0,0.4733823513436473,0.0,69,0.9272375462179536,0.374473674486883,1.0,6.123233995736766e-17,1,1487879.01369863,1376355.3762364115,0.0
2026-03-10,639990.0,157,47.499702,-122.37665,840.0,8102.16,,,2.0,1.0,48989887,"11469 37th Avenue SW, Seattle, WA 98146",Seattle,WA,98146,SINGLE_FAMILY,FOR_SALE,5,https://www.zillow.com/homedetails/11469-37th-Ave-SW-Seattle-WA-98146/48989887_zpid/,,8728d5cdaffffff,30,,,,,1.0,,0.0,69,0.9272375462179536,0.374473674486883,1.0,6.123233995736766e-17,1,639990.0,0.0,0.0
2026-03-10,1125000.0,158,47.577618,-122.40964,2020.0,1267.596,,,3.0,4.0,48990589,"3001 60th Avenue SW, Seattle, WA 98116",Seattle,WA,98116,TOWNHOUSE,FOR_SALE,5,https://www.zillow.com/homedetails/3001-60th-Ave-SW-Seattle-WA-98116/48990589_zpid/,,8728d5542ffffff,9,,,,,30.0,0.2052884881900859,0.0,69,0.9272375462179536,0.374473674486883,1.0,6.123233995736766e-17,1,1039269.9888888889,670824.9585192627,0.0
2026-03-10,569000.0,159,47.52994,-122.358086,1048.0,779.724,,,2.0,2.0,457402404,"1805 SW Elmgrove Street, Seattle, WA 98106",Seattle,WA,98106,TOWNHOUSE,FOR_SALE,5,https://www.zillow.com/homedetails/1805-SW-Elmgrove-St-Seattle-WA-98106/457402404_zpid/,568200.0,8728d5576ffffff,38,,,,,9.0,-1.7581604219103777,0.0,69,0.9272375462179536,0.374473674486883,1.0,6.123233995736766e-17,1,807169.3773584906,410192.47795906867,0.0
2026-03-10,1650000.0,160,47.605934,-122.311325,2293.0,1916.64,,,4.0,3.0,96708577,"1601 E Jefferson Street, Seattle, WA 98122",Seattle,WA,98122,SINGLE_FAMILY,FOR_SALE,5,https://www.zillow.com/homedetails/1601-E-Jefferson-St-Seattle-WA-98122/96708577_zpid/,,8728d5421ffffff,9,,,,,30.0,0.2052884881900859,0.0,69,0.9272375462179536,0.374473674486883,1.0,6.123233995736766e-17,1,1041269.9888888889,672390.0680921751,0.0
2026-03-10,825000.0,161,47.58704,-122.2986,2440.0,2800.908,,,3.0,2.0,48663670,"2608 S Grand Street, Seattle, WA 98144",Seattle,WA,98144,SINGLE_FAMILY,FOR_SALE,5,https://www.zillow.com/homedetails/2608-S-Grand-St-Seattle-WA-98144/48663670_zpid/,807700.0,8728d5425ffffff,9,,,,,30.0,0.2052884881900859,0.0,69,0.9272375462179536,0.374473674486883,1.0,6.123233995736766e-17,1,1045803.3222222222,669503.0692430981,0.0
2026-03-10,1300000.0,163,47.688828,-122.34747,2610.0,3301.848,,,4.0,3.0,48996125,"8211 Linden Avenue N, Seattle, WA 98103",Seattle,WA,98103,SINGLE_FAMILY,FOR_SALE,5,https://www.zillow.com/homedetails/8211-Linden-Ave-N-Seattle-WA-98103/48996125_zpid/,1254500.0,8728d5409ffffff,9,,,,,30.0,0.2052884881900859,0.0,69,0.9272375462179536,0.374473674486883,1.0,6.123233995736766e-17,1,1052471.1,668955.0674757493,0.0
2026-03-10,649900.0,166,47.519566,-122.35599,1715.0,1415.7,,,3.0,3.0,2078856429,"9248 17th Avenue SW #A, Seattle, WA 98106",Seattle,WA,98106,TOWNHOUSE,FOR_SALE,5,https://www.zillow.com/homedetails/9248-17th-Ave-SW-A-Seattle-WA-98106/2078856429_zpid/,647400.0,8728d5576ffffff,38,,,,,10.0,-1.645186258253486,0.0,69,0.9272375462179536,0.374473674486883,1.0,6.123233995736766e-17,1,804256.9814814815,406867.574140901,0.0
2026-03-10,998500.0,167,47.639423,-122.36011,2620.0,2700.72,,,4.0,2.0,48758416,"209 W McGraw Street, Seattle, WA 98119",Seattle,WA,98119,SINGLE_FAMILY,FOR_SALE,5,https://www.zillow.com/homedetails/209-W-McGraw-St-Seattle-WA-98119/48758416_zpid/,978500.0,8728d5429ffffff,9,,,,,30.0,0.2052884881900859,0.0,69,0.9272375462179536,0.374473674486883,1.0,6.123233995736766e-17,1,1050465.5444444444,665795.1218356596,0.0
2026-03-10,760000.0,168,47.565807,-122.37232,1700.0,1158.696,,,4.0,2.0,2057760478,"3070 SW Avalon Way #E, Seattle, WA 98126",Seattle,WA,98126,TOWNHOUSE,FOR_SALE,5,https://www.zillow.com/homedetails/3070-SW-Avalon-Way-E-Seattle-WA-98126/2057760478_zpid/,757200.0,8728d5555ffffff,9,,,,,30.0,0.2052884881900859,0.0,69,0.9272375462179536,0.374473674486883,1.0,6.123233995736766e-17,1,1055465.5444444444,661849.9002341364,0.0
2026-03-10,795000.0,171,47.569405,-122.39921,980.0,6425.1,,,3.0,1.0,48991955,"3831 52nd Avenue SW, Seattle, WA 98116",Seattle,WA,98116,SINGLE_FAMILY,FOR_SALE,5,https://www.zillow.com/homedetails/3831-52nd-Ave-SW-Seattle-WA-98116/48991955_zpid/,783600.0,8728d5555ffffff,9,,,,,30.0,0.2052884881900859,0.0,69,0.9272375462179536,0.374473674486883,1.0,6.123233995736766e-17,1,1055965.5444444444,661914.9224851149,0.0
2026-03-10,530000.0,172,47.560074,-122.36341,1100.0,749.232,,,3.0,3.0,2071133690,"4735 Delridge Way SW #A, Seattle, WA 98106",Seattle,WA,98106,TOWNHOUSE,FOR_SALE,5,https://www.zillow.com/homedetails/4735-Delridge-Way-SW-APT-A-Seattle-WA-98106/2071133690_zpid/,526900.0,8728d5554ffffff,9,,,,,30.0,0.2052884881900859,0.0,69,0.9272375462179536,0.374473674486883,1.0,6.123233995736766e-17,1,1050743.8777777778,664211.4488407266,0.0
2026-03-10,699950.0,174,47.670128,-122.28464,1100.0,3519.648,,,2.0,1.0,48990130,"4001 NE 57th Street, Seattle, WA 98105",Seattle,WA,98105,SINGLE_FAMILY,FOR_SALE,5,https://www.zillow.com/homedetails/4001-NE-57th-St-Seattle-WA-98105/48990130_zpid/,682200.0,8728d540effffff,59,,,,,30.0,0.4733823513436473,0.0,69,0.9272375462179536,0.374473674486883,1.0,6.123233995736766e-17,1,1464188.24,1365353.7143900765,0.0
2026-03-10,2250000.0,176,47.611797,-122.28342,4100.0,5000.688,,,5.0,4.0,48957304,"1107 Grand Avenue, Seattle, WA 98122",Seattle,WA,98122,SINGLE_FAMILY,FOR_SALE,5,https://www.zillow.com/homedetails/1107-Grand-Ave-Seattle-WA-98122/48957304_zpid/,2167200.0,8728d5423ffffff,7,,,,,4.0,-0.9451888581895366,0.0,69,0.9272375462179536,0.374473674486883,1.0,6.123233995736766e-17,1,1745690.0,2129528.749225466,0.0
2026-03-10,695000.0,103,47.524506,-122.36954,1120.0,7501.032,,,3.0,2.0,49037838,"2821 SW Trenton Street, Seattle, WA 98126",Seattle,WA,98126,SINGLE_FAMILY,FOR_SALE,4,https://www.zillow.com/homedetails/2821-SW-Trenton-St-Seattle-WA-98126/49037838_zpid/,684000.0,8728d5570ffffff,9,,,,,30.0,0.2052884881900859,0.0,69,0.9272375462179536,0.374473674486883,1.0,6.123233995736766e-17,1,1049649.9888888889,663585.604617119,0.0
2026-03-10,1024000.0,177,47.581184,-122.40224,1690.0,1389.564,,,2.0,3.0,332976507,"2455 Wickstrom Place SW, Seattle, WA 98116",Seattle,WA,98116,TOWNHOUSE,FOR_SALE,5,https://www.zillow.com/homedetails/2455-Wickstrom-Pl-SW-Seattle-WA-98116/332976507_zpid/,1003600.0,8728d5542ffffff,9,,,,,30.0,0.2052884881900859,0.0,69,0.9272375462179536,0.374473674486883,1.0,6.123233995736766e-17,1,1050527.7666666666,663497.8643320336,0.0
2026-03-10,845000.0,101,47.587673,-122.315094,1590.0,1136.916,,,3.0,4.0,2068086228,"1321 S State Street #C, Seattle, WA 98144",Seattle,WA,98144,SINGLE_FAMILY,FOR_SALE,4,https://www.zillow.com/homedetails/1321-S-State-St-C-Seattle-WA-98144/2068086228_zpid/,,8728d5425ffffff,9,,,,,30.0,0.2052884881900859,0.0,69,0.9272375462179536,0.374473674486883,1.0,6.123233995736766e-17,1,1054027.7666666666,661549.1525354414,0.0
2026-03-10,1055000.0,77,47.639877,-122.38831,1510.0,5523.408,,,3.0,2.0,48663553,"2415 W McGraw Street, Seattle, WA 98199",Seattle,WA,98199,SINGLE_FAMILY,FOR_SALE,4,https://www.zillow.com/homedetails/2415-W-McGraw-St-Seattle-WA-98199/48663553_zpid/,,8728d5474ffffff,9,,,,,30.0,0.2052884881900859,0.0,69,0.9272375462179536,0.374473674486883,1.0,6.123233995736766e-17,1,1047973.3222222222,658985.7154506091,0.0
2026-03-10,485000.0,31,47.508186,-122.358154,1600.0,5336.1,,,2.0,2.0,48989268,"10615 18th Avenue SW, Seattle, WA 98146",Seattle,WA,98146,SINGLE_FAMILY,FOR_SALE,1,https://www.zillow.com/homedetails/10615-18th-Ave-SW-Seattle-WA-98146/48989268_zpid/,477000.0,8728d5529ffffff,38,,,,,1.0,-2.6619537311655117,0.0,69,0.9272375462179536,0.374473674486883,1.0,6.123233995736766e-17,1,798452.3090909091,405374.92136488645,0.0
2026-03-10,509000.0,33,47.58031,-122.295235,1115.0,1855.656,,,3.0,2.0,460922374,"2529 29th Avenue S #B, Seattle, WA 98144",Seattle,WA,98144,TOWNHOUSE,FOR_SALE,2,https://www.zillow.com/homedetails/2529-29th-Ave-S-B-Seattle-WA-98144/460922374_zpid/,,8728d5425ffffff,9,,,,,18.0,-2.886780878755765,0.0,69,0.9272375462179536,0.374473674486883,1.0,6.123233995736766e-17,1,1022595.5444444444,656679.720331413,0.0
2026-03-10,1079900.0,34,47.51242,-122.340416,2607.0,2378.376,,,5.0,3.0,443931055,"Plan A2 Plan, Altamura",Seattle,WA,98106,SINGLE_FAMILY,FOR_SALE,2,https://www.zillow.com/community/altamura/443931055_zpid/,,8728d552bffffff,38,,,,,2.0,-2.54897956750862,0.0,69,0.9272375462179536,0.374473674486883,1.0,6.123233995736766e-17,1,803478.1607142857,403429.72666082537,0.0
2026-03-10,1049999.0,36,47.66511,-122.28078,2020.0,1184.832,,,4.0,3.0,332974324,"4274 NE 50th Street, Seattle, WA 98105",Seattle,WA,98105,TOWNHOUSE,FOR_SALE,3,https://www.zillow.com/homedetails/4274-NE-50th-St-Seattle-WA-98105/332974324_zpid/,1038500.0,8728d5401ffffff,59,,,,,9.0,-2.2689705805781717,0.0,69,0.9272375462179536,0.374473674486883,1.0,6.123233995736766e-17,1,1458738.3815789474,1357052.7481436816,0.0
2026-03-10,659000.0,27,47.699074,-122.346085,1650.0,1533.312,,,3.0,2.0,111038680,"932 N 96th Street, Seattle, WA 98103",Seattle,WA,98103,TOWNHOUSE,FOR_SALE,1,https://www.zillow.com/homedetails/932-N-96th-St-Seattle-WA-98103/111038680_zpid/,653800.0,8728d5409ffffff,9,,,,,20.0,-2.3714359842647896,0.0,69,0.9272375462179536,0.374473674486883,1.0,6.123233995736766e-17,1,1021129.9888888889,655813.3477972216,0.0
2026-03-10,750000.0,38,47.689228,-122.39608,1540.0,3998.808,,,2.0,1.0,48939904,"8317 30th Avenue NW, Seattle, WA 98117",Seattle,WA,98117,SINGLE_FAMILY,FOR_SALE,3,https://www.zillow.com/homedetails/8317-30th-Ave-NW-Seattle-WA-98117/48939904_zpid/,732400.0,8728d5473ffffff,9,,,,,21.0,-2.113763537019302,0.0,69,0.9272375462179536,0.374473674486883,1.0,6.123233995736766e-17,1,1022630.0,655027.9064644428,0.0
2026-03-10,799900.0,29,47.70516,-122.31836,1700.0,6838.92,,,3.0,2.0,48837835,"900 NE 105th, Seattle, WA 98125",Seattle,WA,98125,SINGLE_FAMILY,FOR_SALE,1,https://www.zillow.com/homedetails/900-NE-105th-St-Seattle-WA-98125/48837835_zpid/,,8728d540bffffff,9,,,,,15.0,-3.659798220492227,0.0,69,0.9272375462179536,0.374473674486883,1.0,6.123233995736766e-17,1,1020462.2222222222,655443.0784304781,0.0
2026-03-10,735000.0,40,47.565807,-122.37232,1440.0,771.012,,,2.0,2.0,460909839,"3070 SW Avalon Way #A, Seattle, WA 98126",Seattle,WA,98126,TOWNHOUSE,FOR_SALE,3,https://www.zillow.com/homedetails/3070-SW-Avalon-Way-A-Seattle-WA-98126/460909839_zpid/,,8728d5555ffffff,9,,,,,22.0,-1.8560910897738143,0.0,69,0.9272375462179536,0.374473674486883,1.0,6.123233995736766e-17,1,1016962.7777777778,656124.2858747639,0.0
2026-03-10,1149950.0,42,47.71872,-122.33771,2440.0,10458.756,,,4.0,3.0,48843253,"12250 Densmore Avenue N, Seattle, WA 98133",Seattle,WA,98133,SINGLE_FAMILY,FOR_SALE,3,https://www.zillow.com/homedetails/12250-Densmore-Ave-N-Seattle-WA-98133/48843253_zpid/,1113500.0,8728d5456ffffff,9,,,,,23.0,-1.5984186425283269,0.0,69,0.9272375462179536,0.374473674486883,1.0,6.123233995736766e-17,1,1022618.3333333334,655039.5759743806,0.0
2026-03-10,785000.0,43,47.506207,-122.35816,1820.0,8380.944,,,4.0,3.0,48989323,"10731 18th Avenue SW, Seattle, WA 98146",Seattle,WA,98146,SINGLE_FAMILY,FOR_SALE,3,https://www.zillow.com/homedetails/10731-18th-Ave-SW-Seattle-WA-98146/48989323_zpid/,769600.0,8728d5529ffffff,38,,,,,3.0,-2.436005403851728,0.0,69,0.9272375462179536,0.374473674486883,1.0,6.123233995736766e-17,1,803153.9824561403,399818.94097862294,0.0
2026-03-10,875000.0,44,47.54142,-122.37199,1990.0,2160.576,,,4.0,3.0,305485038,"6830 31st Avenue SW, Seattle, WA 98126",Seattle,WA,98126,TOWNHOUSE,FOR_SALE,3,https://www.zillow.com/homedetails/6830-31st-Ave-SW-Seattle-WA-98126/305485038_zpid/,870700.0,8728d5573ffffff,14,,,,,2.0,-1.365272795162664,0.0,69,0.9272375462179536,0.374473674486883,1.0,6.123233995736766e-17,1,770979.5,355651.8233270193,0.0
2026-03-10,709000.0,45,47.692673,-122.336685,1096.0,618.552,,,2.0,2.0,460856998,"8831 B Wallingford Avenue N, Seattle, WA 98103",Seattle,WA,98103,TOWNHOUSE,FOR_SALE,3,https://www.zillow.com/homedetails/8831-B-Wallingford-Ave-N-Seattle-WA-98103/460856998_zpid/,,8728d5409ffffff,9,,,,,24.0,-1.3407461952828394,0.0,69,0.9272375462179536,0.374473674486883,1.0,6.123233995736766e-17,1,1018273.8888888888,655816.7492159087,0.0
2026-03-10,525000.0,48,47.53292,-122.27082,1230.0,1075.932,,,2.0,2.0,82808878,"4838 S Chicago Street #C, Seattle, WA 98118",Seattle,WA,98118,TOWNHOUSE,FOR_SALE,3,https://www.zillow.com/homedetails/4838-S-Chicago-St-UNIT-C-Seattle-WA-98118/82808878_zpid/,,8728d550effffff,9,,,,,27.0,-0.5677288535463767,0.0,69,0.9272375462179536,0.374473674486883,1.0,6.123233995736766e-17,1,1031251.6666666666,663522.7514642389,0.0
2026-03-10,739000.0,39,47.6173,-122.31782,1038.0,740.52,,,2.0,2.0,2069287050,"1728 11th Avenue #A, Seattle, WA 98122",Seattle,WA,98122,TOWNHOUSE,FOR_SALE,3,https://www.zillow.com/homedetails/1728-11th-Ave-A-Seattle-WA-98122/2069287050_zpid/,,8728d542cffffff,9,,,,,28.0,-0.3100564063008891,0.0,69,0.9272375462179536,0.374473674486883,1.0,6.123233995736766e-17,1,1031685.5555555556,663316.4090786979,0.0
2026-03-10,850000.0,41,47.730305,-122.356544,2380.0,9639.828,,,3.0,2.0,48950370,"13758 Palatine Avenue N, Seattle, WA 98133",Seattle,WA,98133,SINGLE_FAMILY,FOR_SALE,3,https://www.zillow.com/homedetails/13758-Palatine-Ave-N-Seattle-WA-98133/48950370_zpid/,925400.0,8728d5450ffffff,59,,,,,10.0,-2.138382345724752,0.0,69,0.9272375462179536,0.374473674486883,1.0,6.123233995736766e-17,1,1443385.4743589745,1342696.7473017187,0.0
2026-03-10,1135000.0,24,47.653748,-122.413574,1720.0,2805.264,,,2.0,2.0,48942941,"3635 43rd Avenue W, Seattle, WA 98199",Seattle,WA,98199,SINGLE_FAMILY,FOR_SALE,1,https://www.zillow.com/homedetails/3635-43rd-Ave-W-Seattle-WA-98199/48942941_zpid/,1106000.0,8728d5475ffffff,9,,,,,14.0,-3.917470667737715,0.0,69,0.9272375462179536,0.374473674486883,1.0,6.123233995736766e-17,1,1037641.1111111112,661792.3867213546,0.0
2026-03-10,2183000.0,2,47.682564,-122.38181,3552.0,3571.92,,,6.0,5.0,49041445,"7342 20th Avenue NW, Seattle, WA 98117",Seattle,WA,98117,SINGLE_FAMILY,FOR_SALE,0,https://www.zillow.com/homedetails/7342-20th-Ave-NW-Seattle-WA-98117/49041445_zpid/,,8728d5473ffffff,9,,,,,13.0,-4.175143114983203,0.0,69,0.9272375462179536,0.374473674486883,1.0,6.123233995736766e-17,1,1056230.0,670247.2975524813,0.0
2026-03-10,2195000.0,4,47.6838,-122.28019,3340.0,5000.688,,,6.0,5.0,58387212,"7527 45th Avenue NE, Seattle, WA 98115",Seattle,WA,98115,SINGLE_FAMILY,FOR_SALE,0,https://www.zillow.com/homedetails/7527-45th-Ave-NE-Seattle-WA-98115/58387212_zpid/,2123900.0,8728d540effffff,59,,,,,1.0,-3.3136764594055315,0.0,69,0.9272375462179536,0.374473674486883,1.0,6.123233995736766e-17,1,1440474.3375,1332893.294362181,0.0
2026-03-10,850000.0,7,47.618206,-122.31383,1260.0,1572.516,,,3.0,3.0,2093335408,"1816 14th Avenue #A, Seattle, WA 98122",Seattle,WA,98122,TOWNHOUSE,FOR_SALE,0,https://www.zillow.com/homedetails/1816-14th-Ave-UNIT-A-Seattle-WA-98122/2093335408_zpid/,,8728d542effffff,9,,,,,3.0,-6.7518675874380785,0.0,69,0.9272375462179536,0.374473674486883,1.0,6.123233995736766e-17,1,1042640.5555555556,677006.4874838301,0.0
2026-03-10,689000.0,9,47.68698,-122.388916,1090.0,1067.22,,,2.0,3.0,458238487,"8003 25th Avenue NW, Seattle, WA 98117",Seattle,WA,98117,TOWNHOUSE,FOR_SALE,0,https://www.zillow.com/homedetails/8003-25th-Ave-NW-Seattle-WA-98117/458238487_zpid/,688100.0,8728d5473ffffff,9,,,,,5.0,-6.236522692947103,0.0,69,0.9272375462179536,0.374473674486883,1.0,6.123233995736766e-17,1,992240.5555555556,575690.88444431,0.0
2026-03-10,649950.0,11,47.693317,-122.373146,960.0,2731.212,,,2.0,1.0,49040907,"8731 13th Avenue NW, Seattle, WA 98117",Seattle,WA,98117,SINGLE_FAMILY,FOR_SALE,0,https://www.zillow.com/homedetails/8731-13th-Ave-NW-Seattle-WA-98117/49040907_zpid/,637800.0,8728d5454ffffff,9,,,,,6.0,-5.978850245701616,0.0,69,0.9272375462179536,0.374473674486883,1.0,6.123233995736766e-17,1,992517.7777777778,575518.0351975971,0.0
2026-03-10,3100000.0,12,47.62571,-122.32269,3890.0,2966.436,,,2.0,4.0,72499537,"721 Harvard Avenue E, Seattle, WA 98102",Seattle,WA,98102,TOWNHOUSE,FOR_SALE,0,https://www.zillow.com/homedetails/721-Harvard-Ave-E-Seattle-WA-98102/72499537_zpid/,,8728d542effffff,9,,,,,7.0,-5.721177798456128,0.0,69,0.9272375462179536,0.374473674486883,1.0,6.123233995736766e-17,1,1009184.4444444444,613757.2302438921,0.0
2026-03-10,800000.0,3,47.66565,-122.28089,1230.0,675.18,,,2.0,3.0,460958257,"5030 Sand Point Place NE #B, Seattle, WA 98105",Seattle,WA,98105,TOWNHOUSE,FOR_SALE,0,https://www.zillow.com/homedetails/5030-Sand-Point-Pl-NE-B-Seattle-WA-98105/460958257_zpid/,,8728d5401ffffff,59,,,,,3.0,-3.0524999896986915,0.0,69,0.9272375462179536,0.374473674486883,1.0,6.123233995736766e-17,1,1420877.256097561,1322476.9580793215,0.0
2026-03-10,2798000.0,13,47.65903,-122.28184,3990.0,5998.212,,,5.0,4.0,48928701,"4117 43rd Avenue NE, Seattle, WA 98105",Seattle,WA,98105,SINGLE_FAMILY,FOR_SALE,0,https://www.zillow.com/homedetails/4117-43rd-Ave-NE-Seattle-WA-98105/48928701_zpid/,2689100.0,8728d5401ffffff,59,,,,,4.0,-2.921911754845272,0.0,69,0.9272375462179536,0.374473674486883,1.0,6.123233995736766e-17,1,1437469.096385542,1323051.6633897114,0.0
2026-03-10,4488000.0,16,47.634518,-122.402115,3450.0,8193.636,,,3.0,5.0,48726893,"1640 Magnolia Boulevard W, Seattle, WA 98199",Seattle,WA,98199,SINGLE_FAMILY,FOR_SALE,0,https://www.zillow.com/homedetails/1640-Magnolia-Blvd-W-Seattle-WA-98199/48726893_zpid/,4261600.0,8728d555bffffff,59,,,,,5.0,-2.7913235199918516,0.0,69,0.9272375462179536,0.374473674486883,1.0,6.123233995736766e-17,1,1473784.9404761903,1356524.3678042449,0.0
2026-03-10,1149900.0,18,47.586098,-122.385796,1760.0,1916.64,,,3.0,3.0,49124323,"1926 Ferry Avenue SW, Seattle, WA 98116",Seattle,WA,98116,SINGLE_FAMILY,FOR_SALE,0,https://www.zillow.com/homedetails/1926-Ferry-Ave-SW-Seattle-WA-98116/49124323_zpid/,1129800.0,8728d5551ffffff,9,,,,,10.0,-4.948160456719665,0.0,69,0.9272375462179536,0.374473674486883,1.0,6.123233995736766e-17,1,1020537.2222222222,612135.3818443108,0.0
2026-03-10,3700000.0,21,47.6364,-122.40154,4061.0,6181.164,,,5.0,6.0,48726832,"1915 35th Avenue W, Seattle, WA 98199",Seattle,WA,98199,SINGLE_FAMILY,FOR_SALE,0,https://www.zillow.com/homedetails/1915-35th-Ave-W-Seattle-WA-98199/48726832_zpid/,3504500.0,8728d555bffffff,59,,,,,6.0,-2.660735285138432,0.0,69,0.9272375462179536,0.374473674486883,1.0,6.123233995736766e-17,1,1499975.705882353,1369875.1730235077,0.0
2026-03-10,629900.0,23,47.57501,-122.2886,1037.0,4081.572,,,2.0,2.0,448604743,"3210 35th Avenue S, Seattle, WA 98144",Seattle,WA,98144,TOWNHOUSE,FOR_SALE,0,https://www.zillow.com/homedetails/3210-35th-Ave-S-Seattle-WA-98144/448604743_zpid/,627100.0,8728d5424ffffff,43,,,,,1.0,-0.7071057811879616,0.0,69,0.9272375462179536,0.374473674486883,1.0,6.123233995736766e-17,1,629900.0,0.0,0.0
2026-03-10,1199950.0,50,47.670048,-122.37256,1721.0,1237.104,,,3.0,4.0,460906351,"1139 NW 57th Street, Seattle, WA 98107",Seattle,WA,98107,TOWNHOUSE,FOR_SALE,3,https://www.zillow.com/homedetails/1139-NW-57th-St-Seattle-WA-98107/460906351_zpid/,,8728d5476ffffff,9,,,,,29.0,-0.0523839590554015,0.0,69,0.9272375462179536,0.374473674486883,1.0,6.123233995736766e-17,1,1031565.0,614826.963711075,0.560403120936281
2026-03-10,1059950.0,52,47.670048,-122.37281,1521.0,1110.78,,,3.0,3.0,460906294,"1145 NW 57th Street, Seattle, WA 98107",Seattle,WA,98107,TOWNHOUSE,FOR_SALE,3,https://www.zillow.com/homedetails/1145-NW-57th-St-Seattle-WA-98107/460906294_zpid/,,8728d5476ffffff,9,,,,,30.0,0.2052884881900859,0.0,69,0.9272375462179536,0.374473674486883,1.0,6.123233995736766e-17,1,1036120.0,613485.455071487,0.0815816326530611
2026-03-10,1088000.0,79,47.626823,-122.35329,1820.0,1550.736,,,3.0,3.0,59698929,"815 2nd Avenue N #A, Seattle, WA 98109",Seattle,WA,98109,TOWNHOUSE,FOR_SALE,4,https://www.zillow.com/homedetails/815-2nd-Ave-N-APT-A-Seattle-WA-98109/59698929_zpid/,1066200.0,8728d542dffffff,59,,,,,13.0,-1.746617641164492,0.0,69,0.9272375462179536,0.374473674486883,1.0,6.123233995736766e-17,1,1472453.693181818,1355083.917614023,0.0
2026-03-10,1099950.0,80,47.677063,-122.32652,1592.0,766.656,,,3.0,2.0,460900497,"6546 C Latona Avenue NE, Seattle, WA 98115",Seattle,WA,98115,TOWNHOUSE,FOR_SALE,4,https://www.zillow.com/homedetails/6546-C-Latona-Ave-NE-Seattle-WA-98115/460900497_zpid/,,8728d540dffffff,9,,,,,30.0,0.2052884881900859,0.0,69,0.9272375462179536,0.374473674486883,1.0,6.123233995736766e-17,1,1035563.8888888888,613403.7446365523,-0.0426892950391645
2026-03-10,625000.0,82,47.512074,-122.37588,1210.0,7000.092,,,3.0,1.0,49038284,"10128 35th Avenue SW, Seattle, WA 98146",Seattle,WA,98146,SINGLE_FAMILY,FOR_SALE,4,https://www.zillow.com/homedetails/10128-35th-Ave-SW-Seattle-WA-98146/49038284_zpid/,615600.0,8728d5574ffffff,9,,,,,30.0,0.2052884881900859,0.0,69,0.9272375462179536,0.374473674486883,1.0,6.123233995736766e-17,1,1011730.5555555556,601196.6651199698,-0.2807825086306099
2026-03-10,815000.0,83,47.721195,-122.31039,1089.0,2813.976,,,3.0,3.0,460899718,"12562 17th Avenue NE #B, Seattle, WA 98125",Seattle,WA,98125,SINGLE_FAMILY,FOR_SALE,4,https://www.zillow.com/homedetails/12562-17th-Ave-NE-B-Seattle-WA-98125/460899718_zpid/,,8728d54e5ffffff,9,,,,,30.0,0.2052884881900859,0.0,69,0.9272375462179536,0.374473674486883,1.0,6.123233995736766e-17,1,1013786.1111111112,600192.2510361222,0.8757192174913695
2026-03-10,1175000.0,84,47.721195,-122.31039,1940.0,4242.744,,,3.0,3.0,48708183,"12562 17th Avenue NE, Seattle, WA 98125",Seattle,WA,98125,SINGLE_FAMILY,FOR_SALE,4,https://www.zillow.com/homedetails/12562-17th-Ave-NE-Seattle-WA-98125/48708183_zpid/,,8728d54e5ffffff,9,,,,,30.0,0.2052884881900859,0.0,69,0.9272375462179536,0.374473674486883,1.0,6.123233995736766e-17,1,1022675.0,596538.3927786951,2.983050847457627
2026-03-10,975000.0,87,47.671925,-122.37261,1670.0,1250.172,,,4.0,3.0,2064284058,"1142 NW 59th Street #B, Seattle, WA 98107",Seattle,WA,98107,SINGLE_FAMILY,FOR_SALE,4,https://www.zillow.com/homedetails/1142-NW-59th-St-B-Seattle-WA-98107/2064284058_zpid/,968100.0,8728d5472ffffff,9,,,,,30.0,0.2052884881900859,0.0,69,0.9272375462179536,0.374473674486883,1.0,6.123233995736766e-17,1,1017973.8888888888,600098.0178939205,0.3000866724448296
2026-03-10,3450000.0,88,47.681877,-122.2732,3840.0,0.2525,,,4.0,3.0,49110396,"7315 51st Avenue NE, Seattle, WA 98115",Seattle,WA,98115,SINGLE_FAMILY,FOR_SALE,4,https://www.zillow.com/homedetails/7315-51st-Ave-NE-Seattle-WA-98115/49110396_zpid/,3285600.0,8728d540effffff,59,,,,,18.0,-1.0936764668973922,0.0,69,0.9272375462179536,0.374473674486883,1.0,6.123233995736766e-17,1,1494673.3146067415,1363571.138315961,0.0
2026-03-10,999950.0,91,47.67627,-122.381256,1500.0,1263.24,,,3.0,2.0,460897918,"6509 19th Avenue NW, Seattle, WA 98117",Seattle,WA,98117,TOWNHOUSE,FOR_SALE,4,https://www.zillow.com/homedetails/6509-19th-Ave-NW-Seattle-WA-98117/460897918_zpid/,,8728d5470ffffff,9,,,,,30.0,0.2052884881900859,0.0,69,0.9272375462179536,0.374473674486883,1.0,6.123233995736766e-17,1,1003428.8777777776,601746.8548509475,0.0255897435897436
2026-03-10,859950.0,93,47.60221,-122.304115,1600.0,3598.056,,,3.0,3.0,448638253,"115 22nd Avenue #B, Seattle, WA 98122",Seattle,WA,98122,TOWNHOUSE,FOR_SALE,4,https://www.zillow.com/homedetails/115-22nd-Ave-B-Seattle-WA-98122/448638253_zpid/,852800.0,8728d5421ffffff,9,,,,,30.0,0.2052884881900859,0.0,69,0.9272375462179536,0.374473674486883,1.0,6.123233995736766e-17,1,1005483.8777777776,600927.8992637711,0.0886821116597038
2026-03-10,839000.0,94,47.699715,-122.31586,1340.0,4342.932,,,2.0,2.0,49076346,"1046 NE 97th Street, Seattle, WA 98115",Seattle,WA,98115,SINGLE_FAMILY,FOR_SALE,4,https://www.zillow.com/homedetails/1046-NE-97th-St-Seattle-WA-98115/49076346_zpid/,820000.0,8728d540bffffff,9,,,,,30.0,0.2052884881900859,0.0,69,0.9272375462179536,0.374473674486883,1.0,6.123233995736766e-17,1,994806.1,595161.9167730658,0.0633713561470215
2026-03-10,795000.0,95,47.552902,-122.28207,1760.0,3027.42,,,4.0,3.0,67405600,"3932 S Lucile Street, Seattle, WA 98118",Seattle,WA,98118,SINGLE_FAMILY,FOR_SALE,4,https://www.zillow.com/homedetails/3932-S-Lucile-St-Seattle-WA-98118/67405600_zpid/,779100.0,8728d550affffff,38,,,,,4.0,-2.3230312401948363,0.0,69,0.9272375462179536,0.374473674486883,1.0,6.123233995736766e-17,1,803013.3965517242,396297.6847781529,0.0
2026-03-10,1389950.0,96,47.55408,-122.36149,3260.0,3145.032,,,5.0,5.0,450675369,"5248 23rd Avenue SW, Seattle, WA 98106",Seattle,WA,98106,SINGLE_FAMILY,FOR_SALE,4,https://www.zillow.com/homedetails/5248-23rd-Ave-SW-Seattle-WA-98106/450675369_zpid/,,8728d5554ffffff,9,,,,,30.0,0.2052884881900859,0.0,69,0.9272375462179536,0.374473674486883,1.0,6.123233995736766e-17,1,991361.1,591922.672614584,0.0944488188976377
2026-03-10,1399950.0,97,47.715054,-122.30403,2712.0,4656.564,,,4.0,4.0,49148720,"11738 23rd Avenue NE, Seattle, WA 98125",Seattle,WA,98125,SINGLE_FAMILY,FOR_SALE,4,https://www.zillow.com/homedetails/11738-23rd-Ave-NE-Seattle-WA-98125/49148720_zpid/,1383700.0,8728d540bffffff,9,,,,,30.0,0.2052884881900859,0.0,69,0.9272375462179536,0.374473674486883,1.0,6.123233995736766e-17,1,991382.7666666668,591937.7599149842,0.9470792767732964
2026-03-10,2295000.0,98,47.627464,-122.36364,2570.0,6124.536,,,4.0,3.0,48901526,"505 W Kinnear Place, Seattle, WA 98119",Seattle,WA,98119,SINGLE_FAMILY,FOR_SALE,4,https://www.zillow.com/homedetails/505-W-Kinnear-Pl-Seattle-WA-98119/48901526_zpid/,,8728d542dffffff,59,,,,,19.0,-0.9630882320439722,0.0,69,0.9272375462179536,0.374473674486883,1.0,6.123233995736766e-17,1,1503565.8333333333,1358510.899151791,0.0
2026-03-10,689000.0,78,47.51674,-122.373024,1080.0,3515.292,,,2.0,3.0,460901192,"3110 SW 97th Street, Seattle, WA 98126",Seattle,WA,98126,SINGLE_FAMILY,FOR_SALE,4,https://www.zillow.com/homedetails/3110-SW-97th-St-Seattle-WA-98126/460901192_zpid/,,8728d5574ffffff,9,,,,,30.0,0.2052884881900859,0.0,69,0.9272375462179536,0.374473674486883,1.0,6.123233995736766e-17,1,985960.5444444444,590714.0914675754,0.0207407407407407
2026-03-10,629950.0,102,47.730022,-122.34215,996.0,1001.88,,,2.0,3.0,458548809,"13748 Stone Avenue N, Seattle, WA 98133",Seattle,WA,98133,TOWNHOUSE,FOR_SALE,4,https://www.zillow.com/homedetails/13748-Stone-Ave-N-Seattle-WA-98133/458548809_zpid/,627100.0,8728d5452ffffff,59,,,,,17.0,-1.224264701750812,0.0,69,0.9272375462179536,0.374473674486883,1.0,6.123233995736766e-17,1,1503909.7222222222,1358283.245813039,0.0
2026-03-10,1185000.0,53,47.64958,-122.34496,1785.0,967.032,,,3.0,3.0,460906070,"957 N 35th Street, Seattle, WA 98103",Seattle,WA,98103,TOWNHOUSE,FOR_SALE,3,https://www.zillow.com/homedetails/957-N-35th-St-Seattle-WA-98103/460906070_zpid/,,8728d542bffffff,9,,,,,30.0,0.2052884881900859,0.0,69,0.9272375462179536,0.374473674486883,1.0,6.123233995736766e-17,1,985983.3222222222,587153.1276447459,0.6952789699570816
2026-03-10,3400000.0,55,47.639946,-122.279915,3439.0,4000.0,,,5.0,5.0,48937116,"2327 41st Ave E, Seattle, WA 98112",Seattle,WA,98112,SINGLE_FAMILY,FOR_SALE,3,https://www.zillow.com/homedetails/2327-41st-Ave-E-Seattle-WA-98112/48937116_zpid/,3240100.0,8728d5405ffffff,7,,,,,1.0,-1.5753147636492275,0.0,69,0.9272375462179536,0.374473674486883,1.0,6.123233995736766e-17,1,1896081.818181818,2080912.8076727204,0.0
2026-03-10,949950.0,56,47.677086,-122.3264,1307.0,962.676,,,2.0,2.0,454075110,"6544 A Latona Avenue NE, Seattle, WA 98115",Seattle,WA,98115,TOWNHOUSE,FOR_SALE,3,https://www.zillow.com/homedetails/6544-A-Latona-Ave-NE-Seattle-WA-98115/454075110_zpid/,945400.0,8728d540dffffff,9,,,,,30.0,0.2052884881900859,0.0,69,0.9272375462179536,0.374473674486883,1.0,6.123233995736766e-17,1,978761.6555555556,588177.4246264138,0.3668345323741007
2026-03-10,2995000.0,59,47.678974,-122.26725,3417.0,6124.536,,,7.0,4.0,49110287,"6917 57th Avenue NE, Seattle, WA 98115",Seattle,WA,98115,SINGLE_FAMILY,FOR_SALE,3,https://www.zillow.com/homedetails/6917-57th-Ave-NE-Seattle-WA-98115/49110287_zpid/,,8728d540effffff,59,,,,,14.0,-1.616029406311072,0.0,69,0.9272375462179536,0.374473674486883,1.0,6.123233995736766e-17,1,1520243.0555555555,1367347.8218548896,0.0
2026-03-10,689950.0,63,47.614594,-122.30399,1097.0,1298.088,,,2.0,2.0,460902945,"1457 22nd Avenue #A, Seattle, WA 98122",Seattle,WA,98122,TOWNHOUSE,FOR_SALE,3,https://www.zillow.com/homedetails/1457-22nd-Ave-APT-A-Seattle-WA-98122/460902945_zpid/,,8728d5421ffffff,9,,,,,30.0,0.2052884881900859,0.0,69,0.9272375462179536,0.374473674486883,1.0,6.123233995736766e-17,1,962262.7666666668,592471.8257875608,1.7597999999999998
2026-03-10,945000.0,64,47.611874,-122.28914,1586.0,548.856,,,3.0,2.0,455320967,"1104 B 34th Avenue, Seattle, WA 98122",Seattle,WA,98122,TOWNHOUSE,FOR_SALE,3,https://www.zillow.com/homedetails/1104-B-34th-Ave-Seattle-WA-98122/455320967_zpid/,943600.0,8728d5423ffffff,7,,,,,2.0,-1.365272795162664,0.0,69,0.9272375462179536,0.374473674486883,1.0,6.123233995736766e-17,1,1816825.0,2002978.646405035,0.0
2026-03-10,1095000.0,65,47.611874,-122.28914,1586.0,548.856,,,2.0,2.0,460903610,"1104 C 34th Avenue, Seattle, WA 98122",Seattle,WA,98122,TOWNHOUSE,FOR_SALE,3,https://www.zillow.com/homedetails/1104-C-34th-Ave-Seattle-WA-98122/460903610_zpid/,,8728d5423ffffff,7,,,,,3.0,-1.1552308266761002,0.0,69,0.9272375462179536,0.374473674486883,1.0,6.123233995736766e-17,1,1761300.0,1928127.54667579,0.0
2026-03-10,500000.0,66,47.717003,-122.292336,1175.0,1149.984,,,3.0,2.0,2068113822,"12050 33rd Avenue NE #C, Seattle, WA 98125",Seattle,WA,98125,TOWNHOUSE,FOR_SALE,3,https://www.zillow.com/homedetails/12050-33rd-Ave-NE-APT-C-Seattle-WA-98125/2068113822_zpid/,494400.0,8728d54e4ffffff,9,,,,,30.0,0.2052884881900859,0.0,69,0.9272375462179536,0.374473674486883,1.0,6.123233995736766e-17,1,951207.2111111112,591702.1015890975,-0.3581514762516046
2026-03-10,1024900.0,67,47.69028,-122.3318,1840.0,5998.212,,,4.0,2.0,48795721,"8254 Bagley Avenue N, Seattle, WA 98103",Seattle,WA,98103,SINGLE_FAMILY,FOR_SALE,4,https://www.zillow.com/homedetails/8254-Bagley-Ave-N-Seattle-WA-98103/48795721_zpid/,1010200.0,8728d5409ffffff,9,,,,,30.0,0.2052884881900859,0.0,69,0.9272375462179536,0.374473674486883,1.0,6.123233995736766e-17,1,955717.2111111112,590687.5725286475,0.3665351553802072
2026-03-10,1020000.0,69,47.589184,-122.38651,1920.0,1250.172,,,4.0,3.0,84758478,"1601 California Avenue SW, Seattle, WA 98116",Seattle,WA,98116,TOWNHOUSE,FOR_SALE,4,https://www.zillow.com/homedetails/1601-California-Ave-SW-Seattle-WA-98116/84758478_zpid/,1004200.0,8728d5551ffffff,9,,,,,30.0,0.2052884881900859,0.0,69,0.9272375462179536,0.374473674486883,1.0,6.123233995736766e-17,1,963494.9888888889,586818.7171237404,0.3333333333333332
2026-03-10,795000.0,70,47.68052,-122.3754,1123.0,4935.348,,,2.0,2.0,460902943,"7030 Mary Avenue NW #C, Seattle, WA 98117",Seattle,WA,98117,TOWNHOUSE,FOR_SALE,4,https://www.zillow.com/homedetails/7030-Mary-Ave-NW-UNIT-C-Seattle-WA-98117/460902943_zpid/,,8728d5472ffffff,9,,,,,30.0,0.2052884881900859,0.0,69,0.9272375462179536,0.374473674486883,1.0,6.123233995736766e-17,1,956783.8777777776,585233.7940362879,0.0258064516129032
2026-03-10,2450000.0,71,47.6594,-122.276054,3764.0,10001.376,,,4.0,4.0,49047668,"4812 NE 42nd Street, Seattle, WA 98105",Seattle,WA,98105,SINGLE_FAMILY,FOR_SALE,4,https://www.zillow.com/homedetails/4812-NE-42nd-St-Seattle-WA-98105/49047668_zpid/,,8728d5401ffffff,59,,,,,16.0,-1.354852936604232,0.0,69,0.9272375462179536,0.374473674486883,1.0,6.123233995736766e-17,1,1546798.611111111,1363574.0227639931,0.0
2026-03-10,2275000.0,72,47.68303,-122.380104,3315.0,3841.992,,,4.0,5.0,48714549,"7506 18th Avenue NW, Seattle, WA 98117",Seattle,WA,98117,SINGLE_FAMILY,FOR_SALE,4,https://www.zillow.com/homedetails/7506-18th-Ave-NW-Seattle-WA-98117/48714549_zpid/,2235800.0,8728d5472ffffff,9,,,,,30.0,0.2052884881900859,0.0,69,0.9272375462179536,0.374473674486883,1.0,6.123233995736766e-17,1,970951.6555555556,601497.608961169,0.6308243727598566
2026-03-10,950000.0,73,47.54211,-122.27106,2690.0,5248.98,,,4.0,3.0,241739177,"4837 S Holly Street, Seattle, WA 98118",Seattle,WA,98118,SINGLE_FAMILY,FOR_SALE,4,https://www.zillow.com/homedetails/4837-S-Holly-St-Seattle-WA-98118/241739177_zpid/,938200.0,8728d550effffff,9,,,,,30.0,0.2052884881900859,0.0,69,0.9272375462179536,0.374473674486883,1.0,6.123233995736766e-17,1,966507.2111111112,600141.6293125678,0.4615384615384614
2026-03-10,1025000.0,74,47.68309,-122.34592,1620.0,6120.18,,,2.0,2.0,48868637,"909 N 75th Street, Seattle, WA 98103",Seattle,WA,98103,SINGLE_FAMILY,FOR_SALE,4,https://www.zillow.com/homedetails/909-N-75th-St-Seattle-WA-98103/48868637_zpid/,1003800.0,8728d540dffffff,9,,,,,30.0,0.2052884881900859,0.0,69,0.9272375462179536,0.374473674486883,1.0,6.123233995736766e-17,1,965118.3222222222,599856.7805424745,-0.5543478260869565
2026-03-10,715000.0,130,47.55217,-122.28277,720.0,4325.508,,,2.0,1.0,48863224,"3912 S Findlay Street, Seattle, WA 98118",Seattle,WA,98118,SINGLE_FAMILY,FOR_SALE,4,https://www.zillow.com/homedetails/3912-S-Findlay-St-Seattle-WA-98118/48863224_zpid/,,8728d550affffff,38,,,,,13.0,-1.3062637672828106,0.0,69,0.9272375462179536,0.374473674486883,1.0,6.123233995736766e-17,1,801521.6440677966,393033.53363381285,0.0
2026-03-10,1149000.0,340,47.563583,-122.27055,1552.0,1585.584,,,3.0,2.0,460753203,"4408 B 50th Avenue S, Seattle, WA 98118",Seattle,WA,98118,TOWNHOUSE,FOR_SALE,10,https://www.zillow.com/homedetails/4408-B-50th-Ave-S-Seattle-WA-98118/460753203_zpid/,1146700.0,8728d550affffff,38,,,,,28.0,0.3883486875705653,0.0,69,0.9272375462179536,0.374473674486883,1.0,6.123233995736766e-17,1,807312.95,392262.0114265734,0.0
2026-03-10,874950.0,341,47.66556,-122.32321,1920.0,3598.056,,,4.0,2.0,49144019,"5019 5th Avenue NE, Seattle, WA 98105",Seattle,WA,98105,SINGLE_FAMILY,FOR_SALE,10,https://www.zillow.com/homedetails/5019-5th-Ave-NE-Seattle-WA-98105/49144019_zpid/,,8728d540cffffff,9,,,,,30.0,0.2052884881900859,0.0,69,0.9272375462179536,0.374473674486883,1.0,6.123233995736766e-17,1,937851.1,528808.7694180139,-0.4412656853667103
2026-03-10,560000.0,342,47.61207,-122.31491,818.0,457.38,,,2.0,2.0,2086242566,"1116 13th Avenue #C, Seattle, WA 98122",Seattle,WA,98122,TOWNHOUSE,FOR_SALE,10,https://www.zillow.com/homedetails/1116-13th-Ave-C-Seattle-WA-98122/2086242566_zpid/,555800.0,8728d5421ffffff,9,,,,,30.0,0.2052884881900859,0.0,69,0.9272375462179536,0.374473674486883,1.0,6.123233995736766e-17,1,919628.8777777776,512843.0642856822,-0.775999551999104
2026-03-10,2695000.0,347,47.664165,-122.294556,3377.0,3602.412,,,6.0,5.0,48799128,"3032 NE Blakeley Street, Seattle, WA 98105",Seattle,WA,98105,SINGLE_FAMILY,FOR_SALE,10,https://www.zillow.com/homedetails/3032-NE-Blakeley-St-Seattle-WA-98105/48799128_zpid/,2637500.0,8728d540cffffff,9,,,,,30.0,0.2052884881900859,0.0,69,0.9272375462179536,0.374473674486883,1.0,6.123233995736766e-17,1,940657.7666666668,541612.3434446416,-0.2014814814814814
2026-03-10,850000.0,336,47.635525,-122.32413,1550.0,1093.356,,,3.0,3.0,63336163,"1820 Franklin Avenue E, Seattle, WA 98102",Seattle,WA,98102,TOWNHOUSE,FOR_SALE,10,https://www.zillow.com/homedetails/1820-Franklin-Ave-E-Seattle-WA-98102/63336163_zpid/,831200.0,8728d5428ffffff,9,,,,,30.0,0.2052884881900859,0.0,69,0.9272375462179536,0.374473674486883,1.0,6.123233995736766e-17,1,946246.6555555556,538000.7507669284,0.3493134375744107
2026-03-10,759000.0,348,47.67837,-122.37577,1340.0,1089.0,,,2.0,2.0,2071018653,"6716 Mary Avenue NW #C, Seattle, WA 98117",Seattle,WA,98117,TOWNHOUSE,FOR_SALE,10,https://www.zillow.com/homedetails/6716-Mary-Ave-NW-C-Seattle-WA-98117/2071018653_zpid/,747100.0,8728d5472ffffff,9,,,,,30.0,0.2052884881900859,0.0,69,0.9272375462179536,0.374473674486883,1.0,6.123233995736766e-17,1,943124.9888888889,538265.9617604464,0.2244147329840229
2026-03-10,699000.0,352,47.690914,-122.30247,890.0,6730.02,,,2.0,1.0,48946124,"2337 NE 86th Street, Seattle, WA 98115",Seattle,WA,98115,SINGLE_FAMILY,FOR_SALE,10,https://www.zillow.com/homedetails/2337-NE-86th-St-Seattle-WA-98115/48946124_zpid/,678600.0,8728d5408ffffff,9,,,,,30.0,0.2052884881900859,0.0,69,0.9272375462179536,0.374473674486883,1.0,6.123233995736766e-17,1,947313.8777777776,546839.0413386928,-0.6503251625812907
2026-03-10,1295000.0,354,47.719715,-122.305084,1583.0,2134.44,,,3.0,2.0,439254881,"2218 NE 125th Street, Seattle, WA 98125",Seattle,WA,98125,TOWNHOUSE,FOR_SALE,11,https://www.zillow.com/homedetails/2218-NE-125th-St-Seattle-WA-98125/439254881_zpid/,,8728d54e5ffffff,9,,,,,30.0,0.2052884881900859,0.0,69,0.9272375462179536,0.374473674486883,1.0,6.123233995736766e-17,1,943369.4333333332,542980.2175324588,1.7007299270072993
2026-03-10,700000.0,357,47.637077,-122.32921,830.0,1.0,,,1.0,2.0,460748612,"2012 Fairview Avenue E #B, Seattle, WA 98102",Seattle,WA,98102,TOWNHOUSE,FOR_SALE,11,https://www.zillow.com/homedetails/2012-Fairview-Ave-E-B-Seattle-WA-98102/460748612_zpid/,694200.0,8728d5428ffffff,9,,,,,30.0,0.2052884881900859,0.0,69,0.9272375462179536,0.374473674486883,1.0,6.123233995736766e-17,1,939591.6555555556,545435.1499618158,-0.5882352941176471
2026-03-10,3094000.0,358,47.607758,-122.28779,3520.0,0.292,,,4.0,4.0,48667988,"632 35th Avenue, Seattle, WA 98122",Seattle,WA,98122,SINGLE_FAMILY,FOR_SALE,11,https://www.zillow.com/homedetails/632-35th-Ave-Seattle-WA-98122/48667988_zpid/,2970800.0,8728d5421ffffff,9,,,,,30.0,0.2052884881900859,0.0,69,0.9272375462179536,0.374473674486883,1.0,6.123233995736766e-17,1,959524.9888888889,589736.9103986351,3.4843829262990074
2026-03-10,399950.0,350,47.550007,-122.38342,778.0,4399.56,,,2.0,1.0,63925322,"5907 40th Avenue SW #B, Seattle, WA 98136",Seattle,WA,98136,TOWNHOUSE,FOR_SALE,10,https://www.zillow.com/homedetails/5907-40th-Ave-SW-UNIT-B-Seattle-WA-98136/63925322_zpid/,395400.0,8728d5573ffffff,14,,,,,8.0,-0.1050209842432818,0.0,69,0.9272375462179536,0.374473674486883,1.0,6.123233995736766e-17,1,792478.75,389192.29194533016,0.0
2026-03-10,819950.0,335,47.61134,-122.303055,1603.0,2369.664,,,5.0,2.0,49025582,"943 23rd Avenue, Seattle, WA 98122",Seattle,WA,98122,SINGLE_FAMILY,FOR_SALE,10,https://www.zillow.com/homedetails/943-23rd-Ave-Seattle-WA-98122/49025582_zpid/,804600.0,8728d5421ffffff,9,,,,,30.0,0.2052884881900859,0.0,69,0.9272375462179536,0.374473674486883,1.0,6.123233995736766e-17,1,953874.4333333332,592762.0694677471,0.0249375
2026-03-10,875000.0,361,47.642048,-122.32893,1181.0,2378.376,,,2.0,2.0,48925580,"2364 Fairview Avenue E #1, Seattle, WA 98102",Seattle,WA,98102,TOWNHOUSE,FOR_SALE,11,https://www.zillow.com/homedetails/2364-Fairview-Ave-E-UNIT-1-Seattle-WA-98102/48925580_zpid/,,8728d5428ffffff,9,,,,,30.0,0.2052884881900859,0.0,69,0.9272375462179536,0.374473674486883,1.0,6.123233995736766e-17,1,955152.2111111112,592463.3251330004,-0.4444444444444444
2026-03-10,699950.0,353,47.71577,-122.34012,1460.0,3201.66,,,2.0,2.0,49075044,"11917 Stendall Place N, Seattle, WA 98133",Seattle,WA,98133,TOWNHOUSE,FOR_SALE,11,https://www.zillow.com/homedetails/11917-Stendall-Pl-N-Seattle-WA-98133/49075044_zpid/,684100.0,8728d5456ffffff,9,,,,,30.0,0.2052884881900859,0.0,69,0.9272375462179536,0.374473674486883,1.0,6.123233995736766e-17,1,958151.6555555556,590454.7103102629,-0.282102564102564
2026-03-10,685000.0,338,47.669292,-122.36892,1074.0,466.092,,,2.0,2.0,460753259,"903 A NW 56th Street, Seattle, WA 98107",Seattle,WA,98107,TOWNHOUSE,FOR_SALE,10,https://www.zillow.com/homedetails/903-A-Northwest-St-56-Seattle-WA-98107/460753259_zpid/,683000.0,8728d5476ffffff,9,,,,,30.0,0.2052884881900859,0.0,69,0.9272375462179536,0.374473674486883,1.0,6.123233995736766e-17,1,956929.4333333332,590909.8963456585,0.0148148148148148
2026-03-10,6300000.0,317,47.620834,-122.28373,6490.0,0.4416,,,5.0,6.0,48956516,"300 Maiden Lane E, Seattle, WA 98112",Seattle,WA,98112,SINGLE_FAMILY,FOR_SALE,8,https://www.zillow.com/homedetails/300-Maiden-Ln-E-Seattle-WA-98112/48956516_zpid/,6302700.0,8728d5423ffffff,7,,,,,8.0,-0.1050209842432818,0.0,69,0.9272375462179536,0.374473674486883,1.0,6.123233995736766e-17,1,2085492.857142857,2214297.832866519,0.0
2026-03-10,499999.0,318,47.522522,-122.3153,2020.0,5998.212,,,2.0,1.0,49065542,"9017 14th Avenue S, Seattle, WA 98108",Seattle,WA,98108,SINGLE_FAMILY,FOR_SALE,8,https://www.zillow.com/homedetails/9017-14th-Ave-S-Seattle-WA-98108/49065542_zpid/,492900.0,8728d552bffffff,38,,,,,23.0,-0.1765221307138933,0.0,69,0.9272375462179536,0.374473674486883,1.0,6.123233995736766e-17,1,802275.0163934426,390964.4759541243,0.0
2026-03-10,799950.0,321,47.676174,-122.38126,1057.0,1154.34,,,2.0,2.0,460774374,"6505 19th Avenue NW, Seattle, WA 98117",Seattle,WA,98117,TOWNHOUSE,FOR_SALE,9,https://www.zillow.com/homedetails/6505-19th-Ave-NW-Seattle-WA-98117/460774374_zpid/,798300.0,8728d5470ffffff,9,,,,,30.0,0.2052884881900859,0.0,69,0.9272375462179536,0.374473674486883,1.0,6.123233995736766e-17,1,935817.2111111112,601276.945505119,0.3354757929883138
2026-03-10,849950.0,323,47.66031,-122.34503,1472.0,875.556,,,2.0,2.0,247769038,"4329 Woodland Park Avenue N, Seattle, WA 98103",Seattle,WA,98103,TOWNHOUSE,FOR_SALE,9,https://www.zillow.com/homedetails/4329-Woodland-Park-Ave-N-Seattle-WA-98103/247769038_zpid/,841600.0,8728d542bffffff,9,,,,,30.0,0.2052884881900859,0.0,69,0.9272375462179536,0.374473674486883,1.0,6.123233995736766e-17,1,948422.2111111112,601867.6806165931,0.3077159781521654
2026-03-10,1485000.0,326,47.660915,-122.41557,1994.0,0.4636,,,3.0,3.0,241742605,"4405 Montana Circle W, Seattle, WA 98199",Seattle,WA,98199,SINGLE_FAMILY,FOR_SALE,10,https://www.zillow.com/homedetails/4405-Montana-Cir-W-Seattle-WA-98199/241742605_zpid/,1436800.0,8728d5475ffffff,9,,,,,30.0,0.2052884881900859,0.0,69,0.9272375462179536,0.374473674486883,1.0,6.123233995736766e-17,1,948377.7666666668,601827.4598974797,0.2981336596879234
2026-03-10,1029000.0,327,47.683052,-122.32719,1503.0,1354.716,,,2.0,3.0,460766754,"223 NE 75th Street, Seattle, WA 98115",Seattle,WA,98115,TOWNHOUSE,FOR_SALE,10,https://www.zillow.com/homedetails/223-NE-75th-St-Seattle-WA-98115/460766754_zpid/,1023200.0,8728d540dffffff,9,,,,,30.0,0.2052884881900859,0.0,69,0.9272375462179536,0.374473674486883,1.0,6.123233995736766e-17,1,952488.8777777776,601091.7902185787,0.7152858809801634
2026-03-10,0.0,331,47.534336,-122.36459,1570.0,1306.8,,,2.0,3.0,80126534,"2432 SW Holden St APT A, Seattle, WA 98106",Seattle,WA,98106,SINGLE_FAMILY,FOR_SALE,10,https://www.zillow.com/homedetails/2432-SW-Holden-St-APT-A-Seattle-WA-98106/80126534_zpid/,457700.0,8728d5572ffffff,38,,,,,26.0,0.1624003602567818,0.0,69,0.9272375462179536,0.374473674486883,1.0,6.123233995736766e-17,1,781543.375,399113.2551352048,0.0
2026-03-10,599999.0,324,47.574055,-122.29362,1190.0,853.776,,,2.0,2.0,2072089283,"3307 Wetmore Avenue S #A, Seattle, WA 98144",Seattle,WA,98144,TOWNHOUSE,FOR_SALE,9,https://www.zillow.com/homedetails/3307-Wetmore-Ave-S-A-Seattle-WA-98144/2072089283_zpid/,595000.0,8728d550bffffff,38,,,,,27.0,0.2753745239136736,0.0,69,0.9272375462179536,0.374473674486883,1.0,6.123233995736766e-17,1,778750.3846153846,396622.6344310047,0.0
2026-03-10,779950.0,389,47.563587,-122.29816,1520.0,2469.852,,,3.0,3.0,80260417,"4338 28th Avenue S, Seattle, WA 98108",Seattle,WA,98108,SINGLE_FAMILY,FOR_SALE,11,https://www.zillow.com/homedetails/4338-28th-Ave-S-Seattle-WA-98108/80260417_zpid/,769200.0,8728d550bffffff,38,,,,,29.0,0.5013228512274571,0.0,69,0.9272375462179536,0.374473674486883,1.0,6.123233995736766e-17,1,778768.5606060605,393559.89325102454,0.0
2026-03-10,1300000.0,391,47.65543,-122.32812,1740.0,1115.136,,,3.0,2.0,2057481395,"3959 1st Avenue NE #A, Seattle, WA 98105",Seattle,WA,98105,TOWNHOUSE,FOR_SALE,11,https://www.zillow.com/homedetails/3959-1st-Ave-NE-A-Seattle-WA-98105/2057481395_zpid/,1276100.0,8728d542bffffff,9,,,,,30.0,0.2052884881900859,0.0,69,0.9272375462179536,0.374473674486883,1.0,6.123233995736766e-17,1,950845.9888888889,617692.8108646348,0.857408201171596
2026-03-10,850000.0,392,47.56366,-122.382416,1632.0,4312.44,,,2.0,1.0,48697856,"4432 40th Avenue SW, Seattle, WA 98116",Seattle,WA,98116,SINGLE_FAMILY,FOR_SALE,11,https://www.zillow.com/homedetails/4432-40th-Ave-SW-Seattle-WA-98116/48697856_zpid/,832900.0,8728d5555ffffff,9,,,,,30.0,0.2052884881900859,0.0,69,0.9272375462179536,0.374473674486883,1.0,6.123233995736766e-17,1,940012.6555555556,610699.6774117842,-0.1331837650418111
2026-03-10,1400000.0,397,47.659313,-122.35134,3090.0,5000.688,,,5.0,3.0,48973287,"4309 Evanston Avenue N, Seattle, WA 98103",Seattle,WA,98103,SINGLE_FAMILY,FOR_SALE,11,https://www.zillow.com/homedetails/4309-Evanston-Ave-N-Seattle-WA-98103/48973287_zpid/,1348800.0,8728d5476ffffff,9,,,,,30.0,0.2052884881900859,0.0,69,0.9272375462179536,0.374473674486883,1.0,6.123233995736766e-17,1,919823.7666666668,602962.7443199111,3.4444444444444446
2026-03-10,525000.0,398,47.542202,-122.32296,1061.0,413.82,,,2.0,2.0,460742579,"6714 Corson Avenue S #C, Seattle, WA 98108",Seattle,WA,98108,TOWNHOUSE,FOR_SALE,11,https://www.zillow.com/homedetails/6714-Corson-Ave-S-C-Seattle-WA-98108/460742579_zpid/,523700.0,8728d550dffffff,38,,,,,30.0,0.6142970148843488,0.0,69,0.9272375462179536,0.374473674486883,1.0,6.123233995736766e-17,1,774980.9701492537,391795.5487511068,0.0
2026-03-10,759000.0,399,47.68314,-122.36801,860.0,2748.636,,,2.0,1.0,48672780,"865 NW 75th Street, Seattle, WA 98117",Seattle,WA,98117,SINGLE_FAMILY,FOR_SALE,12,https://www.zillow.com/homedetails/865-NW-75th-St-Seattle-WA-98117/48672780_zpid/,741900.0,8728d5472ffffff,9,,,,,30.0,0.2052884881900859,0.0,69,0.9272375462179536,0.374473674486883,1.0,6.123233995736766e-17,1,923590.9888888889,600860.016106062,0.2241935483870967
2026-03-10,515000.0,403,47.529266,-122.321884,830.0,1267.596,,,2.0,2.0,353021451,"820 B S Rose Street, Seattle, WA 98108",Seattle,WA,98108,SINGLE_FAMILY,FOR_SALE,12,https://www.zillow.com/homedetails/820-B-S-Rose-St-Seattle-WA-98108/353021451_zpid/,512700.0,8728d550dffffff,38,,,,,30.0,0.6142970148843488,0.0,69,0.9272375462179536,0.374473674486883,1.0,6.123233995736766e-17,1,771157.7205882353,390136.67268630577,0.0
2026-03-10,839000.0,405,47.58911,-122.309235,1760.0,1542.024,,,3.0,3.0,80114020,"1530 18th Avenue S, Seattle, WA 98144",Seattle,WA,98144,TOWNHOUSE,FOR_SALE,12,https://www.zillow.com/homedetails/1530-18th-Ave-S-Seattle-WA-98144/80114020_zpid/,829800.0,8728d5425ffffff,9,,,,,30.0,0.2052884881900859,0.0,69,0.9272375462179536,0.374473674486883,1.0,6.123233995736766e-17,1,934447.1,603476.4401510212,-0.3419607843137254
2026-03-10,3200000.0,406,47.644592,-122.40748,4952.0,9099.684,,,5.0,4.0,48702925,"2647 39th Avenue W, Seattle, WA 98199",Seattle,WA,98199,SINGLE_FAMILY,FOR_SALE,12,https://www.zillow.com/homedetails/2647-39th-Ave-W-Seattle-WA-98199/48702925_zpid/,3054700.0,8728d555bffffff,59,,,,,30.0,0.4733823513436473,0.0,69,0.9272375462179536,0.374473674486883,1.0,6.123233995736766e-17,1,1515913.611111111,1389715.7136960991,0.0
2026-03-10,725000.0,388,47.731365,-122.304054,1370.0,6716.952,,,3.0,1.0,48991227,"14056 23rd Place NE, Seattle, WA 98125",Seattle,WA,98125,SINGLE_FAMILY,FOR_SALE,11,https://www.zillow.com/homedetails/14056-23rd-Pl-NE-Seattle-WA-98125/48991227_zpid/,705100.0,8728d54e5ffffff,9,,,,,30.0,0.2052884881900859,0.0,69,0.9272375462179536,0.374473674486883,1.0,6.123233995736766e-17,1,952694.3222222222,791308.0138776317,-0.0926157697121401
2026-03-10,1135000.0,387,47.653885,-122.35535,1642.0,1115.136,,,3.0,3.0,460730362,"3646 Greenwood Avenue N #B, Seattle, WA 98103",Seattle,WA,98103,SINGLE_FAMILY,FOR_SALE,11,https://www.zillow.com/homedetails/3646-Greenwood-Ave-N-B-Seattle-WA-98103/460730362_zpid/,1131700.0,8728d5476ffffff,9,,,,,30.0,0.2052884881900859,0.0,69,0.9272375462179536,0.374473674486883,1.0,6.123233995736766e-17,1,948083.2111111112,788994.0463307148,-0.2172413793103448
2026-03-10,549950.0,390,47.524513,-122.32151,1900.0,5998.212,,,2.0,1.0,49065275,"833 S Trenton Street, Seattle, WA 98108",Seattle,WA,98108,SINGLE_FAMILY,FOR_SALE,11,https://www.zillow.com/homedetails/833-S-Trenton-St-Seattle-WA-98108/49065275_zpid/,,8728d552bffffff,38,,,,,30.0,0.6142970148843488,0.0,69,0.9272375462179536,0.374473674486883,1.0,6.123233995736766e-17,1,767951.8115942029,388171.9496550949,0.0
2026-03-10,559550.0,314,47.570755,-122.31457,916.0,853.776,,,2.0,2.0,338639877,"3628 14th Avenue S, Seattle, WA 98144",Seattle,WA,98144,TOWNHOUSE,FOR_SALE,8,https://www.zillow.com/homedetails/3628-14th-Ave-S-Seattle-WA-98144/338639877_zpid/,555300.0,8728d550bffffff,38,,,,,22.0,-0.289496294370785,0.0,69,0.9272375462179536,0.374473674486883,1.0,6.123233995736766e-17,1,764974.6428571428,386153.0506375636,0.0
2026-03-10,1560000.0,310,47.577538,-122.41283,2370.0,2090.88,,,3.0,3.0,48990774,"3028 63rd Avenue SW, Seattle, WA 98116",Seattle,WA,98116,TOWNHOUSE,FOR_SALE,8,https://www.zillow.com/homedetails/3028-63rd-Ave-SW-Seattle-WA-98116/48990774_zpid/,1520600.0,8728d5542ffffff,9,,,,,30.0,0.2052884881900859,0.0,69,0.9272375462179536,0.374473674486883,1.0,6.123233995736766e-17,1,958555.4333333332,790809.7093908163,1.4001846295868914
2026-03-10,789000.0,308,47.728584,-122.349365,2380.0,7348.572,,,4.0,3.0,48656752,"724 N 137th Street, Seattle, WA 98133",Seattle,WA,98133,SINGLE_FAMILY,FOR_SALE,8,https://www.zillow.com/homedetails/724-N-137th-St-Seattle-WA-98133/48656752_zpid/,781000.0,8728d5452ffffff,59,,,,,30.0,0.4733823513436473,0.0,69,0.9272375462179536,0.374473674486883,1.0,6.123233995736766e-17,1,1500680.2777777778,1390090.2900802903,0.0
2026-03-10,1375000.0,366,47.64054,-122.36734,1920.0,1799.028,,,3.0,2.0,49132111,"2430 8th Avenue W, Seattle, WA 98119",Seattle,WA,98119,SINGLE_FAMILY,FOR_SALE,11,https://www.zillow.com/homedetails/2430-8th-Ave-W-Seattle-WA-98119/49132111_zpid/,1327800.0,8728d5429ffffff,9,,,,,30.0,0.2052884881900859,0.0,69,0.9272375462179536,0.374473674486883,1.0,6.123233995736766e-17,1,960500.4333333332,791624.9392371952,3.0441176470588234
2026-03-10,850000.0,369,47.552586,-122.30702,1652.0,3998.808,,,3.0,2.0,48953824,"5526 20th Avenue S, Seattle, WA 98108",Seattle,WA,98108,SINGLE_FAMILY,FOR_SALE,11,https://www.zillow.com/homedetails/5526-20th-Ave-S-Seattle-WA-98108/48953824_zpid/,831400.0,8728d5508ffffff,38,,,,,30.0,0.6142970148843488,0.0,69,0.9272375462179536,0.374473674486883,1.0,6.123233995736766e-17,1,766172.1830985915,383517.662244101,0.0
2026-03-10,875000.0,370,47.563583,-122.27055,1540.0,775.368,,,3.0,2.0,460742007,"4408 D 50th Avenue S, Seattle, WA 98118",Seattle,WA,98118,TOWNHOUSE,FOR_SALE,11,https://www.zillow.com/homedetails/4408-D-50th-Ave-S-Seattle-WA-98118/460742007_zpid/,874000.0,8728d550affffff,38,,,,,30.0,0.6142970148843488,0.0,69,0.9272375462179536,0.374473674486883,1.0,6.123233995736766e-17,1,767683.6805555555,381023.1741960663,0.0
2026-03-10,1050000.0,371,47.648796,-122.384285,1560.0,5998.212,,,3.0,3.0,48824893,"3206 22nd Avenue W, Seattle, WA 98199",Seattle,WA,98199,SINGLE_FAMILY,FOR_SALE,11,https://www.zillow.com/homedetails/3206-22nd-Ave-W-Seattle-WA-98199/48824893_zpid/,,8728d5474ffffff,9,,,,,30.0,0.2052884881900859,0.0,69,0.9272375462179536,0.374473674486883,1.0,6.123233995736766e-17,1,965779.3222222222,794038.8822217687,1.4137931034482758
2026-03-10,925000.0,373,47.645557,-122.36116,1410.0,1058.508,,,3.0,2.0,305485584,"2833 3rd Avenue W, Seattle, WA 98119",Seattle,WA,98119,TOWNHOUSE,FOR_SALE,11,https://www.zillow.com/homedetails/2833-3rd-Ave-W-Seattle-WA-98119/305485584_zpid/,,8728d5429ffffff,9,,,,,30.0,0.2052884881900859,0.0,69,0.9272375462179536,0.374473674486883,1.0,6.123233995736766e-17,1,969112.6555555556,793221.5061323397,-0.4991878722252301
2026-03-10,789000.0,374,47.522366,-122.37498,1400.0,4068.504,,,3.0,1.0,48936514,"9014 34th Avenue SW, Seattle, WA 98126",Seattle,WA,98126,SINGLE_FAMILY,FOR_SALE,11,https://www.zillow.com/homedetails/9014-34th-Ave-SW-Seattle-WA-98126/48936514_zpid/,774200.0,8728d5570ffffff,9,,,,,30.0,0.2052884881900859,0.0,69,0.9272375462179536,0.374473674486883,1.0,6.123233995736766e-17,1,968823.7666666668,793282.9963205325,-0.1223581757508343
2026-03-10,800000.0,378,47.54344,-122.3769,1613.0,727.452,,,2.0,3.0,460733233,"6543 35th Avenue SW #B, Seattle, WA 98126",Seattle,WA,98126,TOWNHOUSE,FOR_SALE,11,https://www.zillow.com/homedetails/6543-35th-Ave-SW-B-Seattle-WA-98126/460733233_zpid/,,8728d5573ffffff,14,,,,,9.0,0.1050209842432818,0.0,69,0.9272375462179536,0.374473674486883,1.0,6.123233995736766e-17,1,757088.9285714285,382470.41925929266,0.0
2026-03-10,949880.0,379,47.67075,-122.37198,1695.0,1406.988,,,3.0,3.0,460733180,"1127 NW 58th Street #A, Seattle, WA 98107",Seattle,WA,98107,TOWNHOUSE,FOR_SALE,11,https://www.zillow.com/homedetails/1127-NW-58th-St-A-Seattle-WA-98107/460733180_zpid/,948000.0,8728d5476ffffff,9,,,,,30.0,0.2052884881900859,0.0,69,0.9272375462179536,0.374473674486883,1.0,6.123233995736766e-17,1,978912.4333333332,792174.5911856117,-0.7117207890743551
2026-03-10,729950.0,380,47.670395,-122.37241,1046.0,984.456,,,2.0,3.0,460732389,"1136 B NW 57th Street, Seattle, WA 98107",Seattle,WA,98117,TOWNHOUSE,FOR_SALE,11,https://www.zillow.com/homedetails/1136-B-Northwest-St-57-Seattle-WA-98117/460732389_zpid/,728800.0,8728d5476ffffff,9,,,,,30.0,0.2052884881900859,0.0,69,0.9272375462179536,0.374473674486883,1.0,6.123233995736766e-17,1,976189.6555555556,792609.2002833578,0.1869105691056911
2026-03-10,674999.0,381,47.703094,-122.34011,1130.0,910.404,,,4.0,2.0,2055255966,"1405 N 103rd Street, Seattle, WA 98133",Seattle,WA,98133,TOWNHOUSE,FOR_SALE,11,https://www.zillow.com/homedetails/1405-N-103rd-St-Seattle-WA-98133/2055255966_zpid/,,8728d5409ffffff,9,,,,,30.0,0.2052884881900859,0.0,69,0.9272375462179536,0.374473674486883,1.0,6.123233995736766e-17,1,973689.6555555556,793206.8318071328,-0.098799732977303
2026-03-10,1149000.0,382,47.67651,-122.286736,1800.0,6098.4,,,5.0,2.0,48820251,"6522 38th Avenue NE, Seattle, WA 98115",Seattle,WA,98115,SINGLE_FAMILY,FOR_SALE,11,https://www.zillow.com/homedetails/6522-38th-Ave-NE-Seattle-WA-98115/48820251_zpid/,1121600.0,8728d540effffff,59,,,,,30.0,0.4733823513436473,0.0,69,0.9272375462179536,0.374473674486883,1.0,6.123233995736766e-17,1,1402858.0555555555,1271269.2665731988,0.0
2026-03-10,859950.0,383,47.654,-122.35793,1284.0,775.368,,,3.0,2.0,460731026,"105 NW 39th Street #D, Seattle, WA 98107",Seattle,WA,98107,TOWNHOUSE,FOR_SALE,11,https://www.zillow.com/homedetails/105-NW-39th-St-D-Seattle-WA-98107/460731026_zpid/,859000.0,8728d5476ffffff,9,,,,,30.0,0.2052884881900859,0.0,69,0.9272375462179536,0.374473674486883,1.0,6.123233995736766e-17,1,978133.5444444444,791414.9060132056,-0.0703243243243243
2026-03-10,664950.0,384,47.69527,-122.37361,1440.0,801.504,,,2.0,2.0,2069397990,"9032 14th Avenue NW #D, Seattle, WA 98117",Seattle,WA,98117,TOWNHOUSE,FOR_SALE,11,https://www.zillow.com/homedetails/9032-14th-Ave-NW-UNIT-D-Seattle-WA-98117/2069397990_zpid/,660000.0,8728d5454ffffff,9,,,,,30.0,0.2052884881900859,0.0,69,0.9272375462179536,0.374473674486883,1.0,6.123233995736766e-17,1,974411.3222222222,792098.6438985259,-0.6145217391304347
2026-03-10,789900.0,386,47.548325,-122.38585,1520.0,1032.372,,,3.0,3.0,344490995,"4203 SW Raymond Street, Seattle, WA 98136",Seattle,WA,98136,TOWNHOUSE,FOR_SALE,11,https://www.zillow.com/homedetails/4203-SW-Raymond-St-Seattle-WA-98136/344490995_zpid/,785700.0,8728d5573ffffff,14,,,,,10.0,0.3150629527298455,0.0,69,0.9272375462179536,0.374473674486883,1.0,6.123233995736766e-17,1,759276.3333333334,368655.0726456655,0.0
2026-03-10,6500000.0,385,47.63381,-122.318405,5117.0,0.5699000000000001,,,5.0,6.0,48871558,"1626 Federal Avenue E, Seattle, WA 98102",Seattle,WA,98102,SINGLE_FAMILY,FOR_SALE,11,https://www.zillow.com/homedetails/1626-Federal-Ave-E-Seattle-WA-98102/48871558_zpid/,,8728d5428ffffff,9,,,,,30.0,0.2052884881900859,0.0,69,0.9272375462179536,0.374473674486883,1.0,6.123233995736766e-17,1,1033478.5444444444,984361.7127732184,12.978494623655914
2026-03-10,1100000.0,309,47.62124,-122.304375,2550.0,4199.184,,,5.0,3.0,48697979,"234 21st Avenue E, Seattle, WA 98112",Seattle,WA,98112,SINGLE_FAMILY,FOR_SALE,8,https://www.zillow.com/homedetails/234-21st-Ave-E-Seattle-WA-98112/48697979_zpid/,1078100.0,8728d542effffff,9,,,,,30.0,0.2052884881900859,0.0,69,0.9272375462179536,0.374473674486883,1.0,6.123233995736766e-17,1,1030256.8777777776,983656.1553442128,-0.0794979079497908
2026-03-10,589000.0,307,47.541767,-122.32291,1260.0,2117.016,,,2.0,2.0,2092350059,"6726 Corson Avenue S #F, Seattle, WA 98108",Seattle,WA,98108,TOWNHOUSE,FOR_SALE,8,https://www.zillow.com/homedetails/6726-Corson-Ave-S-UNIT-F-Seattle-WA-98108/2092350059_zpid/,585000.0,8728d550dffffff,38,,,,,21.0,-0.4024704580276768,0.0,69,0.9272375462179536,0.374473674486883,1.0,6.123233995736766e-17,1,765235.9589041095,378945.4537534408,0.0
2026-03-10,875000.0,203,47.692528,-122.34927,1640.0,5127.012,,,3.0,2.0,49122942,"721 N 88th Street, Seattle, WA 98103",Seattle,WA,98103,SINGLE_FAMILY,FOR_SALE,5,https://www.zillow.com/homedetails/721-N-88th-St-Seattle-WA-98103/49122942_zpid/,851500.0,8728d5409ffffff,9,,,,,30.0,0.2052884881900859,0.0,69,0.9272375462179536,0.374473674486883,1.0,6.123233995736766e-17,1,1024424.1,982995.532011907,0.1146496815286624
2026-03-10,850000.0,231,47.56932,-122.39305,1800.0,5702.004,,,3.0,2.0,48975970,"3828 48th Avenue SW, Seattle, WA 98116",Seattle,WA,98116,SINGLE_FAMILY,FOR_SALE,5,https://www.zillow.com/homedetails/3828-48th-Ave-SW-Seattle-WA-98116/48975970_zpid/,833000.0,8728d5555ffffff,9,,,,,30.0,0.2052884881900859,0.0,69,0.9272375462179536,0.374473674486883,1.0,6.123233995736766e-17,1,1025324.1,982796.1063693212,0.7004080979435063
2026-03-10,539950.0,232,47.69361,-122.34539,620.0,2421.936,,,2.0,1.0,49122836,"940 N 89th Street, Seattle, WA 98103",Seattle,WA,98103,SINGLE_FAMILY,FOR_SALE,5,https://www.zillow.com/homedetails/940-N-89th-St-Seattle-WA-98103/49122836_zpid/,,8728d5409ffffff,9,,,,,30.0,0.2052884881900859,0.0,69,0.9272375462179536,0.374473674486883,1.0,6.123233995736766e-17,1,1015779.1,983297.612441142,0.1998915553145672
2026-03-10,3042500.0,233,47.685207,-122.281395,3911.0,6505.0,,,5.0,5.0,48993924,"7711 44th Ave NE, Seattle, WA 98115",Seattle,WA,98115,SINGLE_FAMILY,FOR_SALE,5,https://www.zillow.com/homedetails/7711-44th-Ave-NE-Seattle-WA-98115/48993924_zpid/,2941200.0,8728d540effffff,59,,,,,30.0,0.4733823513436473,0.0,69,0.9272375462179536,0.374473674486883,1.0,6.123233995736766e-17,1,1358941.388888889,1137106.3578077876,0.0
2026-03-10,1640000.0,234,47.54389,-122.2613,3560.0,0.3954999999999999,,,4.0,3.0,49001737,"6508 57th Avenue S, Seattle, WA 98118",Seattle,WA,98118,SINGLE_FAMILY,FOR_SALE,5,https://www.zillow.com/homedetails/6508-57th-Ave-S-Seattle-WA-98118/49001737_zpid/,1581200.0,8728d550effffff,9,,,,,30.0,0.2052884881900859,0.0,69,0.9272375462179536,0.374473674486883,1.0,6.123233995736766e-17,1,1026345.7666666668,984855.1001280244,2.813953488372093
2026-03-10,1900000.0,237,47.67469,-122.28772,4170.0,4299.372,,,5.0,3.0,49102413,"6222 37th Avenue NE, Seattle, WA 98115",Seattle,WA,98115,SINGLE_FAMILY,FOR_SALE,5,https://www.zillow.com/homedetails/6222-37th-Ave-NE-Seattle-WA-98115/49102413_zpid/,1847700.0,8728d540effffff,59,,,,,30.0,0.4733823513436473,0.0,69,0.9272375462179536,0.374473674486883,1.0,6.123233995736766e-17,1,1370830.2777777778,1137107.564875891,0.0
2026-03-10,2496380.0,238,47.64172,-122.348465,2640.0,3497.868,,,4.0,4.0,48878988,"426 Smith Street, Seattle, WA 98109",Seattle,WA,98109,SINGLE_FAMILY,FOR_SALE,5,https://www.zillow.com/homedetails/426-Smith-St-Seattle-WA-98109/48878988_zpid/,2402400.0,8728d5429ffffff,9,,,,,30.0,0.2052884881900859,0.0,69,0.9272375462179536,0.374473674486883,1.0,6.123233995736766e-17,1,1035416.6555555556,999206.7250891114,5.242510627656914
2026-03-10,600000.0,239,47.67557,-122.37305,1018.0,840.708,,,2.0,2.0,2075138027,"6408 NW 14th Avenue #B, Seattle, WA 98107",Seattle,WA,98107,TOWNHOUSE,FOR_SALE,6,https://www.zillow.com/homedetails/6408-14th-Ave-NW-B-Seattle-WA-98107/2075138027_zpid/,596100.0,8728d5472ffffff,9,,,,,30.0,0.2052884881900859,0.0,69,0.9272375462179536,0.374473674486883,1.0,6.123233995736766e-17,1,1036249.9888888889,998807.452251456,-0.7595190380761523
2026-03-10,1700000.0,240,47.67058,-122.26423,3450.0,6050.484,,,4.0,3.0,48685531,"5720 59th Avenue NE, Seattle, WA 98105",Seattle,WA,98105,SINGLE_FAMILY,FOR_SALE,6,https://www.zillow.com/homedetails/5720-59th-Ave-NE-Seattle-WA-98105/48685531_zpid/,1658900.0,8728d5403ffffff,59,,,,,30.0,0.4733823513436473,0.0,69,0.9272375462179536,0.374473674486883,1.0,6.123233995736766e-17,1,1379830.2777777778,1136464.4396218231,0.0
2026-03-10,1935000.0,244,47.548565,-122.39542,2755.0,7949.7,,,4.0,3.0,49069731,"5955 49th Avenue SW, Seattle, WA 98136",Seattle,WA,98136,SINGLE_FAMILY,FOR_SALE,6,https://www.zillow.com/homedetails/5955-49th-Ave-SW-Seattle-WA-98136/49069731_zpid/,1870200.0,8728d5573ffffff,14,,,,,6.0,-0.5251049212164092,0.0,69,0.9272375462179536,0.374473674486883,1.0,6.123233995736766e-17,1,832759.0625,461780.801738295,0.0
2026-03-10,949500.0,247,47.616028,-122.31465,1461.0,631.62,,,2.0,2.0,2076221859,"1623 14th Avenue Unit E, Seattle, WA 98122",Seattle,WA,98122,TOWNHOUSE,FOR_SALE,6,https://www.zillow.com/homedetails/1623-14th-Ave-UNIT-E-Seattle-WA-98122/2076221859_zpid/,935500.0,8728d542cffffff,9,,,,,30.0,0.2052884881900859,0.0,69,0.9272375462179536,0.374473674486883,1.0,6.123233995736766e-17,1,1156689.9777777777,1407445.604150395,0.1509090909090908
2026-03-10,1199000.0,249,47.572372,-122.37363,2463.0,2539.548,,,4.0,4.0,89210286,"3414 33rd Avenue SW, Seattle, WA 98126",Seattle,WA,98126,SINGLE_FAMILY,FOR_SALE,6,https://www.zillow.com/homedetails/3414-33rd-Ave-SW-Seattle-WA-98126/89210286_zpid/,1175500.0,8728d5555ffffff,9,,,,,30.0,0.2052884881900859,0.0,69,0.9272375462179536,0.374473674486883,1.0,6.123233995736766e-17,1,1167689.4222222222,1404550.998148647,-0.7475789473684211
2026-03-10,1299950.0,250,47.631966,-122.34446,2380.0,1581.228,,,3.0,3.0,48981738,"1416 6th Avenue N, Seattle, WA 98109",Seattle,WA,98109,TOWNHOUSE,FOR_SALE,6,https://www.zillow.com/homedetails/1416-6th-Ave-N-Seattle-WA-98109/48981738_zpid/,,8728d5428ffffff,9,,,,,30.0,0.2052884881900859,0.0,69,0.9272375462179536,0.374473674486883,1.0,6.123233995736766e-17,1,1176577.7555555557,1402808.281098979,0.2621486479926209
2026-03-10,930000.0,228,47.619408,-122.301476,1606.0,871.2,,,2.0,3.0,457276545,"113 24th Avenue E #A, Seattle, WA 98112",Seattle,WA,98112,TOWNHOUSE,FOR_SALE,5,https://www.zillow.com/homedetails/113-24th-Ave-E-UNIT-A-Seattle-WA-98112/457276545_zpid/,924400.0,8728d542effffff,9,,,,,30.0,0.2052884881900859,0.0,69,0.9272375462179536,0.374473674486883,1.0,6.123233995736766e-17,1,1175523.3111111112,1402959.2317288502,0.4808917197452229
2026-03-10,1849000.0,817,47.6203,-122.317154,1710.0,1751.112,,,3.0,3.0,352815363,"209 12th ave E, Seattle, WA 98102",Seattle,WA,98102,SINGLE_FAMILY,FOR_SALE,28,https://www.zillow.com/homedetails/209-12th-Ave-E-Seattle-WA-98102/352815363_zpid/,,8728d542effffff,9,,,,,30.0,0.2052884881900859,0.0,69,0.9272375462179536,0.374473674486883,1.0,6.123233995736766e-17,1,1162122.2,1402676.120770685,2.6326129666011786
2026-03-10,1250000.0,251,47.641174,-122.32381,2710.0,3850.704,,,4.0,3.0,48835107,"2349 Boylston Avenue E, Seattle, WA 98102",Seattle,WA,98102,SINGLE_FAMILY,FOR_SALE,6,https://www.zillow.com/homedetails/2349-Boylston-Ave-E-Seattle-WA-98102/48835107_zpid/,1186700.0,8728d5428ffffff,9,,,,,30.0,0.2052884881900859,0.0,69,0.9272375462179536,0.374473674486883,1.0,6.123233995736766e-17,1,1165455.5333333334,1402522.8206617266,0.0204081632653061
2026-03-10,947000.0,225,47.62577,-122.35379,2360.0,2800.908,,,4.0,3.0,48963525,"708 Warren Avenue N, Seattle, WA 98109",Seattle,WA,98109,SINGLE_FAMILY,FOR_SALE,5,https://www.zillow.com/homedetails/708-Warren-Ave-N-Seattle-WA-98109/48963525_zpid/,931500.0,8728d542dffffff,59,,,,,30.0,0.4733823513436473,0.0,69,0.9272375462179536,0.374473674486883,1.0,6.123233995736766e-17,1,1302119.1666666667,1047188.000351656,0.0
2026-03-10,925000.0,206,47.606026,-122.30478,1740.0,2060.388,,,3.0,4.0,49114734,"2101 E Jefferson Street, Seattle, WA 98122",Seattle,WA,98122,SINGLE_FAMILY,FOR_SALE,5,https://www.zillow.com/homedetails/2101-E-Jefferson-St-Seattle-WA-98122/49114734_zpid/,909200.0,8728d5421ffffff,9,,,,,30.0,0.2052884881900859,0.0,69,0.9272375462179536,0.374473674486883,1.0,6.123233995736766e-17,1,1164567.2,1402556.9774541613,0.3909774436090225
2026-03-10,1299900.0,207,47.66382,-122.289856,2350.0,3314.916,,,4.0,3.0,48738438,"4738 35th Avenue NE, Seattle, WA 98105",Seattle,WA,98105,SINGLE_FAMILY,FOR_SALE,5,https://www.zillow.com/homedetails/4738-35th-Ave-NE-Seattle-WA-98105/48738438_zpid/,,8728d5401ffffff,59,,,,,30.0,0.4733823513436473,0.0,69,0.9272375462179536,0.374473674486883,1.0,6.123233995736766e-17,1,1313071.8444444444,1041880.2371889688,0.0
2026-03-10,3295000.0,208,47.627758,-122.349976,5515.0,6599.34,,,6.0,4.0,48963654,"922 Nob Hill Avenue N, Seattle, WA 98109",Seattle,WA,98109,SINGLE_FAMILY,FOR_SALE,5,https://www.zillow.com/homedetails/922-Nob-Hill-Ave-N-Seattle-WA-98109/48963654_zpid/,3146100.0,8728d542dffffff,59,,,,,30.0,0.4733823513436473,0.0,69,0.9272375462179536,0.374473674486883,1.0,6.123233995736766e-17,1,1345682.9555555556,1057529.2585608957,0.0
2026-03-10,625000.0,209,47.692043,-122.34261,1120.0,574.992,,,2.0,2.0,2062109338,"8553 Midvale Avenue N #C, Seattle, WA 98103",Seattle,WA,98103,TOWNHOUSE,FOR_SALE,5,https://www.zillow.com/homedetails/8553-Midvale-Ave-N-C-Seattle-WA-98103/2062109338_zpid/,616100.0,8728d5409ffffff,9,,,,,30.0,0.2052884881900859,0.0,69,0.9272375462179536,0.374473674486883,1.0,6.123233995736766e-17,1,1137067.2,1388374.487315229,-0.3047830923248054
2026-03-10,799000.0,210,47.559208,-122.2654,1520.0,3001.284,,,3.0,1.0,460863908,"5401 S Angeline Street #102, Seattle, WA 98118",Seattle,WA,98118,SINGLE_FAMILY,FOR_SALE,5,https://www.zillow.com/homedetails/5401-S-Angeline-St-102-Seattle-WA-98118/460863908_zpid/,,8728d550affffff,38,,,,,14.0,-1.1932896036259188,0.0,69,0.9272375462179536,0.374473674486883,1.0,6.123233995736766e-17,1,765692.2297297297,376361.453764008,0.0
2026-03-10,1150000.0,211,47.68037,-122.36219,2750.0,3998.808,,,3.0,2.0,48746517,"7026 5th Avenue NW, Seattle, WA 98117",Seattle,WA,98117,SINGLE_FAMILY,FOR_SALE,5,https://www.zillow.com/homedetails/7026-5th-Ave-NW-Seattle-WA-98117/48746517_zpid/,,8728d5472ffffff,9,,,,,30.0,0.2052884881900859,0.0,69,0.9272375462179536,0.374473674486883,1.0,6.123233995736766e-17,1,1140123.3111111112,1388093.721793298,0.393939393939394
2026-03-10,849950.0,212,47.53748,-122.28955,2526.0,6642.9,,,3.0,2.0,48842914,"7226 33rd Avenue S, Seattle, WA 98118",Seattle,WA,98118,SINGLE_FAMILY,FOR_SALE,5,https://www.zillow.com/homedetails/7226-33rd-Ave-S-Seattle-WA-98118/48842914_zpid/,816300.0,8728d550effffff,9,,,,,30.0,0.2052884881900859,0.0,69,0.9272375462179536,0.374473674486883,1.0,6.123233995736766e-17,1,1143344.9777777777,1387068.266407431,0.0625039064941559
2026-03-10,1900000.0,204,47.649334,-122.31792,1557.0,1271.952,,,2.0,2.0,241741026,"3110 Portage Bay Place E #C, Seattle, WA 98102",Seattle,WA,98102,SINGLE_FAMILY,FOR_SALE,5,https://www.zillow.com/homedetails/3110-Portage-Bay-Pl-E-APT-C-Seattle-WA-98102/241741026_zpid/,,8728d542affffff,59,,,,,30.0,0.4733823513436473,0.0,69,0.9272375462179536,0.374473674486883,1.0,6.123233995736766e-17,1,1355127.4,1058653.8781920108,0.0
2026-03-10,1250000.0,214,47.66976,-122.31551,3234.0,3001.284,,,8.0,4.0,80260279,"5607 12th Avenue NE, Seattle, WA 98105",Seattle,WA,98105,SINGLE_FAMILY,FOR_SALE,5,https://www.zillow.com/homedetails/5607-12th-Ave-NE-Seattle-WA-98105/80260279_zpid/,1206600.0,8728d540cffffff,9,,,,,30.0,0.2052884881900859,0.0,69,0.9272375462179536,0.374473674486883,1.0,6.123233995736766e-17,1,1140382.7555555557,1378694.161882286,0.2195121951219512
2026-03-10,1250000.0,217,47.569416,-122.2847,2460.0,6181.164,,,3.0,3.0,49083115,"3808 38th Avenue S, Seattle, WA 98118",Seattle,WA,98118,SINGLE_FAMILY,FOR_SALE,5,https://www.zillow.com/homedetails/3808-38th-Ave-S-Seattle-WA-98118/49083115_zpid/,1209800.0,8728d550bffffff,38,,,,,15.0,-1.0803154399690271,0.0,69,0.9272375462179536,0.374473674486883,1.0,6.123233995736766e-17,1,772149.6666666666,377969.79953452793,0.0
2026-03-10,685000.0,220,47.637997,-122.37476,980.0,879.912,,,2.0,2.0,97781616,"2046 14th Avenue W #B, Seattle, WA 98119",Seattle,WA,98119,TOWNHOUSE,FOR_SALE,5,https://www.zillow.com/homedetails/2046-14th-Ave-W-B-Seattle-WA-98119/97781616_zpid/,676900.0,8728d5429ffffff,9,,,,,30.0,0.2052884881900859,0.0,69,0.9272375462179536,0.374473674486883,1.0,6.123233995736766e-17,1,1129860.411111111,1377863.5259728665,-0.0680272108843537
2026-03-10,875000.0,222,47.576267,-122.31367,1280.0,3179.88,,,4.0,2.0,48844785,"3017 15th Avenue S, Seattle, WA 98144",Seattle,WA,98144,SINGLE_FAMILY,FOR_SALE,5,https://www.zillow.com/homedetails/3017-15th-Ave-S-Seattle-WA-98144/48844785_zpid/,,8728d5556ffffff,38,,,,,16.0,-0.9673412763121356,0.0,69,0.9272375462179536,0.374473674486883,1.0,6.123233995736766e-17,1,773502.9605263158,375626.86338075605,0.0
2026-03-10,2370000.0,223,47.54685,-122.26099,5911.0,0.2784,,,5.0,6.0,49105132,"6070 Seward Park Avenue S, Seattle, WA 98118",Seattle,WA,98118,SINGLE_FAMILY,FOR_SALE,5,https://www.zillow.com/homedetails/6070-Seward-Park-Ave-S-Seattle-WA-98118/49105132_zpid/,2478100.0,8728d550effffff,9,,,,,30.0,0.2052884881900859,0.0,69,0.9272375462179536,0.374473674486883,1.0,6.123233995736766e-17,1,1142925.9666666666,1383635.2837896366,2.8099218724881845
2026-03-10,950000.0,227,47.619408,-122.301476,1705.0,522.72,,,3.0,4.0,457315528,"113 24th Avenue E #B, Seattle, WA 98112",Seattle,WA,98112,TOWNHOUSE,FOR_SALE,5,https://www.zillow.com/homedetails/113-24th-Ave-E-UNIT-B-Seattle-WA-98112/457315528_zpid/,946500.0,8728d542effffff,9,,,,,30.0,0.2052884881900859,0.0,69,0.9272375462179536,0.374473674486883,1.0,6.123233995736766e-17,1,1149037.0777777778,1381493.5233342736,0.3246325887503833
2026-03-10,2900000.0,794,47.630062,-122.31948,5440.0,5000.688,,,5.0,6.0,49006006,"1147 Federal Avenue E, Seattle, WA 98102",Seattle,WA,98102,SINGLE_FAMILY,FOR_SALE,27,https://www.zillow.com/homedetails/1147-Federal-Ave-E-Seattle-WA-98102/49006006_zpid/,2786300.0,8728d542effffff,9,,,,,30.0,0.2052884881900859,0.0,69,0.9272375462179536,0.374473674486883,1.0,6.123233995736766e-17,1,1146881.5222222223,1378572.946416719,3.2962962962962967
2026-03-10,850000.0,282,47.577236,-122.41108,1082.0,3602.412,,,3.0,2.0,2054277023,"3013 61st Avenue SW, Seattle, WA 98116",Seattle,WA,98116,TOWNHOUSE,FOR_SALE,7,https://www.zillow.com/homedetails/3013-61st-Ave-SW-Seattle-WA-98116/2054277023_zpid/,,8728d5542ffffff,9,,,,,30.0,0.2052884881900859,0.0,69,0.9272375462179536,0.374473674486883,1.0,6.123233995736766e-17,1,1146270.9666666666,1378293.6264012072,-0.0502793296089385
2026-03-10,2800000.0,283,47.56812,-122.28271,3537.0,5301.252,,,6.0,4.0,457490785,"3856 Cascadia Avenue S, Seattle, WA 98118",Seattle,WA,98118,SINGLE_FAMILY,FOR_SALE,7,https://www.zillow.com/homedetails/3856-Cascadia-Ave-S-Seattle-WA-98118/457490785_zpid/,2719800.0,8728d550affffff,38,,,,,19.0,-0.6284187853414602,0.0,69,0.9272375462179536,0.374473674486883,1.0,6.123233995736766e-17,1,799821.1038961039,438831.0151378734,0.0
2026-03-10,799000.0,284,47.566322,-122.37824,1124.0,1206.612,,,6.0,6.0,48697746,"3617 SW Dakota, Seattle, WA 98126",Seattle,WA,98126,TOWNHOUSE,FOR_SALE,7,https://www.zillow.com/homedetails/3617-SW-Dakota-St-Seattle-WA-98126/48697746_zpid/,798700.0,8728d5555ffffff,9,,,,,30.0,0.2052884881900859,0.0,69,0.9272375462179536,0.374473674486883,1.0,6.123233995736766e-17,1,1147371.5222222223,1377972.7465889738,1.6637772962160362
2026-03-10,839000.0,285,47.566345,-122.37839,1056.0,875.556,,,2.0,2.0,460813319,"3619 SW Dakota, Seattle, WA 98126",Seattle,WA,98126,TOWNHOUSE,FOR_SALE,7,https://www.zillow.com/homedetails/3619-SW-Dakota-Seattle-WA-98126/460813319_zpid/,,8728d5555ffffff,9,,,,,30.0,0.2052884881900859,0.0,69,0.9272375462179536,0.374473674486883,1.0,6.123233995736766e-17,1,1149082.6333333333,1377487.6711880378,-0.2151543498596819
2026-03-10,1388500.0,289,47.666443,-122.28939,2200.0,3998.808,,,5.0,3.0,48799160,"5053 36th Avenue NE, Seattle, WA 98105",Seattle,WA,98105,SINGLE_FAMILY,FOR_SALE,7,https://www.zillow.com/homedetails/5053-36th-Ave-NE-Seattle-WA-98105/48799160_zpid/,1355600.0,8728d5401ffffff,59,,,,,30.0,0.4733823513436473,0.0,69,0.9272375462179536,0.374473674486883,1.0,6.123233995736766e-17,1,1352388.5111111111,1057650.4856470833,0.0
2026-03-10,2100000.0,290,47.666203,-122.40388,3170.0,7374.708,,,3.0,3.0,49050622,"3606 W Commodore Way, Seattle, WA 98199",Seattle,WA,98199,SINGLE_FAMILY,FOR_SALE,7,https://www.zillow.com/homedetails/3606-W-Commodore-Way-Seattle-WA-98199/49050622_zpid/,2017200.0,8728d5470ffffff,9,,,,,30.0,0.2052884881900859,0.0,69,0.9272375462179536,0.374473674486883,1.0,6.123233995736766e-17,1,1169415.9666666666,1378001.6505855927,4.0602409638554215
2026-03-10,1325000.0,291,47.562645,-122.31688,3630.0,4739.328,,,8.0,5.0,129528995,"4524 12th Avenue S, Seattle, WA 98108",Seattle,WA,98108,SINGLE_FAMILY,FOR_SALE,7,https://www.zillow.com/homedetails/4524-12th-Ave-S-Seattle-WA-98108/129528995_zpid/,1303200.0,8728d5509ffffff,38,,,,,20.0,-0.5154446216845685,0.0,69,0.9272375462179536,0.374473674486883,1.0,6.123233995736766e-17,1,806554.1666666666,440008.83932689705,0.0
2026-03-10,790000.0,292,47.584938,-122.29374,2260.0,3881.196,,,3.0,1.0,49004837,"2004 30th Avenue S, Seattle, WA 98144",Seattle,WA,98144,SINGLE_FAMILY,FOR_SALE,7,https://www.zillow.com/homedetails/2004-30th-Ave-S-Seattle-WA-98144/49004837_zpid/,768500.0,8728d5425ffffff,9,,,,,30.0,0.2052884881900859,0.0,69,0.9272375462179536,0.374473674486883,1.0,6.123233995736766e-17,1,1173083.1888888888,1376530.7516601856,-0.1413043478260869
2026-03-10,740000.0,304,47.67486,-122.39804,1217.0,810.216,,,2.0,2.0,2098486696,"6312 32nd Avenue NW #F, Seattle, WA 98107",Seattle,WA,98107,TOWNHOUSE,FOR_SALE,8,https://www.zillow.com/homedetails/6312-32nd-Ave-NW-F-Seattle-WA-98107/2098486696_zpid/,731500.0,8728d5470ffffff,9,,,,,30.0,0.2052884881900859,0.0,69,0.9272375462179536,0.374473674486883,1.0,6.123233995736766e-17,1,1202055.9666666666,1396108.7883632698,-0.0133333333333333
2026-03-10,1800000.0,253,47.689953,-122.39715,3870.0,3959.604,,,5.0,4.0,48939885,"8360 Loyal Way NW, Seattle, WA 98117",Seattle,WA,98117,SINGLE_FAMILY,FOR_SALE,6,https://www.zillow.com/homedetails/8360-Loyal-Way-NW-Seattle-WA-98117/48939885_zpid/,1749100.0,8728d5473ffffff,9,,,,,30.0,0.2052884881900859,0.0,69,0.9272375462179536,0.374473674486883,1.0,6.123233995736766e-17,1,1194872.0777777778,1397151.8168324232,2.158171769453461
2026-03-10,699950.0,254,47.715054,-122.30403,1095.0,2360.952,,,3.0,2.0,460847505,"11738 -B 23rd Avenue NE, Seattle, WA 98125",Seattle,WA,98125,SINGLE_FAMILY,FOR_SALE,6,https://www.zillow.com/homedetails/11738-B-23rd-Ave-NE-Seattle-WA-98125/460847505_zpid/,,8728d540bffffff,9,,,,,30.0,0.2052884881900859,0.0,69,0.9272375462179536,0.374473674486883,1.0,6.123233995736766e-17,1,1187648.3,1398262.290526155,0.0173691860465117
2026-03-10,599999.0,280,47.700264,-122.3467,1183.0,2378.376,,,3.0,2.0,454925437,"915 N 98th Street #B, Seattle, WA 98103",Seattle,WA,98103,TOWNHOUSE,FOR_SALE,7,https://www.zillow.com/homedetails/915-N-98th-St-B-Seattle-WA-98103/454925437_zpid/,599600.0,8728d5409ffffff,9,,,,,30.0,0.2052884881900859,0.0,69,0.9272375462179536,0.374473674486883,1.0,6.123233995736766e-17,1,1184870.5111111111,1399188.618899132,-0.4995838198498749
2026-03-10,8295000.0,258,47.63714,-122.29047,7096.0,0.3763,,,4.0,6.0,48706451,"2020 Parkside Drive E, Seattle, WA 98112",Seattle,WA,98112,SINGLE_FAMILY,FOR_SALE,6,https://www.zillow.com/homedetails/2020-Parkside-Dr-E-Seattle-WA-98112/48706451_zpid/,7763100.0,8728d5405ffffff,7,,,,,6.0,-0.5251049212164092,0.0,69,0.9272375462179536,0.374473674486883,1.0,6.123233995736766e-17,1,2499460.0,2668974.396802209,0.0
2026-03-10,565000.0,259,47.537083,-122.35756,750.0,5998.212,,,2.0,1.0,48778025,"7169 18th Avenue SW, Seattle, WA 98106",Seattle,WA,98106,SINGLE_FAMILY,FOR_SALE,6,https://www.zillow.com/homedetails/7169-18th-Ave-SW-Seattle-WA-98106/48778025_zpid/,557200.0,8728d5572ffffff,38,,,,,17.0,-0.8543671126552438,0.0,69,0.9272375462179536,0.374473674486883,1.0,6.123233995736766e-17,1,803496.5189873418,438023.076120597,0.0
2026-03-10,890000.0,261,47.618725,-122.29535,1134.0,4486.68,,,2.0,2.0,458603761,"2815 E Denny Way #B, Seattle, WA 98122",Seattle,WA,98122,TOWNHOUSE,FOR_SALE,6,https://www.zillow.com/homedetails/2815-E-Denny-Way-B-Seattle-WA-98122/458603761_zpid/,,8728d542effffff,9,,,,,30.0,0.2052884881900859,0.0,69,0.9272375462179536,0.374473674486883,1.0,6.123233995736766e-17,1,1220969.9555555556,1427134.0828174292,1.4722222222222223
2026-03-10,3288000.0,262,47.63127,-122.36992,4460.0,2975.148,,,5.0,5.0,48986692,"1400 Olympic Way W, Seattle, WA 98119",Seattle,WA,98119,SINGLE_FAMILY,FOR_SALE,6,https://www.zillow.com/homedetails/1400-Olympic-Way-W-Seattle-WA-98119/48986692_zpid/,,8728d555affffff,9,,,,,30.0,0.2052884881900859,0.0,69,0.9272375462179536,0.374473674486883,1.0,6.123233995736766e-17,1,1249069.9555555556,1442748.1287381202,3.449255751014885
2026-03-10,1595000.0,266,47.614662,-122.28572,2100.0,2922.876,,,4.0,3.0,49146453,"1520 37th Avenue, Seattle, WA 98122",Seattle,WA,98122,SINGLE_FAMILY,FOR_SALE,6,https://www.zillow.com/homedetails/1520-37th-Ave-Seattle-WA-98122/49146453_zpid/,1555900.0,8728d5423ffffff,7,,,,,7.0,-0.3150629527298455,0.0,69,0.9272375462179536,0.374473674486883,1.0,6.123233995736766e-17,1,2442931.25,2588369.635238561,0.0
2026-03-10,1550000.0,267,47.678333,-122.38462,1980.0,5100.876,,,4.0,3.0,49041723,"6721 22nd Avenue NW, Seattle, WA 98117",Seattle,WA,98117,SINGLE_FAMILY,FOR_SALE,6,https://www.zillow.com/homedetails/6721-22nd-Ave-NW-Seattle-WA-98117/49041723_zpid/,1492800.0,8728d5470ffffff,9,,,,,30.0,0.2052884881900859,0.0,69,0.9272375462179536,0.374473674486883,1.0,6.123233995736766e-17,1,1249425.5111111111,1442369.993557539,-0.0606060606060605
2026-03-10,1120000.0,269,47.67074,-122.37316,2109.0,723.096,,,4.0,3.0,2085092801,"1155 NW 58th Street, Seattle, WA 98107",Seattle,WA,98107,TOWNHOUSE,FOR_SALE,6,https://www.zillow.com/homedetails/1155-NW-58th-St-Seattle-WA-98107/2085092801_zpid/,1114000.0,8728d5470ffffff,9,,,,,30.0,0.2052884881900859,0.0,69,0.9272375462179536,0.374473674486883,1.0,6.123233995736766e-17,1,1259436.066666667,1438232.302242605,2.8290598290598292
2026-03-10,835000.0,270,47.68127,-122.35116,880.0,3672.108,,,2.0,1.0,48869060,"532 N 72nd Street, Seattle, WA 98103",Seattle,WA,98103,SINGLE_FAMILY,FOR_SALE,6,https://www.zillow.com/homedetails/532-N-72nd-St-Seattle-WA-98103/48869060_zpid/,818200.0,8728d5472ffffff,9,,,,,30.0,0.2052884881900859,0.0,69,0.9272375462179536,0.374473674486883,1.0,6.123233995736766e-17,1,1259391.6222222222,1438245.5023388166,1.5692307692307694
2026-03-10,380000.0,272,47.656258,-122.36983,500.0,553.212,,,1.0,1.0,449036727,"1080 W Ewing Street #E5, Seattle, WA 98119",Seattle,WA,98119,SINGLE_FAMILY,FOR_SALE,7,https://www.zillow.com/homedetails/1080-W-Ewing-St-E5-Seattle-WA-98119/449036727_zpid/,377200.0,8728d5476ffffff,9,,,,,30.0,0.2052884881900859,0.0,69,0.9272375462179536,0.374473674486883,1.0,6.123233995736766e-17,1,1284619.9555555556,1452742.272758831,-0.6622222222222223
2026-03-10,624950.0,275,47.726715,-122.29065,1090.0,8698.932,,,3.0,1.0,48897583,"3504 NE 135th Street, Seattle, WA 98125",Seattle,WA,98125,SINGLE_FAMILY,FOR_SALE,7,https://www.zillow.com/homedetails/3504-NE-135th-St-Seattle-WA-98125/48897583_zpid/,607300.0,8728d54e4ffffff,9,,,,,30.0,0.2052884881900859,0.0,69,0.9272375462179536,0.374473674486883,1.0,6.123233995736766e-17,1,1222618.8444444444,1355993.8542553375,-0.3386772486772487
2026-03-10,499950.0,276,47.694073,-122.352264,758.0,1581.228,,,1.0,1.0,2060812438,"8752 Dayton Avenue N #B, Seattle, WA 98103",Seattle,WA,98103,TOWNHOUSE,FOR_SALE,7,https://www.zillow.com/homedetails/8752-Dayton-Ave-N-B-Seattle-WA-98103/2060812438_zpid/,487700.0,8728d5409ffffff,9,,,,,30.0,0.2052884881900859,0.0,69,0.9272375462179536,0.374473674486883,1.0,6.123233995736766e-17,1,1210840.5111111111,1357633.2645478942,0.3331999999999999
2026-03-10,2750000.0,818,47.644753,-122.41192,7617.0,0.3064,,,10.0,5.0,48727175,"4221 W Armour Street, Seattle, WA 98199",Seattle,WA,98199,SINGLE_FAMILY,FOR_SALE,28,https://www.zillow.com/homedetails/4221-W-Armour-St-Seattle-WA-98199/48727175_zpid/,2619200.0,8728d555bffffff,59,,,,,30.0,0.4733823513436473,0.0,69,0.9272375462179536,0.374473674486883,1.0,6.123233995736766e-17,1,1365721.8444444444,1063642.49086161,0.0
