{"type":"FeatureCollection","metadata":{"source":"washington-latest.osm.pbf","generatedAt":"2026-08-03T14:39:59.108047+00:00","clipBounds":[-122.5931459,47.034089400000006,-121.0156372,47.830328099999996],"simplifyDegrees":8e-05,"featureCount":152,"countsByKind":{"route":34,"station":118},"countsByCategory":{"light_rail":45,"light_rail_route":8,"monorail":2,"monorail_route":2,"train":16,"train_route":18,"tram":55,"tram_route":6}},"features":[{"type":"Feature","geometry":{"type":"Point","coordinates":[-122.3378495,47.6156059]},"properties":{"kind":"station","category":"tram","osmId":"281286159","name":"Westlake & 7th","ref":"26689","railway":"tram_stop","publicTransport":"stop_position","routes":["South Lake Union Streetcar"],"network":"King County Metro","operator":"King County Metro","wheelchair":"yes","shelter":"","bench":""}},{"type":"Feature","geometry":{"type":"Point","coordinates":[-122.33853640000001,47.6214115]},"properties":{"kind":"station","category":"tram","osmId":"281289013","name":"Westlake & Thomas","ref":"26645","railway":"tram_stop","publicTransport":"stop_position","routes":["40","256","C Line","South Lake Union Streetcar"],"network":"King County Metro","operator":"King County Metro","wheelchair":"yes","shelter":"","bench":""}},{"type":"Feature","geometry":{"type":"Point","coordinates":[-122.33242980000001,47.6275813]},"properties":{"kind":"station","category":"tram","osmId":"427638797","name":"Fairview & Campus Drive","ref":"26700","railway":"tram_stop","publicTransport":"stop_position","routes":["South Lake Union Streetcar"],"network":"King County Metro","operator":"King County Metro","wheelchair":"yes","shelter":"","bench":""}},{"type":"Feature","geometry":{"type":"Point","coordinates":[-122.33731440000001,47.6129744]},"properties":{"kind":"station","category":"tram","osmId":"431763437","name":"Westlake Hub","ref":"26680","railway":"tram_stop","publicTransport":"stop_position","routes":["South Lake Union Streetcar"],"network":"King County Metro","operator":"King County Metro","wheelchair":"yes","shelter":"","bench":""}},{"type":"Feature","geometry":{"type":"Point","coordinates":[-122.3372118,47.6214212]},"properties":{"kind":"station","category":"tram","osmId":"431763494","name":"Terry & Thomas","ref":"26693","railway":"tram_stop","publicTransport":"stop_position","routes":["South Lake Union Streetcar"],"network":"King County Metro","operator":"King County Metro","wheelchair":"yes","shelter":"","bench":""}},{"type":"Feature","geometry":{"type":"Point","coordinates":[-122.3371965,47.6234194]},"properties":{"kind":"station","category":"tram","osmId":"431763501","name":"Terry & Mercer","ref":"26698","railway":"tram_stop","publicTransport":"stop_position","routes":["South Lake Union Streetcar"],"network":"King County Metro","operator":"King County Metro","wheelchair":"yes","shelter":"","bench":""}},{"type":"Feature","geometry":{"type":"Point","coordinates":[-122.3363286,47.6258835]},"properties":{"kind":"station","category":"tram","osmId":"431763513","name":"Lake Union Park","ref":"26701","railway":"tram_stop","publicTransport":"stop_position","routes":["South Lake Union Streetcar"],"network":"King County Metro","operator":"King County Metro","wheelchair":"yes","shelter":"","bench":""}},{"type":"Feature","geometry":{"type":"Point","coordinates":[-122.3365651,47.6259173]},"properties":{"kind":"station","category":"tram","osmId":"431763562","name":"Lake Union Park","ref":"26702","railway":"tram_stop","publicTransport":"stop_position","routes":["South Lake Union Streetcar"],"network":"King County Metro","operator":"King County Metro","wheelchair":"yes","shelter":"","bench":""}},{"type":"Feature","geometry":{"type":"Point","coordinates":[-122.3385417,47.6242704]},"properties":{"kind":"station","category":"tram","osmId":"431763568","name":"Westlake & Mercer","ref":"26641","railway":"tram_stop","publicTransport":"stop_position","routes":["40","256","C Line","South Lake Union Streetcar"],"network":"King County Metro","operator":"King County Metro","wheelchair":"yes","shelter":"","bench":""}},{"type":"Feature","geometry":{"type":"Point","coordinates":[-122.33785250000001,47.6149952]},"properties":{"kind":"station","category":"tram","osmId":"431763605","name":"Westlake & 7th","ref":"1619","railway":"tram_stop","publicTransport":"stop_position","routes":["South Lake Union Streetcar"],"network":"King County Metro","operator":"King County Metro","wheelchair":"yes","shelter":"","bench":""}},{"type":"Feature","geometry":{"type":"Point","coordinates":[-122.302668,47.4389414]},"properties":{"kind":"station","category":"light_rail","osmId":"460261669","name":"S Gates","ref":"","railway":"station","publicTransport":"station","routes":[],"network":"SEA Underground","operator":"Port of Seattle","wheelchair":"yes","shelter":"","bench":""}},{"type":"Feature","geometry":{"type":"Point","coordinates":[-122.30377,47.4460556]},"properties":{"kind":"station","category":"light_rail","osmId":"460261832","name":"C Gates","ref":"","railway":"station","publicTransport":"station","routes":[],"network":"SEA Underground","operator":"Port of Seattle","wheelchair":"yes","shelter":"","bench":""}},{"type":"Feature","geometry":{"type":"Point","coordinates":[-122.32344660000001,47.5992263]},"properties":{"kind":"station","category":"tram","osmId":"2706300370","name":"7th & Jackson","ref":"1661","railway":"tram_stop","publicTransport":"stop_position","routes":["First Hill Streetcar"],"network":"King County Metro","operator":"King County Metro","wheelchair":"yes","shelter":"","bench":""}},{"type":"Feature","geometry":{"type":"Point","coordinates":[-122.3199768,47.6016689]},"properties":{"kind":"station","category":"tram","osmId":"2706300398","name":"Yesler & Broadway","ref":"27500","railway":"tram_stop","publicTransport":"stop_position","routes":["27","60","First Hill Streetcar"],"network":"King County Metro","operator":"King County Metro","wheelchair":"yes","shelter":"","bench":""}},{"type":"Feature","geometry":{"type":"Point","coordinates":[-122.3232294,47.5991746]},"properties":{"kind":"station","category":"tram","osmId":"3295641460","name":"7th & Jackson","ref":"1662","railway":"tram_stop","publicTransport":"stop_position","routes":["First Hill Streetcar"],"network":"King County Metro","operator":"King County Metro","wheelchair":"yes","shelter":"","bench":""}},{"type":"Feature","geometry":{"type":"Point","coordinates":[-122.320849,47.6049981]},"properties":{"kind":"station","category":"tram","osmId":"3295692390","name":"Broadway & Terrace St","ref":"41988","railway":"tram_stop","publicTransport":"stop_position","routes":["First Hill Streetcar"],"network":"King County Metro","operator":"King County Metro","wheelchair":"yes","shelter":"","bench":""}},{"type":"Feature","geometry":{"type":"Point","coordinates":[-122.3208604,47.6143027]},"properties":{"kind":"station","category":"tram","osmId":"3295692410","name":"Broadway & Pike-Pine","ref":"41980","railway":"tram_stop","publicTransport":"stop_position","routes":["9","43","60","First Hill Streetcar"],"network":"King County Metro","operator":"King County Metro","wheelchair":"yes","shelter":"","bench":""}},{"type":"Feature","geometry":{"type":"Point","coordinates":[-122.33325110000001,47.599223]},"properties":{"kind":"station","category":"tram","osmId":"3295705183","name":"Occidental Mall","ref":"1551","railway":"tram_stop","publicTransport":"stop_position","routes":["First Hill Streetcar"],"network":"King County Metro","operator":"King County Metro","wheelchair":"yes","shelter":"","bench":""}},{"type":"Feature","geometry":{"type":"Point","coordinates":[-121.360034,47.7084612]},"properties":{"kind":"station","category":"train","osmId":"3324439959","name":"","ref":"","railway":"station","publicTransport":"station","routes":[],"network":"","operator":"","wheelchair":"","shelter":"","bench":""}},{"type":"Feature","geometry":{"type":"Point","coordinates":[-122.33845520000001,47.6178973]},"properties":{"kind":"station","category":"tram","osmId":"3401227554","name":"Westlake & 9th-Denny","ref":"26665","railway":"tram_stop","publicTransport":"stop_position","routes":["40","256","C Line","South Lake Union Streetcar"],"network":"King County Metro","operator":"King County Metro","wheelchair":"yes","shelter":"","bench":""}},{"type":"Feature","geometry":{"type":"Point","coordinates":[-122.33838510000001,47.6182883]},"properties":{"kind":"station","category":"tram","osmId":"3401227555","name":"Westlake & 9th-Denny","ref":"26690","railway":"tram_stop","publicTransport":"stop_position","routes":["40","256","C Line","South Lake Union Streetcar"],"network":"King County Metro","operator":"King County Metro","wheelchair":"yes","shelter":"","bench":""}},{"type":"Feature","geometry":{"type":"Point","coordinates":[-122.31572670000001,47.5991789]},"properties":{"kind":"station","category":"tram","osmId":"3404819550","name":"12th & Jackson","ref":"1672","railway":"tram_stop","publicTransport":"stop_position","routes":["First Hill Streetcar"],"network":"King County Metro","operator":"King County Metro","wheelchair":"yes","shelter":"","bench":""}},{"type":"Feature","geometry":{"type":"Point","coordinates":[-122.3159021,47.5992345]},"properties":{"kind":"station","category":"tram","osmId":"3404819551","name":"12th & Jackson","ref":"1671","railway":"tram_stop","publicTransport":"stop_position","routes":["First Hill Streetcar"],"network":"King County Metro","operator":"King County Metro","wheelchair":"yes","shelter":"","bench":""}},{"type":"Feature","geometry":{"type":"Point","coordinates":[-122.3269683,47.5991717]},"properties":{"kind":"station","category":"tram","osmId":"3404819552","name":"5th & Jackson","ref":"1652","railway":"tram_stop","publicTransport":"stop_position","routes":["First Hill Streetcar"],"network":"King County Metro","operator":"King County Metro","wheelchair":"yes","shelter":"","bench":""}},{"type":"Feature","geometry":{"type":"Point","coordinates":[-122.3268088,47.5992259]},"properties":{"kind":"station","category":"tram","osmId":"3404819553","name":"5th & Jackson","ref":"1651","railway":"tram_stop","publicTransport":"stop_position","routes":["First Hill Streetcar"],"network":"King County Metro","operator":"King County Metro","wheelchair":"yes","shelter":"","bench":""}},{"type":"Feature","geometry":{"type":"Point","coordinates":[-122.3142174,47.6006711]},"properties":{"kind":"station","category":"tram","osmId":"3404825729","name":"14th & Washington","ref":"1681","railway":"tram_stop","publicTransport":"stop_position","routes":["First Hill Streetcar"],"network":"King County Metro","operator":"King County Metro","wheelchair":"yes","shelter":"","bench":""}},{"type":"Feature","geometry":{"type":"Point","coordinates":[-122.31413420000001,47.6006722]},"properties":{"kind":"station","category":"tram","osmId":"3404825730","name":"14th & Washington","ref":"1682","railway":"tram_stop","publicTransport":"stop_position","routes":["First Hill Streetcar"],"network":"King County Metro","operator":"King County Metro","wheelchair":"yes","shelter":"","bench":""}},{"type":"Feature","geometry":{"type":"Point","coordinates":[-122.3321781,47.6276927]},"properties":{"kind":"station","category":"tram","osmId":"3427881333","name":"Fairview & Campus Drive","ref":"26705","railway":"tram_stop","publicTransport":"stop_position","routes":["South Lake Union Streetcar"],"network":"King County Metro","operator":"King County Metro","wheelchair":"yes","shelter":"","bench":""}},{"type":"Feature","geometry":{"type":"Point","coordinates":[-122.3209449,47.618057]},"properties":{"kind":"station","category":"tram","osmId":"3432100298","name":"Broadway & Denny","ref":"","railway":"tram_stop","publicTransport":"stop_position","routes":[],"network":"Seattle Streetcar","operator":"King County Metro","wheelchair":"","shelter":"","bench":""}},{"type":"Feature","geometry":{"type":"Point","coordinates":[-122.3207636,47.6099142]},"properties":{"kind":"station","category":"tram","osmId":"3432100299","name":"Broadway & Marion","ref":"41908","railway":"tram_stop","publicTransport":"stop_position","routes":["9","43","First Hill Streetcar"],"network":"King County Metro","operator":"King County Metro","wheelchair":"yes","shelter":"","bench":""}},{"type":"Feature","geometry":{"type":"Point","coordinates":[-122.32085830000001,47.6099146]},"properties":{"kind":"station","category":"tram","osmId":"3432100300","name":"Broadway & Marion","ref":"41986","railway":"tram_stop","publicTransport":"stop_position","routes":["9","43","First Hill Streetcar"],"network":"King County Metro","operator":"King County Metro","wheelchair":"yes","shelter":"","bench":""}},{"type":"Feature","geometry":{"type":"Point","coordinates":[-122.32080110000001,47.6150454]},"properties":{"kind":"station","category":"tram","osmId":"3432100301","name":"Broadway & Pike-Pine","ref":"41970","railway":"tram_stop","publicTransport":"stop_position","routes":["9","43","60","First Hill Streetcar","Trailhead Direct Mt. Si"],"network":"King County Metro","operator":"King County Metro","wheelchair":"yes","shelter":"","bench":""}},{"type":"Feature","geometry":{"type":"Point","coordinates":[-122.3207567,47.6054845]},"properties":{"kind":"station","category":"tram","osmId":"3432100302","name":"Broadway & Terrace St","ref":"41904","railway":"tram_stop","publicTransport":"stop_position","routes":["9","43","First Hill Streetcar"],"network":"King County Metro","operator":"King County Metro","wheelchair":"yes","shelter":"","bench":""}},{"type":"Feature","geometry":{"type":"Point","coordinates":[-122.320218,47.601707]},"properties":{"kind":"station","category":"tram","osmId":"3432100303","name":"Yesler & Broadway","ref":"27420","railway":"tram_stop","publicTransport":"stop_position","routes":["27","60","First Hill Streetcar"],"network":"King County Metro","operator":"King County Metro","wheelchair":"yes","shelter":"","bench":""}},{"type":"Feature","geometry":{"type":"Point","coordinates":[-122.33735390000001,47.6131605]},"properties":{"kind":"station","category":"tram","osmId":"3749739020","name":"Westlake Hub","ref":"1630","railway":"tram_stop","publicTransport":"stop_position","routes":["South Lake Union Streetcar"],"network":"King County Metro","operator":"King County Metro","wheelchair":"yes","shelter":"","bench":""}},{"type":"Feature","geometry":{"type":"Point","coordinates":[-122.43928190000001,47.2526491]},"properties":{"kind":"station","category":"tram","osmId":"3866522247","name":"Theater District","ref":"","railway":"tram_stop","publicTransport":"stop_position","routes":[],"network":"Sound Transit","operator":"Sound Transit","wheelchair":"","shelter":"","bench":""}},{"type":"Feature","geometry":{"type":"Point","coordinates":[-122.439308,47.2530104]},"properties":{"kind":"station","category":"tram","osmId":"3866522248","name":"Theater District","ref":"","railway":"tram_stop","publicTransport":"stop_position","routes":[],"network":"Sound Transit","operator":"Sound Transit","wheelchair":"","shelter":"","bench":""}},{"type":"Feature","geometry":{"type":"Point","coordinates":[-122.438619,47.2494955]},"properties":{"kind":"station","category":"tram","osmId":"3866522249","name":"Convention Center","ref":"","railway":"tram_stop","publicTransport":"stop_position","routes":[],"network":"Sound Transit","operator":"Sound Transit","wheelchair":"","shelter":"","bench":""}},{"type":"Feature","geometry":{"type":"Point","coordinates":[-122.438514,47.2495043]},"properties":{"kind":"station","category":"tram","osmId":"3866522250","name":"Convention Center","ref":"","railway":"tram_stop","publicTransport":"stop_position","routes":[],"network":"Sound Transit","operator":"Sound Transit","wheelchair":"","shelter":"","bench":""}},{"type":"Feature","geometry":{"type":"Point","coordinates":[-122.434211,47.2391086]},"properties":{"kind":"station","category":"tram","osmId":"3866522251","name":"S 25th St","ref":"","railway":"tram_stop","publicTransport":"stop_position","routes":[],"network":"Sound Transit","operator":"","wheelchair":"","shelter":"","bench":""}},{"type":"Feature","geometry":{"type":"Point","coordinates":[-122.428114,47.2398391]},"properties":{"kind":"station","category":"tram","osmId":"3866522252","name":"Tacoma Dome","ref":"","railway":"tram_stop","publicTransport":"stop_position","routes":[],"network":"Sound Transit","operator":"","wheelchair":"","shelter":"","bench":""}},{"type":"Feature","geometry":{"type":"Point","coordinates":[-122.43668,47.2448056]},"properties":{"kind":"station","category":"tram","osmId":"3866522253","name":"Union Station","ref":"","railway":"tram_stop","publicTransport":"stop_position","routes":[],"network":"Sound Transit","operator":"","wheelchair":"","shelter":"","bench":""}},{"type":"Feature","geometry":{"type":"Point","coordinates":[-122.436572,47.2448153]},"properties":{"kind":"station","category":"tram","osmId":"3866522254","name":"Union Station","ref":"","railway":"tram_stop","publicTransport":"stop_position","routes":[],"network":"Sound Transit","operator":"","wheelchair":"","shelter":"","bench":""}},{"type":"Feature","geometry":{"type":"Point","coordinates":[-122.328309,47.703026]},"properties":{"kind":"station","category":"light_rail","osmId":"4082217945","name":"Northgate","ref":"45","railway":"station","publicTransport":"station","routes":[],"network":"Link Light Rail","operator":"Sound Transit","wheelchair":"yes","shelter":"","bench":""}},{"type":"Feature","geometry":{"type":"Point","coordinates":[-122.302834,47.4483757]},"properties":{"kind":"station","category":"light_rail","osmId":"4352130731","name":"N Gates","ref":"","railway":"station","publicTransport":"station","routes":[],"network":"SEA Underground","operator":"Port of Seattle","wheelchair":"yes","shelter":"","bench":""}},{"type":"Feature","geometry":{"type":"Point","coordinates":[-122.32096530000001,47.6179339]},"properties":{"kind":"station","category":"tram","osmId":"4607174569","name":"Broadway And Denny","ref":"11175","railway":"tram_stop","publicTransport":"platform","routes":["First Hill Streetcar"],"network":"King County Metro","operator":"King County Metro","wheelchair":"yes","shelter":"no","bench":"yes"}},{"type":"Feature","geometry":{"type":"Point","coordinates":[-122.2948659,47.8155754]},"properties":{"kind":"station","category":"light_rail","osmId":"6516597133","name":"Lynnwood City Center","ref":"40","railway":"station","publicTransport":"station","routes":[],"network":"Link Light Rail","operator":"Sound Transit","wheelchair":"yes","shelter":"","bench":""}},{"type":"Feature","geometry":{"type":"Point","coordinates":[-122.453523,47.2600514]},"properties":{"kind":"station","category":"tram","osmId":"6516647445","name":"Tacoma General","ref":"","railway":"tram_stop","publicTransport":"stop_position","routes":[],"network":"","operator":"","wheelchair":"","shelter":"","bench":""}},{"type":"Feature","geometry":{"type":"Point","coordinates":[-122.30071330000001,47.4417469]},"properties":{"kind":"station","category":"light_rail","osmId":"6824060532","name":"A Gates","ref":"","railway":"station","publicTransport":"station","routes":[],"network":"SEA Underground","operator":"Port of Seattle","wheelchair":"yes","shelter":"","bench":""}},{"type":"Feature","geometry":{"type":"Point","coordinates":[-122.301144,47.4449672]},"properties":{"kind":"station","category":"light_rail","osmId":"6824060533","name":"D Gates","ref":"","railway":"station","publicTransport":"station","routes":[],"network":"SEA Underground","operator":"Port of Seattle","wheelchair":"yes","shelter":"","bench":""}},{"type":"Feature","geometry":{"type":"Point","coordinates":[-122.384333,47.8110637]},"properties":{"kind":"station","category":"train","osmId":"7012109793","name":"Edmonds","ref":"","railway":"station","publicTransport":"station","routes":[],"network":"Amtrak;Sound Transit","operator":"Sound Transit","wheelchair":"yes","shelter":"","bench":""}},{"type":"Feature","geometry":{"type":"Point","coordinates":[-122.240402,47.4601812]},"properties":{"kind":"station","category":"train","osmId":"7012640630","name":"Tukwila","ref":"","railway":"station","publicTransport":"station","routes":[],"network":"Amtrak;Sound Transit","operator":"Sound Transit","wheelchair":"yes","shelter":"","bench":""}},{"type":"Feature","geometry":{"type":"Point","coordinates":[-122.1919325,47.6152343]},"properties":{"kind":"station","category":"light_rail","osmId":"7744630735","name":"Bellevue Downtown","ref":"58","railway":"station","publicTransport":"station","routes":["2 Line"],"network":"Link","operator":"Sound Transit","wheelchair":"yes","shelter":"","bench":""}},{"type":"Feature","geometry":{"type":"Point","coordinates":[-122.1657275,47.6244566]},"properties":{"kind":"station","category":"light_rail","osmId":"7744630737","name":"BelRed","ref":"61","railway":"station","publicTransport":"station","routes":["2 Line"],"network":"Link","operator":"Sound Transit","wheelchair":"yes","shelter":"","bench":""}},{"type":"Feature","geometry":{"type":"Point","coordinates":[-122.1389276,47.6363214]},"properties":{"kind":"station","category":"light_rail","osmId":"7744630738","name":"Overlake Village","ref":"62","railway":"station","publicTransport":"station","routes":["2 Line"],"network":"Sound Transit","operator":"Sound Transit","wheelchair":"yes","shelter":"","bench":""}},{"type":"Feature","geometry":{"type":"Point","coordinates":[-122.133633,47.6447978]},"properties":{"kind":"station","category":"light_rail","osmId":"7744630739","name":"Redmond Technology","ref":"63","railway":"station","publicTransport":"station","routes":["2 Line"],"network":"Link","operator":"Sound Transit","wheelchair":"yes","shelter":"","bench":""}},{"type":"Feature","geometry":{"type":"Point","coordinates":[-122.349751,47.6212412]},"properties":{"kind":"station","category":"monorail","osmId":"7744630742","name":"Seattle Center","ref":"","railway":"station","publicTransport":"station","routes":[],"network":"Seattle Center Monorail","operator":"Seattle Monorail Services","wheelchair":"yes","shelter":"","bench":""}},{"type":"Feature","geometry":{"type":"Point","coordinates":[-122.297814,47.4223439]},"properties":{"kind":"station","category":"light_rail","osmId":"7744630743","name":"Angle Lake","ref":"65","railway":"station","publicTransport":"station","routes":[],"network":"Sound Transit","operator":"Sound Transit","wheelchair":"","shelter":"","bench":""}},{"type":"Feature","geometry":{"type":"Point","coordinates":[-122.19041240000001,47.5865553]},"properties":{"kind":"station","category":"light_rail","osmId":"8256391632","name":"South Bellevue","ref":"56","railway":"station","publicTransport":"station","routes":["2 Line"],"network":"Link","operator":"Sound Transit","wheelchair":"yes","shelter":"","bench":""}},{"type":"Feature","geometry":{"type":"Point","coordinates":[-122.1838112,47.617955]},"properties":{"kind":"station","category":"light_rail","osmId":"8256391633","name":"Wilburton","ref":"59","railway":"station","publicTransport":"station","routes":["2 Line"],"network":"Link","operator":"Sound Transit","wheelchair":"yes","shelter":"","bench":""}},{"type":"Feature","geometry":{"type":"Point","coordinates":[-122.1784987,47.6237881]},"properties":{"kind":"station","category":"light_rail","osmId":"8256407120","name":"Spring District","ref":"60","railway":"station","publicTransport":"station","routes":["2 Line"],"network":"Link","operator":"Sound Transit","wheelchair":"yes","shelter":"","bench":""}},{"type":"Feature","geometry":{"type":"Point","coordinates":[-121.3600358,47.7084337]},"properties":{"kind":"station","category":"train","osmId":"8316421188","name":"","ref":"","railway":"station","publicTransport":"station","routes":[],"network":"","operator":"","wheelchair":"","shelter":"","bench":""}},{"type":"Feature","geometry":{"type":"Point","coordinates":[-122.311794,47.579271]},"properties":{"kind":"station","category":"light_rail","osmId":"8511176158","name":"Beacon Hill","ref":"56","railway":"station","publicTransport":"station","routes":[],"network":"Sound Transit","operator":"Sound Transit","wheelchair":"yes","shelter":"","bench":""}},{"type":"Feature","geometry":{"type":"Point","coordinates":[-122.303766,47.6498518]},"properties":{"kind":"station","category":"light_rail","osmId":"8511481731","name":"University of Washington","ref":"48","railway":"station","publicTransport":"station","routes":[],"network":"Link Light Rail","operator":"Sound Transit","wheelchair":"yes","shelter":"","bench":""}},{"type":"Feature","geometry":{"type":"Point","coordinates":[-122.3202052,47.6191715]},"properties":{"kind":"station","category":"light_rail","osmId":"8511481732","name":"Capitol Hill","ref":"49","railway":"station","publicTransport":"station","routes":[],"network":"Sound Transit","operator":"Sound Transit","wheelchair":"yes","shelter":"","bench":""}},{"type":"Feature","geometry":{"type":"Point","coordinates":[-122.3280048,47.5983211]},"properties":{"kind":"station","category":"light_rail","osmId":"8511481733","name":"International District/Chinatown","ref":"53","railway":"station","publicTransport":"station","routes":[],"network":"Sounder","operator":"Sound Transit","wheelchair":"yes","shelter":"","bench":""}},{"type":"Feature","geometry":{"type":"Point","coordinates":[-122.3361935,47.6117729]},"properties":{"kind":"station","category":"light_rail","osmId":"8511481742","name":"Westlake","ref":"50","railway":"station","publicTransport":"station","routes":[],"network":"Sounder","operator":"Sound Transit","wheelchair":"","shelter":"","bench":""}},{"type":"Feature","geometry":{"type":"Point","coordinates":[-122.33594,47.6077404]},"properties":{"kind":"station","category":"light_rail","osmId":"8511481743","name":"Symphony","ref":"51","railway":"station","publicTransport":"station","routes":[],"network":"Sounder","operator":"Sound Transit","wheelchair":"","shelter":"","bench":""}},{"type":"Feature","geometry":{"type":"Point","coordinates":[-122.33135390000001,47.6027217]},"properties":{"kind":"station","category":"light_rail","osmId":"8511481744","name":"Pioneer Square","ref":"52","railway":"station","publicTransport":"station","routes":[],"network":"Sounder","operator":"Sound Transit","wheelchair":"","shelter":"","bench":""}},{"type":"Feature","geometry":{"type":"Point","coordinates":[-122.336918,47.6120111]},"properties":{"kind":"station","category":"monorail","osmId":"8511570964","name":"Westlake Center","ref":"","railway":"station","publicTransport":"station","routes":[],"network":"Seattle Center Monorail","operator":"Seattle Monorail Services","wheelchair":"yes","shelter":"","bench":""}},{"type":"Feature","geometry":{"type":"Point","coordinates":[-122.315975,47.6766289]},"properties":{"kind":"station","category":"light_rail","osmId":"8561901239","name":"Roosevelt","ref":"46","railway":"station","publicTransport":"station","routes":[],"network":"Link Light Rail","operator":"Sound Transit","wheelchair":"yes","shelter":"","bench":""}},{"type":"Feature","geometry":{"type":"Point","coordinates":[-122.314133,47.6604917]},"properties":{"kind":"station","category":"light_rail","osmId":"8561901240","name":"U District","ref":"47","railway":"station","publicTransport":"station","routes":[],"network":"Link light rail","operator":"Sound Transit","wheelchair":"yes","shelter":"","bench":""}},{"type":"Feature","geometry":{"type":"Point","coordinates":[-122.440374,47.2577331]},"properties":{"kind":"station","category":"tram","osmId":"9524734127","name":"Old City Hall","ref":"","railway":"tram_stop","publicTransport":"stop_position","routes":[],"network":"","operator":"","wheelchair":"","shelter":"","bench":""}},{"type":"Feature","geometry":{"type":"Point","coordinates":[-121.36003280000001,47.7084489]},"properties":{"kind":"station","category":"train","osmId":"9829769131","name":"","ref":"","railway":"station","publicTransport":"station","routes":[],"network":"","operator":"","wheelchair":"","shelter":"","bench":""}},{"type":"Feature","geometry":{"type":"Point","coordinates":[-122.299238,47.1803262]},"properties":{"kind":"station","category":"train","osmId":"11023133174","name":"SillyVille Train Station","ref":"","railway":"station","publicTransport":"no","routes":[],"network":"","operator":"","wheelchair":"yes","shelter":"","bench":""}},{"type":"Feature","geometry":{"type":"Point","coordinates":[-121.825584,47.5284628]},"properties":{"kind":"station","category":"train","osmId":"11039750436","name":"Snoqualmie Depot","ref":"","railway":"station","publicTransport":"no","routes":[],"network":"Northwest Railway Museum","operator":"Northwest Railway Museum","wheelchair":"","shelter":"","bench":""}},{"type":"Feature","geometry":{"type":"Point","coordinates":[-121.7848819,47.4937145]},"properties":{"kind":"station","category":"train","osmId":"11039750437","name":"North Bend","ref":"","railway":"station","publicTransport":"no","routes":[],"network":"","operator":"","wheelchair":"","shelter":"","bench":""}},{"type":"Feature","geometry":{"type":"Point","coordinates":[-122.4404549,47.2577367]},"properties":{"kind":"station","category":"tram","osmId":"11197214089","name":"Old City Hall","ref":"","railway":"tram_stop","publicTransport":"stop_position","routes":[],"network":"","operator":"","wheelchair":"","shelter":"","bench":""}},{"type":"Feature","geometry":{"type":"Point","coordinates":[-122.4501814,47.2450579]},"properties":{"kind":"station","category":"tram","osmId":"11197215740","name":"St Joseph","ref":"","railway":"tram_stop","publicTransport":"stop_position","routes":[],"network":"","operator":"","wheelchair":"","shelter":"","bench":""}},{"type":"Feature","geometry":{"type":"Point","coordinates":[-122.4500976,47.245067]},"properties":{"kind":"station","category":"tram","osmId":"11197215741","name":"St Joseph","ref":"","railway":"tram_stop","publicTransport":"stop_position","routes":[],"network":"","operator":"","wheelchair":"","shelter":"","bench":""}},{"type":"Feature","geometry":{"type":"Point","coordinates":[-122.451624,47.251778]},"properties":{"kind":"station","category":"tram","osmId":"11197216097","name":"Hilltop District","ref":"","railway":"tram_stop","publicTransport":"stop_position","routes":[],"network":"","operator":"","wheelchair":"","shelter":"","bench":""}},{"type":"Feature","geometry":{"type":"Point","coordinates":[-122.45170890000001,47.2517733]},"properties":{"kind":"station","category":"tram","osmId":"11197216098","name":"Hilltop District","ref":"","railway":"tram_stop","publicTransport":"stop_position","routes":[],"network":"","operator":"","wheelchair":"","shelter":"","bench":""}},{"type":"Feature","geometry":{"type":"Point","coordinates":[-122.4527994,47.2569528]},"properties":{"kind":"station","category":"tram","osmId":"11197216099","name":"6th Ave","ref":"","railway":"tram_stop","publicTransport":"stop_position","routes":[],"network":"","operator":"","wheelchair":"","shelter":"","bench":""}},{"type":"Feature","geometry":{"type":"Point","coordinates":[-122.45289260000001,47.2569465]},"properties":{"kind":"station","category":"tram","osmId":"11197216100","name":"6th Ave","ref":"","railway":"tram_stop","publicTransport":"stop_position","routes":[],"network":"","operator":"","wheelchair":"","shelter":"","bench":""}},{"type":"Feature","geometry":{"type":"Point","coordinates":[-122.4535934,47.2600444]},"properties":{"kind":"station","category":"tram","osmId":"11197216101","name":"Tacoma General","ref":"","railway":"tram_stop","publicTransport":"stop_position","routes":[],"network":"","operator":"","wheelchair":"","shelter":"","bench":""}},{"type":"Feature","geometry":{"type":"Point","coordinates":[-122.44899930000001,47.2639227]},"properties":{"kind":"station","category":"tram","osmId":"11197216102","name":"Stadium District","ref":"","railway":"tram_stop","publicTransport":"stop_position","routes":[],"network":"","operator":"","wheelchair":"","shelter":"","bench":""}},{"type":"Feature","geometry":{"type":"Point","coordinates":[-122.44892680000001,47.2639033]},"properties":{"kind":"station","category":"tram","osmId":"11197216103","name":"Stadium District","ref":"","railway":"tram_stop","publicTransport":"stop_position","routes":[],"network":"","operator":"","wheelchair":"","shelter":"","bench":""}},{"type":"Feature","geometry":{"type":"Point","coordinates":[-122.4426729,47.2613192]},"properties":{"kind":"station","category":"tram","osmId":"11197216104","name":"S 4th","ref":"","railway":"tram_stop","publicTransport":"stop_position","routes":[],"network":"","operator":"","wheelchair":"","shelter":"","bench":""}},{"type":"Feature","geometry":{"type":"Point","coordinates":[-122.442762,47.2612826]},"properties":{"kind":"station","category":"tram","osmId":"11197216105","name":"S 4th","ref":"","railway":"tram_stop","publicTransport":"stop_position","routes":[],"network":"","operator":"","wheelchair":"","shelter":"","bench":""}},{"type":"Feature","geometry":{"type":"Point","coordinates":[-122.3252456,47.7360899]},"properties":{"kind":"station","category":"light_rail","osmId":"12147667039","name":"Shoreline South/148th","ref":"43","railway":"station","publicTransport":"station","routes":[],"network":"Link Light Rail","operator":"Sound Transit","wheelchair":"yes","shelter":"","bench":""}},{"type":"Feature","geometry":{"type":"Point","coordinates":[-122.32291020000001,47.7640646]},"properties":{"kind":"station","category":"light_rail","osmId":"12147667040","name":"Shoreline North/185th","ref":"42","railway":"station","publicTransport":"station","routes":[],"network":"Link Light Rail","operator":"Sound Transit","wheelchair":"yes","shelter":"","bench":""}},{"type":"Feature","geometry":{"type":"Point","coordinates":[-122.3147995,47.7850344]},"properties":{"kind":"station","category":"light_rail","osmId":"12147667041","name":"Mountlake Terrace","ref":"41","railway":"station","publicTransport":"station","routes":[],"network":"Link Light Rail","operator":"Sound Transit","wheelchair":"yes","shelter":"","bench":""}},{"type":"Feature","geometry":{"type":"Point","coordinates":[-122.3035866,47.4407445]},"properties":{"kind":"station","category":"light_rail","osmId":"12403316424","name":"B Gates","ref":"","railway":"station","publicTransport":"station","routes":[],"network":"SEA Underground","operator":"Port of Seattle","wheelchair":"yes","shelter":"","bench":""}},{"type":"Feature","geometry":{"type":"Point","coordinates":[-122.10957370000001,47.6672852]},"properties":{"kind":"station","category":"light_rail","osmId":"12829695655","name":"Marymoor Village","ref":"64","railway":"station","publicTransport":"station","routes":["2 Line"],"network":"Link","operator":"Sound Transit","wheelchair":"yes","shelter":"","bench":""}},{"type":"Feature","geometry":{"type":"Point","coordinates":[-122.2944298,47.3895226]},"properties":{"kind":"station","category":"light_rail","osmId":"13358783522","name":"Kent Des Moines","ref":"66","railway":"station","publicTransport":"station","routes":[],"network":"Sound Transit","operator":"Sound Transit","wheelchair":"","shelter":"","bench":""}},{"type":"Feature","geometry":{"type":"Point","coordinates":[-122.29731360000001,47.3594521]},"properties":{"kind":"station","category":"light_rail","osmId":"13358783523","name":"Star Lake","ref":"67","railway":"station","publicTransport":"station","routes":[],"network":"Sound Transit","operator":"Sound Transit","wheelchair":"yes","shelter":"","bench":""}},{"type":"Feature","geometry":{"type":"Point","coordinates":[-122.3038748,47.3158776]},"properties":{"kind":"station","category":"light_rail","osmId":"13358783524","name":"Federal Way Downtown","ref":"68","railway":"station","publicTransport":"station","routes":[],"network":"Link","operator":"Sound Transit","wheelchair":"","shelter":"","bench":""}},{"type":"Feature","geometry":{"type":"Point","coordinates":[-122.3274051,47.58126005]},"properties":{"kind":"station","category":"light_rail","osmId":"272968379","name":"SODO","ref":"","railway":"station","publicTransport":"station","routes":[],"network":"Sound Transit","operator":"Sound Transit","wheelchair":"yes","shelter":"","bench":""}},{"type":"Feature","geometry":{"type":"Point","coordinates":[-122.28765820000001,47.46394225]},"properties":{"kind":"station","category":"light_rail","osmId":"333001083","name":"Tukwila International Boulevard","ref":"63","railway":"station","publicTransport":"station","routes":[],"network":"Sound Transit","operator":"Sound Transit","wheelchair":"yes","shelter":"","bench":""}},{"type":"Feature","geometry":{"type":"Point","coordinates":[-122.295684,47.1927099]},"properties":{"kind":"station","category":"train","osmId":"334251575","name":"Puyallup","ref":"","railway":"station","publicTransport":"station","routes":[],"network":"Sound Transit","operator":"Sound Transit","wheelchair":"","shelter":"","bench":""}},{"type":"Feature","geometry":{"type":"Point","coordinates":[-122.23225615,47.306448950000004]},"properties":{"kind":"station","category":"train","osmId":"334255605","name":"Auburn","ref":"","railway":"station","publicTransport":"station","routes":[],"network":"Sounder","operator":"Sound Transit","wheelchair":"","shelter":"","bench":""}},{"type":"Feature","geometry":{"type":"Point","coordinates":[-122.23304404999999,47.384138500000006]},"properties":{"kind":"station","category":"train","osmId":"334255606","name":"Kent","ref":"","railway":"station","publicTransport":"station","routes":[],"network":"Sounder","operator":"Sound Transit","wheelchair":"","shelter":"","bench":""}},{"type":"Feature","geometry":{"type":"Point","coordinates":[-122.2449525,47.2011684]},"properties":{"kind":"station","category":"train","osmId":"334255607","name":"Sumner","ref":"","railway":"station","publicTransport":"station","routes":[],"network":"Sounder","operator":"Sound Transit","wheelchair":"","shelter":"","bench":""}},{"type":"Feature","geometry":{"type":"Point","coordinates":[-122.32974975,47.59777045]},"properties":{"kind":"station","category":"train","osmId":"442511853","name":"Seattle King Street","ref":"","railway":"station","publicTransport":"station","routes":[],"network":"Amtrak;Sound Transit","operator":"Seattle Department of Transportation","wheelchair":"yes","shelter":"","bench":""}},{"type":"Feature","geometry":{"type":"Point","coordinates":[-122.3038146,47.5903018]},"properties":{"kind":"station","category":"light_rail","osmId":"753224844","name":"Judkins Park","ref":"54","railway":"station","publicTransport":"station","routes":[],"network":"Link","operator":"Sound Transit","wheelchair":"yes","shelter":"","bench":""}},{"type":"Feature","geometry":{"type":"Point","coordinates":[-122.1187195,47.671707549999994]},"properties":{"kind":"station","category":"light_rail","osmId":"1431055228","name":"Downtown Redmond","ref":"65","railway":"station","publicTransport":"station","routes":["2 Line"],"network":"Link","operator":"Sound Transit","wheelchair":"yes","shelter":"","bench":""}},{"type":"Feature","geometry":{"type":"Point","coordinates":[-122.19112870000001,47.60810185]},"properties":{"kind":"station","category":"light_rail","osmId":"1513873244","name":"East Main","ref":"57","railway":"station","publicTransport":"station","routes":["2 Line"],"network":"Link","operator":"Sound Transit","wheelchair":"yes","shelter":"","bench":""}},{"type":"Feature","geometry":{"type":"Point","coordinates":[-122.42816445,47.23960245]},"properties":{"kind":"station","category":"train","osmId":"17956057","name":"Tacoma Dome","ref":"","railway":"station","publicTransport":"station","routes":[],"network":"Amtrak","operator":"Amtrak","wheelchair":"","shelter":"","bench":""}},{"type":"Feature","geometry":{"type":"Point","coordinates":[-122.32242629999999,47.7641861]},"properties":{"kind":"station","category":"light_rail","osmId":"20158892","name":"Shoreline North/185th Station","ref":"","railway":"station","publicTransport":"station","routes":[],"network":"Sounder","operator":"Sound Transit","wheelchair":"","shelter":"","bench":""}},{"type":"Feature","geometry":{"type":"Point","coordinates":[-122.29697855,47.44520885]},"properties":{"kind":"station","category":"light_rail","osmId":"54139654","name":"SeaTac/Airport","ref":"64","railway":"station","publicTransport":"station","routes":[],"network":"Sound Transit","operator":"Sound Transit","wheelchair":"yes","shelter":"","bench":""}},{"type":"Feature","geometry":{"type":"Point","coordinates":[-122.3271829,47.591110900000004]},"properties":{"kind":"station","category":"light_rail","osmId":"272968378","name":"Stadium","ref":"54","railway":"station","publicTransport":"station","routes":[],"network":"Sound Transit","operator":"Sound Transit","wheelchair":"yes","shelter":"","bench":""}},{"type":"Feature","geometry":{"type":"Point","coordinates":[-122.2815884,47.53800185]},"properties":{"kind":"station","category":"light_rail","osmId":"332981805","name":"Othello","ref":"","railway":"station","publicTransport":"station","routes":[],"network":"Sounder","operator":"Sound Transit","wheelchair":"yes","shelter":"","bench":""}},{"type":"Feature","geometry":{"type":"Point","coordinates":[-122.2927076,47.559741450000004]},"properties":{"kind":"station","category":"light_rail","osmId":"332981806","name":"Columbia City","ref":"58","railway":"station","publicTransport":"station","routes":[],"network":"Sounder","operator":"Sound Transit","wheelchair":"yes","shelter":"","bench":""}},{"type":"Feature","geometry":{"type":"Point","coordinates":[-122.2976527,47.5766122]},"properties":{"kind":"station","category":"light_rail","osmId":"332995150","name":"Mount Baker","ref":"57","railway":"station","publicTransport":"station","routes":[],"network":"Sound Transit","operator":"Sound Transit","wheelchair":"yes","shelter":"","bench":""}},{"type":"Feature","geometry":{"type":"Point","coordinates":[-122.27939760000001,47.522420749999995]},"properties":{"kind":"station","category":"light_rail","osmId":"332996049","name":"Rainier Beach","ref":"61","railway":"station","publicTransport":"station","routes":[],"network":"Sounder","operator":"Sound Transit","wheelchair":"yes","shelter":"","bench":""}},{"type":"Feature","geometry":{"type":"Point","coordinates":[-122.4855882,47.203897]},"properties":{"kind":"station","category":"train","osmId":"334251578","name":"South Tacoma","ref":"","railway":"station","publicTransport":"station","routes":[],"network":"Sounder","operator":"Sound Transit","wheelchair":"","shelter":"","bench":""}},{"type":"Feature","geometry":{"type":"Point","coordinates":[-122.23324995,47.5881831]},"properties":{"kind":"station","category":"light_rail","osmId":"753224838","name":"Mercer Island","ref":"55","railway":"station","publicTransport":"station","routes":[],"network":"Sound Transit","operator":"Sound Transit","wheelchair":"yes","shelter":"","bench":""}},{"type":"Feature","geometry":{"type":"Point","coordinates":[-122.49808265,47.153474849999995]},"properties":{"kind":"station","category":"train","osmId":"944912825","name":"Lakewood","ref":"","railway":"station","publicTransport":"station","routes":[],"network":"Sound Transit","operator":"","wheelchair":"","shelter":"","bench":""}},{"type":"Feature","geometry":{"type":"MultiLineString","coordinates":[[[-122.3846513,47.8109967],[-122.384294,47.8111665],[-122.3827197,47.8124216],[-122.382767,47.812438],[-122.3846513,47.8109967]],[[-122.3296579,47.5990068],[-122.3295602,47.5990052],[-122.3296374,47.5961296],[-122.3297042,47.5961308],[-122.3296579,47.5990068]],[[-122.4286425,47.239405],[-122.4286379,47.2393762],[-122.4260392,47.2396481]],[[-122.4260392,47.2396481],[-122.4262251,47.2396748],[-122.4286425,47.239405]],[[-122.4260392,47.2396481],[-122.4238535,47.2398264],[-122.4233709,47.2398779],[-122.4233874,47.2399436],[-122.4260392,47.2396481]],[[-122.380834,47.8140975],[-122.3784856,47.8164099],[-122.3758832,47.8195153],[-122.3743525,47.821115],[-122.3685339,47.8263153],[-122.36380524812887,47.8303281]],[[-122.380834,47.8140975],[-122.3820771,47.8129826],[-122.3860126,47.8099766]],[[-122.3860126,47.8099766],[-122.393134,47.8045826]],[[-122.393134,47.8045826],[-122.3932568,47.804485]],[[-122.3932568,47.804485],[-122.3941084,47.8036187],[-122.3944431,47.8030307],[-122.394589,47.8024253],[-122.3945547,47.8018488],[-122.3940912,47.800765]],[[-122.3940912,47.800765],[-122.3924004,47.7977611],[-122.3918768,47.7963082],[-122.390698,47.7894361]],[[-122.390698,47.7894361],[-122.390368,47.7866449],[-122.3905815,47.7854468],[-122.393414,47.7806632],[-122.3937098,47.7796795],[-122.393592,47.7783357],[-122.39224,47.7711037],[-122.3913361,47.7698362],[-122.3856609,47.7651356],[-122.3828595,47.7620431],[-122.3799541,47.7591179],[-122.3794506,47.7580879],[-122.3794112,47.7569055],[-122.3797211,47.7560563],[-122.3806649,47.7544985]],[[-122.3806649,47.7544985],[-122.3812046,47.7532843]],[[-122.3812046,47.7532843],[-122.3815897,47.751801]],[[-122.3815897,47.751801],[-122.382301,47.7488729],[-122.3823096,47.7482131],[-122.3820928,47.7473461],[-122.381565,47.7464248],[-122.3782135,47.7419556],[-122.3769898,47.7401334],[-122.3738452,47.7325959],[-122.3733285,47.7308287]],[[-122.3733285,47.7308287],[-122.3730623,47.7290938],[-122.3733825,47.7265159],[-122.3739376,47.7254136],[-122.3751116,47.7238949],[-122.3759175,47.7222937],[-122.3761096,47.7215863],[-122.3760295,47.7203584],[-122.3756293,47.7187284],[-122.375752,47.7176549],[-122.3766433,47.7158065],[-122.3795028,47.7121907],[-122.3798221,47.7112025],[-122.379985,47.7094247],[-122.380449,47.7084557],[-122.3814928,47.7074445],[-122.385952,47.7042406],[-122.3887196,47.7028356],[-122.3914312,47.7018089]],[[-122.3914312,47.7018089],[-122.3954034,47.7004133]],[[-122.3954034,47.7004133],[-122.3992776,47.6990201]],[[-122.3992776,47.6990201],[-122.402041,47.6976937],[-122.4032955,47.6965599],[-122.4038157,47.6956788],[-122.4039277,47.6949929],[-122.4038809,47.6945446],[-122.403458,47.6934008]],[[-122.403458,47.6934008],[-122.4021832,47.6902108],[-122.4020769,47.6895068],[-122.402127,47.6879977]],[[-122.402127,47.6879977],[-122.4021351,47.6878261]],[[-122.4021351,47.6878261],[-122.4023113,47.6845102],[-122.4024985,47.6833728],[-122.403021,47.6818773],[-122.404793,47.6788608],[-122.4051586,47.6780227],[-122.4054368,47.6767689],[-122.4054055,47.6751716]],[[-122.4054055,47.6751716],[-122.4053954,47.675047]],[[-122.4053954,47.675047],[-122.4051594,47.6729495]],[[-122.4051594,47.6729495],[-122.405055,47.672634]],[[-122.405055,47.672634],[-122.4047642,47.6720204],[-122.4033621,47.670171]],[[-122.4033621,47.670171],[-122.402411,47.6688002]],[[-122.402411,47.6688002],[-122.4023004,47.6684978]],[[-122.4023004,47.6684978],[-122.4021503,47.6675062]],[[-122.4021503,47.6675062],[-122.4021233,47.6666811]],[[-122.4021233,47.6666811],[-122.40198,47.665629]],[[-122.40198,47.665629],[-122.4014463,47.6647306]],[[-122.4014463,47.6647306],[-122.40022,47.663842],[-122.3982034,47.6631661]],[[-122.3982034,47.6631661],[-122.3951915,47.6622652],[-122.3933196,47.6615093],[-122.3911987,47.660302],[-122.3892368,47.6587617]],[[-122.3892368,47.6587617],[-122.3882121,47.6579033]],[[-122.3882121,47.6579033],[-122.3879456,47.6576917]],[[-122.3879456,47.6576917],[-122.3861832,47.6562701]],[[-122.3861832,47.6562701],[-122.3857266,47.655949]],[[-122.3857266,47.655949],[-122.3824321,47.6531373],[-122.381554,47.6521411],[-122.3810009,47.6512486],[-122.3806312,47.6500002],[-122.3805911,47.644812]],[[-122.3805911,47.644812],[-122.3805767,47.6405676]],[[-122.3805767,47.6405676],[-122.3805064,47.635657],[-122.3800658,47.6346407],[-122.379115,47.633761]],[[-122.379115,47.633761],[-122.3775306,47.6325349]],[[-122.3775306,47.6325349],[-122.3770022,47.6321237]],[[-122.3770022,47.6321237],[-122.3762651,47.6315513]],[[-122.3762651,47.6315513],[-122.3565943,47.6163413]],[[-122.3565943,47.6163413],[-122.355911,47.6158398]],[[-122.355911,47.6158398],[-122.3530262,47.6141008]],[[-122.3530262,47.6141008],[-122.3528226,47.6139825]],[[-122.3528226,47.6139825],[-122.3489722,47.6118227],[-122.3467945,47.6111303],[-122.344807,47.6100185],[-122.3433947,47.6095083]],[[-122.3433947,47.6095083],[-122.3350959,47.6075644],[-122.3340498,47.6071377],[-122.3335365,47.6067154],[-122.3295018,47.6022827],[-122.3292792,47.6017518],[-122.3292637,47.6007101]],[[-122.3292637,47.6006547],[-122.3292637,47.6007101]],[[-122.3292637,47.6006547],[-122.3293237,47.600256]],[[-122.3293237,47.600256],[-122.3295445,47.5987819]],[[-122.3295445,47.5987819],[-122.329569,47.5975188]],[[-122.329569,47.5975188],[-122.329611,47.5961656]],[[-122.329611,47.5961656],[-122.3297099,47.5953485]],[[-122.3297154,47.5953033],[-122.3297099,47.5953485]],[[-122.3297897,47.5947748],[-122.3297154,47.5953033]],[[-122.3297897,47.5947748],[-122.3298271,47.5946363]],[[-122.3298271,47.5946363],[-122.329928,47.5942693]],[[-122.329928,47.5942693],[-122.3303828,47.5926342]],[[-122.3303828,47.5926342],[-122.3303933,47.5924625]],[[-122.3303933,47.5924625],[-122.3303835,47.5901828]],[[-122.3303835,47.5901828],[-122.330398,47.5865122]],[[-122.330398,47.5865122],[-122.3303965,47.5861535]],[[-122.3320935,47.5775103],[-122.3320312,47.5814603],[-122.3316649,47.5825574],[-122.3305035,47.5847814],[-122.3303965,47.5861535]],[[-122.3318092,47.5746158],[-122.3320935,47.5775103]],[[-122.3318045,47.5733197],[-122.3318092,47.5746158]],[[-122.331805,47.569871],[-122.3318045,47.5733197]],[[-122.3318016,47.5673481],[-122.331805,47.569871]],[[-122.3318016,47.5673481],[-122.3317591,47.5641405],[-122.3315393,47.5634726],[-122.3310804,47.5627877],[-122.3294872,47.5614007],[-122.3227685,47.5561457]],[[-122.3227685,47.5561457],[-122.3210801,47.5547524],[-122.3193,47.553043]],[[-122.3193,47.553043],[-122.3190068,47.5527439]],[[-122.3190068,47.5527439],[-122.31682,47.5506113]],[[-122.31682,47.5506113],[-122.316635,47.550436]],[[-122.316635,47.550436],[-122.3136289,47.5476356]],[[-122.3136289,47.5476356],[-122.3116008,47.5457866],[-122.299271,47.535389],[-122.2974462,47.5334383],[-122.296688,47.5320634],[-122.2906249,47.5190331],[-122.288206,47.5148073]],[[-122.288206,47.5148073],[-122.2872216,47.5131096]],[[-122.2872216,47.5131096],[-122.2844781,47.5084128],[-122.282893,47.5064348],[-122.2771672,47.5008455],[-122.268466,47.4936524],[-122.2672599,47.4922579],[-122.2641935,47.487789],[-122.2630707,47.4866976],[-122.2611749,47.4853899]],[[-122.2611749,47.4853899],[-122.2586092,47.4839693],[-122.2570242,47.482658],[-122.2531318,47.4772472],[-122.2505398,47.474411]],[[-122.2505398,47.474411],[-122.2501185,47.4739946]],[[-122.2501185,47.4739946],[-122.2484685,47.4723947]],[[-122.2484685,47.4723947],[-122.2447206,47.4687607]],[[-122.2447206,47.4687607],[-122.2426591,47.4667667]],[[-122.2426591,47.4667667],[-122.2422639,47.466384]],[[-122.2422639,47.466384],[-122.2412126,47.4652544],[-122.2407843,47.4645299],[-122.2404775,47.4636275],[-122.2404125,47.4622179]],[[-122.2404125,47.4622179],[-122.2404379,47.4612931]],[[-122.2404379,47.4612931],[-122.2404446,47.4610947]],[[-122.2404446,47.4610947],[-122.2405621,47.4571019]],[[-122.2405621,47.4571019],[-122.2405602,47.4568286]],[[-122.2405602,47.4568286],[-122.2406091,47.454768]],[[-122.2406091,47.454768],[-122.2409978,47.4413047]],[[-122.2409978,47.4413047],[-122.2410046,47.4411046]],[[-122.2410046,47.4411046],[-122.2410493,47.4389827]],[[-122.2410493,47.4389827],[-122.2410416,47.4387133]],[[-122.2410416,47.4387133],[-122.2407992,47.4368431],[-122.2333503,47.3962742],[-122.2331595,47.3942726],[-122.2331305,47.3866187]],[[-122.2331305,47.3866187],[-122.233098,47.3831316]],[[-122.233098,47.3831316],[-122.233073,47.3809282]],[[-122.233073,47.3809282],[-122.233038,47.379767]],[[-122.233038,47.379767],[-122.2329871,47.3777901]],[[-122.2329871,47.3777901],[-122.2329176,47.3722203]],[[-122.2329176,47.3722203],[-122.2329175,47.3718154]],[[-122.2329175,47.3718154],[-122.2328542,47.3634677]],[[-122.2328542,47.3634677],[-122.2328515,47.3631717]],[[-122.2328515,47.3631717],[-122.2328226,47.3614987]],[[-122.2328226,47.3614987],[-122.2328253,47.3610054]],[[-122.2328253,47.3610054],[-122.2327401,47.3508659]],[[-122.232755,47.3480358],[-122.2327401,47.3508659]],[[-122.2324649,47.316708],[-122.232755,47.3480358]],[[-122.2324017,47.3112166],[-122.2324649,47.316708]],[[-122.2306528,47.2757593],[-122.2323614,47.3051774],[-122.2324017,47.3112166]],[[-122.2306528,47.2757593],[-122.230373,47.272078]],[[-122.230373,47.272078],[-122.2303532,47.2718091]],[[-122.2303532,47.2718091],[-122.2302108,47.2691891]],[[-122.2302108,47.2691891],[-122.2301898,47.2687781]],[[-122.2301898,47.2687781],[-122.2300636,47.2661501]],[[-122.2300636,47.2661501],[-122.2300373,47.2655878]],[[-122.2300373,47.2655878],[-122.2295806,47.2576034]],[[-122.2295806,47.2576034],[-122.2295703,47.2574083]],[[-122.2295703,47.2574083],[-122.2285084,47.2383202]],[[-122.2285084,47.2383202],[-122.2285,47.2381086]],[[-122.2285,47.2381086],[-122.2274351,47.2193801],[-122.2276831,47.2175333]],[[-122.2276831,47.2175333],[-122.2277801,47.2172769]],[[-122.2277801,47.2172769],[-122.2284033,47.2160495],[-122.2296691,47.2145482],[-122.2473649,47.1991109]],[[-122.2473649,47.1991109],[-122.2476453,47.1988613]],[[-122.2476453,47.1988613],[-122.2486669,47.1979696]],[[-122.2486669,47.1979696],[-122.2490725,47.1976237]],[[-122.2499167,47.1968796],[-122.2490725,47.1976237]],[[-122.2506811,47.1962161],[-122.2499167,47.1968796]],[[-122.252976,47.1942073],[-122.2506811,47.1962161]],[[-122.253345,47.1938861],[-122.252976,47.1942073]],[[-122.271054,47.1883691],[-122.268331,47.1878968],[-122.2659642,47.1877201],[-122.2637577,47.1878536],[-122.2615358,47.1883034],[-122.2598603,47.1889007],[-122.2578471,47.1900158],[-122.253345,47.1938861]],[[-122.2920868,47.1921089],[-122.271054,47.1883691]],[[-122.2941936,47.1924811],[-122.2920868,47.1921089]],[[-122.33756,47.200143],[-122.2941936,47.1924811]],[[-122.338343,47.2002831],[-122.33756,47.200143]],[[-122.3415823,47.2008511],[-122.338343,47.2002831]],[[-122.3415823,47.2008511],[-122.3417514,47.2008833]],[[-122.3417514,47.2008833],[-122.3477026,47.2019517]],[[-122.3477026,47.2019517],[-122.349473,47.202521],[-122.3509404,47.2035199]],[[-122.3509404,47.2035199],[-122.3688316,47.2168145],[-122.369959,47.2174666],[-122.3786369,47.2214682]],[[-122.3786369,47.2214682],[-122.3807803,47.2224944],[-122.3818844,47.2234333],[-122.3824567,47.2243891],[-122.383916,47.2278705],[-122.3846443,47.2287999],[-122.3857167,47.2294765],[-122.3864663,47.2297315],[-122.3914347,47.2306924],[-122.3926218,47.2310871],[-122.3933918,47.2315041],[-122.3943351,47.2322767],[-122.3949247,47.233134],[-122.3956515,47.2356365]],[[-122.3956515,47.2356365],[-122.3959845,47.2368693]],[[-122.3959845,47.2368693],[-122.3963126,47.2379099],[-122.3969471,47.2387107],[-122.3978716,47.2392749],[-122.3995124,47.2397246]],[[-122.3995124,47.2397246],[-122.4010054,47.2399873]],[[-122.4010054,47.2399873],[-122.4014225,47.2400692]],[[-122.4014225,47.2400692],[-122.4039771,47.240491],[-122.4088852,47.2408899]],[[-122.4088852,47.2408899],[-122.4096081,47.2409654]],[[-122.4096081,47.2409654],[-122.409825,47.2409913]],[[-122.409825,47.2409913],[-122.4107152,47.2410914]],[[-122.4107152,47.2410914],[-122.4112157,47.2411102]],[[-122.4112157,47.2411102],[-122.4153308,47.2407984]],[[-122.4165488,47.2407276],[-122.4153308,47.2407984]],[[-122.4178899,47.2406013],[-122.4165488,47.2407276]],[[-122.4185458,47.2404995],[-122.4178899,47.2406013]],[[-122.4185458,47.2404995],[-122.4209532,47.2401115],[-122.423851,47.2398119],[-122.4250324,47.239724]],[[-122.4250324,47.239724],[-122.4286243,47.2393677]],[[-122.4286243,47.2393677],[-122.4304602,47.239176]],[[-122.4304602,47.239176],[-122.4317275,47.2390349]],[[-122.4317275,47.2390349],[-122.4328026,47.2389039]],[[-122.4328026,47.2389039],[-122.4336969,47.2387486]],[[-122.4336969,47.2387486],[-122.433914,47.2387074]],[[-122.433914,47.2387074],[-122.4348657,47.2384874]],[[-122.4348657,47.2384874],[-122.4356474,47.2382691]],[[-122.4356474,47.2382691],[-122.4366203,47.2378529],[-122.4389833,47.2363436],[-122.4409587,47.2345314],[-122.4435786,47.2335342],[-122.4456793,47.2322728],[-122.4466795,47.2319693],[-122.4483513,47.2317837],[-122.4502847,47.2318916]],[[-122.4502847,47.2318916],[-122.4537262,47.2324779],[-122.4604486,47.2333649]],[[-122.4604486,47.2333649],[-122.4631454,47.2335091],[-122.4660663,47.2331449]],[[-122.4660663,47.2331449],[-122.4718465,47.2318955],[-122.4735767,47.2313207],[-122.4750141,47.230626],[-122.4837342,47.2248647],[-122.4853099,47.223442],[-122.4862454,47.2221127],[-122.4868234,47.2205707],[-122.486947,47.2191705],[-122.4850467,47.1974949]],[[-122.4850467,47.1974949],[-122.4850161,47.1971845]],[[-122.4850161,47.1971845],[-122.4849902,47.1969466]],[[-122.4849902,47.1969466],[-122.4848341,47.194034],[-122.485356,47.1903845],[-122.4863422,47.187023],[-122.4900955,47.1768465]],[[-122.4934442,47.1660325],[-122.4930036,47.1689348],[-122.4900955,47.1768465]],[[-122.493822,47.1628176],[-122.4934442,47.1660325]],[[-122.4941757,47.1597085],[-122.493822,47.1628176]],[[-122.4941757,47.1597085],[-122.4944101,47.158024],[-122.4946873,47.1571748],[-122.4951348,47.1563599],[-122.4959811,47.1553537],[-122.4973975,47.1542729],[-122.5040274,47.1503532]],[[-122.5088108,47.1475157],[-122.5040274,47.1503532]],[[-122.5088108,47.1475157],[-122.5107401,47.1463721]],[[-122.5107401,47.1463721],[-122.5109433,47.1462523]],[[-122.5109433,47.1462523],[-122.5709856,47.1109814],[-122.5731839,47.1101627],[-122.5931459,47.10449573958323]]]},"properties":{"kind":"route","category":"train_route","routeType":"train","osmId":"71428","name":"Amtrak Cascades: Vancouver => Portland","ref":"Cascades","from":"Vancouver Pacific Central","to":"Portland Union Station","via":"Seattle King Street","network":"Amtrak","operator":"Amtrak","colour":"#288067"}},{"type":"Feature","geometry":{"type":"MultiLineString","coordinates":[[[-122.3846513,47.8109967],[-122.384294,47.8111665],[-122.3827197,47.8124216],[-122.382767,47.812438],[-122.3846513,47.8109967]],[[-122.3293748,47.5993096],[-122.3294563,47.59931],[-122.3295364,47.5965299],[-122.3294736,47.5965281],[-122.3293748,47.5993096]],[[-121.145249,47.7153449],[-121.0156372,47.76386779815851]],[[-121.1477538,47.7138658],[-121.146493,47.7147293],[-121.145249,47.7153449]],[[-121.148163,47.7135755],[-121.1477538,47.7138658]],[[-121.1842176,47.7152348],[-121.1817083,47.7146933],[-121.1781928,47.7145254],[-121.1762548,47.7141854],[-121.1609459,47.708827],[-121.1597584,47.7085095],[-121.1584771,47.708366],[-121.1563242,47.7085665],[-121.1547004,47.7091574],[-121.148163,47.7135755]],[[-121.1944105,47.7133841],[-121.191844,47.71287],[-121.190862,47.712961],[-121.1900328,47.7132314],[-121.1894689,47.7135719],[-121.1881776,47.7146977],[-121.187393,47.7150986],[-121.1859246,47.7152618],[-121.1842176,47.7152348]],[[-121.1953413,47.7136173],[-121.1944105,47.7133841]],[[-121.2284624,47.7098564],[-121.223555,47.7105527],[-121.2209168,47.7113872],[-121.2176568,47.7114059],[-121.2157536,47.712215],[-121.2138487,47.7132394],[-121.2128686,47.7135011],[-121.2119742,47.7134918],[-121.2099277,47.7128734],[-121.2089759,47.7127957],[-121.2076036,47.713],[-121.2056223,47.7136037],[-121.2029554,47.7136376],[-121.1993844,47.7132457],[-121.1970067,47.7137494],[-121.1953413,47.7136173]],[[-121.2286274,47.7098339],[-121.2284624,47.7098564]],[[-121.2372453,47.7094025],[-121.2286274,47.7098339]],[[-121.237921,47.709367],[-121.2372453,47.7094025]],[[-121.2422512,47.7093662],[-121.240798,47.709619],[-121.2391265,47.7093433],[-121.237921,47.709367]],[[-121.2440581,47.7091907],[-121.2422512,47.7093662]],[[-121.2542756,47.7076082],[-121.2525194,47.7082004],[-121.2511256,47.7091895],[-121.250447,47.7093],[-121.249601,47.709368],[-121.2475869,47.7091967],[-121.2440581,47.7091907]],[[-121.2556589,47.7073633],[-121.2542756,47.7076082]],[[-121.2842607,47.7089323],[-121.2828004,47.7094019],[-121.2814938,47.7102371],[-121.2806553,47.7105961],[-121.2781183,47.7115558],[-121.2769641,47.7116951],[-121.275499,47.711263],[-121.2725107,47.7097609],[-121.2707033,47.7095045],[-121.268051,47.708637],[-121.2658143,47.7084568],[-121.263616,47.707518],[-121.259655,47.706946],[-121.2584101,47.7069916],[-121.2556589,47.7073633]],[[-121.2847653,47.7088388],[-121.2842607,47.7089323]],[[-121.2856414,47.7087648],[-121.2847653,47.7088388]],[[-121.2864036,47.7087719],[-121.2856414,47.7087648]],[[-121.2949964,47.6944129],[-121.2951589,47.7047937],[-121.2949519,47.705497],[-121.294108,47.7063852],[-121.2920679,47.7075841],[-121.2898014,47.7079387],[-121.287799,47.7086756],[-121.2864036,47.7087719]],[[-121.2949902,47.6940134],[-121.2949964,47.6944129]],[[-121.2953597,47.6895638],[-121.2949902,47.6940134]],[[-121.2953597,47.6895638],[-121.2954053,47.6894106]],[[-121.2973712,47.68763],[-121.2962237,47.6881503],[-121.295742,47.6886922],[-121.2954053,47.6894106]],[[-121.2997929,47.6878351],[-121.2984379,47.6875764],[-121.2973712,47.68763]],[[-121.303376,47.7004881],[-121.3026039,47.6992861],[-121.3015772,47.6980291],[-121.3009023,47.6967797],[-121.3007143,47.6958433],[-121.3007604,47.6950414],[-121.30106,47.6939331],[-121.3016123,47.6927784],[-121.3017276,47.6919852],[-121.3008323,47.6887868],[-121.3003905,47.6881966],[-121.2997929,47.6878351]],[[-121.303474,47.700637],[-121.303376,47.7004881]],[[-121.3159597,47.7071539],[-121.31412,47.705446],[-121.3128263,47.7044945],[-121.3114085,47.7038693],[-121.3084369,47.7035629],[-121.3071108,47.7032566],[-121.3061181,47.7027893],[-121.3047757,47.7018911],[-121.303474,47.700637]],[[-121.3239466,47.7115259],[-121.3214255,47.7112434],[-121.319762,47.7106274],[-121.3182779,47.7096118],[-121.3159597,47.7071539]],[[-121.3241226,47.7115381],[-121.3239466,47.7115259]],[[-121.3655202,47.7084505],[-121.3507713,47.7101892],[-121.3493473,47.7104494],[-121.3477372,47.7108788],[-121.3464076,47.7113951],[-121.3424347,47.713341],[-121.3410011,47.7136195],[-121.3393872,47.7135558],[-121.3279846,47.7119667],[-121.3241226,47.7115381]],[[-121.365995,47.7083782],[-121.3655202,47.7084505]],[[-121.3908241,47.7178899],[-121.3885406,47.7179959],[-121.3870926,47.7179017],[-121.3856238,47.7175219],[-121.383202,47.716472],[-121.3824266,47.7159862],[-121.3816782,47.715243],[-121.3806853,47.7134866],[-121.3802376,47.7129313],[-121.3795609,47.7123934],[-121.3726529,47.7088479],[-121.3709634,47.7083388],[-121.3690509,47.7080995],[-121.365995,47.7083782]],[[-121.3934896,47.7182225],[-121.3920882,47.7179577],[-121.3908241,47.7178899]],[[-121.3942255,47.7184544],[-121.3934896,47.7182225]],[[-121.3944821,47.7185503],[-121.3942255,47.7184544]],[[-121.4009065,47.7239948],[-121.399638,47.7233863],[-121.3988224,47.7228281],[-121.3981792,47.7221734],[-121.3973333,47.7207732],[-121.396619,47.719884],[-121.3957756,47.7192086],[-121.3944821,47.7185503]],[[-121.4115487,47.7290982],[-121.4009065,47.7239948]],[[-121.412906,47.729759],[-121.4115487,47.7290982]],[[-121.4495038,47.746849],[-121.4483589,47.7461539],[-121.4473745,47.7457445],[-121.4427324,47.7445421],[-121.4418503,47.744166],[-121.4410466,47.743688],[-121.4387354,47.7413581],[-121.4374615,47.7405833],[-121.4201729,47.7332367],[-121.412906,47.729759]],[[-121.49177,47.7778529],[-121.4646909,47.7565689],[-121.4590085,47.7530327],[-121.4495038,47.746849]],[[-121.4949188,47.7803353],[-121.49177,47.7778529]],[[-121.5005591,47.786459],[-121.4986571,47.7853805],[-121.4976658,47.7845925],[-121.4972171,47.7839298],[-121.4962273,47.781615],[-121.4949188,47.7803353]],[[-121.5009393,47.7866618],[-121.5005591,47.786459]],[[-121.534689,47.8026253],[-121.5330754,47.8022678],[-121.5307039,47.8022128],[-121.5227482,47.803526],[-121.521287,47.8036467],[-121.518895,47.8033746],[-121.5168297,47.802589],[-121.5161603,47.8021679],[-121.5154129,47.8014639],[-121.5145887,47.8003989],[-121.514273,47.7994294],[-121.5142639,47.7979264],[-121.5141035,47.7969453],[-121.5131572,47.7950561],[-121.5125199,47.7933832],[-121.5122077,47.7929728],[-121.511193,47.7922583],[-121.5009393,47.7866618]],[[-121.535719,47.8029308],[-121.534689,47.8026253]],[[-121.5459578,47.8051933],[-121.5436212,47.8053139],[-121.5422539,47.8051578],[-121.5397187,47.8044067],[-121.535719,47.8029308]],[[-121.5496027,47.8049282],[-121.5459578,47.8051933]],[[-121.5659182,47.8100368],[-121.5634304,47.8084714],[-121.5623543,47.8079508],[-121.5610679,47.8075225],[-121.559775,47.8072749],[-121.5548084,47.8068101],[-121.5536683,47.8064289],[-121.551375,47.8053084],[-121.5496027,47.8049282]],[[-121.5664309,47.8105106],[-121.5659182,47.8100368]],[[-121.554761,47.8186671],[-121.5547402,47.8178249],[-121.5553158,47.8166722],[-121.555951,47.816101],[-121.556938,47.8155656],[-121.55875,47.8151132],[-121.5639451,47.8146102],[-121.5651946,47.8141815],[-121.5662421,47.8133695],[-121.5665502,47.8130056],[-121.5669459,47.8121361],[-121.5669341,47.8115055],[-121.5664309,47.8105106]],[[-121.5550706,47.8194163],[-121.554761,47.8186671]],[[-121.5835234,47.8158271],[-121.5813166,47.8155562],[-121.5798053,47.815664],[-121.5788091,47.8158709],[-121.5654576,47.8194722],[-121.5613175,47.8209065],[-121.5600938,47.8212159],[-121.5583353,47.8212303],[-121.5566203,47.8207639],[-121.5556291,47.8200964],[-121.5550706,47.8194163]],[[-121.583734,47.815881],[-121.5835234,47.8158271]],[[-121.5850965,47.8163718],[-121.583734,47.815881]],[[-121.6170707,47.8282584],[-121.6169614,47.8272701],[-121.6163566,47.8262087],[-121.6117437,47.8220352],[-121.610169,47.8212257],[-121.6062986,47.820038],[-121.603825,47.8184622],[-121.6023764,47.8177402],[-121.6007603,47.8172773],[-121.5995155,47.8171331],[-121.598062,47.8171388],[-121.5964988,47.8173467],[-121.5928108,47.8182389],[-121.590809,47.8183664],[-121.5886405,47.8179255],[-121.5850965,47.8163718]],[[-121.6169652,47.8299538],[-121.6170707,47.8282584]],[[-121.61694042867103,47.8303281],[-121.6169652,47.8299538]],[[-122.380834,47.8140975],[-122.3784856,47.8164099],[-122.3758832,47.8195153],[-122.3743525,47.821115],[-122.3685339,47.8263153],[-122.36380524812887,47.8303281]],[[-122.380834,47.8140975],[-122.3820771,47.8129826],[-122.3860126,47.8099766]],[[-122.3860126,47.8099766],[-122.393134,47.8045826]],[[-122.393134,47.8045826],[-122.3932568,47.804485]],[[-122.3932568,47.804485],[-122.3941084,47.8036187],[-122.3944431,47.8030307],[-122.394589,47.8024253],[-122.3945547,47.8018488],[-122.3940912,47.800765]],[[-122.3940912,47.800765],[-122.3924004,47.7977611],[-122.3918768,47.7963082],[-122.390698,47.7894361]],[[-122.390698,47.7894361],[-122.390368,47.7866449],[-122.3905815,47.7854468],[-122.393414,47.7806632],[-122.3937098,47.7796795],[-122.393592,47.7783357],[-122.39224,47.7711037],[-122.3913361,47.7698362],[-122.3856609,47.7651356],[-122.3828595,47.7620431],[-122.3799541,47.7591179],[-122.3794506,47.7580879],[-122.3794112,47.7569055],[-122.3797211,47.7560563],[-122.3806649,47.7544985]],[[-122.3806649,47.7544985],[-122.3812046,47.7532843]],[[-122.3812046,47.7532843],[-122.3815897,47.751801]],[[-122.3815897,47.751801],[-122.382301,47.7488729],[-122.3823096,47.7482131],[-122.3820928,47.7473461],[-122.381565,47.7464248],[-122.3782135,47.7419556],[-122.3769898,47.7401334],[-122.3738452,47.7325959],[-122.3733285,47.7308287]],[[-122.3733285,47.7308287],[-122.3730623,47.7290938],[-122.3733825,47.7265159],[-122.3739376,47.7254136],[-122.3751116,47.7238949],[-122.3759175,47.7222937],[-122.3761096,47.7215863],[-122.3760295,47.7203584],[-122.3756293,47.7187284],[-122.375752,47.7176549],[-122.3766433,47.7158065],[-122.3795028,47.7121907],[-122.3798221,47.7112025],[-122.379985,47.7094247],[-122.380449,47.7084557],[-122.3814928,47.7074445],[-122.385952,47.7042406],[-122.3887196,47.7028356],[-122.3914312,47.7018089]],[[-122.3914312,47.7018089],[-122.3954034,47.7004133]],[[-122.3954034,47.7004133],[-122.3992776,47.6990201]],[[-122.3992776,47.6990201],[-122.402041,47.6976937],[-122.4032955,47.6965599],[-122.4038157,47.6956788],[-122.4039277,47.6949929],[-122.4038809,47.6945446],[-122.403458,47.6934008]],[[-122.403458,47.6934008],[-122.4021832,47.6902108],[-122.4020769,47.6895068],[-122.402127,47.6879977]],[[-122.402127,47.6879977],[-122.4021351,47.6878261]],[[-122.4021351,47.6878261],[-122.4023113,47.6845102],[-122.4024985,47.6833728],[-122.403021,47.6818773],[-122.404793,47.6788608],[-122.4051586,47.6780227],[-122.4054368,47.6767689],[-122.4054055,47.6751716]],[[-122.4054055,47.6751716],[-122.4053954,47.675047]],[[-122.4053954,47.675047],[-122.4051594,47.6729495]],[[-122.4051594,47.6729495],[-122.405055,47.672634]],[[-122.405055,47.672634],[-122.4047642,47.6720204],[-122.4033621,47.670171]],[[-122.4033621,47.670171],[-122.402411,47.6688002]],[[-122.402411,47.6688002],[-122.4023004,47.6684978]],[[-122.4023004,47.6684978],[-122.4021503,47.6675062]],[[-122.4021503,47.6675062],[-122.4021233,47.6666811]],[[-122.4021233,47.6666811],[-122.40198,47.665629]],[[-122.40198,47.665629],[-122.4014463,47.6647306]],[[-122.4014463,47.6647306],[-122.40022,47.663842],[-122.3982034,47.6631661]],[[-122.3982034,47.6631661],[-122.3951915,47.6622652],[-122.3933196,47.6615093],[-122.3911987,47.660302],[-122.3892368,47.6587617]],[[-122.3892368,47.6587617],[-122.3882121,47.6579033]],[[-122.3882121,47.6579033],[-122.3879456,47.6576917]],[[-122.3879456,47.6576917],[-122.3861832,47.6562701]],[[-122.3861832,47.6562701],[-122.3857266,47.655949]],[[-122.3857266,47.655949],[-122.3824321,47.6531373],[-122.381554,47.6521411],[-122.3810009,47.6512486],[-122.3806312,47.6500002],[-122.3805911,47.644812]],[[-122.3805911,47.644812],[-122.3805767,47.6405676]],[[-122.3805767,47.6405676],[-122.3805064,47.635657],[-122.3800658,47.6346407],[-122.379115,47.633761]],[[-122.379115,47.633761],[-122.3775306,47.6325349]],[[-122.3775306,47.6325349],[-122.3770022,47.6321237]],[[-122.3770022,47.6321237],[-122.3762651,47.6315513]],[[-122.3762651,47.6315513],[-122.3565943,47.6163413]],[[-122.3565943,47.6163413],[-122.355911,47.6158398]],[[-122.355911,47.6158398],[-122.3530262,47.6141008]],[[-122.3530262,47.6141008],[-122.3528226,47.6139825]],[[-122.3528226,47.6139825],[-122.3489722,47.6118227],[-122.3467945,47.6111303],[-122.344807,47.6100185],[-122.3433947,47.6095083]],[[-122.3433947,47.6095083],[-122.3350959,47.6075644],[-122.3340498,47.6071377],[-122.3335365,47.6067154],[-122.3295018,47.6022827],[-122.3292792,47.6017518],[-122.3292637,47.6007101]],[[-122.3292637,47.6006547],[-122.3292637,47.6007101]],[[-122.3292945,47.5997342],[-122.3292637,47.6006547]],[[-122.3292955,47.5997048],[-122.3292945,47.5997342]],[[-122.3292955,47.5997048],[-122.329399,47.5975188]]]},"properties":{"kind":"route","category":"train_route","routeType":"train","osmId":"1809794","name":"Amtrak Empire Builder: Chicago => Seattle","ref":"Empire Builder","from":"Chicago Union Station","to":"Seattle King Street","via":"","network":"Amtrak","operator":"Amtrak","colour":"#003366"}},{"type":"Feature","geometry":{"type":"MultiLineString","coordinates":[[[-122.3296579,47.5990068],[-122.3295602,47.5990052],[-122.3296374,47.5961296],[-122.3297042,47.5961308],[-122.3296579,47.5990068]],[[-122.4286425,47.239405],[-122.4286379,47.2393762],[-122.4260392,47.2396481]],[[-122.4260392,47.2396481],[-122.4262251,47.2396748],[-122.4286425,47.239405]],[[-122.4260392,47.2396481],[-122.4238535,47.2398264],[-122.4233709,47.2398779],[-122.4233874,47.2399436],[-122.4260392,47.2396481]],[[-122.329569,47.5975188],[-122.329611,47.5961656]],[[-122.329611,47.5961656],[-122.3297099,47.5953485]],[[-122.3297154,47.5953033],[-122.3297099,47.5953485]],[[-122.3297897,47.5947748],[-122.3297154,47.5953033]],[[-122.3297897,47.5947748],[-122.3298271,47.5946363]],[[-122.3298271,47.5946363],[-122.329928,47.5942693]],[[-122.329928,47.5942693],[-122.3301527,47.5931556]],[[-122.3301527,47.5931556],[-122.330255,47.592775]],[[-122.330255,47.592775],[-122.330313,47.5924596]],[[-122.330313,47.5924596],[-122.3303292,47.590262]],[[-122.3303292,47.590262],[-122.3303375,47.5891363]],[[-122.3303375,47.5891363],[-122.3303414,47.5878761]],[[-122.3303414,47.5878761],[-122.3303377,47.5876147]],[[-122.3303377,47.5876147],[-122.3303983,47.5849905],[-122.3307259,47.5840915],[-122.3316529,47.5824561],[-122.3319738,47.5814519],[-122.3320305,47.5775106]],[[-122.3320305,47.5775106],[-122.3317326,47.5749238],[-122.3317357,47.5733202]],[[-122.3317357,47.5733202],[-122.3317417,47.569726]],[[-122.3317417,47.569726],[-122.3317402,47.568755]],[[-122.3317402,47.568755],[-122.3317384,47.5684507]],[[-122.3317378,47.566327],[-122.3317384,47.5684507]],[[-122.319247,47.5530619],[-122.3217102,47.555422],[-122.3294947,47.56147],[-122.3309625,47.5627369],[-122.3314334,47.563443],[-122.3316842,47.5641533],[-122.3317378,47.566327]],[[-122.3182792,47.5520838],[-122.319247,47.5530619]],[[-122.316771,47.5506343],[-122.3182792,47.5520838]],[[-122.315895,47.549813],[-122.316771,47.5506343]],[[-122.3155757,47.5495207],[-122.315895,47.549813]],[[-122.3146793,47.5486856],[-122.3155757,47.5495207]],[[-122.289005,47.516333],[-122.2907376,47.5193866],[-122.2967196,47.5322645],[-122.297835,47.5340137],[-122.299219,47.535414],[-122.3115378,47.5458082],[-122.3146793,47.5486856]],[[-122.288834,47.516037],[-122.289005,47.516333]],[[-122.2864766,47.5119288],[-122.288834,47.516037]],[[-122.2863245,47.5116683],[-122.2864766,47.5119288]],[[-122.261122,47.4854203],[-122.2629962,47.4867414],[-122.2641187,47.4878726],[-122.2671486,47.4923011],[-122.268403,47.4936826],[-122.277128,47.5008773],[-122.2828051,47.5064272],[-122.2844292,47.5084436],[-122.2863245,47.5116683]],[[-122.2504788,47.4744268],[-122.2530858,47.4772777],[-122.2569712,47.4826773],[-122.2585603,47.4839996],[-122.261122,47.4854203]],[[-122.2504788,47.4744268],[-122.2500574,47.4740084]],[[-122.2500574,47.4740084],[-122.2473385,47.4713741]],[[-122.2473385,47.4713741],[-122.2461614,47.4702221]],[[-122.2461614,47.4702221],[-122.245777,47.4698498]],[[-122.245777,47.4698498],[-122.2447206,47.4687607]],[[-122.2447206,47.4687607],[-122.2426591,47.4667667]],[[-122.2426591,47.4667667],[-122.2422639,47.466384]],[[-122.2422639,47.466384],[-122.2412126,47.4652544],[-122.2407843,47.4645299],[-122.2404775,47.4636275],[-122.2404125,47.4622179]],[[-122.2404125,47.4622179],[-122.2404379,47.4612931]],[[-122.2404379,47.4612931],[-122.2404446,47.4610947]],[[-122.2404446,47.4610947],[-122.2405621,47.4571019]],[[-122.2405621,47.4571019],[-122.2405602,47.4568286]],[[-122.2405602,47.4568286],[-122.2406091,47.454768]],[[-122.2406091,47.454768],[-122.2409978,47.4413047]],[[-122.2409978,47.4413047],[-122.2410046,47.4411046]],[[-122.2410046,47.4411046],[-122.2410493,47.4389827]],[[-122.2410493,47.4389827],[-122.2410416,47.4387133]],[[-122.2410416,47.4387133],[-122.2407992,47.4368431],[-122.2333503,47.3962742],[-122.2331595,47.3942726],[-122.2331305,47.3866187]],[[-122.2331305,47.3866187],[-122.233098,47.3831316]],[[-122.233098,47.3831316],[-122.233073,47.3809282]],[[-122.233073,47.3809282],[-122.233038,47.379767]],[[-122.233038,47.379767],[-122.2329871,47.3777901]],[[-122.2329871,47.3777901],[-122.2329176,47.3722203]],[[-122.2329176,47.3722203],[-122.2329175,47.3718154]],[[-122.2329175,47.3718154],[-122.2328542,47.3634677]],[[-122.2328542,47.3634677],[-122.2328515,47.3631717]],[[-122.2328515,47.3631717],[-122.2328226,47.3614987]],[[-122.2328226,47.3614987],[-122.2328253,47.3610054]],[[-122.2328253,47.3610054],[-122.2327401,47.3508659]],[[-122.232755,47.3480358],[-122.2327401,47.3508659]],[[-122.2324649,47.316708],[-122.232755,47.3480358]],[[-122.2324017,47.3112166],[-122.2324649,47.316708]],[[-122.2306528,47.2757593],[-122.2323614,47.3051774],[-122.2324017,47.3112166]],[[-122.2306528,47.2757593],[-122.230373,47.272078]],[[-122.230373,47.272078],[-122.2303532,47.2718091]],[[-122.2303532,47.2718091],[-122.2302108,47.2691891]],[[-122.2302108,47.2691891],[-122.2301898,47.2687781]],[[-122.2301898,47.2687781],[-122.2300636,47.2661501]],[[-122.2300636,47.2661501],[-122.2300373,47.2655878]],[[-122.2300373,47.2655878],[-122.2295806,47.2576034]],[[-122.2295806,47.2576034],[-122.2295703,47.2574083]],[[-122.2295703,47.2574083],[-122.2285084,47.2383202]],[[-122.2285084,47.2383202],[-122.2285,47.2381086]],[[-122.2285,47.2381086],[-122.2274351,47.2193801],[-122.2276831,47.2175333]],[[-122.2276831,47.2175333],[-122.2277801,47.2172769]],[[-122.2277801,47.2172769],[-122.2284033,47.2160495],[-122.2296691,47.2145482],[-122.2473649,47.1991109]],[[-122.2473649,47.1991109],[-122.2476453,47.1988613]],[[-122.2476453,47.1988613],[-122.2486669,47.1979696]],[[-122.2486669,47.1979696],[-122.2490725,47.1976237]],[[-122.2499167,47.1968796],[-122.2490725,47.1976237]],[[-122.2506811,47.1962161],[-122.2499167,47.1968796]],[[-122.252976,47.1942073],[-122.2506811,47.1962161]],[[-122.253345,47.1938861],[-122.252976,47.1942073]],[[-122.271054,47.1883691],[-122.268331,47.1878968],[-122.2659642,47.1877201],[-122.2637577,47.1878536],[-122.2615358,47.1883034],[-122.2598603,47.1889007],[-122.2578471,47.1900158],[-122.253345,47.1938861]],[[-122.2920868,47.1921089],[-122.271054,47.1883691]],[[-122.2941936,47.1924811],[-122.2920868,47.1921089]],[[-122.33756,47.200143],[-122.2941936,47.1924811]],[[-122.338343,47.2002831],[-122.33756,47.200143]],[[-122.3415823,47.2008511],[-122.338343,47.2002831]],[[-122.3415823,47.2008511],[-122.3417514,47.2008833]],[[-122.3417514,47.2008833],[-122.3477026,47.2019517]],[[-122.3477026,47.2019517],[-122.349473,47.202521],[-122.3509404,47.2035199]],[[-122.3509404,47.2035199],[-122.3688316,47.2168145],[-122.369959,47.2174666],[-122.3786369,47.2214682]],[[-122.3786369,47.2214682],[-122.3807803,47.2224944],[-122.3818844,47.2234333],[-122.3824567,47.2243891],[-122.383916,47.2278705],[-122.3846443,47.2287999],[-122.3857167,47.2294765],[-122.3864663,47.2297315],[-122.3914347,47.2306924],[-122.3926218,47.2310871],[-122.3933918,47.2315041],[-122.3943351,47.2322767],[-122.3949247,47.233134],[-122.3956515,47.2356365]],[[-122.3956515,47.2356365],[-122.3959845,47.2368693]],[[-122.3959845,47.2368693],[-122.3963126,47.2379099],[-122.3969471,47.2387107],[-122.3978716,47.2392749],[-122.3995124,47.2397246]],[[-122.3995124,47.2397246],[-122.4010054,47.2399873]],[[-122.4010054,47.2399873],[-122.4014225,47.2400692]],[[-122.4014225,47.2400692],[-122.4039771,47.240491],[-122.4088852,47.2408899]],[[-122.4088852,47.2408899],[-122.4096081,47.2409654]],[[-122.4096081,47.2409654],[-122.409825,47.2409913]],[[-122.409825,47.2409913],[-122.4107152,47.2410914]],[[-122.4107152,47.2410914],[-122.4112157,47.2411102]],[[-122.4112157,47.2411102],[-122.4153308,47.2407984]],[[-122.4165488,47.2407276],[-122.4153308,47.2407984]],[[-122.4178899,47.2406013],[-122.4165488,47.2407276]],[[-122.4185458,47.2404995],[-122.4178899,47.2406013]],[[-122.4185458,47.2404995],[-122.4209532,47.2401115],[-122.423851,47.2398119],[-122.4250324,47.239724]],[[-122.4250324,47.239724],[-122.4286243,47.2393677]],[[-122.4286243,47.2393677],[-122.4304602,47.239176]],[[-122.4304602,47.239176],[-122.4317275,47.2390349]],[[-122.4317275,47.2390349],[-122.4328026,47.2389039]],[[-122.4328026,47.2389039],[-122.4336969,47.2387486]],[[-122.4336969,47.2387486],[-122.433914,47.2387074]],[[-122.433914,47.2387074],[-122.4348657,47.2384874]],[[-122.4348657,47.2384874],[-122.4356474,47.2382691]],[[-122.4356474,47.2382691],[-122.4366203,47.2378529],[-122.4389833,47.2363436],[-122.4409587,47.2345314],[-122.4435786,47.2335342],[-122.4456793,47.2322728],[-122.4466795,47.2319693],[-122.4483513,47.2317837],[-122.4502847,47.2318916]],[[-122.4502847,47.2318916],[-122.4537262,47.2324779],[-122.4604486,47.2333649]],[[-122.4604486,47.2333649],[-122.4631454,47.2335091],[-122.4660663,47.2331449]],[[-122.4660663,47.2331449],[-122.4718465,47.2318955],[-122.4735767,47.2313207],[-122.4750141,47.230626],[-122.4837342,47.2248647],[-122.4853099,47.223442],[-122.4862454,47.2221127],[-122.4868234,47.2205707],[-122.486947,47.2191705],[-122.4850467,47.1974949]],[[-122.4850467,47.1974949],[-122.4850161,47.1971845]],[[-122.4850161,47.1971845],[-122.4849902,47.1969466]],[[-122.4849902,47.1969466],[-122.4848341,47.194034],[-122.485356,47.1903845],[-122.4863422,47.187023],[-122.4900955,47.1768465]],[[-122.4934442,47.1660325],[-122.4930036,47.1689348],[-122.4900955,47.1768465]],[[-122.493822,47.1628176],[-122.4934442,47.1660325]],[[-122.4941757,47.1597085],[-122.493822,47.1628176]],[[-122.4941757,47.1597085],[-122.4944101,47.158024],[-122.4946873,47.1571748],[-122.4951348,47.1563599],[-122.4959811,47.1553537],[-122.4973975,47.1542729],[-122.5040274,47.1503532]],[[-122.5088108,47.1475157],[-122.5040274,47.1503532]],[[-122.5088108,47.1475157],[-122.5107401,47.1463721]],[[-122.5107401,47.1463721],[-122.5109433,47.1462523]],[[-122.5109433,47.1462523],[-122.5709856,47.1109814],[-122.5731839,47.1101627],[-122.5931459,47.10449573958323]]]},"properties":{"kind":"route","category":"train_route","routeType":"train","osmId":"2812900","name":"Amtrak Coast Starlight: Seattle => Los Angeles","ref":"Coast Starlight","from":"Seattle King Street","to":"Los Angeles Union Station","via":"","network":"Amtrak","operator":"Amtrak","colour":"#191970"}},{"type":"Feature","geometry":{"type":"MultiLineString","coordinates":[[[-122.3859006,47.8100459],[-122.3846532,47.8109977],[-122.3845985,47.8109654],[-122.3858459,47.8100136],[-122.3859006,47.8100459]],[[-122.3293748,47.5993096],[-122.3294563,47.59931],[-122.3295364,47.5965299],[-122.3294736,47.5965281],[-122.3293748,47.5993096]],[[-122.36372681736935,47.8303281],[-122.368497,47.8262848],[-122.3743366,47.8210586],[-122.3756175,47.819738],[-122.3784534,47.8163757],[-122.380834,47.8140975]],[[-122.380834,47.8140975],[-122.3820771,47.8129826],[-122.3860126,47.8099766]],[[-122.3860126,47.8099766],[-122.393134,47.8045826]],[[-122.393134,47.8045826],[-122.3932568,47.804485]],[[-122.3932568,47.804485],[-122.3941084,47.8036187],[-122.3944431,47.8030307],[-122.394589,47.8024253],[-122.3945547,47.8018488],[-122.3940912,47.800765]],[[-122.3940912,47.800765],[-122.3924004,47.7977611],[-122.3918768,47.7963082],[-122.390698,47.7894361]],[[-122.390698,47.7894361],[-122.390368,47.7866449],[-122.3905815,47.7854468],[-122.393414,47.7806632],[-122.3937098,47.7796795],[-122.393592,47.7783357],[-122.39224,47.7711037],[-122.3913361,47.7698362],[-122.3856609,47.7651356],[-122.3828595,47.7620431],[-122.3799541,47.7591179],[-122.3794506,47.7580879],[-122.3794112,47.7569055],[-122.3797211,47.7560563],[-122.3806649,47.7544985]],[[-122.3806649,47.7544985],[-122.3812046,47.7532843]],[[-122.3812046,47.7532843],[-122.3815897,47.751801]],[[-122.3815897,47.751801],[-122.382301,47.7488729],[-122.3823096,47.7482131],[-122.3820928,47.7473461],[-122.381565,47.7464248],[-122.3782135,47.7419556],[-122.3769898,47.7401334],[-122.3738452,47.7325959],[-122.3733285,47.7308287]],[[-122.3733285,47.7308287],[-122.3730623,47.7290938],[-122.3733825,47.7265159],[-122.3739376,47.7254136],[-122.3751116,47.7238949],[-122.3759175,47.7222937],[-122.3761096,47.7215863],[-122.3760295,47.7203584],[-122.3756293,47.7187284],[-122.375752,47.7176549],[-122.3766433,47.7158065],[-122.3795028,47.7121907],[-122.3798221,47.7112025],[-122.379985,47.7094247],[-122.380449,47.7084557],[-122.3814928,47.7074445],[-122.385952,47.7042406],[-122.3887196,47.7028356],[-122.3914312,47.7018089]],[[-122.3914312,47.7018089],[-122.3954034,47.7004133]],[[-122.3954034,47.7004133],[-122.3992776,47.6990201]],[[-122.3992776,47.6990201],[-122.402041,47.6976937],[-122.4032955,47.6965599],[-122.4038157,47.6956788],[-122.4039277,47.6949929],[-122.4038809,47.6945446],[-122.403458,47.6934008]],[[-122.403458,47.6934008],[-122.4021832,47.6902108],[-122.4020769,47.6895068],[-122.402127,47.6879977]],[[-122.402127,47.6879977],[-122.4021351,47.6878261]],[[-122.4021351,47.6878261],[-122.4023113,47.6845102],[-122.4024985,47.6833728],[-122.403021,47.6818773],[-122.404793,47.6788608],[-122.4051586,47.6780227],[-122.4054368,47.6767689],[-122.4054055,47.6751716]],[[-122.4054055,47.6751716],[-122.4053954,47.675047]],[[-122.4053954,47.675047],[-122.4051594,47.6729495]],[[-122.4051594,47.6729495],[-122.405055,47.672634]],[[-122.405055,47.672634],[-122.4047642,47.6720204],[-122.4033621,47.670171]],[[-122.4033621,47.670171],[-122.402411,47.6688002]],[[-122.402411,47.6688002],[-122.4023004,47.6684978]],[[-122.4023004,47.6684978],[-122.4021503,47.6675062]],[[-122.4021503,47.6675062],[-122.4021233,47.6666811]],[[-122.4021233,47.6666811],[-122.40198,47.665629]],[[-122.40198,47.665629],[-122.4014463,47.6647306]],[[-122.4014463,47.6647306],[-122.40022,47.663842],[-122.3982034,47.6631661]],[[-122.3982034,47.6631661],[-122.3951915,47.6622652],[-122.3933196,47.6615093],[-122.3911987,47.660302],[-122.3892368,47.6587617]],[[-122.3892368,47.6587617],[-122.3882121,47.6579033]],[[-122.3882121,47.6579033],[-122.3879456,47.6576917]],[[-122.3879456,47.6576917],[-122.3861832,47.6562701]],[[-122.3861832,47.6562701],[-122.3857266,47.655949]],[[-122.3857266,47.655949],[-122.3824321,47.6531373],[-122.381554,47.6521411],[-122.3810009,47.6512486],[-122.3806312,47.6500002],[-122.3805911,47.644812]],[[-122.3805911,47.644812],[-122.3805767,47.6405676]],[[-122.3805767,47.6405676],[-122.3805064,47.635657],[-122.3800658,47.6346407],[-122.379115,47.633761]],[[-122.379115,47.633761],[-122.3775306,47.6325349]],[[-122.3775306,47.6325349],[-122.3770022,47.6321237]],[[-122.3770022,47.6321237],[-122.3762651,47.6315513]],[[-122.3762651,47.6315513],[-122.3565943,47.6163413]],[[-122.3565943,47.6163413],[-122.355911,47.6158398]],[[-122.355911,47.6158398],[-122.3530262,47.6141008]],[[-122.3530262,47.6141008],[-122.3528226,47.6139825]],[[-122.3528226,47.6139825],[-122.3489722,47.6118227],[-122.3467945,47.6111303],[-122.344807,47.6100185],[-122.3433947,47.6095083]],[[-122.3433947,47.6095083],[-122.3350959,47.6075644],[-122.3340498,47.6071377],[-122.3335365,47.6067154],[-122.3295018,47.6022827],[-122.3292792,47.6017518],[-122.3292637,47.6007101]],[[-122.3292637,47.6006547],[-122.3292637,47.6007101]],[[-122.3292945,47.5997342],[-122.3292637,47.6006547]],[[-122.3292955,47.5997048],[-122.3292945,47.5997342]],[[-122.3292955,47.5997048],[-122.329399,47.5975188]]]},"properties":{"kind":"route","category":"train_route","routeType":"train","osmId":"3207386","name":"N Line: Seattle","ref":"N Line","from":"Everett","to":"Seattle","via":"","network":"Sounder","operator":"Sound Transit","colour":"#9AB6D3"}},{"type":"Feature","geometry":{"type":"MultiLineString","coordinates":[[[-122.3499276,47.6212666],[-122.3499217,47.6212115],[-122.3492969,47.6212536],[-122.3493003,47.6212815],[-122.3499276,47.6212666]],[[-122.3371317,47.6122004],[-122.3371667,47.6121857],[-122.3368609,47.6119062],[-122.3371317,47.6122004]],[[-122.3499153,47.6212832],[-122.349406,47.6212918]],[[-122.349406,47.6212918],[-122.3486509,47.6213017]],[[-122.3486509,47.6213017],[-122.347963,47.6210632]],[[-122.347963,47.6210632],[-122.3477052,47.6206923],[-122.3476428,47.6191941],[-122.3471832,47.6185087],[-122.3378645,47.6129519],[-122.3367638,47.6118673]]]},"properties":{"kind":"route","category":"monorail_route","routeType":"monorail","osmId":"3237713","name":"Seattle Center Monorail: Seattle Center => Westlake Center","ref":"","from":"Seattle Center","to":"Westlake Center","via":"","network":"Seattle Center Monorail","operator":"","colour":""}},{"type":"Feature","geometry":{"type":"MultiLineString","coordinates":[[[-122.3371317,47.6122004],[-122.3371667,47.6121857],[-122.3368609,47.6119062],[-122.3371317,47.6122004]],[[-122.3499276,47.6212666],[-122.3499217,47.6212115],[-122.3492969,47.6212536],[-122.3493003,47.6212815],[-122.3499276,47.6212666]],[[-122.347963,47.6210632],[-122.3477052,47.6206923],[-122.3476428,47.6191941],[-122.3471832,47.6185087],[-122.3378645,47.6129519],[-122.3367638,47.6118673]],[[-122.3486509,47.6213017],[-122.347963,47.6210632]],[[-122.349406,47.6212918],[-122.3486509,47.6213017]],[[-122.3499153,47.6212832],[-122.349406,47.6212918]]]},"properties":{"kind":"route","category":"monorail_route","routeType":"monorail","osmId":"3237714","name":"Seattle Center Monorail: Westlake Center => Seattle Center","ref":"","from":"Westlake Center","to":"Seattle Center","via":"","network":"Seattle Center Monorail","operator":"","colour":""}},{"type":"Feature","geometry":{"type":"MultiLineString","coordinates":[[[-122.3036307,47.3163683],[-122.3035225,47.3163366],[-122.3041133,47.3153965],[-122.304221,47.3154281],[-122.3036307,47.3163683]],[[-122.2968809,47.3600429],[-122.297513,47.3588272],[-122.2975696,47.3588405],[-122.2969453,47.3600567]],[[-122.2969453,47.3600567],[-122.2968809,47.3600429]],[[-122.2943766,47.3900439],[-122.2942338,47.3900275],[-122.294491,47.3890052],[-122.2946056,47.3890183],[-122.2943766,47.3900439]],[[-122.2978483,47.4219945],[-122.2978683,47.4231802],[-122.2977538,47.4231811],[-122.2977335,47.4219954],[-122.2978483,47.4219945]],[[-122.2968855,47.4458857],[-122.2967911,47.4445548],[-122.2969102,47.4445515],[-122.2970032,47.4458819],[-122.2968855,47.4458857]],[[-122.2873368,47.4637545],[-122.2873662,47.463717],[-122.2886821,47.4641876],[-122.2886527,47.4642251],[-122.2873368,47.4637545]],[[-122.279305,47.5229228],[-122.2794895,47.5222317],[-122.2795809,47.5218896],[-122.2792299,47.5229136],[-122.279305,47.5229228]],[[-122.2817986,47.5386054],[-122.2817412,47.5384945],[-122.2811846,47.5374183],[-122.2818399,47.5385956],[-122.2817986,47.5386054]],[[-122.2922575,47.5591915],[-122.2929872,47.560347],[-122.2930266,47.5603357],[-122.2922968,47.5591801],[-122.2922575,47.5591915]],[[-122.2980123,47.5770437],[-122.2973058,47.5761154],[-122.2972625,47.5761304],[-122.2979688,47.5770588],[-122.2980123,47.5770437]],[[-122.3109479,47.5796905],[-122.3122925,47.5792737],[-122.3123162,47.5793085],[-122.3109716,47.5797254],[-122.3109479,47.5796905]],[[-122.3273588,47.5818186],[-122.3273107,47.5818186],[-122.327311,47.580702],[-122.3273591,47.580702],[-122.3273588,47.5818186]],[[-122.3271866,47.5905915],[-122.3271283,47.5916323],[-122.327246,47.5916323],[-122.3272454,47.5905915],[-122.3271866,47.5905915]],[[-122.3279308,47.5977966],[-122.3278496,47.5977964],[-122.327841,47.598844],[-122.3279223,47.598844],[-122.3279308,47.5977966]],[[-122.3316157,47.6031867],[-122.3316867,47.6031574],[-122.330796,47.6022856],[-122.3316157,47.6031867]],[[-122.3354865,47.6073156],[-122.3354156,47.6073449],[-122.3363058,47.6082168],[-122.3354865,47.6073156]],[[-122.3368762,47.611452],[-122.3368269,47.611399],[-122.3355532,47.6119383],[-122.3356025,47.6119913],[-122.3368762,47.611452]],[[-122.3202493,47.6196875],[-122.3201707,47.6196881],[-122.3201527,47.6186242],[-122.3202316,47.6186236],[-122.3202493,47.6196875]],[[-122.3038521,47.6503657],[-122.3037199,47.6503675],[-122.3036886,47.6493269],[-122.3038208,47.6493251],[-122.3038521,47.6503657]],[[-122.3141676,47.6608136],[-122.3140554,47.6608123],[-122.3140782,47.6599308],[-122.3141904,47.6599321],[-122.3141676,47.6608136]],[[-122.3159233,47.6771707],[-122.3160637,47.6771696],[-122.3160451,47.6760572],[-122.3159047,47.6760583],[-122.3159233,47.6771707]],[[-122.3282614,47.7035511],[-122.3282481,47.7025169],[-122.3283567,47.7025166],[-122.3283699,47.7035498],[-122.3282614,47.7035511]],[[-122.32555,47.7365677],[-122.3254984,47.7365825],[-122.3248923,47.7356265],[-122.3249438,47.7356117],[-122.32555,47.7365677]],[[-122.3226736,47.7647205],[-122.3227075,47.7647238],[-122.3229361,47.7636931],[-122.322877,47.7637623],[-122.3226736,47.7647205]],[[-122.3147923,47.7844795],[-122.3147293,47.7844803],[-122.3147438,47.7855228],[-122.3148023,47.7855226],[-122.3147923,47.7844795]],[[-122.2954722,47.8152291],[-122.2954311,47.8151962],[-122.2942586,47.8158733],[-122.2943004,47.8159058],[-122.2954722,47.8152291]],[[-122.3038046,47.3158592],[-122.3031475,47.3168563],[-122.3025277,47.3172811],[-122.301504,47.3175282],[-122.2988263,47.317528],[-122.2980422,47.3176467],[-122.2971752,47.3181099],[-122.2966587,47.3189697]],[[-122.2966587,47.3189697],[-122.295877,47.3207611],[-122.2953501,47.3225412],[-122.2949225,47.3249946],[-122.2947469,47.3270944]],[[-122.2947469,47.3270944],[-122.2946541,47.3282344]],[[-122.2946541,47.3282344],[-122.2935128,47.3418206]],[[-122.2935128,47.3418206],[-122.2934069,47.3439553],[-122.2934797,47.3451053]],[[-122.2934797,47.3451053],[-122.2937173,47.346294],[-122.2942296,47.3478015],[-122.2960145,47.35139]],[[-122.2960145,47.35139],[-122.2966985,47.3527996]],[[-122.2966985,47.3527996],[-122.2971852,47.3544374],[-122.2973741,47.3559715]],[[-122.2973741,47.3559715],[-122.2974396,47.3565704],[-122.2978247,47.3576623]],[[-122.2978247,47.3576623],[-122.2978739,47.358073]],[[-122.2978739,47.358073],[-122.2978049,47.3584003],[-122.2969453,47.3600567]],[[-122.2969453,47.3600567],[-122.2966952,47.3605225],[-122.2950964,47.3659216]],[[-122.2950964,47.3659216],[-122.2940723,47.3699937]],[[-122.2940723,47.3699937],[-122.291457,47.3801804],[-122.2914972,47.3816532],[-122.2917419,47.3823889]],[[-122.2917419,47.3823889],[-122.2931363,47.3854391],[-122.2943507,47.3875691],[-122.2946033,47.3882754],[-122.2939846,47.3908354],[-122.2927135,47.3927929]],[[-122.2927135,47.3927929],[-122.2923613,47.3939833],[-122.2924742,47.3964735],[-122.2932585,47.4007228],[-122.2932144,47.4053799],[-122.2927684,47.4080369]],[[-122.2927684,47.4080369],[-122.2927233,47.408297]],[[-122.2927233,47.408297],[-122.2923604,47.4107997],[-122.2926498,47.4119828],[-122.2930654,47.4127247]],[[-122.2930654,47.4127247],[-122.2938142,47.4135751],[-122.2960084,47.415359],[-122.2966901,47.4162232],[-122.2972487,47.4175602],[-122.2976702,47.4206686]],[[-122.2976702,47.4206686],[-122.2977139,47.4224336]],[[-122.2977139,47.4224336],[-122.297618,47.4261687],[-122.2979167,47.4311063],[-122.2978998,47.4330002],[-122.2974437,47.4363188],[-122.2967512,47.4383162],[-122.2966105,47.4392281],[-122.2966857,47.4432456],[-122.2968965,47.4462935],[-122.2970101,47.447087],[-122.297024,47.4486157],[-122.2971746,47.4491579],[-122.2974779,47.4495651],[-122.2993669,47.4509117],[-122.300186,47.4519794]],[[-122.300186,47.4519794],[-122.3004381,47.4529428],[-122.3004303,47.4559347],[-122.3003712,47.4566138],[-122.3001159,47.4573628],[-122.2991094,47.4585897],[-122.2962264,47.4608818]],[[-122.2962264,47.4608818],[-122.2927766,47.4636034],[-122.2917833,47.4641379],[-122.2906105,47.464511],[-122.2894075,47.4644877],[-122.2860378,47.4633223],[-122.2851452,47.4632224]],[[-122.2851452,47.4632224],[-122.2837955,47.463367],[-122.2827278,47.463671],[-122.2800733,47.4651916],[-122.2779612,47.4659019],[-122.2760116,47.4660018],[-122.2718221,47.4652096],[-122.2707691,47.4652853],[-122.2698801,47.4656073],[-122.2693374,47.4660248],[-122.2690269,47.4665092],[-122.2687915,47.4684371],[-122.2688506,47.4693542],[-122.2694859,47.4723182]],[[-122.2694859,47.4723182],[-122.2701005,47.4741417],[-122.270944,47.4757405]],[[-122.270944,47.4757405],[-122.2729801,47.4795442],[-122.2731109,47.4804623],[-122.272913,47.4822243],[-122.2732974,47.4833597],[-122.2741078,47.4842222],[-122.2803593,47.4885987],[-122.2813493,47.4895047],[-122.281983,47.4906884],[-122.2825931,47.494025],[-122.282877,47.4948512],[-122.283696,47.4958204],[-122.2865142,47.4974761],[-122.2877007,47.4986553],[-122.2881797,47.4995818],[-122.2888469,47.5019928],[-122.2901805,47.5051],[-122.2901483,47.5056779],[-122.2898207,47.506219],[-122.2892931,47.5066179],[-122.2885506,47.5068969],[-122.2809607,47.5073482],[-122.279689,47.5076554],[-122.2789681,47.5081069],[-122.2785126,47.5086923],[-122.278371,47.5092606],[-122.2783965,47.5102789]],[[-122.2783965,47.5102789],[-122.2790011,47.5155779],[-122.279863,47.5199557],[-122.2797719,47.5207996],[-122.2788369,47.5242874],[-122.2787929,47.5250339],[-122.2789921,47.5257687],[-122.2803878,47.5285653],[-122.2805966,47.5293261],[-122.280754,47.5358266],[-122.2808671,47.5365515],[-122.2901947,47.5557769],[-122.2967205,47.5661952],[-122.2969174,47.5670956],[-122.2968443,47.57279]],[[-122.2968443,47.57279],[-122.296813,47.5750644],[-122.2971078,47.5758317]],[[-122.2971078,47.5758317],[-122.2983891,47.5774643]],[[-122.2983891,47.5774643],[-122.2990425,47.577834],[-122.2999573,47.5780365]],[[-122.2999573,47.5780365],[-122.3001582,47.5780696]],[[-122.3001582,47.5780696],[-122.3029149,47.5785886],[-122.3070562,47.5799446],[-122.3086668,47.5801461],[-122.3102757,47.5799404],[-122.3132564,47.5790209],[-122.3158204,47.5778084],[-122.3168601,47.5774559],[-122.3181145,47.5773159],[-122.3197972,47.5774598]],[[-122.3197972,47.5774598],[-122.3207992,47.5774975]],[[-122.3207992,47.5774975],[-122.3238755,47.5775037],[-122.3267091,47.5777235],[-122.3270777,47.5778869],[-122.3273113,47.5781531],[-122.3273781,47.579115]],[[-122.3273781,47.579115],[-122.3273702,47.5880055],[-122.3271121,47.5893798],[-122.3271094,47.592712],[-122.3281613,47.5958626]],[[-122.3281613,47.5958626],[-122.3279554,47.5977638]],[[-122.3279554,47.5977638],[-122.3279546,47.5979023]],[[-122.3279546,47.5979023],[-122.3279533,47.5981258]],[[-122.3279533,47.5981258],[-122.3279766,47.5997474]],[[-122.3279766,47.5997474],[-122.3283994,47.6004395],[-122.3307593,47.6021126],[-122.3363872,47.6082772],[-122.338234,47.6103803],[-122.3381963,47.6107668],[-122.3378395,47.6110705],[-122.331912,47.6135731]],[[-122.331912,47.6135731],[-122.3307193,47.6138081],[-122.3269483,47.6133553],[-122.3248359,47.6135428],[-122.3227074,47.6142775],[-122.3216321,47.6149769],[-122.3208967,47.6157151],[-122.3204506,47.616412],[-122.3201495,47.6173256],[-122.3200919,47.6207189],[-122.3198722,47.6216191],[-122.3193447,47.6227262],[-122.3076697,47.6370722],[-122.3066153,47.6385301],[-122.305436,47.6405582],[-122.304633,47.6423908],[-122.3039025,47.6449738],[-122.3036169,47.6471395],[-122.3036691,47.6491621]],[[-122.3036691,47.6491621],[-122.30371,47.6505358]],[[-122.30371,47.6505358],[-122.303863,47.653366],[-122.304373,47.654469],[-122.305197,47.655365],[-122.306208,47.656047],[-122.307715,47.656656],[-122.311726,47.657335],[-122.312504,47.657571],[-122.313213,47.657967],[-122.313777,47.658548],[-122.31406,47.659303],[-122.31401,47.662559],[-122.314181,47.664995],[-122.315786,47.674633],[-122.315933,47.677883],[-122.316128,47.678672],[-122.316709,47.679742],[-122.317539,47.680634],[-122.326302,47.687911],[-122.327403,47.689106],[-122.328173,47.690535],[-122.328451,47.691721],[-122.328409,47.695393],[-122.328561,47.696761]],[[-122.328561,47.696761],[-122.328744,47.697967],[-122.3287221,47.6989684]],[[-122.3287221,47.6989684],[-122.328204,47.702239],[-122.3282637,47.7048751],[-122.3285558,47.7058349]],[[-122.3285558,47.7058349],[-122.3290754,47.7074647],[-122.3290509,47.7093039],[-122.3287163,47.7105467],[-122.3279882,47.711672]],[[-122.3279882,47.711672],[-122.3268757,47.7130483],[-122.3259943,47.7145495],[-122.324389,47.7168066],[-122.3238939,47.7182253],[-122.3237706,47.7202088]],[[-122.3237706,47.7202088],[-122.3238627,47.7220412],[-122.3237493,47.7252289]],[[-122.3237493,47.7252289],[-122.3236467,47.7303864]],[[-122.3236467,47.7303864],[-122.3236432,47.7321763],[-122.3238599,47.7338152],[-122.3245686,47.7351417],[-122.3257421,47.7369942],[-122.3264413,47.7379818]],[[-122.3264413,47.7379818],[-122.3285328,47.7412711]],[[-122.3285328,47.7412711],[-122.3286643,47.7414826]],[[-122.3286643,47.7414826],[-122.3292088,47.7425902],[-122.3293969,47.7436417],[-122.3293081,47.7445896],[-122.3285577,47.7469064],[-122.3283831,47.7480775],[-122.3285644,47.7494638],[-122.3293857,47.7515786],[-122.3296049,47.752645],[-122.3295284,47.7539183],[-122.3289997,47.7553211]],[[-122.3289997,47.7553211],[-122.3277474,47.7572658]],[[-122.3277474,47.7572658],[-122.3237446,47.7617674],[-122.3233655,47.7623547],[-122.3230914,47.7631241]],[[-122.3230914,47.7631241],[-122.3230088,47.7634885]],[[-122.3230088,47.7634885],[-122.3216245,47.7693178],[-122.3210168,47.7703922],[-122.3190449,47.7729317]],[[-122.3190449,47.7729317],[-122.3181074,47.77419],[-122.3176718,47.7750405],[-122.3164002,47.780738],[-122.3160148,47.7816308],[-122.3147932,47.7836702],[-122.31471,47.7843528],[-122.3147284,47.7858394],[-122.3147878,47.7863378]],[[-122.3147878,47.7863378],[-122.3156352,47.7887205]],[[-122.3156352,47.7887205],[-122.3166951,47.7901335],[-122.3168688,47.7912489]],[[-122.3168688,47.7912489],[-122.3167608,47.7931828],[-122.3162792,47.7960819],[-122.316288,47.7986456]],[[-122.316288,47.7986456],[-122.3162572,47.7996758],[-122.3159647,47.8003596],[-122.3139438,47.802179]],[[-122.3139438,47.802179],[-122.3114383,47.8041413],[-122.3072339,47.8064244]],[[-122.3072339,47.8064244],[-122.3064482,47.8068427]],[[-122.3064482,47.8068427],[-122.3033691,47.8084876]],[[-122.3033691,47.8084876],[-122.3029538,47.8087098]],[[-122.3029538,47.8087098],[-122.3008844,47.8098179]],[[-122.3008844,47.8098179],[-122.2997353,47.8105384]],[[-122.2997353,47.8105384],[-122.2986868,47.8116064],[-122.2977033,47.8133496],[-122.2972058,47.813988],[-122.2965436,47.8145235],[-122.2944665,47.8157347]]]},"properties":{"kind":"route","category":"light_rail_route","routeType":"light_rail","osmId":"3494092","name":"1 Line: Lynnwood","ref":"1 Line","from":"Federal Way","to":"Lynnwood","via":"","network":"Link","operator":"Sound Transit","colour":"#3DAE2B"}},{"type":"Feature","geometry":{"type":"MultiLineString","coordinates":[[[-122.4982762,47.1536713],[-122.500061,47.1525648],[-122.5001038,47.1525979],[-122.4988986,47.1533057],[-122.4982762,47.1536713]],[[-122.4856428,47.2049118],[-122.4855248,47.2032718],[-122.485488,47.2032733],[-122.4855879,47.2043396],[-122.4856428,47.2049118]],[[-122.4286141,47.2392895],[-122.4264902,47.2395331],[-122.4256549,47.2395608],[-122.4261326,47.2394817],[-122.4286141,47.2392895]],[[-122.2969656,47.1928818],[-122.2944309,47.1924245]],[[-122.2455874,47.2005332],[-122.2441296,47.2018087]],[[-122.2322076,47.3072539],[-122.2321835,47.3056506]],[[-122.2329015,47.3833714],[-122.2329187,47.3850164],[-122.2329819,47.3850161],[-122.2329642,47.3833711],[-122.2329015,47.3833714]],[[-122.3293748,47.5993096],[-122.3294563,47.59931],[-122.3295364,47.5965299],[-122.3294736,47.5965281],[-122.3293748,47.5993096]],[[-122.4941724,47.1591693],[-122.4945156,47.1573949],[-122.4949505,47.1565121],[-122.4955728,47.1556828],[-122.4969672,47.1544812],[-122.5000967,47.1526186]],[[-122.4939101,47.1614939],[-122.4941724,47.1591693]],[[-122.4934479,47.1655148],[-122.4939101,47.1614939]],[[-122.4855138,47.1895221],[-122.4861405,47.187434],[-122.492929,47.169004],[-122.4934479,47.1655148]],[[-122.4849902,47.1969466],[-122.4847909,47.1954393],[-122.4848059,47.1935703],[-122.4855138,47.1895221]],[[-122.4850161,47.1971845],[-122.4849902,47.1969466]],[[-122.4850467,47.1974949],[-122.4850161,47.1971845]],[[-122.4660663,47.2331449],[-122.4718465,47.2318955],[-122.4735767,47.2313207],[-122.4750141,47.230626],[-122.4837342,47.2248647],[-122.4853099,47.223442],[-122.4862454,47.2221127],[-122.4868234,47.2205707],[-122.486947,47.2191705],[-122.4850467,47.1974949]],[[-122.4604486,47.2333649],[-122.4631454,47.2335091],[-122.4660663,47.2331449]],[[-122.4502847,47.2318916],[-122.4537262,47.2324779],[-122.4604486,47.2333649]],[[-122.4356474,47.2382691],[-122.4366203,47.2378529],[-122.4389833,47.2363436],[-122.4409587,47.2345314],[-122.4435786,47.2335342],[-122.4456793,47.2322728],[-122.4466795,47.2319693],[-122.4483513,47.2317837],[-122.4502847,47.2318916]],[[-122.4348657,47.2384874],[-122.4356474,47.2382691]],[[-122.433914,47.2387074],[-122.4348657,47.2384874]],[[-122.4336969,47.2387486],[-122.433914,47.2387074]],[[-122.4328026,47.2389039],[-122.4336969,47.2387486]],[[-122.4317275,47.2390349],[-122.4328026,47.2389039]],[[-122.4304602,47.239176],[-122.4317275,47.2390349]],[[-122.4304602,47.239176],[-122.4295931,47.2392261]],[[-122.4295931,47.2392261],[-122.4264973,47.2395504],[-122.4256673,47.239612]],[[-122.4256673,47.239612],[-122.4250159,47.2396544]],[[-122.4250159,47.2396544],[-122.4209448,47.2400703],[-122.4185259,47.240461]],[[-122.4153308,47.2407984],[-122.4185259,47.240461]],[[-122.4112157,47.2411102],[-122.4153308,47.2407984]],[[-122.4107152,47.2410914],[-122.4112157,47.2411102]],[[-122.409825,47.2409913],[-122.4107152,47.2410914]],[[-122.4096081,47.2409654],[-122.409825,47.2409913]],[[-122.4088852,47.2408899],[-122.4096081,47.2409654]],[[-122.4014225,47.2400692],[-122.4039771,47.240491],[-122.4088852,47.2408899]],[[-122.4010054,47.2399873],[-122.4014225,47.2400692]],[[-122.3957124,47.235627],[-122.3962517,47.2376007],[-122.3965891,47.2382578],[-122.396991,47.2386948],[-122.3982262,47.2393724],[-122.4010054,47.2399873]],[[-122.3786928,47.2214169],[-122.3808118,47.2224719],[-122.3819409,47.2234143],[-122.3825109,47.2243812],[-122.3839792,47.2278523],[-122.38468,47.2287776],[-122.3857451,47.229448],[-122.3864848,47.2297048],[-122.3914542,47.2306547],[-122.3926555,47.2310569],[-122.3934397,47.2314855],[-122.394388,47.232254],[-122.3949747,47.233117],[-122.3957124,47.235627]],[[-122.3509937,47.2034873],[-122.3688746,47.2167861],[-122.3699897,47.2174264],[-122.3786928,47.2214169]],[[-122.3477218,47.2019046],[-122.3495015,47.2024903],[-122.3509937,47.2034873]],[[-122.3417772,47.2008418],[-122.3477218,47.2019046]],[[-122.3415798,47.2008097],[-122.3417772,47.2008418]],[[-122.34015,47.2005581],[-122.3415798,47.2008097]],[[-122.335783,47.1997831],[-122.34015,47.2005581]],[[-122.2941988,47.1924278],[-122.335783,47.1997831]],[[-122.2921066,47.1920574],[-122.2941988,47.1924278]],[[-122.2710661,47.1883266],[-122.2921066,47.1920574]],[[-122.254616,47.1927064],[-122.2570498,47.1905667],[-122.2583039,47.1896647],[-122.2598349,47.1888749],[-122.2620624,47.1881275],[-122.2637552,47.1878066],[-122.2659655,47.1876703],[-122.2683526,47.1878535],[-122.2710661,47.1883266]],[[-122.25161,47.1953255],[-122.254616,47.1927064]],[[-122.2506227,47.1961875],[-122.25161,47.1953255]],[[-122.2498612,47.1968449],[-122.2506227,47.1961875]],[[-122.2490054,47.1975988],[-122.2498612,47.1968449]],[[-122.248616,47.197937],[-122.2490054,47.1975988]],[[-122.2475533,47.1988616],[-122.248616,47.197937]],[[-122.2473096,47.1990785],[-122.2475533,47.1988616]],[[-122.2277172,47.217274],[-122.2283447,47.2160299],[-122.2296191,47.2145183],[-122.2473096,47.1990785]],[[-122.2276284,47.2175276],[-122.2277172,47.217274]],[[-122.2284368,47.2381057],[-122.227362,47.2193835],[-122.2276284,47.2175276]],[[-122.2284508,47.2383231],[-122.2284368,47.2381057]],[[-122.2295122,47.2574073],[-122.2284508,47.2383231]],[[-122.2295207,47.257602],[-122.2295122,47.2574073]],[[-122.2299781,47.2655833],[-122.2295207,47.257602]],[[-122.2300052,47.2661533],[-122.2299781,47.2655833]],[[-122.2300544,47.2674972],[-122.2300052,47.2661533]],[[-122.2302229,47.270474],[-122.2300544,47.2674972]],[[-122.2302928,47.2718145],[-122.2302229,47.270474]],[[-122.2303149,47.2720809],[-122.2302928,47.2718145]],[[-122.2305516,47.2757592],[-122.2303149,47.2720809]],[[-122.2307004,47.2788198],[-122.2305516,47.2757592]],[[-122.2323095,47.3125528],[-122.2322357,47.3056162],[-122.2307004,47.2788198]],[[-122.2323207,47.3153634],[-122.2323095,47.3125528]],[[-122.232643,47.3493037],[-122.2323207,47.3153634]],[[-122.2327609,47.3610083],[-122.232643,47.3493037]],[[-122.2327609,47.3610083],[-122.2327684,47.3614944]],[[-122.2327684,47.3614944],[-122.2327929,47.3631694]],[[-122.2327929,47.3631694],[-122.2327967,47.3634677]],[[-122.2327967,47.3634677],[-122.2328391,47.3700809]],[[-122.2328391,47.3700809],[-122.2328442,47.3705487]],[[-122.2328442,47.3705487],[-122.2328878,47.3734814]],[[-122.2328878,47.3734814],[-122.2330383,47.3894546]],[[-122.2330383,47.3894546],[-122.2330223,47.3946782],[-122.2332,47.3962603],[-122.2381149,47.422947]],[[-122.2381149,47.422947],[-122.2386525,47.4259308]],[[-122.2386525,47.4259308],[-122.2407967,47.4375307],[-122.2409172,47.4387146]],[[-122.2409172,47.4387146],[-122.2409255,47.4389808]],[[-122.2409255,47.4389808],[-122.2408822,47.4411034]],[[-122.2408822,47.4411034],[-122.2408772,47.4413027]],[[-122.2408772,47.4413027],[-122.2405752,47.4518068]],[[-122.2405752,47.4518068],[-122.2404285,47.4568316]],[[-122.2404198,47.4571041],[-122.2404285,47.4568316]],[[-122.2403151,47.4610929],[-122.2404198,47.4571041]],[[-122.2403099,47.4612916],[-122.2403151,47.4610929]],[[-122.2402857,47.4622129],[-122.2403099,47.4612916]],[[-122.2425509,47.4667996],[-122.2414036,47.465656],[-122.2406633,47.4645571],[-122.2403026,47.4633549],[-122.2402857,47.4622129]],[[-122.243264,47.46749],[-122.2425509,47.4667996]],[[-122.244444,47.4685581],[-122.243264,47.46749]],[[-122.245777,47.4698498],[-122.244444,47.4685581]],[[-122.2461614,47.4702221],[-122.245777,47.4698498]],[[-122.2473385,47.4713741],[-122.2461614,47.4702221]],[[-122.2500574,47.4740084],[-122.2473385,47.4713741]],[[-122.2504788,47.4744268],[-122.2500574,47.4740084]],[[-122.2504788,47.4744268],[-122.2530858,47.4772777],[-122.2569712,47.4826773],[-122.2585603,47.4839996],[-122.261122,47.4854203]],[[-122.261122,47.4854203],[-122.2629962,47.4867414],[-122.2641187,47.4878726],[-122.2671486,47.4923011],[-122.268403,47.4936826],[-122.277128,47.5008773],[-122.2828051,47.5064272],[-122.2844292,47.5084436],[-122.2863245,47.5116683]],[[-122.2863245,47.5116683],[-122.2864766,47.5119288]],[[-122.2864766,47.5119288],[-122.288834,47.516037]],[[-122.288834,47.516037],[-122.289005,47.516333]],[[-122.289005,47.516333],[-122.2907376,47.5193866],[-122.2967196,47.5322645],[-122.297835,47.5340137],[-122.299219,47.535414],[-122.3115378,47.5458082],[-122.3146793,47.5486856]],[[-122.3146793,47.5486856],[-122.3155757,47.5495207]],[[-122.3155757,47.5495207],[-122.315895,47.549813]],[[-122.315895,47.549813],[-122.316771,47.5506343]],[[-122.316771,47.5506343],[-122.3182792,47.5520838]],[[-122.3182792,47.5520838],[-122.319247,47.5530619]],[[-122.319247,47.5530619],[-122.3217102,47.555422],[-122.3294947,47.56147],[-122.3309625,47.5627369],[-122.3314334,47.563443],[-122.3316842,47.5641533],[-122.3317378,47.566327]],[[-122.3317378,47.566327],[-122.3317384,47.5684507]],[[-122.3317402,47.568755],[-122.3317384,47.5684507]],[[-122.3317417,47.569726],[-122.3317402,47.568755]],[[-122.3317417,47.569726],[-122.3316797,47.5708479]],[[-122.3316797,47.5708479],[-122.3316784,47.5722202]],[[-122.3316784,47.5722202],[-122.3316768,47.5733185]],[[-122.3316768,47.5733185],[-122.3316791,47.5750454],[-122.3319736,47.5775103]],[[-122.3319736,47.5775103],[-122.3318838,47.5816337],[-122.3315566,47.5825206],[-122.3305453,47.5843463],[-122.3302998,47.5851961],[-122.3302814,47.5889868]],[[-122.3302814,47.5889868],[-122.3302747,47.589306]],[[-122.3302747,47.589306],[-122.3302643,47.5910173]],[[-122.3302643,47.5910173],[-122.3302522,47.5924596]],[[-122.3302522,47.5924596],[-122.3298732,47.5939107]],[[-122.3297092,47.5947338],[-122.3298732,47.5939107]],[[-122.3296238,47.5950401],[-122.3297092,47.5947338]],[[-122.3294792,47.5959161],[-122.3296238,47.5950401]],[[-122.329433,47.5967621],[-122.3294792,47.5959161]],[[-122.329399,47.5975188],[-122.329433,47.5967621]]]},"properties":{"kind":"route","category":"train_route","routeType":"train","osmId":"3494093","name":"S Line: Seattle","ref":"S Line","from":"Lakewood","to":"Seattle","via":"","network":"Sounder","operator":"Sound Transit","colour":"#9AB6D3"}},{"type":"Feature","geometry":{"type":"MultiLineString","coordinates":[[[-122.3373459,47.6132175],[-122.3372804,47.6128942],[-122.3372401,47.6128979],[-122.3373056,47.6132212],[-122.3373459,47.6132175]],[[-122.3378093,47.6156043],[-122.3377749,47.6154342]],[[-122.3383299,47.6180892],[-122.3383187,47.61816],[-122.3383707,47.6182948],[-122.3383299,47.6180892]],[[-122.3372349,47.6213118],[-122.337234,47.6214408],[-122.3372526,47.6214408],[-122.3372536,47.6213119],[-122.3372349,47.6213118]],[[-122.3372089,47.6242655],[-122.3372083,47.6243459],[-122.3372144,47.624346],[-122.337215,47.6242655],[-122.3372089,47.6242655]],[[-122.3362694,47.6258722],[-122.3362699,47.6258533],[-122.3366146,47.6258537],[-122.3366144,47.625873],[-122.3362694,47.6258722]],[[-122.3324297,47.6275612],[-122.3323987,47.6275431],[-122.3321967,47.6277],[-122.3322277,47.6277181],[-122.3324297,47.6275612]],[[-122.3374517,47.6136683],[-122.3372977,47.6128956]],[[-122.3374517,47.6136683],[-122.3383889,47.6183112],[-122.338416,47.6206855],[-122.3382446,47.6208567],[-122.3374153,47.6208441],[-122.3372148,47.621022],[-122.3371046,47.6257024],[-122.3368067,47.6258819],[-122.3344739,47.6259111],[-122.3321781,47.6276927]]]},"properties":{"kind":"route","category":"tram_route","routeType":"tram","osmId":"4748655","name":"South Lake Union Streetcar: Fairview & Campus Drive","ref":"","from":"Pacific Place","to":"Fairview & Campus Drive","via":"","network":"Seattle Streetcar","operator":"King County Metro","colour":""}},{"type":"Feature","geometry":{"type":"MultiLineString","coordinates":[[[-122.3324297,47.6275612],[-122.3323987,47.6275431],[-122.3321967,47.6277],[-122.3322277,47.6277181],[-122.3324297,47.6275612]],[[-122.3362669,47.6259453],[-122.3366082,47.6259288],[-122.3366087,47.6259482],[-122.3362669,47.6259453]],[[-122.3385752,47.624336],[-122.3385623,47.6243359],[-122.3385633,47.6242186],[-122.3385762,47.6242187],[-122.3385752,47.624336]],[[-122.3385665,47.6213794],[-122.338559,47.6218731],[-122.3386155,47.6218742],[-122.3386239,47.6213798],[-122.3385665,47.6213794]],[[-122.3384872,47.617845],[-122.3384636,47.6178474],[-122.3385266,47.6180176],[-122.3384906,47.6178597],[-122.3384872,47.617845]],[[-122.3378521,47.6148868],[-122.337892,47.6150755]],[[-122.3373137,47.612891],[-122.3373378,47.6128887],[-122.3373726,47.6130522],[-122.3373484,47.6130545],[-122.3373137,47.612891]],[[-122.3324298,47.6275813],[-122.3345121,47.6259414],[-122.3346934,47.6259112],[-122.3383144,47.6259229],[-122.3386044,47.625761],[-122.3385329,47.6252942],[-122.3385364,47.6214115],[-122.3385908,47.618515],[-122.3376809,47.6141343],[-122.3374517,47.6136683]],[[-122.3374517,47.6136683],[-122.3372977,47.6128956]]]},"properties":{"kind":"route","category":"tram_route","routeType":"tram","osmId":"4748656","name":"South Lake Union Streetcar: Pacific Place","ref":"","from":"Fairview & Campus Drive","to":"Pacific Place","via":"","network":"Seattle Streetcar","operator":"King County Metro","colour":""}},{"type":"Feature","geometry":{"type":"MultiLineString","coordinates":[[[-122.3335031,47.5992075],[-122.3330415,47.5992093],[-122.3330414,47.5991806],[-122.3334003,47.5991818],[-122.3335031,47.5992075]],[[-122.3273803,47.5991819],[-122.3265554,47.5991802],[-122.3265553,47.5992137],[-122.3273802,47.5992154],[-122.3273803,47.5991819]],[[-122.3232197,47.5991819],[-122.3234934,47.5991818],[-122.3234934,47.599199],[-122.3232197,47.5991991],[-122.3232197,47.5991819]],[[-122.3156998,47.599207],[-122.3156999,47.5991907],[-122.3159226,47.5991908],[-122.3159226,47.5992071],[-122.3156998,47.599207]],[[-122.3141802,47.6005377],[-122.3141551,47.6005374],[-122.314152,47.6007066],[-122.3141771,47.6007068],[-122.3141802,47.6005377]],[[-122.3203339,47.6017341],[-122.3203339,47.6017216],[-122.3200893,47.6017217],[-122.3200894,47.6017343],[-122.3203339,47.6017341]],[[-122.3207014,47.6055455],[-122.3207338,47.6055456],[-122.3207349,47.6053587],[-122.3207025,47.6053586],[-122.3207014,47.6055455]],[[-122.3207089,47.6099958],[-122.3207497,47.609996],[-122.3207497,47.6098312],[-122.320709,47.609831],[-122.3207089,47.6099958]],[[-122.3207644,47.6151189],[-122.320783,47.6151188],[-122.3207802,47.6149693],[-122.3207616,47.6149695],[-122.3207644,47.6151189]],[[-122.3209637,47.6181617],[-122.3209823,47.6181615],[-122.320978,47.6179581],[-122.3209594,47.6179583],[-122.3209637,47.6181617]],[[-122.3335913,47.5992222],[-122.3328578,47.5992229]],[[-122.3328578,47.5992229],[-122.329663,47.5991832]],[[-122.329663,47.5991832],[-122.3291777,47.5991802]],[[-122.3291777,47.5991802],[-122.3157267,47.5991789],[-122.3144416,47.5992235],[-122.3141772,47.5993656],[-122.3140888,47.6014812],[-122.314202,47.6016446],[-122.317856,47.6017157]],[[-122.317856,47.6017157],[-122.320392,47.601707],[-122.3207449,47.6019254],[-122.3207615,47.614547],[-122.3209386,47.6177644]],[[-122.3209386,47.6177644],[-122.3209471,47.6181581]]]},"properties":{"kind":"route","category":"tram_route","routeType":"tram","osmId":"4755830","name":"First Hill Streetcar: Occidental Mall \u2192 Broadway & Denny","ref":"","from":"Occidental Mall","to":"Broadway & Denny","via":"","network":"Seattle Streetcar","operator":"Sound Transit","colour":"#C4112F"}},{"type":"Feature","geometry":{"type":"MultiLineString","coordinates":[[[-122.3209637,47.6181617],[-122.3209823,47.6181615],[-122.320978,47.6179581],[-122.3209594,47.6179583],[-122.3209637,47.6181617]],[[-122.3208766,47.6143854],[-122.3208919,47.6143854],[-122.3208951,47.614219],[-122.3208791,47.6142188],[-122.3208766,47.6143854]],[[-122.3208786,47.6098877],[-122.3208976,47.6098877],[-122.3208974,47.6097397],[-122.3208784,47.6097398],[-122.3208786,47.6098877]],[[-122.3208694,47.6051219],[-122.320888,47.6051219],[-122.3208877,47.604957],[-122.3208691,47.6049571],[-122.3208694,47.6051219]],[[-122.3200995,47.6016589],[-122.3200994,47.6016463],[-122.3198544,47.6016518],[-122.319855,47.6016591],[-122.3200995,47.6016589]],[[-122.3141771,47.6007068],[-122.3142022,47.600707],[-122.3142052,47.6005379],[-122.3141802,47.6005377],[-122.3141771,47.6007068]],[[-122.3159226,47.5992071],[-122.3159226,47.5992236],[-122.3156998,47.5992235],[-122.3156998,47.599207],[-122.3159226,47.5992071]],[[-122.3234934,47.599199],[-122.3234934,47.5992155],[-122.3232197,47.5992155],[-122.3232197,47.5991991],[-122.3234934,47.599199]],[[-122.3273803,47.5991819],[-122.3265554,47.5991802],[-122.3265553,47.5992137],[-122.3273802,47.5992154],[-122.3273803,47.5991819]],[[-122.3335031,47.5992075],[-122.3330415,47.5992093],[-122.3330414,47.5991806],[-122.3334003,47.5991818],[-122.3335031,47.5992075]],[[-122.3209386,47.6177644],[-122.3209471,47.6181581]],[[-122.3209386,47.6177644],[-122.3208552,47.6153679],[-122.3207875,47.6018482],[-122.3204794,47.6016675],[-122.314348,47.6016282],[-122.3141874,47.6014501],[-122.3142178,47.6007611],[-122.3142002,47.5994946]],[[-122.3142002,47.5994946],[-122.314303,47.5993149],[-122.3146029,47.599244]],[[-122.3291764,47.5992202],[-122.3146029,47.599244]],[[-122.3291764,47.5992202],[-122.3296652,47.5992231]],[[-122.3296652,47.5992231],[-122.3328578,47.5992229]],[[-122.3335913,47.5992222],[-122.3328578,47.5992229]]]},"properties":{"kind":"route","category":"tram_route","routeType":"tram","osmId":"4755831","name":"First Hill Streetcar: Broadway & Denny \u2192 Occidental Mall","ref":"","from":"Broadway & Denny","to":"Occidental Mall","via":"","network":"Seattle Streetcar","operator":"Sound Transit","colour":"#C4112F"}},{"type":"Feature","geometry":{"type":"MultiLineString","coordinates":[[[-122.2943004,47.8159058],[-122.2943416,47.8159377],[-122.2955141,47.8152625],[-122.2954722,47.8152291],[-122.2943004,47.8159058]],[[-122.3148023,47.7855226],[-122.314868,47.7855224],[-122.314855,47.7844788],[-122.3147923,47.7844795],[-122.3148023,47.7855226]],[[-122.3228201,47.7647319],[-122.3228605,47.7647359],[-122.3230924,47.7637039],[-122.3230494,47.7637011],[-122.3228201,47.7647319]],[[-122.3249438,47.7356117],[-122.3249953,47.735597],[-122.3256014,47.7365529],[-122.32555,47.7365677],[-122.3249438,47.7356117]],[[-122.3282614,47.7035511],[-122.3282481,47.7025169],[-122.3283567,47.7025166],[-122.3283699,47.7035498],[-122.3282614,47.7035511]],[[-122.3159233,47.6771707],[-122.3160637,47.6771696],[-122.3160451,47.6760572],[-122.3159047,47.6760583],[-122.3159233,47.6771707]],[[-122.3141676,47.6608136],[-122.3140554,47.6608123],[-122.3140782,47.6599308],[-122.3141904,47.6599321],[-122.3141676,47.6608136]],[[-122.3038521,47.6503657],[-122.3037199,47.6503675],[-122.3036886,47.6493269],[-122.3038208,47.6493251],[-122.3038521,47.6503657]],[[-122.3202493,47.6196875],[-122.3201707,47.6196881],[-122.3201527,47.6186242],[-122.3202316,47.6186236],[-122.3202493,47.6196875]],[[-122.3370175,47.6115817],[-122.3369682,47.6115287],[-122.3356945,47.612068],[-122.3357438,47.612121],[-122.3370175,47.6115817]],[[-122.3356808,47.6072347],[-122.3356098,47.607264],[-122.3365001,47.6081359],[-122.3356808,47.6072347]],[[-122.3318091,47.6031046],[-122.3318801,47.6030753],[-122.3309894,47.6022035],[-122.3318091,47.6031046]],[[-122.3281686,47.5988425],[-122.3281711,47.5977977],[-122.3280879,47.5977973],[-122.3280826,47.5988424],[-122.3281686,47.5988425]],[[-122.3271866,47.5905915],[-122.3271283,47.5916323],[-122.327246,47.5916323],[-122.3272454,47.5905915],[-122.3271866,47.5905915]],[[-122.3274992,47.5818186],[-122.3274511,47.5818186],[-122.3274514,47.580702],[-122.3274995,47.580702],[-122.3274992,47.5818186]],[[-122.310737,47.5793778],[-122.3120816,47.578961],[-122.3121054,47.5789958],[-122.3107607,47.5794127],[-122.310737,47.5793778]],[[-122.2981031,47.5770149],[-122.2981403,47.577002],[-122.2973972,47.5760884],[-122.2981031,47.5770149]],[[-122.2923963,47.559153],[-122.2931229,47.5603114],[-122.2931619,47.5603003],[-122.2924353,47.5591419],[-122.2923963,47.559153]],[[-122.2819347,47.5385708],[-122.2817206,47.5381577],[-122.281321,47.5373863],[-122.281981,47.5385598],[-122.2819347,47.5385708]],[[-122.279305,47.5229228],[-122.2794895,47.5222317],[-122.2795809,47.5218896],[-122.2792299,47.5229136],[-122.279305,47.5229228]],[[-122.2872644,47.4638516],[-122.2872937,47.4638141],[-122.2886097,47.4642847],[-122.2885803,47.4643223],[-122.2872644,47.4638516]],[[-122.2968855,47.4458857],[-122.2967911,47.4445548],[-122.2969102,47.4445515],[-122.2970032,47.4458819],[-122.2968855,47.4458857]],[[-122.2978483,47.4219945],[-122.2978683,47.4231802],[-122.2977538,47.4231811],[-122.2977335,47.4219954],[-122.2978483,47.4219945]],[[-122.2943766,47.3900439],[-122.2942338,47.3900275],[-122.294491,47.3890052],[-122.2946056,47.3890183],[-122.2943766,47.3900439]],[[-122.2970882,47.3600936],[-122.2977006,47.3589608],[-122.2977436,47.3588813],[-122.2976947,47.3588698],[-122.2970882,47.3600936]],[[-122.3036307,47.3163683],[-122.3035225,47.3163366],[-122.3041133,47.3153965],[-122.304221,47.3154281],[-122.3036307,47.3163683]],[[-122.2952838,47.815408],[-122.2964327,47.8147128],[-122.2972703,47.8140093],[-122.2987898,47.8115602],[-122.2997853,47.8105682]],[[-122.2997853,47.8105682],[-122.3029697,47.808754]],[[-122.3029697,47.808754],[-122.303392,47.8085267]],[[-122.303392,47.8085267],[-122.3064858,47.8068757]],[[-122.3064858,47.8068757],[-122.3072678,47.8064574]],[[-122.3072678,47.8064574],[-122.3114935,47.8041596],[-122.3139913,47.8022044]],[[-122.3139913,47.8022044],[-122.3160018,47.8004055],[-122.3163258,47.7996277],[-122.3163454,47.7986412]],[[-122.3163454,47.7986412],[-122.3163445,47.7959819],[-122.3168191,47.7931875],[-122.3169244,47.7912288]],[[-122.3169244,47.7912288],[-122.3167695,47.7901565],[-122.3156892,47.7887066]],[[-122.3156892,47.7887066],[-122.3149023,47.7863302]],[[-122.3149023,47.7863302],[-122.3149226,47.7835221],[-122.3160781,47.7816295],[-122.3164486,47.7807728],[-122.3177394,47.7750223],[-122.3182131,47.7741232],[-122.3190953,47.7729508]],[[-122.3190953,47.7729508],[-122.321104,47.7703571],[-122.32171,47.7692583],[-122.3230639,47.7634912]],[[-122.3230639,47.7634912],[-122.32315,47.7631227]],[[-122.32315,47.7631227],[-122.3233996,47.7624096],[-122.3238738,47.7616894],[-122.3277996,47.7572846]],[[-122.3277996,47.7572846],[-122.3290564,47.7553346]],[[-122.3290564,47.7553346],[-122.3295537,47.7540649],[-122.3296619,47.7526444],[-122.3294925,47.7517237],[-122.3285927,47.7493449],[-122.328443,47.7480451],[-122.3286181,47.7469015],[-122.3293706,47.7445814],[-122.3294582,47.7436898],[-122.3292639,47.7425709],[-122.3287207,47.7414684]],[[-122.3287207,47.7414684],[-122.3285849,47.7412539]],[[-122.3285849,47.7412539],[-122.326507,47.7379659]],[[-122.326507,47.7379659],[-122.3239145,47.7337935],[-122.3236999,47.7321244],[-122.3237085,47.7304098]],[[-122.3237085,47.7304098],[-122.3238093,47.725238]],[[-122.3238093,47.725238],[-122.3239227,47.7221397],[-122.3238325,47.7202078]],[[-122.3238325,47.7202078],[-122.3239507,47.7182411],[-122.3244414,47.7168265],[-122.3260574,47.7145522],[-122.3269448,47.7130408],[-122.3280405,47.7116932]],[[-122.3280405,47.7116932],[-122.3287409,47.7106302],[-122.3291002,47.7094142],[-122.329136,47.7073331],[-122.3286857,47.7058171]],[[-122.3286857,47.7058171],[-122.3284235,47.7048379],[-122.328358,47.701844],[-122.3287925,47.6989712]],[[-122.3287925,47.6989712],[-122.328827,47.697813],[-122.328684,47.696745]],[[-122.328684,47.696745],[-122.328574,47.695779],[-122.328612,47.69171],[-122.328335,47.690523],[-122.327572,47.689091],[-122.32648,47.687888],[-122.317412,47.680327],[-122.316654,47.679373],[-122.316304,47.67864],[-122.316119,47.677849],[-122.316008,47.675003],[-122.314344,47.664962],[-122.314183,47.662526],[-122.314239,47.65927],[-122.313969,47.65851],[-122.313416,47.657919],[-122.312334,47.657365],[-122.307926,47.656595],[-122.3065474,47.6560864],[-122.305387,47.655347],[-122.304552,47.654462],[-122.304032,47.653364],[-122.303878,47.6505353]],[[-122.303878,47.6505353],[-122.3038358,47.6491628]],[[-122.3038358,47.6491628],[-122.3038047,47.6468472],[-122.3040802,47.6449127],[-122.3046061,47.6429601],[-122.3055497,47.6406807],[-122.3063831,47.6391734],[-122.3076474,47.6373392],[-122.3194612,47.622818],[-122.3199895,47.621746],[-122.3202121,47.620913],[-122.3202851,47.6202337],[-122.3202701,47.6175532],[-122.3205368,47.6165678],[-122.3208972,47.6159383],[-122.3214554,47.6153003],[-122.3225935,47.6144761],[-122.3238405,47.6139242],[-122.3247966,47.6136648],[-122.3272068,47.6134755],[-122.3304273,47.6139691],[-122.3311349,47.6138932],[-122.3319413,47.6136048]],[[-122.3319413,47.6136048],[-122.3380909,47.6110446],[-122.338412,47.6107233],[-122.3384346,47.610412],[-122.3308438,47.602068],[-122.3285041,47.6004083],[-122.3280814,47.5997162]],[[-122.3280814,47.5997162],[-122.3280548,47.5987555]],[[-122.3280548,47.5987555],[-122.3280563,47.5985346]],[[-122.3280563,47.5985346],[-122.328059,47.5981259]],[[-122.328059,47.5981259],[-122.3280605,47.5979023]],[[-122.3280605,47.5979023],[-122.3280612,47.5978023]],[[-122.3280612,47.5978023],[-122.3282198,47.5958916]],[[-122.3282198,47.5958916],[-122.3281352,47.595271],[-122.3272664,47.5927417],[-122.327269,47.5896351],[-122.3274291,47.5883736],[-122.327435,47.5791153]],[[-122.327435,47.5791153],[-122.3273602,47.5781193],[-122.327093,47.5778384],[-122.3266964,47.5776749],[-122.32389,47.577461],[-122.3208032,47.5774489]],[[-122.3208032,47.5774489],[-122.319831,47.5773477]],[[-122.319831,47.5773477],[-122.3182125,47.5771929],[-122.316782,47.5773497],[-122.3100622,47.5795733],[-122.30841,47.5798532],[-122.3067654,47.5797052],[-122.3026049,47.5783727],[-122.3001777,47.5779967]],[[-122.3001777,47.5779967],[-122.2999744,47.5779762]],[[-122.2999744,47.5779762],[-122.2991238,47.577814],[-122.2984936,47.5774782],[-122.2982559,47.5772435],[-122.2971688,47.5758161]],[[-122.2971688,47.5758161],[-122.29687,47.5750621],[-122.2969087,47.5727901]],[[-122.2969087,47.5727901],[-122.2969859,47.5671368],[-122.2967816,47.5661846],[-122.290258,47.555764],[-122.2859094,47.5466536],[-122.2812064,47.5372093],[-122.2809201,47.536505],[-122.2806629,47.5293114],[-122.2804626,47.5285828],[-122.2790581,47.5257608],[-122.2788808,47.5250716],[-122.278917,47.5243724],[-122.2799094,47.5207451],[-122.2800096,47.5197755],[-122.2790891,47.5157141],[-122.2784576,47.5102762]],[[-122.2784576,47.5102762],[-122.2784355,47.5092609],[-122.2785712,47.5087152],[-122.2789991,47.5081507],[-122.279774,47.5076698],[-122.2809309,47.507395],[-122.2886488,47.5069173],[-122.2893935,47.5066183],[-122.2899044,47.5062063],[-122.2902209,47.5056579],[-122.2902359,47.5050664],[-122.2888482,47.5018173],[-122.288206,47.4994717],[-122.2877327,47.4985982],[-122.2865162,47.4974144],[-122.2837966,47.4958335],[-122.2829854,47.4949195],[-122.2826922,47.4941841],[-122.282081,47.4908003],[-122.2814511,47.4895407],[-122.2805405,47.4886685],[-122.2742246,47.4842457],[-122.2733275,47.4832978],[-122.2729877,47.4823373],[-122.2731753,47.4803899],[-122.2730282,47.4794911],[-122.2710021,47.4757218]],[[-122.2710021,47.4757218],[-122.2700989,47.4739723],[-122.2695489,47.4723114]],[[-122.2695489,47.4723114],[-122.2689048,47.4692987],[-122.2688552,47.4684364],[-122.2690882,47.46652],[-122.2693639,47.4660775],[-122.2698576,47.4656766],[-122.270762,47.4653318],[-122.2719276,47.4652569],[-122.2757246,47.466016],[-122.277471,47.4660219],[-122.2785111,47.4658286],[-122.2799137,47.4653233],[-122.2827567,47.463708],[-122.2838132,47.4634074],[-122.2851454,47.4632628]],[[-122.2851454,47.4632628],[-122.2860129,47.4633614],[-122.2893636,47.4645194],[-122.2901675,47.4645965],[-122.2908065,47.4645129],[-122.2926781,47.4637224],[-122.2962731,47.4609126]],[[-122.2962731,47.4609126],[-122.2991902,47.4585894],[-122.3001423,47.4574492],[-122.3004889,47.4562274],[-122.300499,47.4529007],[-122.300247,47.4519672]],[[-122.300247,47.4519672],[-122.2993592,47.4508341],[-122.2974495,47.4494545],[-122.2970876,47.448615],[-122.2970635,47.4464246],[-122.2966756,47.439223],[-122.2967794,47.4384684],[-122.2975181,47.4362741],[-122.2979597,47.4330145],[-122.2979797,47.4311139],[-122.2976806,47.4259431],[-122.2978892,47.4233767],[-122.2978768,47.4224108]],[[-122.2978768,47.4224108],[-122.297847,47.421462],[-122.2977384,47.4206647]],[[-122.2977384,47.4206647],[-122.2973618,47.4178],[-122.2967663,47.4162215],[-122.2959555,47.4152391],[-122.2938384,47.4135227],[-122.2931269,47.412713]],[[-122.2931269,47.412713],[-122.2927233,47.4120086],[-122.2924084,47.4108496],[-122.2927935,47.40831]],[[-122.2927935,47.40831],[-122.2928328,47.4080376]],[[-122.2928328,47.4080376],[-122.2932642,47.4053895],[-122.2933235,47.4007439],[-122.2927447,47.3979034],[-122.292481,47.3958311],[-122.2924391,47.3939077],[-122.2927882,47.3928077]],[[-122.2927882,47.3928077],[-122.2941929,47.3906266],[-122.2943771,47.3901075],[-122.2946821,47.3887904],[-122.2947256,47.3884281],[-122.2946196,47.3879646],[-122.2931911,47.3854333],[-122.2917993,47.3823802]],[[-122.2917993,47.3823802],[-122.2915173,47.381327],[-122.2915317,47.3802087],[-122.2941377,47.3700016]],[[-122.2941377,47.3700016],[-122.2951708,47.3659357]],[[-122.2951708,47.3659357],[-122.2967661,47.3605411]],[[-122.2967661,47.3605411],[-122.2977663,47.3587042],[-122.2979817,47.3580664]],[[-122.2979817,47.3580664],[-122.2979282,47.3576651]],[[-122.2979282,47.3576651],[-122.2976033,47.3568055],[-122.2974515,47.355968]],[[-122.2974515,47.355968],[-122.2972171,47.3541451],[-122.2967737,47.3527853]],[[-122.2967737,47.3527853],[-122.2961161,47.3513672]],[[-122.2961161,47.3513672],[-122.2943631,47.3479738],[-122.2938077,47.346326],[-122.2935878,47.3450959]],[[-122.2935878,47.3450959],[-122.293474,47.3435614],[-122.2935952,47.3418246]],[[-122.2935952,47.3418246],[-122.2947177,47.3282369]],[[-122.2947177,47.3282369],[-122.2948097,47.3270964]],[[-122.2948097,47.3270964],[-122.2950711,47.3245522],[-122.2954322,47.3225517],[-122.296045,47.3204886],[-122.2967143,47.3189825]],[[-122.2967143,47.3189825],[-122.2972358,47.3181117],[-122.2980593,47.3176857],[-122.2988506,47.3175539],[-122.3017216,47.3175556],[-122.3026076,47.3173468],[-122.3032777,47.3169051],[-122.303945,47.315896]]]},"properties":{"kind":"route","category":"light_rail_route","routeType":"light_rail","osmId":"5517060","name":"1 Line: Federal Way","ref":"1 Line","from":"Lynnwood","to":"Federal Way","via":"","network":"Link","operator":"Sound Transit","colour":"#3DAE2B"}},{"type":"Feature","geometry":{"type":"MultiLineString","coordinates":[[[-122.4393134,47.2527003],[-122.4392892,47.2525893],[-122.439361,47.2525821],[-122.4393852,47.2526931],[-122.4393134,47.2527003]],[[-122.4387212,47.2496189],[-122.4386632,47.2493617],[-122.4386074,47.2493675],[-122.4386654,47.2496247],[-122.4387212,47.2496189]],[[-122.4365628,47.2447009],[-122.436643,47.2450528],[-122.4367188,47.2450448],[-122.4366385,47.2446929],[-122.4365628,47.2447009]],[[-122.4340549,47.2391145],[-122.4344017,47.2390774],[-122.4340411,47.2390551],[-122.4340549,47.2391145]],[[-122.4279369,47.2398677],[-122.4279475,47.2399137],[-122.4283252,47.2398735],[-122.4283145,47.2398275],[-122.4279369,47.2398677]],[[-122.4500976,47.245067],[-122.4536351,47.2606201],[-122.4535187,47.2608114],[-122.4497488,47.2627939]],[[-122.4497488,47.2627939],[-122.4496851,47.2628589]],[[-122.4496851,47.2628589],[-122.4478075,47.2653623],[-122.4475338,47.2653585],[-122.4459399,47.2646889],[-122.4425763,47.2610625],[-122.4405744,47.2581048],[-122.4402589,47.2568007]],[[-122.4402589,47.2568007],[-122.4399148,47.2553877]],[[-122.4399148,47.2553877],[-122.439849,47.2552166]],[[-122.439849,47.2552166],[-122.4382415,47.2480781],[-122.4380809,47.2477805],[-122.4371568,47.2468841],[-122.436361,47.2434511]],[[-122.436361,47.2434511],[-122.4354505,47.2392461],[-122.4353027,47.2390743],[-122.434211,47.2391086],[-122.428114,47.2398391]]]},"properties":{"kind":"route","category":"tram_route","routeType":"tram","osmId":"5705256","name":"T Line: Tacoma Dome","ref":"T Line","from":"St Joseph","to":"Tacoma Dome","via":"","network":"Link","operator":"Sound Transit","colour":"#F38B00"}},{"type":"Feature","geometry":{"type":"MultiLineString","coordinates":[[[-122.4279369,47.2398677],[-122.4279475,47.2399137],[-122.4283252,47.2398735],[-122.4283145,47.2398275],[-122.4279369,47.2398677]],[[-122.4340549,47.2391145],[-122.4344017,47.2390774],[-122.4340411,47.2390551],[-122.4340549,47.2391145]],[[-122.4365628,47.2447009],[-122.436643,47.2450528],[-122.4367188,47.2450448],[-122.4366385,47.2446929],[-122.4365628,47.2447009]],[[-122.4384741,47.2496447],[-122.4384161,47.2493875],[-122.4385299,47.2496389],[-122.4384741,47.2496447]],[[-122.4392322,47.2530619],[-122.4392079,47.2529509],[-122.4392798,47.2529437],[-122.439304,47.2530547],[-122.4392322,47.2530619]],[[-122.436361,47.2434511],[-122.4354505,47.2392461],[-122.4353027,47.2390743],[-122.434211,47.2391086],[-122.428114,47.2398391]],[[-122.436361,47.2434511],[-122.4364176,47.2441233],[-122.4366896,47.2453296],[-122.4371063,47.2469047],[-122.4381903,47.2480859],[-122.4398772,47.2555973]],[[-122.4398772,47.2555973],[-122.4400803,47.2564527]],[[-122.4400803,47.2564527],[-122.4401886,47.2569447]],[[-122.4401886,47.2569447],[-122.4404972,47.258103],[-122.4425658,47.2612094],[-122.4456074,47.2645098],[-122.44596,47.264771],[-122.447479,47.2653833],[-122.4477861,47.2654097],[-122.4480264,47.2652838]],[[-122.4480264,47.2652838],[-122.4498808,47.2627446],[-122.4536179,47.2608063],[-122.4537205,47.2606546],[-122.4517597,47.2519967]],[[-122.4517597,47.2519967],[-122.4501814,47.2450579]]]},"properties":{"kind":"route","category":"tram_route","routeType":"tram","osmId":"5705257","name":"T Line: St Joseph","ref":"T Line","from":"Tacoma Dome","to":"St Joseph","via":"","network":"Link","operator":"Sound Transit","colour":"#F38B00"}},{"type":"Feature","geometry":{"type":"LineString","coordinates":[[-122.301127,47.4449196],[-122.3023694,47.4440647],[-122.3025546,47.4437659],[-122.3025917,47.443397],[-122.3023848,47.4429971],[-122.300677,47.4417979]]},"properties":{"kind":"route","category":"light_rail_route","routeType":"light_rail","osmId":"6495673","name":"Yellow Line (Northbound)","ref":"","from":"","to":"","via":"","network":"SEA Underground","operator":"Port of Seattle","colour":"#fdc427"}},{"type":"Feature","geometry":{"type":"MultiLineString","coordinates":[[[-122.3033305,47.4388382],[-122.3037221,47.4388265],[-122.3039317,47.4391078],[-122.3038495,47.4404175],[-122.3037422,47.4405844],[-122.3014714,47.4420148],[-122.3011894,47.4420004],[-122.3002312,47.4413202],[-122.3010752,47.4392435],[-122.3033305,47.4388382]],[[-122.3025616,47.4389409],[-122.3027821,47.4389054]]]},"properties":{"kind":"route","category":"light_rail_route","routeType":"light_rail","osmId":"6495674","name":"Blue Line","ref":"","from":"","to":"","via":"","network":"SEA Underground","operator":"Port of Seattle","colour":"#005793"}},{"type":"Feature","geometry":{"type":"LineString","coordinates":[[-122.302834,47.4483757],[-122.3034394,47.448693],[-122.3037719,47.448557],[-122.3037653,47.4458246],[-122.3021325,47.44466],[-122.3018343,47.4446077],[-122.300994,47.4451371],[-122.3008948,47.4453343],[-122.3022668,47.4480003],[-122.302834,47.4483757]]},"properties":{"kind":"route","category":"light_rail_route","routeType":"light_rail","osmId":"6495675","name":"Green Line","ref":"","from":"","to":"","via":"","network":"SEA Underground","operator":"Port of Seattle","colour":"#34b55c"}},{"type":"Feature","geometry":{"type":"MultiLineString","coordinates":[[[-122.3293748,47.5993096],[-122.3294563,47.59931],[-122.3295364,47.5965299],[-122.3294736,47.5965281],[-122.3293748,47.5993096]],[[-122.2331754,47.3848692],[-122.2331633,47.3833014],[-122.2331297,47.3833015],[-122.2331417,47.3848693],[-122.2331754,47.3848692]],[[-122.2324167,47.3056358],[-122.2324412,47.3072576]],[[-122.245828,47.2004949],[-122.2443315,47.2018042]],[[-122.2967178,47.1929729],[-122.294397,47.1925513]],[[-122.4286425,47.239405],[-122.4286379,47.2393762],[-122.4260392,47.2396481],[-122.4262251,47.2396748],[-122.4286425,47.239405]],[[-122.4856428,47.2049118],[-122.4855248,47.2032718],[-122.485488,47.2032733],[-122.4855879,47.2043396],[-122.4856428,47.2049118]],[[-122.4982762,47.1536713],[-122.500061,47.1525648],[-122.5001038,47.1525979],[-122.4988986,47.1533057],[-122.4982762,47.1536713]],[[-122.329516,47.5975188],[-122.32955,47.596699]],[[-122.32955,47.596699],[-122.3296468,47.5952725]],[[-122.3296468,47.5952725],[-122.3297897,47.5947748]],[[-122.3297897,47.5947748],[-122.3298271,47.5946363]],[[-122.3298271,47.5946363],[-122.329928,47.5942693]],[[-122.329928,47.5942693],[-122.3301527,47.5931556]],[[-122.3301527,47.5931556],[-122.330255,47.592775]],[[-122.330255,47.592775],[-122.330313,47.5924596]],[[-122.330313,47.5924596],[-122.3303292,47.590262]],[[-122.3303292,47.590262],[-122.3303375,47.5891363]],[[-122.3303375,47.5891363],[-122.3303414,47.5878761]],[[-122.3303414,47.5878761],[-122.3303377,47.5876147]],[[-122.3303377,47.5876147],[-122.3303983,47.5849905],[-122.3307259,47.5840915],[-122.3316529,47.5824561],[-122.3319738,47.5814519],[-122.3320305,47.5775106]],[[-122.3320305,47.5775106],[-122.3317326,47.5749238],[-122.3317357,47.5733202]],[[-122.3317357,47.5733202],[-122.3317417,47.569726]],[[-122.3317417,47.569726],[-122.3317402,47.568755]],[[-122.3317402,47.568755],[-122.3317384,47.5684507]],[[-122.3317384,47.5684507],[-122.3318016,47.5673481]],[[-122.3318016,47.5673481],[-122.3317591,47.5641405],[-122.3315393,47.5634726],[-122.3310804,47.5627877],[-122.3294872,47.5614007],[-122.3227685,47.5561457]],[[-122.3227685,47.5561457],[-122.3210801,47.5547524],[-122.3193,47.553043]],[[-122.3193,47.553043],[-122.3190068,47.5527439]],[[-122.3190068,47.5527439],[-122.31682,47.5506113]],[[-122.31682,47.5506113],[-122.316635,47.550436]],[[-122.316635,47.550436],[-122.3136289,47.5476356]],[[-122.3136289,47.5476356],[-122.3116008,47.5457866],[-122.299271,47.535389],[-122.2974462,47.5334383],[-122.296688,47.5320634],[-122.2906249,47.5190331],[-122.288206,47.5148073]],[[-122.288206,47.5148073],[-122.2872216,47.5131096]],[[-122.2872216,47.5131096],[-122.2844781,47.5084128],[-122.282893,47.5064348],[-122.2771672,47.5008455],[-122.268466,47.4936524],[-122.2672599,47.4922579],[-122.2641935,47.487789],[-122.2630707,47.4866976],[-122.2611749,47.4853899]],[[-122.2611749,47.4853899],[-122.2586092,47.4839693],[-122.2570242,47.482658],[-122.2531318,47.4772472],[-122.2505398,47.474411]],[[-122.2505398,47.474411],[-122.2501185,47.4739946]],[[-122.2501185,47.4739946],[-122.2484685,47.4723947]],[[-122.2484685,47.4723947],[-122.2447206,47.4687607]],[[-122.2447206,47.4687607],[-122.2426591,47.4667667]],[[-122.2426591,47.4667667],[-122.2422639,47.466384]],[[-122.2422639,47.466384],[-122.2412126,47.4652544],[-122.2407843,47.4645299],[-122.2404775,47.4636275],[-122.2404125,47.4622179]],[[-122.2404125,47.4622179],[-122.2404379,47.4612931]],[[-122.2404379,47.4612931],[-122.2404446,47.4610947]],[[-122.2404446,47.4610947],[-122.2405621,47.4571019]],[[-122.2405621,47.4571019],[-122.2405602,47.4568286]],[[-122.2405602,47.4568286],[-122.2406091,47.454768]],[[-122.2406091,47.454768],[-122.2409978,47.4413047]],[[-122.2409978,47.4413047],[-122.2410046,47.4411046]],[[-122.2410046,47.4411046],[-122.2410493,47.4389827]],[[-122.2410493,47.4389827],[-122.2410416,47.4387133]],[[-122.2410416,47.4387133],[-122.2407992,47.4368431],[-122.2333503,47.3962742],[-122.2331595,47.3942726],[-122.2331305,47.3866187]],[[-122.2331305,47.3866187],[-122.233098,47.3831316]],[[-122.233098,47.3831316],[-122.233073,47.3809282]],[[-122.233073,47.3809282],[-122.233038,47.379767]],[[-122.233038,47.379767],[-122.2329871,47.3777901]],[[-122.2329871,47.3777901],[-122.2329176,47.3722203]],[[-122.2329176,47.3722203],[-122.2329175,47.3718154]],[[-122.2329175,47.3718154],[-122.2328542,47.3634677]],[[-122.2328542,47.3634677],[-122.2328515,47.3631717]],[[-122.2328515,47.3631717],[-122.2328226,47.3614987]],[[-122.2328226,47.3614987],[-122.2328253,47.3610054]],[[-122.2328253,47.3610054],[-122.2327401,47.3508659]],[[-122.232755,47.3480358],[-122.2327401,47.3508659]],[[-122.2324649,47.316708],[-122.232755,47.3480358]],[[-122.2324017,47.3112166],[-122.2324649,47.316708]],[[-122.2306528,47.2757593],[-122.2323614,47.3051774],[-122.2324017,47.3112166]],[[-122.2306528,47.2757593],[-122.230373,47.272078]],[[-122.230373,47.272078],[-122.2303532,47.2718091]],[[-122.2303532,47.2718091],[-122.2302108,47.2691891]],[[-122.2302108,47.2691891],[-122.2301898,47.2687781]],[[-122.2301898,47.2687781],[-122.2300636,47.2661501]],[[-122.2300636,47.2661501],[-122.2300373,47.2655878]],[[-122.2300373,47.2655878],[-122.2295806,47.2576034]],[[-122.2295806,47.2576034],[-122.2295703,47.2574083]],[[-122.2295703,47.2574083],[-122.2285084,47.2383202]],[[-122.2285084,47.2383202],[-122.2285,47.2381086]],[[-122.2285,47.2381086],[-122.2274351,47.2193801],[-122.2276831,47.2175333]],[[-122.2276831,47.2175333],[-122.2277801,47.2172769]],[[-122.2277801,47.2172769],[-122.2284033,47.2160495],[-122.2296691,47.2145482],[-122.2473649,47.1991109]],[[-122.2473649,47.1991109],[-122.2476453,47.1988613]],[[-122.2476453,47.1988613],[-122.2486669,47.1979696]],[[-122.2486669,47.1979696],[-122.2490725,47.1976237]],[[-122.2499167,47.1968796],[-122.2490725,47.1976237]],[[-122.2506811,47.1962161],[-122.2499167,47.1968796]],[[-122.252976,47.1942073],[-122.2506811,47.1962161]],[[-122.253345,47.1938861],[-122.252976,47.1942073]],[[-122.271054,47.1883691],[-122.268331,47.1878968],[-122.2659642,47.1877201],[-122.2637577,47.1878536],[-122.2615358,47.1883034],[-122.2598603,47.1889007],[-122.2578471,47.1900158],[-122.253345,47.1938861]],[[-122.2920868,47.1921089],[-122.271054,47.1883691]],[[-122.2941936,47.1924811],[-122.2920868,47.1921089]],[[-122.33756,47.200143],[-122.2941936,47.1924811]],[[-122.338343,47.2002831],[-122.33756,47.200143]],[[-122.3415823,47.2008511],[-122.338343,47.2002831]],[[-122.3415823,47.2008511],[-122.3417514,47.2008833]],[[-122.3417514,47.2008833],[-122.3477026,47.2019517]],[[-122.3477026,47.2019517],[-122.349473,47.202521],[-122.3509404,47.2035199]],[[-122.3509404,47.2035199],[-122.3688316,47.2168145],[-122.369959,47.2174666],[-122.3786369,47.2214682]],[[-122.3786369,47.2214682],[-122.3807803,47.2224944],[-122.3818844,47.2234333],[-122.3824567,47.2243891],[-122.383916,47.2278705],[-122.3846443,47.2287999],[-122.3857167,47.2294765],[-122.3864663,47.2297315],[-122.3914347,47.2306924],[-122.3926218,47.2310871],[-122.3933918,47.2315041],[-122.3943351,47.2322767],[-122.3949247,47.233134],[-122.3956515,47.2356365]],[[-122.3956515,47.2356365],[-122.3959845,47.2368693]],[[-122.3959845,47.2368693],[-122.3963126,47.2379099],[-122.3969471,47.2387107],[-122.3978716,47.2392749],[-122.3995124,47.2397246]],[[-122.3995124,47.2397246],[-122.4010054,47.2399873]],[[-122.4010054,47.2399873],[-122.4014225,47.2400692]],[[-122.4014225,47.2400692],[-122.4039771,47.240491],[-122.4088852,47.2408899]],[[-122.4096023,47.2410133],[-122.4088852,47.2408899]],[[-122.409798,47.2410519],[-122.4096023,47.2410133]],[[-122.4106957,47.2411763],[-122.409798,47.2410519]],[[-122.4112214,47.2412113],[-122.4106957,47.2411763]],[[-122.4165488,47.2407276],[-122.4112214,47.2412113]],[[-122.4178899,47.2406013],[-122.4165488,47.2407276]],[[-122.4185458,47.2404995],[-122.4178899,47.2406013]],[[-122.4185458,47.2404995],[-122.4209532,47.2401115],[-122.4250324,47.239724]],[[-122.4250324,47.239724],[-122.4286243,47.2393677]],[[-122.4286243,47.2393677],[-122.4304602,47.239176]],[[-122.4304602,47.239176],[-122.4317275,47.2390349]],[[-122.4317275,47.2390349],[-122.4328026,47.2389039]],[[-122.4328026,47.2389039],[-122.4336969,47.2387486]],[[-122.4336969,47.2387486],[-122.433914,47.2387074]],[[-122.433914,47.2387074],[-122.4348657,47.2384874]],[[-122.4348657,47.2384874],[-122.4356474,47.2382691]],[[-122.4356474,47.2382691],[-122.4366203,47.2378529],[-122.4389833,47.2363436],[-122.4409587,47.2345314],[-122.4435786,47.2335342],[-122.4456793,47.2322728],[-122.4466795,47.2319693],[-122.4483513,47.2317837],[-122.4502847,47.2318916]],[[-122.4502847,47.2318916],[-122.4537262,47.2324779],[-122.4604486,47.2333649]],[[-122.4604486,47.2333649],[-122.4631454,47.2335091],[-122.4660663,47.2331449]],[[-122.4660663,47.2331449],[-122.4718465,47.2318955],[-122.4735767,47.2313207],[-122.4750141,47.230626],[-122.4837342,47.2248647],[-122.4853099,47.223442],[-122.4862454,47.2221127],[-122.4868234,47.2205707],[-122.486947,47.2191705],[-122.4850467,47.1974949]],[[-122.4850467,47.1974949],[-122.4850161,47.1971845]],[[-122.4850161,47.1971845],[-122.4849902,47.1969466]],[[-122.4849902,47.1969466],[-122.4848341,47.194034],[-122.485356,47.1903845],[-122.4863422,47.187023],[-122.4900955,47.1768465]],[[-122.4934442,47.1660325],[-122.4930036,47.1689348],[-122.4900955,47.1768465]],[[-122.493822,47.1628176],[-122.4934442,47.1660325]],[[-122.4939101,47.1614939],[-122.493822,47.1628176]],[[-122.4939101,47.1614939],[-122.4941724,47.1591693]],[[-122.4941724,47.1591693],[-122.4945156,47.1573949],[-122.4949505,47.1565121],[-122.4955728,47.1556828],[-122.4969672,47.1544812],[-122.5000967,47.1526186]]]},"properties":{"kind":"route","category":"train_route","routeType":"train","osmId":"9133294","name":"S Line: Lakewood","ref":"S Line","from":"Seattle","to":"Lakewood","via":"","network":"Sounder","operator":"Sound Transit","colour":"#9AB6D3"}},{"type":"Feature","geometry":{"type":"LineString","coordinates":[[-122.301127,47.4449196],[-122.3023694,47.4440647],[-122.3025546,47.4437659],[-122.3025917,47.443397],[-122.3023848,47.4429971],[-122.300677,47.4417979]]},"properties":{"kind":"route","category":"light_rail_route","routeType":"light_rail","osmId":"10077846","name":"Yellow Line (Southbound)","ref":"","from":"","to":"","via":"","network":"SEA Underground","operator":"Port of Seattle","colour":"#fdc427"}},{"type":"Feature","geometry":{"type":"MultiLineString","coordinates":[[[-122.3293748,47.5993096],[-122.3294563,47.59931],[-122.3295364,47.5965299],[-122.3294736,47.5965281],[-122.3293748,47.5993096]],[[-122.3859006,47.8100459],[-122.3846532,47.8109977],[-122.3845985,47.8109654],[-122.3858459,47.8100136],[-122.3859006,47.8100459]],[[-122.3292955,47.5997048],[-122.329399,47.5975188]],[[-122.3292955,47.5997048],[-122.3292945,47.5997342]],[[-122.3292945,47.5997342],[-122.3292046,47.6006558]],[[-122.3292046,47.6006558],[-122.3292037,47.6007093]],[[-122.3292037,47.6007093],[-122.3292187,47.6017633],[-122.3294413,47.6022942],[-122.3334923,47.6067443],[-122.3340101,47.6071715],[-122.3350563,47.6075982],[-122.3433738,47.6095465]],[[-122.3521177,47.6136183],[-122.348942,47.6118549],[-122.3467603,47.6111605],[-122.3447733,47.610044],[-122.3433738,47.6095465]],[[-122.3536433,47.6145257],[-122.3521177,47.6136183]],[[-122.3551671,47.6154243],[-122.3536433,47.6145257]],[[-122.3551671,47.6154243],[-122.3558728,47.6158795]],[[-122.3558728,47.6158795],[-122.3749801,47.6306623]],[[-122.3749801,47.6306623],[-122.3774353,47.6325717]],[[-122.3774353,47.6325717],[-122.3778969,47.63293]],[[-122.3778969,47.63293],[-122.3798255,47.6344788],[-122.3803575,47.6353779],[-122.3804902,47.6362281],[-122.3805218,47.641884]],[[-122.3805218,47.641884],[-122.3805295,47.643497]],[[-122.3805295,47.643497],[-122.3805044,47.649287],[-122.3807999,47.6509607],[-122.381529,47.65221],[-122.3825094,47.6532924],[-122.3856816,47.6559625]],[[-122.3856816,47.6559625],[-122.3889011,47.6585465]],[[-122.3889011,47.6585465],[-122.389189,47.6587855]],[[-122.3981723,47.6632213],[-122.3948411,47.6621926],[-122.3927894,47.661323],[-122.3911641,47.6603563],[-122.389189,47.6587855]],[[-122.4013764,47.664751],[-122.4001992,47.6638746],[-122.3981723,47.6632213]],[[-122.4019117,47.665613],[-122.4013764,47.664751]],[[-122.4020657,47.6666678],[-122.4019117,47.665613]],[[-122.4020834,47.6675097],[-122.4020657,47.6666678]],[[-122.40224,47.6685041],[-122.4020834,47.6675097]],[[-122.40224,47.6685041],[-122.4023529,47.6688131]],[[-122.4023529,47.6688131],[-122.403288,47.6701949]],[[-122.403288,47.6701949],[-122.404702,47.6720387],[-122.4049979,47.6726454]],[[-122.4049979,47.6726454],[-122.4050952,47.6729629]],[[-122.4050952,47.6729629],[-122.4053373,47.6750459]],[[-122.4053373,47.6750459],[-122.4053455,47.6751696]],[[-122.4053455,47.6751696],[-122.405399,47.6764595],[-122.4052263,47.6775975],[-122.4049166,47.6784743],[-122.4040964,47.6799194]],[[-122.4021609,47.6859628],[-122.4022705,47.6843198],[-122.4025661,47.6828732],[-122.4029624,47.6818588],[-122.4040964,47.6799194]],[[-122.4021609,47.6859628],[-122.4020734,47.6878243]],[[-122.4020734,47.6878243],[-122.4020683,47.6880049]],[[-122.4033955,47.693433],[-122.4021196,47.690217],[-122.4020133,47.6895097],[-122.4020683,47.6880049]],[[-122.3992525,47.698981],[-122.4004759,47.6984737],[-122.4019317,47.6976528],[-122.4032195,47.6965384],[-122.4037503,47.6956663],[-122.4038618,47.6949976],[-122.4033955,47.693433]],[[-122.3936203,47.70099],[-122.3992525,47.698981]],[[-122.3931465,47.7011573],[-122.3936203,47.70099]],[[-122.3732523,47.7308314],[-122.3729876,47.7291009],[-122.3732971,47.7265015],[-122.3738682,47.7253957],[-122.3750529,47.7238662],[-122.3758481,47.72229],[-122.3760349,47.7215792],[-122.3759602,47.720362],[-122.3755599,47.7187248],[-122.3756773,47.7176405],[-122.3765152,47.7158669],[-122.3794431,47.7121794],[-122.3797574,47.7111984],[-122.379913,47.7094247],[-122.380381,47.7084504],[-122.3815408,47.7073461],[-122.3859001,47.7042029],[-122.3894995,47.7024614],[-122.3931465,47.7011573]],[[-122.381531,47.7517944],[-122.3822298,47.7489025],[-122.3822286,47.7480984],[-122.3820118,47.7473075],[-122.3815101,47.7464371],[-122.3769217,47.7401415],[-122.3737771,47.732604],[-122.3732523,47.7308314]],[[-122.3806095,47.7544888],[-122.3811493,47.7532761],[-122.381531,47.7517944]],[[-122.390698,47.7894361],[-122.3903061,47.787119],[-122.3904679,47.7855485],[-122.3908466,47.7847274],[-122.3933337,47.7806837],[-122.3936446,47.779676],[-122.3934617,47.7779659],[-122.3921758,47.7711145],[-122.391823,47.7704752],[-122.3912779,47.769861],[-122.3856086,47.7651564],[-122.3828087,47.7620665],[-122.3799042,47.7591424],[-122.3793881,47.7580854],[-122.3793561,47.7569011],[-122.3796594,47.756041],[-122.3806095,47.7544888]],[[-122.3940912,47.800765],[-122.3924004,47.7977611],[-122.3918768,47.7963082],[-122.390698,47.7894361]],[[-122.3932568,47.804485],[-122.3941084,47.8036187],[-122.3944431,47.8030307],[-122.394589,47.8024253],[-122.3945547,47.8018488],[-122.3940912,47.800765]],[[-122.393134,47.8045826],[-122.3932568,47.804485]],[[-122.3860126,47.8099766],[-122.393134,47.8045826]],[[-122.380834,47.8140975],[-122.3820771,47.8129826],[-122.3860126,47.8099766]],[[-122.36372681736935,47.8303281],[-122.368497,47.8262848],[-122.3743366,47.8210586],[-122.3756175,47.819738],[-122.3784534,47.8163757],[-122.380834,47.8140975]]]},"properties":{"kind":"route","category":"train_route","routeType":"train","osmId":"10077947","name":"N Line: Everett","ref":"N Line","from":"Seattle","to":"Everett","via":"","network":"Sounder","operator":"Sound Transit","colour":"#9AB6D3"}},{"type":"Feature","geometry":{"type":"MultiLineString","coordinates":[[[-122.4286141,47.2392895],[-122.4264902,47.2395331],[-122.4256549,47.2395608],[-122.4261326,47.2394817],[-122.4286141,47.2392895]],[[-122.3293748,47.5993096],[-122.3294563,47.59931],[-122.3295364,47.5965299],[-122.3294736,47.5965281],[-122.3293748,47.5993096]],[[-122.3846513,47.8109967],[-122.384294,47.8111665],[-122.3827197,47.8124216],[-122.382767,47.812438],[-122.3846513,47.8109967]],[[-122.5109433,47.1462523],[-122.5709856,47.1109814],[-122.5731839,47.1101627],[-122.5931459,47.10449573958323]],[[-122.5107401,47.1463721],[-122.5109433,47.1462523]],[[-122.5088108,47.1475157],[-122.5107401,47.1463721]],[[-122.5000967,47.1526186],[-122.5088108,47.1475157]],[[-122.4941724,47.1591693],[-122.4945156,47.1573949],[-122.4949505,47.1565121],[-122.4955728,47.1556828],[-122.4969672,47.1544812],[-122.5000967,47.1526186]],[[-122.4939101,47.1614939],[-122.4941724,47.1591693]],[[-122.4934479,47.1655148],[-122.4939101,47.1614939]],[[-122.4855138,47.1895221],[-122.4861405,47.187434],[-122.492929,47.169004],[-122.4934479,47.1655148]],[[-122.4849902,47.1969466],[-122.4847909,47.1954393],[-122.4848059,47.1935703],[-122.4855138,47.1895221]],[[-122.4850161,47.1971845],[-122.4849902,47.1969466]],[[-122.4850467,47.1974949],[-122.4850161,47.1971845]],[[-122.4660663,47.2331449],[-122.4718465,47.2318955],[-122.4735767,47.2313207],[-122.4750141,47.230626],[-122.4837342,47.2248647],[-122.4853099,47.223442],[-122.4862454,47.2221127],[-122.4868234,47.2205707],[-122.486947,47.2191705],[-122.4850467,47.1974949]],[[-122.4604486,47.2333649],[-122.4631454,47.2335091],[-122.4660663,47.2331449]],[[-122.4502847,47.2318916],[-122.4537262,47.2324779],[-122.4604486,47.2333649]],[[-122.4356474,47.2382691],[-122.4366203,47.2378529],[-122.4389833,47.2363436],[-122.4409587,47.2345314],[-122.4435786,47.2335342],[-122.4456793,47.2322728],[-122.4466795,47.2319693],[-122.4483513,47.2317837],[-122.4502847,47.2318916]],[[-122.4348657,47.2384874],[-122.4356474,47.2382691]],[[-122.433914,47.2387074],[-122.4348657,47.2384874]],[[-122.4336969,47.2387486],[-122.433914,47.2387074]],[[-122.4328026,47.2389039],[-122.4336969,47.2387486]],[[-122.4317275,47.2390349],[-122.4328026,47.2389039]],[[-122.4304602,47.239176],[-122.4317275,47.2390349]],[[-122.4304602,47.239176],[-122.4295931,47.2392261]],[[-122.4295931,47.2392261],[-122.4264973,47.2395504],[-122.4256673,47.239612]],[[-122.4256673,47.239612],[-122.4250159,47.2396544]],[[-122.4250159,47.2396544],[-122.4209448,47.2400703],[-122.4185259,47.240461]],[[-122.4153308,47.2407984],[-122.4185259,47.240461]],[[-122.4112157,47.2411102],[-122.4153308,47.2407984]],[[-122.4107152,47.2410914],[-122.4112157,47.2411102]],[[-122.409825,47.2409913],[-122.4107152,47.2410914]],[[-122.4096081,47.2409654],[-122.409825,47.2409913]],[[-122.4088852,47.2408899],[-122.4096081,47.2409654]],[[-122.4014225,47.2400692],[-122.4039771,47.240491],[-122.4088852,47.2408899]],[[-122.4010054,47.2399873],[-122.4014225,47.2400692]],[[-122.3957124,47.235627],[-122.3962517,47.2376007],[-122.3965891,47.2382578],[-122.396991,47.2386948],[-122.3982262,47.2393724],[-122.4010054,47.2399873]],[[-122.3786928,47.2214169],[-122.3808118,47.2224719],[-122.3819409,47.2234143],[-122.3825109,47.2243812],[-122.3839792,47.2278523],[-122.38468,47.2287776],[-122.3857451,47.229448],[-122.3864848,47.2297048],[-122.3914542,47.2306547],[-122.3926555,47.2310569],[-122.3934397,47.2314855],[-122.394388,47.232254],[-122.3949747,47.233117],[-122.3957124,47.235627]],[[-122.3509937,47.2034873],[-122.3688746,47.2167861],[-122.3699897,47.2174264],[-122.3786928,47.2214169]],[[-122.3477218,47.2019046],[-122.3495015,47.2024903],[-122.3509937,47.2034873]],[[-122.3417772,47.2008418],[-122.3477218,47.2019046]],[[-122.3415798,47.2008097],[-122.3417772,47.2008418]],[[-122.34015,47.2005581],[-122.3415798,47.2008097]],[[-122.335783,47.1997831],[-122.34015,47.2005581]],[[-122.2941988,47.1924278],[-122.335783,47.1997831]],[[-122.2921066,47.1920574],[-122.2941988,47.1924278]],[[-122.2710661,47.1883266],[-122.2921066,47.1920574]],[[-122.254616,47.1927064],[-122.2570498,47.1905667],[-122.2583039,47.1896647],[-122.2598349,47.1888749],[-122.2620624,47.1881275],[-122.2637552,47.1878066],[-122.2659655,47.1876703],[-122.2683526,47.1878535],[-122.2710661,47.1883266]],[[-122.25161,47.1953255],[-122.254616,47.1927064]],[[-122.2506227,47.1961875],[-122.25161,47.1953255]],[[-122.2498612,47.1968449],[-122.2506227,47.1961875]],[[-122.2490054,47.1975988],[-122.2498612,47.1968449]],[[-122.248616,47.197937],[-122.2490054,47.1975988]],[[-122.2475533,47.1988616],[-122.248616,47.197937]],[[-122.2473096,47.1990785],[-122.2475533,47.1988616]],[[-122.2277172,47.217274],[-122.2283447,47.2160299],[-122.2296191,47.2145183],[-122.2473096,47.1990785]],[[-122.2276284,47.2175276],[-122.2277172,47.217274]],[[-122.2284368,47.2381057],[-122.227362,47.2193835],[-122.2276284,47.2175276]],[[-122.2284508,47.2383231],[-122.2284368,47.2381057]],[[-122.2295122,47.2574073],[-122.2284508,47.2383231]],[[-122.2295207,47.257602],[-122.2295122,47.2574073]],[[-122.2299781,47.2655833],[-122.2295207,47.257602]],[[-122.2300052,47.2661533],[-122.2299781,47.2655833]],[[-122.2300544,47.2674972],[-122.2300052,47.2661533]],[[-122.2302229,47.270474],[-122.2300544,47.2674972]],[[-122.2302928,47.2718145],[-122.2302229,47.270474]],[[-122.2303149,47.2720809],[-122.2302928,47.2718145]],[[-122.2305516,47.2757592],[-122.2303149,47.2720809]],[[-122.2307004,47.2788198],[-122.2305516,47.2757592]],[[-122.2323095,47.3125528],[-122.2322357,47.3056162],[-122.2307004,47.2788198]],[[-122.2323207,47.3153634],[-122.2323095,47.3125528]],[[-122.232643,47.3493037],[-122.2323207,47.3153634]],[[-122.2327609,47.3610083],[-122.232643,47.3493037]],[[-122.2327609,47.3610083],[-122.2327684,47.3614944]],[[-122.2327684,47.3614944],[-122.2327929,47.3631694]],[[-122.2327929,47.3631694],[-122.2327967,47.3634677]],[[-122.2327967,47.3634677],[-122.2328391,47.3700809]],[[-122.2328391,47.3700809],[-122.2328442,47.3705487]],[[-122.2328442,47.3705487],[-122.2328878,47.3734814]],[[-122.2328878,47.3734814],[-122.2330383,47.3894546]],[[-122.2330383,47.3894546],[-122.2330223,47.3946782],[-122.2332,47.3962603],[-122.2381149,47.422947]],[[-122.2381149,47.422947],[-122.2386525,47.4259308]],[[-122.2386525,47.4259308],[-122.2407967,47.4375307],[-122.2409172,47.4387146]],[[-122.2409172,47.4387146],[-122.2409255,47.4389808]],[[-122.2409255,47.4389808],[-122.2408822,47.4411034]],[[-122.2408822,47.4411034],[-122.2408772,47.4413027]],[[-122.2408772,47.4413027],[-122.2405752,47.4518068]],[[-122.2405752,47.4518068],[-122.2406051,47.4532129]],[[-122.2406051,47.4532129],[-122.2405899,47.4534975]],[[-122.2406091,47.454768],[-122.2405899,47.4534975]],[[-122.2405602,47.4568286],[-122.2406091,47.454768]],[[-122.2405621,47.4571019],[-122.2405602,47.4568286]],[[-122.2404446,47.4610947],[-122.2405621,47.4571019]],[[-122.2404379,47.4612931],[-122.2404446,47.4610947]],[[-122.2404125,47.4622179],[-122.2404379,47.4612931]],[[-122.2422639,47.466384],[-122.2412126,47.4652544],[-122.2407843,47.4645299],[-122.2404775,47.4636275],[-122.2404125,47.4622179]],[[-122.2433216,47.4674708],[-122.2422639,47.466384]],[[-122.244444,47.4685581],[-122.2433216,47.4674708]],[[-122.245777,47.4698498],[-122.244444,47.4685581]],[[-122.2461614,47.4702221],[-122.245777,47.4698498]],[[-122.2461614,47.4702221],[-122.2472501,47.4713399]],[[-122.2498046,47.4741223],[-122.2472501,47.4713399]],[[-122.250197,47.4744975],[-122.2498046,47.4741223]],[[-122.250197,47.4744975],[-122.2523682,47.4768398]],[[-122.2523682,47.4768398],[-122.2568042,47.4826668],[-122.2584963,47.4840023],[-122.2610897,47.4854538]],[[-122.2610897,47.4854538],[-122.2624417,47.4863592],[-122.2637792,47.487569],[-122.2678166,47.4932221],[-122.2770566,47.5009141],[-122.2828636,47.5066106],[-122.2843569,47.5084711],[-122.2855608,47.5104482]],[[-122.2855608,47.5104482],[-122.2896494,47.5175458]],[[-122.2896494,47.5175458],[-122.2902978,47.5187266],[-122.296532,47.5321107]],[[-122.296532,47.5321107],[-122.2974962,47.5337424],[-122.2987469,47.535106],[-122.3114404,47.5458407],[-122.314531,47.548647]],[[-122.314531,47.548647],[-122.316704,47.5506701]],[[-122.316704,47.5506701],[-122.319196,47.553084]],[[-122.319196,47.553084],[-122.3204797,47.5543438]],[[-122.3204797,47.5543438],[-122.321783,47.5555489],[-122.3306765,47.5625233],[-122.3314687,47.563662],[-122.3316494,47.564326],[-122.331682,47.565186]],[[-122.331682,47.565186],[-122.3316797,47.5708479]],[[-122.3316797,47.5708479],[-122.3316784,47.5722202]],[[-122.3316784,47.5722202],[-122.3316768,47.5733185]],[[-122.3316768,47.5733185],[-122.3316791,47.5750454],[-122.3319736,47.5775103]],[[-122.3319736,47.5775103],[-122.3318838,47.5816337],[-122.3315566,47.5825206],[-122.3305453,47.5843463],[-122.3302998,47.5851961],[-122.3302814,47.5889868]],[[-122.3302814,47.5889868],[-122.3302747,47.589306]],[[-122.3303292,47.590262],[-122.3302747,47.589306]],[[-122.330313,47.5924596],[-122.3303292,47.590262]],[[-122.330255,47.592775],[-122.330313,47.5924596]],[[-122.3301527,47.5931556],[-122.330255,47.592775]],[[-122.329928,47.5942693],[-122.3301527,47.5931556]],[[-122.3298271,47.5946363],[-122.329928,47.5942693]],[[-122.3297897,47.5947748],[-122.3298271,47.5946363]],[[-122.3296468,47.5952725],[-122.3297897,47.5947748]],[[-122.3294792,47.5959161],[-122.3296468,47.5952725]],[[-122.329433,47.5967621],[-122.3294792,47.5959161]],[[-122.329399,47.5975188],[-122.329433,47.5967621]],[[-122.3292955,47.5997048],[-122.329399,47.5975188]],[[-122.3292955,47.5997048],[-122.3292945,47.5997342]],[[-122.3292945,47.5997342],[-122.3292046,47.6006558]],[[-122.3292046,47.6006558],[-122.3292037,47.6007093]],[[-122.3292037,47.6007093],[-122.3292187,47.6017633],[-122.3294413,47.6022942],[-122.3334923,47.6067443],[-122.3340101,47.6071715],[-122.3350563,47.6075982],[-122.3433738,47.6095465]],[[-122.3521177,47.6136183],[-122.348942,47.6118549],[-122.3467603,47.6111605],[-122.3447733,47.610044],[-122.3433738,47.6095465]],[[-122.3536433,47.6145257],[-122.3521177,47.6136183]],[[-122.3551671,47.6154243],[-122.3536433,47.6145257]],[[-122.3551671,47.6154243],[-122.3558728,47.6158795]],[[-122.3558728,47.6158795],[-122.3749801,47.6306623]],[[-122.3749801,47.6306623],[-122.3774353,47.6325717]],[[-122.3774353,47.6325717],[-122.3778969,47.63293]],[[-122.3778969,47.63293],[-122.3798255,47.6344788],[-122.3803575,47.6353779],[-122.3804902,47.6362281],[-122.3805218,47.641884]],[[-122.3805218,47.641884],[-122.3805295,47.643497]],[[-122.3805295,47.643497],[-122.3805044,47.649287],[-122.3807999,47.6509607],[-122.381529,47.65221],[-122.3825094,47.6532924],[-122.3856816,47.6559625]],[[-122.3856816,47.6559625],[-122.3889011,47.6585465]],[[-122.3889011,47.6585465],[-122.389189,47.6587855]],[[-122.3981723,47.6632213],[-122.3948411,47.6621926],[-122.3927894,47.661323],[-122.3911641,47.6603563],[-122.389189,47.6587855]],[[-122.4013764,47.664751],[-122.4001992,47.6638746],[-122.3981723,47.6632213]],[[-122.4019117,47.665613],[-122.4013764,47.664751]],[[-122.4020657,47.6666678],[-122.4019117,47.665613]],[[-122.4020834,47.6675097],[-122.4020657,47.6666678]],[[-122.40224,47.6685041],[-122.4020834,47.6675097]],[[-122.40224,47.6685041],[-122.4023529,47.6688131]],[[-122.4023529,47.6688131],[-122.403288,47.6701949]],[[-122.403288,47.6701949],[-122.404702,47.6720387],[-122.4049979,47.6726454]],[[-122.4049979,47.6726454],[-122.4050952,47.6729629]],[[-122.4050952,47.6729629],[-122.4053373,47.6750459]],[[-122.4053373,47.6750459],[-122.4053455,47.6751696]],[[-122.4053455,47.6751696],[-122.405399,47.6764595],[-122.4052263,47.6775975],[-122.4049166,47.6784743],[-122.4040964,47.6799194]],[[-122.4021609,47.6859628],[-122.4022705,47.6843198],[-122.4025661,47.6828732],[-122.4029624,47.6818588],[-122.4040964,47.6799194]],[[-122.4021609,47.6859628],[-122.4020734,47.6878243]],[[-122.4020734,47.6878243],[-122.4020683,47.6880049]],[[-122.4033955,47.693433],[-122.4021196,47.690217],[-122.4020133,47.6895097],[-122.4020683,47.6880049]],[[-122.3992525,47.698981],[-122.4004759,47.6984737],[-122.4019317,47.6976528],[-122.4032195,47.6965384],[-122.4037503,47.6956663],[-122.4038618,47.6949976],[-122.4033955,47.693433]],[[-122.3936203,47.70099],[-122.3992525,47.698981]],[[-122.3931465,47.7011573],[-122.3936203,47.70099]],[[-122.3732523,47.7308314],[-122.3729876,47.7291009],[-122.3732971,47.7265015],[-122.3738682,47.7253957],[-122.3750529,47.7238662],[-122.3758481,47.72229],[-122.3760349,47.7215792],[-122.3759602,47.720362],[-122.3755599,47.7187248],[-122.3756773,47.7176405],[-122.3765152,47.7158669],[-122.3794431,47.7121794],[-122.3797574,47.7111984],[-122.379913,47.7094247],[-122.380381,47.7084504],[-122.3815408,47.7073461],[-122.3859001,47.7042029],[-122.3894995,47.7024614],[-122.3931465,47.7011573]],[[-122.381531,47.7517944],[-122.3822298,47.7489025],[-122.3822286,47.7480984],[-122.3820118,47.7473075],[-122.3815101,47.7464371],[-122.3769217,47.7401415],[-122.3737771,47.732604],[-122.3732523,47.7308314]],[[-122.3806095,47.7544888],[-122.3811493,47.7532761],[-122.381531,47.7517944]],[[-122.390698,47.7894361],[-122.3903061,47.787119],[-122.3904679,47.7855485],[-122.3908466,47.7847274],[-122.3933337,47.7806837],[-122.3936446,47.779676],[-122.3934617,47.7779659],[-122.3921758,47.7711145],[-122.391823,47.7704752],[-122.3912779,47.769861],[-122.3856086,47.7651564],[-122.3828087,47.7620665],[-122.3799042,47.7591424],[-122.3793881,47.7580854],[-122.3793561,47.7569011],[-122.3796594,47.756041],[-122.3806095,47.7544888]],[[-122.3940912,47.800765],[-122.3924004,47.7977611],[-122.3918768,47.7963082],[-122.390698,47.7894361]],[[-122.3932568,47.804485],[-122.3941084,47.8036187],[-122.3944431,47.8030307],[-122.394589,47.8024253],[-122.3945547,47.8018488],[-122.3940912,47.800765]],[[-122.393134,47.8045826],[-122.3932568,47.804485]],[[-122.3860126,47.8099766],[-122.393134,47.8045826]],[[-122.380834,47.8140975],[-122.3820771,47.8129826],[-122.3860126,47.8099766]],[[-122.36372681736935,47.8303281],[-122.368497,47.8262848],[-122.3743366,47.8210586],[-122.3756175,47.819738],[-122.3784534,47.8163757],[-122.380834,47.8140975]]]},"properties":{"kind":"route","category":"train_route","routeType":"train","osmId":"10571796","name":"Amtrak Cascades: Portland => Vancouver","ref":"Cascades","from":"Portland Union Station","to":"Vancouver Pacific Central","via":"Seattle King Street","network":"Amtrak","operator":"Amtrak","colour":"#288067"}},{"type":"Feature","geometry":{"type":"MultiLineString","coordinates":[[[-122.4286141,47.2392895],[-122.4264902,47.2395331],[-122.4256549,47.2395608],[-122.4261326,47.2394817],[-122.4286141,47.2392895]],[[-122.3293748,47.5993096],[-122.3294563,47.59931],[-122.3295364,47.5965299],[-122.3294736,47.5965281],[-122.3293748,47.5993096]],[[-122.5109433,47.1462523],[-122.5709856,47.1109814],[-122.5731839,47.1101627],[-122.5931459,47.10449573958323]],[[-122.5107401,47.1463721],[-122.5109433,47.1462523]],[[-122.5088108,47.1475157],[-122.5107401,47.1463721]],[[-122.5000967,47.1526186],[-122.5088108,47.1475157]],[[-122.4941724,47.1591693],[-122.4945156,47.1573949],[-122.4949505,47.1565121],[-122.4955728,47.1556828],[-122.4969672,47.1544812],[-122.5000967,47.1526186]],[[-122.4939101,47.1614939],[-122.4941724,47.1591693]],[[-122.4934479,47.1655148],[-122.4939101,47.1614939]],[[-122.4855138,47.1895221],[-122.4861405,47.187434],[-122.492929,47.169004],[-122.4934479,47.1655148]],[[-122.4849902,47.1969466],[-122.4847909,47.1954393],[-122.4848059,47.1935703],[-122.4855138,47.1895221]],[[-122.4850161,47.1971845],[-122.4849902,47.1969466]],[[-122.4850467,47.1974949],[-122.4850161,47.1971845]],[[-122.4660663,47.2331449],[-122.4718465,47.2318955],[-122.4735767,47.2313207],[-122.4750141,47.230626],[-122.4837342,47.2248647],[-122.4853099,47.223442],[-122.4862454,47.2221127],[-122.4868234,47.2205707],[-122.486947,47.2191705],[-122.4850467,47.1974949]],[[-122.4604486,47.2333649],[-122.4631454,47.2335091],[-122.4660663,47.2331449]],[[-122.4502847,47.2318916],[-122.4537262,47.2324779],[-122.4604486,47.2333649]],[[-122.4356474,47.2382691],[-122.4366203,47.2378529],[-122.4389833,47.2363436],[-122.4409587,47.2345314],[-122.4435786,47.2335342],[-122.4456793,47.2322728],[-122.4466795,47.2319693],[-122.4483513,47.2317837],[-122.4502847,47.2318916]],[[-122.4348657,47.2384874],[-122.4356474,47.2382691]],[[-122.433914,47.2387074],[-122.4348657,47.2384874]],[[-122.4336969,47.2387486],[-122.433914,47.2387074]],[[-122.4328026,47.2389039],[-122.4336969,47.2387486]],[[-122.4317275,47.2390349],[-122.4328026,47.2389039]],[[-122.4304602,47.239176],[-122.4317275,47.2390349]],[[-122.4304602,47.239176],[-122.4295931,47.2392261]],[[-122.4295931,47.2392261],[-122.4264973,47.2395504],[-122.4256673,47.239612]],[[-122.4256673,47.239612],[-122.4250159,47.2396544]],[[-122.4250159,47.2396544],[-122.4209448,47.2400703],[-122.4185259,47.240461]],[[-122.4153308,47.2407984],[-122.4185259,47.240461]],[[-122.4112157,47.2411102],[-122.4153308,47.2407984]],[[-122.4107152,47.2410914],[-122.4112157,47.2411102]],[[-122.409825,47.2409913],[-122.4107152,47.2410914]],[[-122.4096081,47.2409654],[-122.409825,47.2409913]],[[-122.4088852,47.2408899],[-122.4096081,47.2409654]],[[-122.4014225,47.2400692],[-122.4039771,47.240491],[-122.4088852,47.2408899]],[[-122.4010054,47.2399873],[-122.4014225,47.2400692]],[[-122.3957124,47.235627],[-122.3962517,47.2376007],[-122.3965891,47.2382578],[-122.396991,47.2386948],[-122.3982262,47.2393724],[-122.4010054,47.2399873]],[[-122.3786928,47.2214169],[-122.3808118,47.2224719],[-122.3819409,47.2234143],[-122.3825109,47.2243812],[-122.3839792,47.2278523],[-122.38468,47.2287776],[-122.3857451,47.229448],[-122.3864848,47.2297048],[-122.3914542,47.2306547],[-122.3926555,47.2310569],[-122.3934397,47.2314855],[-122.394388,47.232254],[-122.3949747,47.233117],[-122.3957124,47.235627]],[[-122.3509937,47.2034873],[-122.3688746,47.2167861],[-122.3699897,47.2174264],[-122.3786928,47.2214169]],[[-122.3477218,47.2019046],[-122.3495015,47.2024903],[-122.3509937,47.2034873]],[[-122.3417772,47.2008418],[-122.3477218,47.2019046]],[[-122.3415798,47.2008097],[-122.3417772,47.2008418]],[[-122.34015,47.2005581],[-122.3415798,47.2008097]],[[-122.335783,47.1997831],[-122.34015,47.2005581]],[[-122.2941988,47.1924278],[-122.335783,47.1997831]],[[-122.2921066,47.1920574],[-122.2941988,47.1924278]],[[-122.2710661,47.1883266],[-122.2921066,47.1920574]],[[-122.254616,47.1927064],[-122.2570498,47.1905667],[-122.2583039,47.1896647],[-122.2598349,47.1888749],[-122.2620624,47.1881275],[-122.2637552,47.1878066],[-122.2659655,47.1876703],[-122.2683526,47.1878535],[-122.2710661,47.1883266]],[[-122.25161,47.1953255],[-122.254616,47.1927064]],[[-122.2506227,47.1961875],[-122.25161,47.1953255]],[[-122.2498612,47.1968449],[-122.2506227,47.1961875]],[[-122.2490054,47.1975988],[-122.2498612,47.1968449]],[[-122.248616,47.197937],[-122.2490054,47.1975988]],[[-122.2475533,47.1988616],[-122.248616,47.197937]],[[-122.2473096,47.1990785],[-122.2475533,47.1988616]],[[-122.2277172,47.217274],[-122.2283447,47.2160299],[-122.2296191,47.2145183],[-122.2473096,47.1990785]],[[-122.2276284,47.2175276],[-122.2277172,47.217274]],[[-122.2284368,47.2381057],[-122.227362,47.2193835],[-122.2276284,47.2175276]],[[-122.2284508,47.2383231],[-122.2284368,47.2381057]],[[-122.2295122,47.2574073],[-122.2284508,47.2383231]],[[-122.2295207,47.257602],[-122.2295122,47.2574073]],[[-122.2299781,47.2655833],[-122.2295207,47.257602]],[[-122.2300052,47.2661533],[-122.2299781,47.2655833]],[[-122.2300544,47.2674972],[-122.2300052,47.2661533]],[[-122.2302229,47.270474],[-122.2300544,47.2674972]],[[-122.2302928,47.2718145],[-122.2302229,47.270474]],[[-122.2303149,47.2720809],[-122.2302928,47.2718145]],[[-122.2305516,47.2757592],[-122.2303149,47.2720809]],[[-122.2307004,47.2788198],[-122.2305516,47.2757592]],[[-122.2323095,47.3125528],[-122.2322357,47.3056162],[-122.2307004,47.2788198]],[[-122.2323207,47.3153634],[-122.2323095,47.3125528]],[[-122.232643,47.3493037],[-122.2323207,47.3153634]],[[-122.2327609,47.3610083],[-122.232643,47.3493037]],[[-122.2327609,47.3610083],[-122.2327684,47.3614944]],[[-122.2327684,47.3614944],[-122.2327929,47.3631694]],[[-122.2327929,47.3631694],[-122.2327967,47.3634677]],[[-122.2327967,47.3634677],[-122.2328391,47.3700809]],[[-122.2328391,47.3700809],[-122.2328442,47.3705487]],[[-122.2328442,47.3705487],[-122.2328878,47.3734814]],[[-122.2328878,47.3734814],[-122.2330383,47.3894546]],[[-122.2330383,47.3894546],[-122.2330223,47.3946782],[-122.2332,47.3962603],[-122.2381149,47.422947]],[[-122.2381149,47.422947],[-122.2386525,47.4259308]],[[-122.2386525,47.4259308],[-122.2407967,47.4375307],[-122.2409172,47.4387146]],[[-122.2409172,47.4387146],[-122.2409255,47.4389808]],[[-122.2409255,47.4389808],[-122.2408822,47.4411034]],[[-122.2408822,47.4411034],[-122.2408772,47.4413027]],[[-122.2408772,47.4413027],[-122.2405752,47.4518068]],[[-122.2405752,47.4518068],[-122.2406051,47.4532129]],[[-122.2406051,47.4532129],[-122.2405899,47.4534975]],[[-122.2406091,47.454768],[-122.2405899,47.4534975]],[[-122.2405602,47.4568286],[-122.2406091,47.454768]],[[-122.2405621,47.4571019],[-122.2405602,47.4568286]],[[-122.2404446,47.4610947],[-122.2405621,47.4571019]],[[-122.2404379,47.4612931],[-122.2404446,47.4610947]],[[-122.2404125,47.4622179],[-122.2404379,47.4612931]],[[-122.2422639,47.466384],[-122.2412126,47.4652544],[-122.2407843,47.4645299],[-122.2404775,47.4636275],[-122.2404125,47.4622179]],[[-122.2433216,47.4674708],[-122.2422639,47.466384]],[[-122.244444,47.4685581],[-122.2433216,47.4674708]],[[-122.245777,47.4698498],[-122.244444,47.4685581]],[[-122.2461614,47.4702221],[-122.245777,47.4698498]],[[-122.2461614,47.4702221],[-122.2472501,47.4713399]],[[-122.2498046,47.4741223],[-122.2472501,47.4713399]],[[-122.250197,47.4744975],[-122.2498046,47.4741223]],[[-122.250197,47.4744975],[-122.2523682,47.4768398]],[[-122.2523682,47.4768398],[-122.2568042,47.4826668],[-122.2584963,47.4840023],[-122.2610897,47.4854538]],[[-122.2610897,47.4854538],[-122.2624417,47.4863592],[-122.2637792,47.487569],[-122.2678166,47.4932221],[-122.2770566,47.5009141],[-122.2828636,47.5066106],[-122.2843569,47.5084711],[-122.2855608,47.5104482]],[[-122.2855608,47.5104482],[-122.2896494,47.5175458]],[[-122.2896494,47.5175458],[-122.2902978,47.5187266],[-122.296532,47.5321107]],[[-122.296532,47.5321107],[-122.2974962,47.5337424],[-122.2987469,47.535106],[-122.3114404,47.5458407],[-122.314531,47.548647]],[[-122.314531,47.548647],[-122.316704,47.5506701]],[[-122.316704,47.5506701],[-122.319196,47.553084]],[[-122.319196,47.553084],[-122.3204797,47.5543438]],[[-122.3204797,47.5543438],[-122.321783,47.5555489],[-122.3306765,47.5625233],[-122.3314687,47.563662],[-122.3316494,47.564326],[-122.331682,47.565186]],[[-122.331682,47.565186],[-122.3316797,47.5708479]],[[-122.3316797,47.5708479],[-122.3316784,47.5722202]],[[-122.3316784,47.5722202],[-122.3316768,47.5733185]],[[-122.3316768,47.5733185],[-122.3316791,47.5750454],[-122.3319736,47.5775103]],[[-122.3319736,47.5775103],[-122.3318838,47.5816337],[-122.3315566,47.5825206],[-122.3305453,47.5843463],[-122.3302998,47.5851961],[-122.3302814,47.5889868]],[[-122.3302814,47.5889868],[-122.3302747,47.589306]],[[-122.3303292,47.590262],[-122.3302747,47.589306]],[[-122.330313,47.5924596],[-122.3303292,47.590262]],[[-122.330255,47.592775],[-122.330313,47.5924596]],[[-122.3301527,47.5931556],[-122.330255,47.592775]],[[-122.329928,47.5942693],[-122.3301527,47.5931556]],[[-122.3298271,47.5946363],[-122.329928,47.5942693]],[[-122.3297897,47.5947748],[-122.3298271,47.5946363]],[[-122.3296468,47.5952725],[-122.3297897,47.5947748]],[[-122.3294792,47.5959161],[-122.3296468,47.5952725]],[[-122.329433,47.5967621],[-122.3294792,47.5959161]],[[-122.329399,47.5975188],[-122.329433,47.5967621]]]},"properties":{"kind":"route","category":"train_route","routeType":"train","osmId":"10945389","name":"Amtrak Cascades: Portland => Seattle","ref":"Cascades","from":"Portland Union Station","to":"Seattle King Street","via":"","network":"Amtrak","operator":"Amtrak","colour":"#288067"}},{"type":"Feature","geometry":{"type":"MultiLineString","coordinates":[[[-122.3846513,47.8109967],[-122.384294,47.8111665],[-122.3827197,47.8124216],[-122.382767,47.812438],[-122.3846513,47.8109967]],[[-122.3296579,47.5990068],[-122.3295602,47.5990052],[-122.3296374,47.5961296],[-122.3297042,47.5961308],[-122.3296579,47.5990068]],[[-122.380834,47.8140975],[-122.3784856,47.8164099],[-122.3758832,47.8195153],[-122.3743525,47.821115],[-122.3685339,47.8263153],[-122.36380524812887,47.8303281]],[[-122.380834,47.8140975],[-122.3820771,47.8129826],[-122.3860126,47.8099766]],[[-122.3860126,47.8099766],[-122.393134,47.8045826]],[[-122.393134,47.8045826],[-122.3932568,47.804485]],[[-122.3932568,47.804485],[-122.3941084,47.8036187],[-122.3944431,47.8030307],[-122.394589,47.8024253],[-122.3945547,47.8018488],[-122.3940912,47.800765]],[[-122.3940912,47.800765],[-122.3924004,47.7977611],[-122.3918768,47.7963082],[-122.390698,47.7894361]],[[-122.390698,47.7894361],[-122.390368,47.7866449],[-122.3905815,47.7854468],[-122.393414,47.7806632],[-122.3937098,47.7796795],[-122.393592,47.7783357],[-122.39224,47.7711037],[-122.3913361,47.7698362],[-122.3856609,47.7651356],[-122.3828595,47.7620431],[-122.3799541,47.7591179],[-122.3794506,47.7580879],[-122.3794112,47.7569055],[-122.3797211,47.7560563],[-122.3806649,47.7544985]],[[-122.3806649,47.7544985],[-122.3812046,47.7532843]],[[-122.3812046,47.7532843],[-122.3815897,47.751801]],[[-122.3815897,47.751801],[-122.382301,47.7488729],[-122.3823096,47.7482131],[-122.3820928,47.7473461],[-122.381565,47.7464248],[-122.3782135,47.7419556],[-122.3769898,47.7401334],[-122.3738452,47.7325959],[-122.3733285,47.7308287]],[[-122.3733285,47.7308287],[-122.3730623,47.7290938],[-122.3733825,47.7265159],[-122.3739376,47.7254136],[-122.3751116,47.7238949],[-122.3759175,47.7222937],[-122.3761096,47.7215863],[-122.3760295,47.7203584],[-122.3756293,47.7187284],[-122.375752,47.7176549],[-122.3766433,47.7158065],[-122.3795028,47.7121907],[-122.3798221,47.7112025],[-122.379985,47.7094247],[-122.380449,47.7084557],[-122.3814928,47.7074445],[-122.385952,47.7042406],[-122.3887196,47.7028356],[-122.3914312,47.7018089]],[[-122.3914312,47.7018089],[-122.3954034,47.7004133]],[[-122.3954034,47.7004133],[-122.3992776,47.6990201]],[[-122.3992776,47.6990201],[-122.402041,47.6976937],[-122.4032955,47.6965599],[-122.4038157,47.6956788],[-122.4039277,47.6949929],[-122.4038809,47.6945446],[-122.403458,47.6934008]],[[-122.403458,47.6934008],[-122.4021832,47.6902108],[-122.4020769,47.6895068],[-122.402127,47.6879977]],[[-122.402127,47.6879977],[-122.4021351,47.6878261]],[[-122.4021351,47.6878261],[-122.4023113,47.6845102],[-122.4024985,47.6833728],[-122.403021,47.6818773],[-122.404793,47.6788608],[-122.4051586,47.6780227],[-122.4054368,47.6767689],[-122.4054055,47.6751716]],[[-122.4054055,47.6751716],[-122.4053954,47.675047]],[[-122.4053954,47.675047],[-122.4051594,47.6729495]],[[-122.4051594,47.6729495],[-122.405055,47.672634]],[[-122.405055,47.672634],[-122.4047642,47.6720204],[-122.4033621,47.670171]],[[-122.4033621,47.670171],[-122.402411,47.6688002]],[[-122.402411,47.6688002],[-122.4023004,47.6684978]],[[-122.4023004,47.6684978],[-122.4021503,47.6675062]],[[-122.4021503,47.6675062],[-122.4021233,47.6666811]],[[-122.4021233,47.6666811],[-122.40198,47.665629]],[[-122.40198,47.665629],[-122.4014463,47.6647306]],[[-122.4014463,47.6647306],[-122.40022,47.663842],[-122.3982034,47.6631661]],[[-122.3982034,47.6631661],[-122.3951915,47.6622652],[-122.3933196,47.6615093],[-122.3911987,47.660302],[-122.3892368,47.6587617]],[[-122.3892368,47.6587617],[-122.3882121,47.6579033]],[[-122.3882121,47.6579033],[-122.3879456,47.6576917]],[[-122.3879456,47.6576917],[-122.3861832,47.6562701]],[[-122.3861832,47.6562701],[-122.3857266,47.655949]],[[-122.3857266,47.655949],[-122.3824321,47.6531373],[-122.381554,47.6521411],[-122.3810009,47.6512486],[-122.3806312,47.6500002],[-122.3805911,47.644812]],[[-122.3805911,47.644812],[-122.3805767,47.6405676]],[[-122.3805767,47.6405676],[-122.3805064,47.635657],[-122.3800658,47.6346407],[-122.379115,47.633761]],[[-122.379115,47.633761],[-122.3775306,47.6325349]],[[-122.3775306,47.6325349],[-122.3770022,47.6321237]],[[-122.3770022,47.6321237],[-122.3762651,47.6315513]],[[-122.3762651,47.6315513],[-122.3565943,47.6163413]],[[-122.3565943,47.6163413],[-122.355911,47.6158398]],[[-122.355911,47.6158398],[-122.3530262,47.6141008]],[[-122.3530262,47.6141008],[-122.3528226,47.6139825]],[[-122.3528226,47.6139825],[-122.3489722,47.6118227],[-122.3467945,47.6111303],[-122.344807,47.6100185],[-122.3433947,47.6095083]],[[-122.3433947,47.6095083],[-122.3350959,47.6075644],[-122.3340498,47.6071377],[-122.3335365,47.6067154],[-122.3295018,47.6022827],[-122.3292792,47.6017518],[-122.3292637,47.6007101]],[[-122.3292637,47.6006547],[-122.3292637,47.6007101]],[[-122.3292637,47.6006547],[-122.3293237,47.600256]],[[-122.3293237,47.600256],[-122.3295445,47.5987819]],[[-122.3295445,47.5987819],[-122.329569,47.5975188]]]},"properties":{"kind":"route","category":"train_route","routeType":"train","osmId":"10945391","name":"Amtrak Cascades: Vancouver => Seattle","ref":"Cascades","from":"Vancouver Pacific Central","to":"Seattle King Street","via":"","network":"Amtrak","operator":"Amtrak","colour":"#288067"}},{"type":"Feature","geometry":{"type":"MultiLineString","coordinates":[[[-122.3293748,47.5993096],[-122.3294563,47.59931],[-122.3295364,47.5965299],[-122.3294736,47.5965281],[-122.3293748,47.5993096]],[[-122.3846513,47.8109967],[-122.384294,47.8111665],[-122.3827197,47.8124216],[-122.382767,47.812438],[-122.3846513,47.8109967]],[[-122.3292955,47.5997048],[-122.329399,47.5975188]],[[-122.3292955,47.5997048],[-122.3292945,47.5997342]],[[-122.3292945,47.5997342],[-122.3292046,47.6006558]],[[-122.3292046,47.6006558],[-122.3292037,47.6007093]],[[-122.3292037,47.6007093],[-122.3292187,47.6017633],[-122.3294413,47.6022942],[-122.3334923,47.6067443],[-122.3340101,47.6071715],[-122.3350563,47.6075982],[-122.3433738,47.6095465]],[[-122.3521177,47.6136183],[-122.348942,47.6118549],[-122.3467603,47.6111605],[-122.3447733,47.610044],[-122.3433738,47.6095465]],[[-122.3536433,47.6145257],[-122.3521177,47.6136183]],[[-122.3551671,47.6154243],[-122.3536433,47.6145257]],[[-122.3551671,47.6154243],[-122.3558728,47.6158795]],[[-122.3558728,47.6158795],[-122.3749801,47.6306623]],[[-122.3749801,47.6306623],[-122.3774353,47.6325717]],[[-122.3774353,47.6325717],[-122.3778969,47.63293]],[[-122.3778969,47.63293],[-122.3798255,47.6344788],[-122.3803575,47.6353779],[-122.3804902,47.6362281],[-122.3805218,47.641884]],[[-122.3805218,47.641884],[-122.3805295,47.643497]],[[-122.3805295,47.643497],[-122.3805044,47.649287],[-122.3807999,47.6509607],[-122.381529,47.65221],[-122.3825094,47.6532924],[-122.3856816,47.6559625]],[[-122.3856816,47.6559625],[-122.3889011,47.6585465]],[[-122.3889011,47.6585465],[-122.389189,47.6587855]],[[-122.3981723,47.6632213],[-122.3948411,47.6621926],[-122.3927894,47.661323],[-122.3911641,47.6603563],[-122.389189,47.6587855]],[[-122.4013764,47.664751],[-122.4001992,47.6638746],[-122.3981723,47.6632213]],[[-122.4019117,47.665613],[-122.4013764,47.664751]],[[-122.4020657,47.6666678],[-122.4019117,47.665613]],[[-122.4020834,47.6675097],[-122.4020657,47.6666678]],[[-122.40224,47.6685041],[-122.4020834,47.6675097]],[[-122.40224,47.6685041],[-122.4023529,47.6688131]],[[-122.4023529,47.6688131],[-122.403288,47.6701949]],[[-122.403288,47.6701949],[-122.404702,47.6720387],[-122.4049979,47.6726454]],[[-122.4049979,47.6726454],[-122.4050952,47.6729629]],[[-122.4050952,47.6729629],[-122.4053373,47.6750459]],[[-122.4053373,47.6750459],[-122.4053455,47.6751696]],[[-122.4053455,47.6751696],[-122.405399,47.6764595],[-122.4052263,47.6775975],[-122.4049166,47.6784743],[-122.4040964,47.6799194]],[[-122.4021609,47.6859628],[-122.4022705,47.6843198],[-122.4025661,47.6828732],[-122.4029624,47.6818588],[-122.4040964,47.6799194]],[[-122.4021609,47.6859628],[-122.4020734,47.6878243]],[[-122.4020734,47.6878243],[-122.4020683,47.6880049]],[[-122.4033955,47.693433],[-122.4021196,47.690217],[-122.4020133,47.6895097],[-122.4020683,47.6880049]],[[-122.3992525,47.698981],[-122.4004759,47.6984737],[-122.4019317,47.6976528],[-122.4032195,47.6965384],[-122.4037503,47.6956663],[-122.4038618,47.6949976],[-122.4033955,47.693433]],[[-122.3936203,47.70099],[-122.3992525,47.698981]],[[-122.3931465,47.7011573],[-122.3936203,47.70099]],[[-122.3732523,47.7308314],[-122.3729876,47.7291009],[-122.3732971,47.7265015],[-122.3738682,47.7253957],[-122.3750529,47.7238662],[-122.3758481,47.72229],[-122.3760349,47.7215792],[-122.3759602,47.720362],[-122.3755599,47.7187248],[-122.3756773,47.7176405],[-122.3765152,47.7158669],[-122.3794431,47.7121794],[-122.3797574,47.7111984],[-122.379913,47.7094247],[-122.380381,47.7084504],[-122.3815408,47.7073461],[-122.3859001,47.7042029],[-122.3894995,47.7024614],[-122.3931465,47.7011573]],[[-122.381531,47.7517944],[-122.3822298,47.7489025],[-122.3822286,47.7480984],[-122.3820118,47.7473075],[-122.3815101,47.7464371],[-122.3769217,47.7401415],[-122.3737771,47.732604],[-122.3732523,47.7308314]],[[-122.3806095,47.7544888],[-122.3811493,47.7532761],[-122.381531,47.7517944]],[[-122.390698,47.7894361],[-122.3903061,47.787119],[-122.3904679,47.7855485],[-122.3908466,47.7847274],[-122.3933337,47.7806837],[-122.3936446,47.779676],[-122.3934617,47.7779659],[-122.3921758,47.7711145],[-122.391823,47.7704752],[-122.3912779,47.769861],[-122.3856086,47.7651564],[-122.3828087,47.7620665],[-122.3799042,47.7591424],[-122.3793881,47.7580854],[-122.3793561,47.7569011],[-122.3796594,47.756041],[-122.3806095,47.7544888]],[[-122.3940912,47.800765],[-122.3924004,47.7977611],[-122.3918768,47.7963082],[-122.390698,47.7894361]],[[-122.3932568,47.804485],[-122.3941084,47.8036187],[-122.3944431,47.8030307],[-122.394589,47.8024253],[-122.3945547,47.8018488],[-122.3940912,47.800765]],[[-122.393134,47.8045826],[-122.3932568,47.804485]],[[-122.3860126,47.8099766],[-122.393134,47.8045826]],[[-122.380834,47.8140975],[-122.3820771,47.8129826],[-122.3860126,47.8099766]],[[-122.36372681736935,47.8303281],[-122.368497,47.8262848],[-122.3743366,47.8210586],[-122.3756175,47.819738],[-122.3784534,47.8163757],[-122.380834,47.8140975]]]},"properties":{"kind":"route","category":"train_route","routeType":"train","osmId":"10945392","name":"Amtrak Cascades: Seattle => Vancouver","ref":"Cascades","from":"Seattle King Street","to":"Vancouver Pacific Central","via":"","network":"Amtrak","operator":"Amtrak","colour":"#288067"}},{"type":"Feature","geometry":{"type":"MultiLineString","coordinates":[[[-122.4286141,47.2392895],[-122.4264902,47.2395331],[-122.4256549,47.2395608],[-122.4261326,47.2394817],[-122.4286141,47.2392895]],[[-122.3293748,47.5993096],[-122.3294563,47.59931],[-122.3295364,47.5965299],[-122.3294736,47.5965281],[-122.3293748,47.5993096]],[[-122.5109433,47.1462523],[-122.5709856,47.1109814],[-122.5731839,47.1101627],[-122.5931459,47.10449573958323]],[[-122.5107401,47.1463721],[-122.5109433,47.1462523]],[[-122.5088108,47.1475157],[-122.5107401,47.1463721]],[[-122.5000967,47.1526186],[-122.5088108,47.1475157]],[[-122.4941724,47.1591693],[-122.4945156,47.1573949],[-122.4949505,47.1565121],[-122.4955728,47.1556828],[-122.4969672,47.1544812],[-122.5000967,47.1526186]],[[-122.4939101,47.1614939],[-122.4941724,47.1591693]],[[-122.4934479,47.1655148],[-122.4939101,47.1614939]],[[-122.4855138,47.1895221],[-122.4861405,47.187434],[-122.492929,47.169004],[-122.4934479,47.1655148]],[[-122.4849902,47.1969466],[-122.4847909,47.1954393],[-122.4848059,47.1935703],[-122.4855138,47.1895221]],[[-122.4850161,47.1971845],[-122.4849902,47.1969466]],[[-122.4850467,47.1974949],[-122.4850161,47.1971845]],[[-122.4660663,47.2331449],[-122.4718465,47.2318955],[-122.4735767,47.2313207],[-122.4750141,47.230626],[-122.4837342,47.2248647],[-122.4853099,47.223442],[-122.4862454,47.2221127],[-122.4868234,47.2205707],[-122.486947,47.2191705],[-122.4850467,47.1974949]],[[-122.4604486,47.2333649],[-122.4631454,47.2335091],[-122.4660663,47.2331449]],[[-122.4502847,47.2318916],[-122.4537262,47.2324779],[-122.4604486,47.2333649]],[[-122.4356474,47.2382691],[-122.4366203,47.2378529],[-122.4389833,47.2363436],[-122.4409587,47.2345314],[-122.4435786,47.2335342],[-122.4456793,47.2322728],[-122.4466795,47.2319693],[-122.4483513,47.2317837],[-122.4502847,47.2318916]],[[-122.4348657,47.2384874],[-122.4356474,47.2382691]],[[-122.433914,47.2387074],[-122.4348657,47.2384874]],[[-122.4336969,47.2387486],[-122.433914,47.2387074]],[[-122.4328026,47.2389039],[-122.4336969,47.2387486]],[[-122.4317275,47.2390349],[-122.4328026,47.2389039]],[[-122.4304602,47.239176],[-122.4317275,47.2390349]],[[-122.4304602,47.239176],[-122.4295931,47.2392261]],[[-122.4295931,47.2392261],[-122.4264973,47.2395504],[-122.4256673,47.239612]],[[-122.4256673,47.239612],[-122.4250159,47.2396544]],[[-122.4250159,47.2396544],[-122.4209448,47.2400703],[-122.4185259,47.240461]],[[-122.4153308,47.2407984],[-122.4185259,47.240461]],[[-122.4112157,47.2411102],[-122.4153308,47.2407984]],[[-122.4107152,47.2410914],[-122.4112157,47.2411102]],[[-122.409825,47.2409913],[-122.4107152,47.2410914]],[[-122.4096081,47.2409654],[-122.409825,47.2409913]],[[-122.4088852,47.2408899],[-122.4096081,47.2409654]],[[-122.4014225,47.2400692],[-122.4039771,47.240491],[-122.4088852,47.2408899]],[[-122.4010054,47.2399873],[-122.4014225,47.2400692]],[[-122.3957124,47.235627],[-122.3962517,47.2376007],[-122.3965891,47.2382578],[-122.396991,47.2386948],[-122.3982262,47.2393724],[-122.4010054,47.2399873]],[[-122.3786928,47.2214169],[-122.3808118,47.2224719],[-122.3819409,47.2234143],[-122.3825109,47.2243812],[-122.3839792,47.2278523],[-122.38468,47.2287776],[-122.3857451,47.229448],[-122.3864848,47.2297048],[-122.3914542,47.2306547],[-122.3926555,47.2310569],[-122.3934397,47.2314855],[-122.394388,47.232254],[-122.3949747,47.233117],[-122.3957124,47.235627]],[[-122.3509937,47.2034873],[-122.3688746,47.2167861],[-122.3699897,47.2174264],[-122.3786928,47.2214169]],[[-122.3477218,47.2019046],[-122.3495015,47.2024903],[-122.3509937,47.2034873]],[[-122.3417772,47.2008418],[-122.3477218,47.2019046]],[[-122.3415798,47.2008097],[-122.3417772,47.2008418]],[[-122.34015,47.2005581],[-122.3415798,47.2008097]],[[-122.335783,47.1997831],[-122.34015,47.2005581]],[[-122.2941988,47.1924278],[-122.335783,47.1997831]],[[-122.2921066,47.1920574],[-122.2941988,47.1924278]],[[-122.2710661,47.1883266],[-122.2921066,47.1920574]],[[-122.254616,47.1927064],[-122.2570498,47.1905667],[-122.2583039,47.1896647],[-122.2598349,47.1888749],[-122.2620624,47.1881275],[-122.2637552,47.1878066],[-122.2659655,47.1876703],[-122.2683526,47.1878535],[-122.2710661,47.1883266]],[[-122.25161,47.1953255],[-122.254616,47.1927064]],[[-122.2506227,47.1961875],[-122.25161,47.1953255]],[[-122.2498612,47.1968449],[-122.2506227,47.1961875]],[[-122.2490054,47.1975988],[-122.2498612,47.1968449]],[[-122.248616,47.197937],[-122.2490054,47.1975988]],[[-122.2475533,47.1988616],[-122.248616,47.197937]],[[-122.2473096,47.1990785],[-122.2475533,47.1988616]],[[-122.2277172,47.217274],[-122.2283447,47.2160299],[-122.2296191,47.2145183],[-122.2473096,47.1990785]],[[-122.2276284,47.2175276],[-122.2277172,47.217274]],[[-122.2284368,47.2381057],[-122.227362,47.2193835],[-122.2276284,47.2175276]],[[-122.2284508,47.2383231],[-122.2284368,47.2381057]],[[-122.2295122,47.2574073],[-122.2284508,47.2383231]],[[-122.2295207,47.257602],[-122.2295122,47.2574073]],[[-122.2299781,47.2655833],[-122.2295207,47.257602]],[[-122.2300052,47.2661533],[-122.2299781,47.2655833]],[[-122.2300544,47.2674972],[-122.2300052,47.2661533]],[[-122.2302229,47.270474],[-122.2300544,47.2674972]],[[-122.2302928,47.2718145],[-122.2302229,47.270474]],[[-122.2303149,47.2720809],[-122.2302928,47.2718145]],[[-122.2305516,47.2757592],[-122.2303149,47.2720809]],[[-122.2307004,47.2788198],[-122.2305516,47.2757592]],[[-122.2323095,47.3125528],[-122.2322357,47.3056162],[-122.2307004,47.2788198]],[[-122.2323207,47.3153634],[-122.2323095,47.3125528]],[[-122.232643,47.3493037],[-122.2323207,47.3153634]],[[-122.2327609,47.3610083],[-122.232643,47.3493037]],[[-122.2327609,47.3610083],[-122.2327684,47.3614944]],[[-122.2327684,47.3614944],[-122.2327929,47.3631694]],[[-122.2327929,47.3631694],[-122.2327967,47.3634677]],[[-122.2327967,47.3634677],[-122.2328391,47.3700809]],[[-122.2328391,47.3700809],[-122.2328442,47.3705487]],[[-122.2328442,47.3705487],[-122.2328878,47.3734814]],[[-122.2328878,47.3734814],[-122.2330383,47.3894546]],[[-122.2330383,47.3894546],[-122.2330223,47.3946782],[-122.2332,47.3962603],[-122.2381149,47.422947]],[[-122.2381149,47.422947],[-122.2386525,47.4259308]],[[-122.2386525,47.4259308],[-122.2407967,47.4375307],[-122.2409172,47.4387146]],[[-122.2409172,47.4387146],[-122.2409255,47.4389808]],[[-122.2409255,47.4389808],[-122.2408822,47.4411034]],[[-122.2408822,47.4411034],[-122.2408772,47.4413027]],[[-122.2408772,47.4413027],[-122.2405752,47.4518068]],[[-122.2405752,47.4518068],[-122.2404285,47.4568316]],[[-122.2404198,47.4571041],[-122.2404285,47.4568316]],[[-122.2403151,47.4610929],[-122.2404198,47.4571041]],[[-122.2403099,47.4612916],[-122.2403151,47.4610929]],[[-122.2402857,47.4622129],[-122.2403099,47.4612916]],[[-122.2425509,47.4667996],[-122.2414036,47.465656],[-122.2406633,47.4645571],[-122.2403026,47.4633549],[-122.2402857,47.4622129]],[[-122.243264,47.46749],[-122.2425509,47.4667996]],[[-122.2472501,47.4713399],[-122.243264,47.46749]],[[-122.2498046,47.4741223],[-122.2472501,47.4713399]],[[-122.250197,47.4744975],[-122.2498046,47.4741223]],[[-122.250197,47.4744975],[-122.2523682,47.4768398]],[[-122.2523682,47.4768398],[-122.2568042,47.4826668],[-122.2584963,47.4840023],[-122.2610897,47.4854538]],[[-122.2610897,47.4854538],[-122.2624417,47.4863592],[-122.2637792,47.487569],[-122.2678166,47.4932221],[-122.2770566,47.5009141],[-122.2828636,47.5066106],[-122.2843569,47.5084711],[-122.2855608,47.5104482]],[[-122.2855608,47.5104482],[-122.2896494,47.5175458]],[[-122.2896494,47.5175458],[-122.2902978,47.5187266],[-122.296532,47.5321107]],[[-122.296532,47.5321107],[-122.2974962,47.5337424],[-122.2987469,47.535106],[-122.3114404,47.5458407],[-122.314531,47.548647]],[[-122.314531,47.548647],[-122.316704,47.5506701]],[[-122.316704,47.5506701],[-122.319196,47.553084]],[[-122.319196,47.553084],[-122.3204797,47.5543438]],[[-122.3204797,47.5543438],[-122.321783,47.5555489],[-122.3306765,47.5625233],[-122.3314687,47.563662],[-122.3316494,47.564326],[-122.331682,47.565186]],[[-122.331682,47.565186],[-122.3316797,47.5708479]],[[-122.3316797,47.5708479],[-122.3316784,47.5722202]],[[-122.3316784,47.5722202],[-122.3316768,47.5733185]],[[-122.3316768,47.5733185],[-122.3316791,47.5750454],[-122.3319736,47.5775103]],[[-122.3319736,47.5775103],[-122.3318838,47.5816337],[-122.3315566,47.5825206],[-122.3305453,47.5843463],[-122.3302998,47.5851961],[-122.3302814,47.5889868]],[[-122.3302814,47.5889868],[-122.3302747,47.589306]],[[-122.3303292,47.590262],[-122.3302747,47.589306]],[[-122.330313,47.5924596],[-122.3303292,47.590262]],[[-122.330255,47.592775],[-122.330313,47.5924596]],[[-122.3301527,47.5931556],[-122.330255,47.592775]],[[-122.329928,47.5942693],[-122.3301527,47.5931556]],[[-122.3298271,47.5946363],[-122.329928,47.5942693]],[[-122.3297897,47.5947748],[-122.3298271,47.5946363]],[[-122.3296468,47.5952725],[-122.3297897,47.5947748]],[[-122.3294792,47.5959161],[-122.3296468,47.5952725]],[[-122.329433,47.5967621],[-122.3294792,47.5959161]],[[-122.329399,47.5975188],[-122.329433,47.5967621]]]},"properties":{"kind":"route","category":"train_route","routeType":"train","osmId":"10945393","name":"Amtrak Cascades: Eugene => Seattle","ref":"Cascades","from":"Eugene-Springfield","to":"Seattle King Street","via":"Portland Union Station","network":"Amtrak","operator":"Amtrak","colour":"#288067"}},{"type":"Feature","geometry":{"type":"MultiLineString","coordinates":[[[-122.3296579,47.5990068],[-122.3295602,47.5990052],[-122.3296374,47.5961296],[-122.3297042,47.5961308],[-122.3296579,47.5990068]],[[-122.4286425,47.239405],[-122.4286379,47.2393762],[-122.4260392,47.2396481]],[[-122.4260392,47.2396481],[-122.4262251,47.2396748],[-122.4286425,47.239405]],[[-122.4260392,47.2396481],[-122.4238535,47.2398264],[-122.4233709,47.2398779],[-122.4233874,47.2399436],[-122.4260392,47.2396481]],[[-122.329569,47.5975188],[-122.329611,47.5961656]],[[-122.329611,47.5961656],[-122.3297099,47.5953485]],[[-122.3297154,47.5953033],[-122.3297099,47.5953485]],[[-122.3297897,47.5947748],[-122.3297154,47.5953033]],[[-122.3297897,47.5947748],[-122.3298271,47.5946363]],[[-122.3298271,47.5946363],[-122.329928,47.5942693]],[[-122.329928,47.5942693],[-122.3303828,47.5926342]],[[-122.3303828,47.5926342],[-122.3303933,47.5924625]],[[-122.3303933,47.5924625],[-122.3303835,47.5901828]],[[-122.3303835,47.5901828],[-122.330398,47.5865122]],[[-122.330398,47.5865122],[-122.3303965,47.5861535]],[[-122.3320935,47.5775103],[-122.3320312,47.5814603],[-122.3316649,47.5825574],[-122.3305035,47.5847814],[-122.3303965,47.5861535]],[[-122.3318092,47.5746158],[-122.3320935,47.5775103]],[[-122.3318045,47.5733197],[-122.3318092,47.5746158]],[[-122.331805,47.569871],[-122.3318045,47.5733197]],[[-122.3318016,47.5673481],[-122.331805,47.569871]],[[-122.3318016,47.5673481],[-122.3317591,47.5641405],[-122.3315393,47.5634726],[-122.3310804,47.5627877],[-122.3294872,47.5614007],[-122.3227685,47.5561457]],[[-122.3227685,47.5561457],[-122.3210801,47.5547524],[-122.3193,47.553043]],[[-122.3193,47.553043],[-122.3190068,47.5527439]],[[-122.3190068,47.5527439],[-122.31682,47.5506113]],[[-122.31682,47.5506113],[-122.316635,47.550436]],[[-122.316635,47.550436],[-122.3136289,47.5476356]],[[-122.3136289,47.5476356],[-122.3116008,47.5457866],[-122.299271,47.535389],[-122.2974462,47.5334383],[-122.296688,47.5320634],[-122.2906249,47.5190331],[-122.288206,47.5148073]],[[-122.288206,47.5148073],[-122.2872216,47.5131096]],[[-122.2872216,47.5131096],[-122.2844781,47.5084128],[-122.282893,47.5064348],[-122.2771672,47.5008455],[-122.268466,47.4936524],[-122.2672599,47.4922579],[-122.2641935,47.487789],[-122.2630707,47.4866976],[-122.2611749,47.4853899]],[[-122.2611749,47.4853899],[-122.2586092,47.4839693],[-122.2570242,47.482658],[-122.2531318,47.4772472],[-122.2505398,47.474411]],[[-122.2505398,47.474411],[-122.2501185,47.4739946]],[[-122.2501185,47.4739946],[-122.2484685,47.4723947]],[[-122.2484685,47.4723947],[-122.2447206,47.4687607]],[[-122.2447206,47.4687607],[-122.2426591,47.4667667]],[[-122.2426591,47.4667667],[-122.2422639,47.466384]],[[-122.2422639,47.466384],[-122.2412126,47.4652544],[-122.2407843,47.4645299],[-122.2404775,47.4636275],[-122.2404125,47.4622179]],[[-122.2404125,47.4622179],[-122.2404379,47.4612931]],[[-122.2404379,47.4612931],[-122.2404446,47.4610947]],[[-122.2404446,47.4610947],[-122.2405621,47.4571019]],[[-122.2405621,47.4571019],[-122.2405602,47.4568286]],[[-122.2405602,47.4568286],[-122.2406091,47.454768]],[[-122.2406091,47.454768],[-122.2409978,47.4413047]],[[-122.2409978,47.4413047],[-122.2410046,47.4411046]],[[-122.2410046,47.4411046],[-122.2410493,47.4389827]],[[-122.2410493,47.4389827],[-122.2410416,47.4387133]],[[-122.2410416,47.4387133],[-122.2407992,47.4368431],[-122.2333503,47.3962742],[-122.2331595,47.3942726],[-122.2331305,47.3866187]],[[-122.2331305,47.3866187],[-122.233098,47.3831316]],[[-122.233098,47.3831316],[-122.233073,47.3809282]],[[-122.233073,47.3809282],[-122.233038,47.379767]],[[-122.233038,47.379767],[-122.2329871,47.3777901]],[[-122.2329871,47.3777901],[-122.2329176,47.3722203]],[[-122.2329176,47.3722203],[-122.2329175,47.3718154]],[[-122.2329175,47.3718154],[-122.2328542,47.3634677]],[[-122.2328542,47.3634677],[-122.2328515,47.3631717]],[[-122.2328515,47.3631717],[-122.2328226,47.3614987]],[[-122.2328226,47.3614987],[-122.2328253,47.3610054]],[[-122.2328253,47.3610054],[-122.2327401,47.3508659]],[[-122.232755,47.3480358],[-122.2327401,47.3508659]],[[-122.2324649,47.316708],[-122.232755,47.3480358]],[[-122.2324017,47.3112166],[-122.2324649,47.316708]],[[-122.2306528,47.2757593],[-122.2323614,47.3051774],[-122.2324017,47.3112166]],[[-122.2306528,47.2757593],[-122.230373,47.272078]],[[-122.230373,47.272078],[-122.2303532,47.2718091]],[[-122.2303532,47.2718091],[-122.2302108,47.2691891]],[[-122.2302108,47.2691891],[-122.2301898,47.2687781]],[[-122.2301898,47.2687781],[-122.2300636,47.2661501]],[[-122.2300636,47.2661501],[-122.2300373,47.2655878]],[[-122.2300373,47.2655878],[-122.2295806,47.2576034]],[[-122.2295806,47.2576034],[-122.2295703,47.2574083]],[[-122.2295703,47.2574083],[-122.2285084,47.2383202]],[[-122.2285084,47.2383202],[-122.2285,47.2381086]],[[-122.2285,47.2381086],[-122.2274351,47.2193801],[-122.2276831,47.2175333]],[[-122.2276831,47.2175333],[-122.2277801,47.2172769]],[[-122.2277801,47.2172769],[-122.2284033,47.2160495],[-122.2296691,47.2145482],[-122.2473649,47.1991109]],[[-122.2473649,47.1991109],[-122.2476453,47.1988613]],[[-122.2476453,47.1988613],[-122.2486669,47.1979696]],[[-122.2486669,47.1979696],[-122.2490725,47.1976237]],[[-122.2499167,47.1968796],[-122.2490725,47.1976237]],[[-122.2506811,47.1962161],[-122.2499167,47.1968796]],[[-122.252976,47.1942073],[-122.2506811,47.1962161]],[[-122.253345,47.1938861],[-122.252976,47.1942073]],[[-122.271054,47.1883691],[-122.268331,47.1878968],[-122.2659642,47.1877201],[-122.2637577,47.1878536],[-122.2615358,47.1883034],[-122.2598603,47.1889007],[-122.2578471,47.1900158],[-122.253345,47.1938861]],[[-122.2920868,47.1921089],[-122.271054,47.1883691]],[[-122.2941936,47.1924811],[-122.2920868,47.1921089]],[[-122.33756,47.200143],[-122.2941936,47.1924811]],[[-122.338343,47.2002831],[-122.33756,47.200143]],[[-122.3415823,47.2008511],[-122.338343,47.2002831]],[[-122.3415823,47.2008511],[-122.3417514,47.2008833]],[[-122.3417514,47.2008833],[-122.3477026,47.2019517]],[[-122.3477026,47.2019517],[-122.349473,47.202521],[-122.3509404,47.2035199]],[[-122.3509404,47.2035199],[-122.3688316,47.2168145],[-122.369959,47.2174666],[-122.3786369,47.2214682]],[[-122.3786369,47.2214682],[-122.3807803,47.2224944],[-122.3818844,47.2234333],[-122.3824567,47.2243891],[-122.383916,47.2278705],[-122.3846443,47.2287999],[-122.3857167,47.2294765],[-122.3864663,47.2297315],[-122.3914347,47.2306924],[-122.3926218,47.2310871],[-122.3933918,47.2315041],[-122.3943351,47.2322767],[-122.3949247,47.233134],[-122.3956515,47.2356365]],[[-122.3956515,47.2356365],[-122.3959845,47.2368693]],[[-122.3959845,47.2368693],[-122.3963126,47.2379099],[-122.3969471,47.2387107],[-122.3978716,47.2392749],[-122.3995124,47.2397246]],[[-122.3995124,47.2397246],[-122.4010054,47.2399873]],[[-122.4010054,47.2399873],[-122.4014225,47.2400692]],[[-122.4014225,47.2400692],[-122.4039771,47.240491],[-122.4088852,47.2408899]],[[-122.4088852,47.2408899],[-122.4096081,47.2409654]],[[-122.4096081,47.2409654],[-122.409825,47.2409913]],[[-122.409825,47.2409913],[-122.4107152,47.2410914]],[[-122.4107152,47.2410914],[-122.4112157,47.2411102]],[[-122.4112157,47.2411102],[-122.4153308,47.2407984]],[[-122.4165488,47.2407276],[-122.4153308,47.2407984]],[[-122.4178899,47.2406013],[-122.4165488,47.2407276]],[[-122.4185458,47.2404995],[-122.4178899,47.2406013]],[[-122.4185458,47.2404995],[-122.4209532,47.2401115],[-122.423851,47.2398119],[-122.4250324,47.239724]],[[-122.4250324,47.239724],[-122.4286243,47.2393677]],[[-122.4286243,47.2393677],[-122.4304602,47.239176]],[[-122.4304602,47.239176],[-122.4317275,47.2390349]],[[-122.4317275,47.2390349],[-122.4328026,47.2389039]],[[-122.4328026,47.2389039],[-122.4336969,47.2387486]],[[-122.4336969,47.2387486],[-122.433914,47.2387074]],[[-122.433914,47.2387074],[-122.4348657,47.2384874]],[[-122.4348657,47.2384874],[-122.4356474,47.2382691]],[[-122.4356474,47.2382691],[-122.4366203,47.2378529],[-122.4389833,47.2363436],[-122.4409587,47.2345314],[-122.4435786,47.2335342],[-122.4456793,47.2322728],[-122.4466795,47.2319693],[-122.4483513,47.2317837],[-122.4502847,47.2318916]],[[-122.4502847,47.2318916],[-122.4537262,47.2324779],[-122.4604486,47.2333649]],[[-122.4604486,47.2333649],[-122.4631454,47.2335091],[-122.4660663,47.2331449]],[[-122.4660663,47.2331449],[-122.4718465,47.2318955],[-122.4735767,47.2313207],[-122.4750141,47.230626],[-122.4837342,47.2248647],[-122.4853099,47.223442],[-122.4862454,47.2221127],[-122.4868234,47.2205707],[-122.486947,47.2191705],[-122.4850467,47.1974949]],[[-122.4850467,47.1974949],[-122.4850161,47.1971845]],[[-122.4850161,47.1971845],[-122.4849902,47.1969466]],[[-122.4849902,47.1969466],[-122.4848341,47.194034],[-122.485356,47.1903845],[-122.4863422,47.187023],[-122.4900955,47.1768465]],[[-122.4934442,47.1660325],[-122.4930036,47.1689348],[-122.4900955,47.1768465]],[[-122.493822,47.1628176],[-122.4934442,47.1660325]],[[-122.4941757,47.1597085],[-122.493822,47.1628176]],[[-122.4941757,47.1597085],[-122.4944101,47.158024],[-122.4946873,47.1571748],[-122.4951348,47.1563599],[-122.4959811,47.1553537],[-122.4973975,47.1542729],[-122.5040274,47.1503532]],[[-122.5088108,47.1475157],[-122.5040274,47.1503532]],[[-122.5088108,47.1475157],[-122.5107401,47.1463721]],[[-122.5107401,47.1463721],[-122.5109433,47.1462523]],[[-122.5109433,47.1462523],[-122.5709856,47.1109814],[-122.5731839,47.1101627],[-122.5931459,47.10449573958323]]]},"properties":{"kind":"route","category":"train_route","routeType":"train","osmId":"10945394","name":"Amtrak Cascades: Seattle => Eugene","ref":"Cascades","from":"Seattle King Street","to":"Eugene-Springfield","via":"Portland Union Station","network":"Amtrak","operator":"Amtrak","colour":"#288067"}},{"type":"Feature","geometry":{"type":"MultiLineString","coordinates":[[[-122.3293748,47.5993096],[-122.3294563,47.59931],[-122.3295364,47.5965299],[-122.3294736,47.5965281],[-122.3293748,47.5993096]],[[-122.3846513,47.8109967],[-122.384294,47.8111665],[-122.3827197,47.8124216],[-122.382767,47.812438],[-122.3846513,47.8109967]],[[-122.3292955,47.5997048],[-122.329399,47.5975188]],[[-122.3292955,47.5997048],[-122.3292945,47.5997342]],[[-122.3292945,47.5997342],[-122.3292046,47.6006558]],[[-122.3292046,47.6006558],[-122.3292037,47.6007093]],[[-122.3292037,47.6007093],[-122.3292187,47.6017633],[-122.3294413,47.6022942],[-122.3334923,47.6067443],[-122.3340101,47.6071715],[-122.3350563,47.6075982],[-122.3433738,47.6095465]],[[-122.3521177,47.6136183],[-122.348942,47.6118549],[-122.3467603,47.6111605],[-122.3447733,47.610044],[-122.3433738,47.6095465]],[[-122.3536433,47.6145257],[-122.3521177,47.6136183]],[[-122.3551671,47.6154243],[-122.3536433,47.6145257]],[[-122.3551671,47.6154243],[-122.3558728,47.6158795]],[[-122.3558728,47.6158795],[-122.3749801,47.6306623]],[[-122.3749801,47.6306623],[-122.3774353,47.6325717]],[[-122.3774353,47.6325717],[-122.3778969,47.63293]],[[-122.3778969,47.63293],[-122.3798255,47.6344788],[-122.3803575,47.6353779],[-122.3804902,47.6362281],[-122.3805218,47.641884]],[[-122.3805218,47.641884],[-122.3805295,47.643497]],[[-122.3805295,47.643497],[-122.3805044,47.649287],[-122.3807999,47.6509607],[-122.381529,47.65221],[-122.3825094,47.6532924],[-122.3856816,47.6559625]],[[-122.3856816,47.6559625],[-122.3889011,47.6585465]],[[-122.3889011,47.6585465],[-122.389189,47.6587855]],[[-122.3981723,47.6632213],[-122.3948411,47.6621926],[-122.3927894,47.661323],[-122.3911641,47.6603563],[-122.389189,47.6587855]],[[-122.4013764,47.664751],[-122.4001992,47.6638746],[-122.3981723,47.6632213]],[[-122.4019117,47.665613],[-122.4013764,47.664751]],[[-122.4020657,47.6666678],[-122.4019117,47.665613]],[[-122.4020834,47.6675097],[-122.4020657,47.6666678]],[[-122.40224,47.6685041],[-122.4020834,47.6675097]],[[-122.40224,47.6685041],[-122.4023529,47.6688131]],[[-122.4023529,47.6688131],[-122.403288,47.6701949]],[[-122.403288,47.6701949],[-122.404702,47.6720387],[-122.4049979,47.6726454]],[[-122.4049979,47.6726454],[-122.4050952,47.6729629]],[[-122.4050952,47.6729629],[-122.4053373,47.6750459]],[[-122.4053373,47.6750459],[-122.4053455,47.6751696]],[[-122.4053455,47.6751696],[-122.405399,47.6764595],[-122.4052263,47.6775975],[-122.4049166,47.6784743],[-122.4040964,47.6799194]],[[-122.4021609,47.6859628],[-122.4022705,47.6843198],[-122.4025661,47.6828732],[-122.4029624,47.6818588],[-122.4040964,47.6799194]],[[-122.4021609,47.6859628],[-122.4020734,47.6878243]],[[-122.4020734,47.6878243],[-122.4020683,47.6880049]],[[-122.4033955,47.693433],[-122.4021196,47.690217],[-122.4020133,47.6895097],[-122.4020683,47.6880049]],[[-122.3992525,47.698981],[-122.4004759,47.6984737],[-122.4019317,47.6976528],[-122.4032195,47.6965384],[-122.4037503,47.6956663],[-122.4038618,47.6949976],[-122.4033955,47.693433]],[[-122.3936203,47.70099],[-122.3992525,47.698981]],[[-122.3931465,47.7011573],[-122.3936203,47.70099]],[[-122.3732523,47.7308314],[-122.3729876,47.7291009],[-122.3732971,47.7265015],[-122.3738682,47.7253957],[-122.3750529,47.7238662],[-122.3758481,47.72229],[-122.3760349,47.7215792],[-122.3759602,47.720362],[-122.3755599,47.7187248],[-122.3756773,47.7176405],[-122.3765152,47.7158669],[-122.3794431,47.7121794],[-122.3797574,47.7111984],[-122.379913,47.7094247],[-122.380381,47.7084504],[-122.3815408,47.7073461],[-122.3859001,47.7042029],[-122.3894995,47.7024614],[-122.3931465,47.7011573]],[[-122.381531,47.7517944],[-122.3822298,47.7489025],[-122.3822286,47.7480984],[-122.3820118,47.7473075],[-122.3815101,47.7464371],[-122.3769217,47.7401415],[-122.3737771,47.732604],[-122.3732523,47.7308314]],[[-122.3806095,47.7544888],[-122.3811493,47.7532761],[-122.381531,47.7517944]],[[-122.390698,47.7894361],[-122.3903061,47.787119],[-122.3904679,47.7855485],[-122.3908466,47.7847274],[-122.3933337,47.7806837],[-122.3936446,47.779676],[-122.3934617,47.7779659],[-122.3921758,47.7711145],[-122.391823,47.7704752],[-122.3912779,47.769861],[-122.3856086,47.7651564],[-122.3828087,47.7620665],[-122.3799042,47.7591424],[-122.3793881,47.7580854],[-122.3793561,47.7569011],[-122.3796594,47.756041],[-122.3806095,47.7544888]],[[-122.3940912,47.800765],[-122.3924004,47.7977611],[-122.3918768,47.7963082],[-122.390698,47.7894361]],[[-122.3932568,47.804485],[-122.3941084,47.8036187],[-122.3944431,47.8030307],[-122.394589,47.8024253],[-122.3945547,47.8018488],[-122.3940912,47.800765]],[[-122.393134,47.8045826],[-122.3932568,47.804485]],[[-122.3860126,47.8099766],[-122.393134,47.8045826]],[[-122.380834,47.8140975],[-122.3820771,47.8129826],[-122.3860126,47.8099766]],[[-122.36372681736935,47.8303281],[-122.368497,47.8262848],[-122.3743366,47.8210586],[-122.3756175,47.819738],[-122.3784534,47.8163757],[-122.380834,47.8140975]],[[-121.61694042867103,47.8303281],[-121.6169652,47.8299538]],[[-121.6169652,47.8299538],[-121.6170707,47.8282584]],[[-121.6170707,47.8282584],[-121.6169614,47.8272701],[-121.6163566,47.8262087],[-121.6117437,47.8220352],[-121.610169,47.8212257],[-121.6062986,47.820038],[-121.603825,47.8184622],[-121.6023764,47.8177402],[-121.6007603,47.8172773],[-121.5995155,47.8171331],[-121.598062,47.8171388],[-121.5964988,47.8173467],[-121.5928108,47.8182389],[-121.590809,47.8183664],[-121.5886405,47.8179255],[-121.5850965,47.8163718]],[[-121.5850965,47.8163718],[-121.583734,47.815881]],[[-121.583734,47.815881],[-121.5835234,47.8158271]],[[-121.5835234,47.8158271],[-121.5813166,47.8155562],[-121.5798053,47.815664],[-121.5788091,47.8158709],[-121.5654576,47.8194722],[-121.5613175,47.8209065],[-121.5600938,47.8212159],[-121.5583353,47.8212303],[-121.5566203,47.8207639],[-121.5556291,47.8200964],[-121.5550706,47.8194163]],[[-121.5550706,47.8194163],[-121.554761,47.8186671]],[[-121.554761,47.8186671],[-121.5547402,47.8178249],[-121.5553158,47.8166722],[-121.555951,47.816101],[-121.556938,47.8155656],[-121.55875,47.8151132],[-121.5639451,47.8146102],[-121.5651946,47.8141815],[-121.5662421,47.8133695],[-121.5665502,47.8130056],[-121.5669459,47.8121361],[-121.5669341,47.8115055],[-121.5664309,47.8105106]],[[-121.5664309,47.8105106],[-121.5659182,47.8100368]],[[-121.5659182,47.8100368],[-121.5634304,47.8084714],[-121.5623543,47.8079508],[-121.5610679,47.8075225],[-121.559775,47.8072749],[-121.5548084,47.8068101],[-121.5536683,47.8064289],[-121.551375,47.8053084],[-121.5496027,47.8049282]],[[-121.5496027,47.8049282],[-121.5459578,47.8051933]],[[-121.5459578,47.8051933],[-121.5436212,47.8053139],[-121.5422539,47.8051578],[-121.5397187,47.8044067],[-121.535719,47.8029308]],[[-121.535719,47.8029308],[-121.534689,47.8026253]],[[-121.534689,47.8026253],[-121.5330754,47.8022678],[-121.5307039,47.8022128],[-121.5227482,47.803526],[-121.521287,47.8036467],[-121.518895,47.8033746],[-121.5168297,47.802589],[-121.5161603,47.8021679],[-121.5154129,47.8014639],[-121.5145887,47.8003989],[-121.514273,47.7994294],[-121.5142639,47.7979264],[-121.5141035,47.7969453],[-121.5131572,47.7950561],[-121.5125199,47.7933832],[-121.5122077,47.7929728],[-121.511193,47.7922583],[-121.5009393,47.7866618]],[[-121.5009393,47.7866618],[-121.5005591,47.786459]],[[-121.5005591,47.786459],[-121.4986571,47.7853805],[-121.4976658,47.7845925],[-121.4972171,47.7839298],[-121.4962273,47.781615],[-121.4949188,47.7803353]],[[-121.4949188,47.7803353],[-121.49177,47.7778529]],[[-121.49177,47.7778529],[-121.4646909,47.7565689],[-121.4590085,47.7530327],[-121.4495038,47.746849]],[[-121.4495038,47.746849],[-121.4483589,47.7461539],[-121.4473745,47.7457445],[-121.4427324,47.7445421],[-121.4418503,47.744166],[-121.4410466,47.743688],[-121.4387354,47.7413581],[-121.4374615,47.7405833],[-121.4201729,47.7332367],[-121.412906,47.729759]],[[-121.412906,47.729759],[-121.4115487,47.7290982]],[[-121.4115487,47.7290982],[-121.4009065,47.7239948]],[[-121.4009065,47.7239948],[-121.399638,47.7233863],[-121.3988224,47.7228281],[-121.3981792,47.7221734],[-121.3973333,47.7207732],[-121.396619,47.719884],[-121.3957756,47.7192086],[-121.3944821,47.7185503]],[[-121.3944821,47.7185503],[-121.3942255,47.7184544]],[[-121.3942255,47.7184544],[-121.3934896,47.7182225]],[[-121.3934896,47.7182225],[-121.3920882,47.7179577],[-121.3908241,47.7178899]],[[-121.3908241,47.7178899],[-121.3885406,47.7179959],[-121.3870926,47.7179017],[-121.3856238,47.7175219],[-121.383202,47.716472],[-121.3824266,47.7159862],[-121.3816782,47.715243],[-121.3806853,47.7134866],[-121.3802376,47.7129313],[-121.3795609,47.7123934],[-121.3726529,47.7088479],[-121.3709634,47.7083388],[-121.3690509,47.7080995],[-121.365995,47.7083782]],[[-121.365995,47.7083782],[-121.3655202,47.7084505]],[[-121.3655202,47.7084505],[-121.3507713,47.7101892],[-121.3493473,47.7104494],[-121.3477372,47.7108788],[-121.3464076,47.7113951],[-121.3424347,47.713341],[-121.3410011,47.7136195],[-121.3393872,47.7135558],[-121.3279846,47.7119667],[-121.3241226,47.7115381]],[[-121.3241226,47.7115381],[-121.3239466,47.7115259]],[[-121.3239466,47.7115259],[-121.3214255,47.7112434],[-121.319762,47.7106274],[-121.3182779,47.7096118],[-121.3159597,47.7071539]],[[-121.3159597,47.7071539],[-121.31412,47.705446],[-121.3128263,47.7044945],[-121.3114085,47.7038693],[-121.3084369,47.7035629],[-121.3071108,47.7032566],[-121.3061181,47.7027893],[-121.3047757,47.7018911],[-121.303474,47.700637]],[[-121.303474,47.700637],[-121.303376,47.7004881]],[[-121.303376,47.7004881],[-121.3026039,47.6992861],[-121.3015772,47.6980291],[-121.3009023,47.6967797],[-121.3007143,47.6958433],[-121.3007604,47.6950414],[-121.30106,47.6939331],[-121.3016123,47.6927784],[-121.3017276,47.6919852],[-121.3008323,47.6887868],[-121.3003905,47.6881966],[-121.2997929,47.6878351]],[[-121.2997929,47.6878351],[-121.2984379,47.6875764],[-121.2973712,47.68763]],[[-121.2973712,47.68763],[-121.2962237,47.6881503],[-121.295742,47.6886922],[-121.2954053,47.6894106]],[[-121.2953597,47.6895638],[-121.2954053,47.6894106]],[[-121.2953597,47.6895638],[-121.2949902,47.6940134]],[[-121.2949902,47.6940134],[-121.2949964,47.6944129]],[[-121.2949964,47.6944129],[-121.2951589,47.7047937],[-121.2949519,47.705497],[-121.294108,47.7063852],[-121.2920679,47.7075841],[-121.2898014,47.7079387],[-121.287799,47.7086756],[-121.2864036,47.7087719]],[[-121.2864036,47.7087719],[-121.2856414,47.7087648]],[[-121.2856414,47.7087648],[-121.2847653,47.7088388]],[[-121.2847653,47.7088388],[-121.2842607,47.7089323]],[[-121.2842607,47.7089323],[-121.2828004,47.7094019],[-121.2814938,47.7102371],[-121.2806553,47.7105961],[-121.2781183,47.7115558],[-121.2769641,47.7116951],[-121.275499,47.711263],[-121.2725107,47.7097609],[-121.2707033,47.7095045],[-121.268051,47.708637],[-121.2658143,47.7084568],[-121.263616,47.707518],[-121.259655,47.706946],[-121.2584101,47.7069916],[-121.2556589,47.7073633]],[[-121.2556589,47.7073633],[-121.2542756,47.7076082]],[[-121.2542756,47.7076082],[-121.2525194,47.7082004],[-121.2511256,47.7091895],[-121.250447,47.7093],[-121.249601,47.709368],[-121.2475869,47.7091967],[-121.2440581,47.7091907]],[[-121.2440581,47.7091907],[-121.2422512,47.7093662]],[[-121.2422512,47.7093662],[-121.240798,47.709619],[-121.2391265,47.7093433],[-121.237921,47.709367]],[[-121.237921,47.709367],[-121.2372453,47.7094025]],[[-121.2372453,47.7094025],[-121.2286274,47.7098339]],[[-121.2286274,47.7098339],[-121.2284624,47.7098564]],[[-121.2284624,47.7098564],[-121.223555,47.7105527],[-121.2209168,47.7113872],[-121.2176568,47.7114059],[-121.2157536,47.712215],[-121.2138487,47.7132394],[-121.2128686,47.7135011],[-121.2119742,47.7134918],[-121.2099277,47.7128734],[-121.2089759,47.7127957],[-121.2076036,47.713],[-121.2056223,47.7136037],[-121.2029554,47.7136376],[-121.1993844,47.7132457],[-121.1970067,47.7137494],[-121.1953413,47.7136173]],[[-121.1953413,47.7136173],[-121.1944105,47.7133841]],[[-121.1944105,47.7133841],[-121.191844,47.71287],[-121.190862,47.712961],[-121.1900328,47.7132314],[-121.1894689,47.7135719],[-121.1881776,47.7146977],[-121.187393,47.7150986],[-121.1859246,47.7152618],[-121.1842176,47.7152348]],[[-121.1842176,47.7152348],[-121.1817083,47.7146933],[-121.1781928,47.7145254],[-121.1762548,47.7141854],[-121.1609459,47.708827],[-121.1597584,47.7085095],[-121.1584771,47.708366],[-121.1563242,47.7085665],[-121.1547004,47.7091574],[-121.148163,47.7135755]],[[-121.148163,47.7135755],[-121.1477538,47.7138658]],[[-121.1477538,47.7138658],[-121.146493,47.7147293],[-121.145249,47.7153449]],[[-121.145249,47.7153449],[-121.0156372,47.76386779815851]]]},"properties":{"kind":"route","category":"train_route","routeType":"train","osmId":"10946021","name":"Amtrak Empire Builder: Seattle => Chicago","ref":"Empire Builder","from":"Seattle King Street","to":"Chicago Union Station","via":"","network":"Amtrak","operator":"Amtrak","colour":"#003366"}},{"type":"Feature","geometry":{"type":"MultiLineString","coordinates":[[[-122.3296579,47.5990068],[-122.3295602,47.5990052],[-122.3296374,47.5961296],[-122.3297042,47.5961308],[-122.3296579,47.5990068]],[[-122.4286425,47.239405],[-122.4286379,47.2393762],[-122.4260392,47.2396481]],[[-122.4260392,47.2396481],[-122.4262251,47.2396748],[-122.4286425,47.239405]],[[-122.4260392,47.2396481],[-122.4238535,47.2398264],[-122.4233709,47.2398779],[-122.4233874,47.2399436],[-122.4260392,47.2396481]],[[-122.329569,47.5975188],[-122.329611,47.5961656]],[[-122.329611,47.5961656],[-122.3297099,47.5953485]],[[-122.3297154,47.5953033],[-122.3297099,47.5953485]],[[-122.3297897,47.5947748],[-122.3297154,47.5953033]],[[-122.3297897,47.5947748],[-122.3298271,47.5946363]],[[-122.3298271,47.5946363],[-122.329928,47.5942693]],[[-122.329928,47.5942693],[-122.3303828,47.5926342]],[[-122.3303828,47.5926342],[-122.3303933,47.5924625]],[[-122.3303933,47.5924625],[-122.3303835,47.5901828]],[[-122.3303835,47.5901828],[-122.330398,47.5865122]],[[-122.330398,47.5865122],[-122.3303965,47.5861535]],[[-122.3320935,47.5775103],[-122.3320312,47.5814603],[-122.3316649,47.5825574],[-122.3305035,47.5847814],[-122.3303965,47.5861535]],[[-122.3318092,47.5746158],[-122.3320935,47.5775103]],[[-122.3318045,47.5733197],[-122.3318092,47.5746158]],[[-122.331805,47.569871],[-122.3318045,47.5733197]],[[-122.3318016,47.5673481],[-122.331805,47.569871]],[[-122.3318016,47.5673481],[-122.3317591,47.5641405],[-122.3315393,47.5634726],[-122.3310804,47.5627877],[-122.3294872,47.5614007],[-122.3227685,47.5561457]],[[-122.3227685,47.5561457],[-122.3210801,47.5547524],[-122.3193,47.553043]],[[-122.3193,47.553043],[-122.3190068,47.5527439]],[[-122.3190068,47.5527439],[-122.31682,47.5506113]],[[-122.31682,47.5506113],[-122.316635,47.550436]],[[-122.316635,47.550436],[-122.3136289,47.5476356]],[[-122.3136289,47.5476356],[-122.3116008,47.5457866],[-122.299271,47.535389],[-122.2974462,47.5334383],[-122.296688,47.5320634],[-122.2906249,47.5190331],[-122.288206,47.5148073]],[[-122.288206,47.5148073],[-122.2872216,47.5131096]],[[-122.2872216,47.5131096],[-122.2844781,47.5084128],[-122.282893,47.5064348],[-122.2771672,47.5008455],[-122.268466,47.4936524],[-122.2672599,47.4922579],[-122.2641935,47.487789],[-122.2630707,47.4866976],[-122.2611749,47.4853899]],[[-122.2611749,47.4853899],[-122.2586092,47.4839693],[-122.2570242,47.482658],[-122.2531318,47.4772472],[-122.2505398,47.474411]],[[-122.2505398,47.474411],[-122.2501185,47.4739946]],[[-122.2501185,47.4739946],[-122.2484685,47.4723947]],[[-122.2484685,47.4723947],[-122.2473385,47.4713741]],[[-122.2473385,47.4713741],[-122.2461614,47.4702221]],[[-122.2461614,47.4702221],[-122.245777,47.4698498]],[[-122.245777,47.4698498],[-122.244444,47.4685581]],[[-122.244444,47.4685581],[-122.243264,47.46749]],[[-122.243264,47.46749],[-122.2425509,47.4667996]],[[-122.2425509,47.4667996],[-122.2414036,47.465656],[-122.2406633,47.4645571],[-122.2403026,47.4633549],[-122.2402857,47.4622129]],[[-122.2402857,47.4622129],[-122.2403099,47.4612916]],[[-122.2403099,47.4612916],[-122.2403151,47.4610929]],[[-122.2403151,47.4610929],[-122.2404198,47.4571041]],[[-122.2404198,47.4571041],[-122.2404285,47.4568316]],[[-122.2405752,47.4518068],[-122.2404285,47.4568316]],[[-122.2408772,47.4413027],[-122.2405752,47.4518068]],[[-122.2408822,47.4411034],[-122.2408772,47.4413027]],[[-122.2409255,47.4389808],[-122.2408822,47.4411034]],[[-122.2409172,47.4387146],[-122.2409255,47.4389808]],[[-122.2386525,47.4259308],[-122.2407967,47.4375307],[-122.2409172,47.4387146]],[[-122.2381149,47.422947],[-122.2386525,47.4259308]],[[-122.2330383,47.3894546],[-122.2330223,47.3946782],[-122.2332,47.3962603],[-122.2381149,47.422947]],[[-122.2328878,47.3734814],[-122.2330383,47.3894546]],[[-122.2328878,47.3734814],[-122.2329176,47.3722203]],[[-122.2329176,47.3722203],[-122.2329175,47.3718154]],[[-122.2329175,47.3718154],[-122.2328542,47.3634677]],[[-122.2328542,47.3634677],[-122.2328515,47.3631717]],[[-122.2328515,47.3631717],[-122.2328226,47.3614987]],[[-122.2328226,47.3614987],[-122.2328253,47.3610054]],[[-122.2328253,47.3610054],[-122.2327401,47.3508659]],[[-122.232755,47.3480358],[-122.2327401,47.3508659]],[[-122.2324649,47.316708],[-122.232755,47.3480358]],[[-122.2324017,47.3112166],[-122.2324649,47.316708]],[[-122.2306528,47.2757593],[-122.2323614,47.3051774],[-122.2324017,47.3112166]],[[-122.2306528,47.2757593],[-122.230373,47.272078]],[[-122.230373,47.272078],[-122.2303532,47.2718091]],[[-122.2303532,47.2718091],[-122.2302108,47.2691891]],[[-122.2302108,47.2691891],[-122.2301898,47.2687781]],[[-122.2301898,47.2687781],[-122.2300636,47.2661501]],[[-122.2300636,47.2661501],[-122.2300373,47.2655878]],[[-122.2300373,47.2655878],[-122.2295806,47.2576034]],[[-122.2295806,47.2576034],[-122.2295703,47.2574083]],[[-122.2295703,47.2574083],[-122.2285084,47.2383202]],[[-122.2285084,47.2383202],[-122.2285,47.2381086]],[[-122.2285,47.2381086],[-122.2274351,47.2193801],[-122.2276831,47.2175333]],[[-122.2276831,47.2175333],[-122.2277801,47.2172769]],[[-122.2277801,47.2172769],[-122.2284033,47.2160495],[-122.2296691,47.2145482],[-122.2473649,47.1991109]],[[-122.2473649,47.1991109],[-122.2476453,47.1988613]],[[-122.2476453,47.1988613],[-122.2486669,47.1979696]],[[-122.2486669,47.1979696],[-122.2490725,47.1976237]],[[-122.2499167,47.1968796],[-122.2490725,47.1976237]],[[-122.2506811,47.1962161],[-122.2499167,47.1968796]],[[-122.252976,47.1942073],[-122.2506811,47.1962161]],[[-122.253345,47.1938861],[-122.252976,47.1942073]],[[-122.271054,47.1883691],[-122.268331,47.1878968],[-122.2659642,47.1877201],[-122.2637577,47.1878536],[-122.2615358,47.1883034],[-122.2598603,47.1889007],[-122.2578471,47.1900158],[-122.253345,47.1938861]],[[-122.2920868,47.1921089],[-122.271054,47.1883691]],[[-122.2941936,47.1924811],[-122.2920868,47.1921089]],[[-122.33756,47.200143],[-122.2941936,47.1924811]],[[-122.338343,47.2002831],[-122.33756,47.200143]],[[-122.3415823,47.2008511],[-122.338343,47.2002831]],[[-122.3415823,47.2008511],[-122.3417514,47.2008833]],[[-122.3417514,47.2008833],[-122.3477026,47.2019517]],[[-122.3477026,47.2019517],[-122.349473,47.202521],[-122.3509404,47.2035199]],[[-122.3509404,47.2035199],[-122.3688316,47.2168145],[-122.369959,47.2174666],[-122.3786369,47.2214682]],[[-122.3786369,47.2214682],[-122.3807803,47.2224944],[-122.3818844,47.2234333],[-122.3824567,47.2243891],[-122.383916,47.2278705],[-122.3846443,47.2287999],[-122.3857167,47.2294765],[-122.3864663,47.2297315],[-122.3914347,47.2306924],[-122.3926218,47.2310871],[-122.3933918,47.2315041],[-122.3943351,47.2322767],[-122.3949247,47.233134],[-122.3956515,47.2356365]],[[-122.3956515,47.2356365],[-122.3959845,47.2368693]],[[-122.3959845,47.2368693],[-122.3963126,47.2379099],[-122.3969471,47.2387107],[-122.3978716,47.2392749],[-122.3995124,47.2397246]],[[-122.3995124,47.2397246],[-122.4010054,47.2399873]],[[-122.4010054,47.2399873],[-122.4014225,47.2400692]],[[-122.4014225,47.2400692],[-122.4039771,47.240491],[-122.4088852,47.2408899]],[[-122.4088852,47.2408899],[-122.4096081,47.2409654]],[[-122.4096081,47.2409654],[-122.409825,47.2409913]],[[-122.409825,47.2409913],[-122.4107152,47.2410914]],[[-122.4107152,47.2410914],[-122.4112157,47.2411102]],[[-122.4112157,47.2411102],[-122.4153308,47.2407984]],[[-122.4165488,47.2407276],[-122.4153308,47.2407984]],[[-122.4178899,47.2406013],[-122.4165488,47.2407276]],[[-122.4185458,47.2404995],[-122.4178899,47.2406013]],[[-122.4185458,47.2404995],[-122.4209532,47.2401115],[-122.423851,47.2398119],[-122.4250324,47.239724]],[[-122.4250324,47.239724],[-122.4286243,47.2393677]],[[-122.4286243,47.2393677],[-122.4304602,47.239176]],[[-122.4304602,47.239176],[-122.4317275,47.2390349]],[[-122.4317275,47.2390349],[-122.4328026,47.2389039]],[[-122.4328026,47.2389039],[-122.4336969,47.2387486]],[[-122.4336969,47.2387486],[-122.433914,47.2387074]],[[-122.433914,47.2387074],[-122.4348657,47.2384874]],[[-122.4348657,47.2384874],[-122.4356474,47.2382691]],[[-122.4356474,47.2382691],[-122.4366203,47.2378529],[-122.4389833,47.2363436],[-122.4409587,47.2345314],[-122.4435786,47.2335342],[-122.4456793,47.2322728],[-122.4466795,47.2319693],[-122.4483513,47.2317837],[-122.4502847,47.2318916]],[[-122.4502847,47.2318916],[-122.4537262,47.2324779],[-122.4604486,47.2333649]],[[-122.4604486,47.2333649],[-122.4631454,47.2335091],[-122.4660663,47.2331449]],[[-122.4660663,47.2331449],[-122.4718465,47.2318955],[-122.4735767,47.2313207],[-122.4750141,47.230626],[-122.4837342,47.2248647],[-122.4853099,47.223442],[-122.4862454,47.2221127],[-122.4868234,47.2205707],[-122.486947,47.2191705],[-122.4850467,47.1974949]],[[-122.4850467,47.1974949],[-122.4850161,47.1971845]],[[-122.4850161,47.1971845],[-122.4849902,47.1969466]],[[-122.4849902,47.1969466],[-122.4848341,47.194034],[-122.485356,47.1903845],[-122.4863422,47.187023],[-122.4900955,47.1768465]],[[-122.4934442,47.1660325],[-122.4930036,47.1689348],[-122.4900955,47.1768465]],[[-122.493822,47.1628176],[-122.4934442,47.1660325]],[[-122.4941757,47.1597085],[-122.493822,47.1628176]],[[-122.4941757,47.1597085],[-122.4944101,47.158024],[-122.4946873,47.1571748],[-122.4951348,47.1563599],[-122.4959811,47.1553537],[-122.4973975,47.1542729],[-122.5040274,47.1503532]],[[-122.5088108,47.1475157],[-122.5040274,47.1503532]],[[-122.5088108,47.1475157],[-122.5107401,47.1463721]],[[-122.5107401,47.1463721],[-122.5109433,47.1462523]],[[-122.5109433,47.1462523],[-122.5709856,47.1109814],[-122.5731839,47.1101627],[-122.5931459,47.10449573958323]]]},"properties":{"kind":"route","category":"train_route","routeType":"train","osmId":"11845488","name":"Amtrak Cascades: Seattle => Portland","ref":"Cascades","from":"Seattle King Street","to":"Portland Union Station","via":"","network":"Amtrak","operator":"Amtrak","colour":"#288067"}},{"type":"Feature","geometry":{"type":"MultiLineString","coordinates":[[[-122.4260392,47.2396481],[-122.4238535,47.2398264],[-122.4233709,47.2398779],[-122.4233874,47.2399436],[-122.4260392,47.2396481]],[[-122.4286425,47.239405],[-122.4286379,47.2393762],[-122.4260392,47.2396481]],[[-122.4260392,47.2396481],[-122.4262251,47.2396748],[-122.4286425,47.239405]],[[-122.3296579,47.5990068],[-122.3295602,47.5990052],[-122.3296374,47.5961296],[-122.3297042,47.5961308],[-122.3296579,47.5990068]],[[-122.5109433,47.1462523],[-122.5709856,47.1109814],[-122.5731839,47.1101627],[-122.5931459,47.10449573958323]],[[-122.5107401,47.1463721],[-122.5109433,47.1462523]],[[-122.5088108,47.1475157],[-122.5107401,47.1463721]],[[-122.5000967,47.1526186],[-122.5088108,47.1475157]],[[-122.4941724,47.1591693],[-122.4945156,47.1573949],[-122.4949505,47.1565121],[-122.4955728,47.1556828],[-122.4969672,47.1544812],[-122.5000967,47.1526186]],[[-122.4939101,47.1614939],[-122.4941724,47.1591693]],[[-122.4934479,47.1655148],[-122.4939101,47.1614939]],[[-122.4855138,47.1895221],[-122.4861405,47.187434],[-122.492929,47.169004],[-122.4934479,47.1655148]],[[-122.4849902,47.1969466],[-122.4847909,47.1954393],[-122.4848059,47.1935703],[-122.4855138,47.1895221]],[[-122.4850161,47.1971845],[-122.4849902,47.1969466]],[[-122.4850467,47.1974949],[-122.4850161,47.1971845]],[[-122.4660663,47.2331449],[-122.4718465,47.2318955],[-122.4735767,47.2313207],[-122.4750141,47.230626],[-122.4837342,47.2248647],[-122.4853099,47.223442],[-122.4862454,47.2221127],[-122.4868234,47.2205707],[-122.486947,47.2191705],[-122.4850467,47.1974949]],[[-122.4604486,47.2333649],[-122.4631454,47.2335091],[-122.4660663,47.2331449]],[[-122.4502847,47.2318916],[-122.4537262,47.2324779],[-122.4604486,47.2333649]],[[-122.4356474,47.2382691],[-122.4366203,47.2378529],[-122.4389833,47.2363436],[-122.4409587,47.2345314],[-122.4435786,47.2335342],[-122.4456793,47.2322728],[-122.4466795,47.2319693],[-122.4483513,47.2317837],[-122.4502847,47.2318916]],[[-122.4348657,47.2384874],[-122.4356474,47.2382691]],[[-122.433914,47.2387074],[-122.4348657,47.2384874]],[[-122.4336969,47.2387486],[-122.433914,47.2387074]],[[-122.4328026,47.2389039],[-122.4336969,47.2387486]],[[-122.4317275,47.2390349],[-122.4328026,47.2389039]],[[-122.4304602,47.239176],[-122.4317275,47.2390349]],[[-122.4286243,47.2393677],[-122.4304602,47.239176]],[[-122.4250324,47.239724],[-122.4286243,47.2393677]],[[-122.4185458,47.2404995],[-122.4209532,47.2401115],[-122.423851,47.2398119],[-122.4250324,47.239724]],[[-122.4185458,47.2404995],[-122.4178899,47.2406013]],[[-122.4178899,47.2406013],[-122.4165488,47.2407276]],[[-122.4165488,47.2407276],[-122.4153308,47.2407984]],[[-122.4112157,47.2411102],[-122.4153308,47.2407984]],[[-122.4107152,47.2410914],[-122.4112157,47.2411102]],[[-122.409825,47.2409913],[-122.4107152,47.2410914]],[[-122.4096081,47.2409654],[-122.409825,47.2409913]],[[-122.4088852,47.2408899],[-122.4096081,47.2409654]],[[-122.4014225,47.2400692],[-122.4039771,47.240491],[-122.4088852,47.2408899]],[[-122.4010054,47.2399873],[-122.4014225,47.2400692]],[[-122.3957124,47.235627],[-122.3962517,47.2376007],[-122.3965891,47.2382578],[-122.396991,47.2386948],[-122.3982262,47.2393724],[-122.4010054,47.2399873]],[[-122.3786928,47.2214169],[-122.3808118,47.2224719],[-122.3819409,47.2234143],[-122.3825109,47.2243812],[-122.3839792,47.2278523],[-122.38468,47.2287776],[-122.3857451,47.229448],[-122.3864848,47.2297048],[-122.3914542,47.2306547],[-122.3926555,47.2310569],[-122.3934397,47.2314855],[-122.394388,47.232254],[-122.3949747,47.233117],[-122.3957124,47.235627]],[[-122.3509937,47.2034873],[-122.3688746,47.2167861],[-122.3699897,47.2174264],[-122.3786928,47.2214169]],[[-122.3477218,47.2019046],[-122.3495015,47.2024903],[-122.3509937,47.2034873]],[[-122.3417772,47.2008418],[-122.3477218,47.2019046]],[[-122.3415798,47.2008097],[-122.3417772,47.2008418]],[[-122.34015,47.2005581],[-122.3415798,47.2008097]],[[-122.335783,47.1997831],[-122.34015,47.2005581]],[[-122.2941988,47.1924278],[-122.335783,47.1997831]],[[-122.2921066,47.1920574],[-122.2941988,47.1924278]],[[-122.2710661,47.1883266],[-122.2921066,47.1920574]],[[-122.254616,47.1927064],[-122.2570498,47.1905667],[-122.2583039,47.1896647],[-122.2598349,47.1888749],[-122.2620624,47.1881275],[-122.2637552,47.1878066],[-122.2659655,47.1876703],[-122.2683526,47.1878535],[-122.2710661,47.1883266]],[[-122.25161,47.1953255],[-122.254616,47.1927064]],[[-122.2506227,47.1961875],[-122.25161,47.1953255]],[[-122.2498612,47.1968449],[-122.2506227,47.1961875]],[[-122.2490054,47.1975988],[-122.2498612,47.1968449]],[[-122.248616,47.197937],[-122.2490054,47.1975988]],[[-122.2475533,47.1988616],[-122.248616,47.197937]],[[-122.2473096,47.1990785],[-122.2475533,47.1988616]],[[-122.2277172,47.217274],[-122.2283447,47.2160299],[-122.2296191,47.2145183],[-122.2473096,47.1990785]],[[-122.2276284,47.2175276],[-122.2277172,47.217274]],[[-122.2284368,47.2381057],[-122.227362,47.2193835],[-122.2276284,47.2175276]],[[-122.2284508,47.2383231],[-122.2284368,47.2381057]],[[-122.2295122,47.2574073],[-122.2284508,47.2383231]],[[-122.2295207,47.257602],[-122.2295122,47.2574073]],[[-122.2299781,47.2655833],[-122.2295207,47.257602]],[[-122.2300052,47.2661533],[-122.2299781,47.2655833]],[[-122.2300544,47.2674972],[-122.2300052,47.2661533]],[[-122.2302229,47.270474],[-122.2300544,47.2674972]],[[-122.2302928,47.2718145],[-122.2302229,47.270474]],[[-122.2303149,47.2720809],[-122.2302928,47.2718145]],[[-122.2305516,47.2757592],[-122.2303149,47.2720809]],[[-122.2307004,47.2788198],[-122.2305516,47.2757592]],[[-122.2323095,47.3125528],[-122.2322357,47.3056162],[-122.2307004,47.2788198]],[[-122.2323207,47.3153634],[-122.2323095,47.3125528]],[[-122.232643,47.3493037],[-122.2323207,47.3153634]],[[-122.2327609,47.3610083],[-122.232643,47.3493037]],[[-122.2327609,47.3610083],[-122.2327684,47.3614944]],[[-122.2327684,47.3614944],[-122.2327929,47.3631694]],[[-122.2327929,47.3631694],[-122.2327967,47.3634677]],[[-122.2327967,47.3634677],[-122.2328391,47.3700809]],[[-122.2328391,47.3700809],[-122.2328442,47.3705487]],[[-122.2328442,47.3705487],[-122.2328878,47.3734814]],[[-122.2328878,47.3734814],[-122.2330383,47.3894546]],[[-122.2330383,47.3894546],[-122.2330907,47.394706],[-122.2333572,47.3968618],[-122.238391,47.4241219]],[[-122.238391,47.4241219],[-122.2384809,47.4246127]],[[-122.2384809,47.4246127],[-122.2407299,47.4368115],[-122.2409767,47.4387119]],[[-122.2409767,47.4387119],[-122.2409864,47.4389879]],[[-122.2409864,47.4389879],[-122.2409439,47.4411063]],[[-122.2409439,47.4411063],[-122.2409356,47.4413027]],[[-122.2409356,47.4413027],[-122.2406051,47.4532129]],[[-122.2406051,47.4532129],[-122.2405899,47.4534975]],[[-122.2405899,47.4534975],[-122.2405037,47.4568294]],[[-122.2405037,47.4568294],[-122.2404917,47.4571041]],[[-122.2404917,47.4571041],[-122.2403872,47.461094]],[[-122.2403872,47.461094],[-122.2403855,47.4612924]],[[-122.2403563,47.4622143],[-122.2403855,47.4612924]],[[-122.2426092,47.4667821],[-122.2414597,47.4656346],[-122.240723,47.4645423],[-122.2403775,47.4633486],[-122.2403563,47.4622143]],[[-122.2433216,47.4674708],[-122.2426092,47.4667821]],[[-122.244444,47.4685581],[-122.2433216,47.4674708]],[[-122.245777,47.4698498],[-122.244444,47.4685581]],[[-122.2461614,47.4702221],[-122.245777,47.4698498]],[[-122.2473385,47.4713741],[-122.2461614,47.4702221]],[[-122.2500574,47.4740084],[-122.2473385,47.4713741]],[[-122.2504788,47.4744268],[-122.2500574,47.4740084]],[[-122.2504788,47.4744268],[-122.2530858,47.4772777],[-122.2569712,47.4826773],[-122.2585603,47.4839996],[-122.261122,47.4854203]],[[-122.261122,47.4854203],[-122.2629962,47.4867414],[-122.2641187,47.4878726],[-122.2671486,47.4923011],[-122.268403,47.4936826],[-122.277128,47.5008773],[-122.2828051,47.5064272],[-122.2844292,47.5084436],[-122.2863245,47.5116683]],[[-122.2863245,47.5116683],[-122.2864766,47.5119288]],[[-122.2864766,47.5119288],[-122.288834,47.516037]],[[-122.288834,47.516037],[-122.289005,47.516333]],[[-122.289005,47.516333],[-122.2907376,47.5193866],[-122.2967196,47.5322645],[-122.297835,47.5340137],[-122.299219,47.535414],[-122.3115378,47.5458082],[-122.3146793,47.5486856]],[[-122.3146793,47.5486856],[-122.3155757,47.5495207]],[[-122.3155757,47.5495207],[-122.315895,47.549813]],[[-122.315895,47.549813],[-122.316771,47.5506343]],[[-122.316771,47.5506343],[-122.3182792,47.5520838]],[[-122.3182792,47.5520838],[-122.319247,47.5530619]],[[-122.319247,47.5530619],[-122.3217102,47.555422],[-122.3294947,47.56147],[-122.3309625,47.5627369],[-122.3314334,47.563443],[-122.3316842,47.5641533],[-122.3317378,47.566327]],[[-122.3317378,47.566327],[-122.3317384,47.5684507]],[[-122.3317402,47.568755],[-122.3317384,47.5684507]],[[-122.3317417,47.569726],[-122.3317402,47.568755]],[[-122.3317357,47.5733202],[-122.3317417,47.569726]],[[-122.3320305,47.5775106],[-122.3317326,47.5749238],[-122.3317357,47.5733202]],[[-122.3303377,47.5876147],[-122.3303983,47.5849905],[-122.3307259,47.5840915],[-122.3316529,47.5824561],[-122.3319738,47.5814519],[-122.3320305,47.5775106]],[[-122.3303414,47.5878761],[-122.3303377,47.5876147]],[[-122.3303375,47.5891363],[-122.3303414,47.5878761]],[[-122.3303292,47.590262],[-122.3303375,47.5891363]],[[-122.330313,47.5924596],[-122.3303292,47.590262]],[[-122.330255,47.592775],[-122.330313,47.5924596]],[[-122.3301527,47.5931556],[-122.330255,47.592775]],[[-122.329928,47.5942693],[-122.3301527,47.5931556]],[[-122.3298271,47.5946363],[-122.329928,47.5942693]],[[-122.3297897,47.5947748],[-122.3298271,47.5946363]],[[-122.3297897,47.5947748],[-122.3297154,47.5953033]],[[-122.3297154,47.5953033],[-122.3297099,47.5953485]],[[-122.329611,47.5961656],[-122.3297099,47.5953485]],[[-122.329569,47.5975188],[-122.329611,47.5961656]]]},"properties":{"kind":"route","category":"train_route","routeType":"train","osmId":"12074397","name":"Amtrak Coast Starlight: Los Angeles => Seattle","ref":"Coast Starlight","from":"Los Angeles Union Station","to":"Seattle King Street","via":"","network":"Amtrak","operator":"Amtrak","colour":"#191970"}},{"type":"Feature","geometry":{"type":"MultiLineString","coordinates":[[[-122.4286141,47.2392895],[-122.4264902,47.2395331],[-122.4256549,47.2395608],[-122.4261326,47.2394817],[-122.4286141,47.2392895]],[[-122.2969656,47.1928818],[-122.2944309,47.1924245]],[[-122.2455874,47.2005332],[-122.2441296,47.2018087]],[[-122.2322076,47.3072539],[-122.2321835,47.3056506]],[[-122.2329015,47.3833714],[-122.2329187,47.3850164],[-122.2329819,47.3850161],[-122.2329642,47.3833711],[-122.2329015,47.3833714]],[[-122.3293748,47.5993096],[-122.3294563,47.59931],[-122.3295364,47.5965299],[-122.3294736,47.5965281],[-122.3293748,47.5993096]],[[-122.4256673,47.239612],[-122.4250159,47.2396544]],[[-122.4250159,47.2396544],[-122.4209448,47.2400703],[-122.4185259,47.240461]],[[-122.4153308,47.2407984],[-122.4185259,47.240461]],[[-122.4112157,47.2411102],[-122.4153308,47.2407984]],[[-122.4107152,47.2410914],[-122.4112157,47.2411102]],[[-122.409825,47.2409913],[-122.4107152,47.2410914]],[[-122.4096081,47.2409654],[-122.409825,47.2409913]],[[-122.4088852,47.2408899],[-122.4096081,47.2409654]],[[-122.4014225,47.2400692],[-122.4039771,47.240491],[-122.4088852,47.2408899]],[[-122.4010054,47.2399873],[-122.4014225,47.2400692]],[[-122.3957124,47.235627],[-122.3962517,47.2376007],[-122.3965891,47.2382578],[-122.396991,47.2386948],[-122.3982262,47.2393724],[-122.4010054,47.2399873]],[[-122.3786928,47.2214169],[-122.3808118,47.2224719],[-122.3819409,47.2234143],[-122.3825109,47.2243812],[-122.3839792,47.2278523],[-122.38468,47.2287776],[-122.3857451,47.229448],[-122.3864848,47.2297048],[-122.3914542,47.2306547],[-122.3926555,47.2310569],[-122.3934397,47.2314855],[-122.394388,47.232254],[-122.3949747,47.233117],[-122.3957124,47.235627]],[[-122.3509937,47.2034873],[-122.3688746,47.2167861],[-122.3699897,47.2174264],[-122.3786928,47.2214169]],[[-122.3477218,47.2019046],[-122.3495015,47.2024903],[-122.3509937,47.2034873]],[[-122.3417772,47.2008418],[-122.3477218,47.2019046]],[[-122.3415798,47.2008097],[-122.3417772,47.2008418]],[[-122.34015,47.2005581],[-122.3415798,47.2008097]],[[-122.335783,47.1997831],[-122.34015,47.2005581]],[[-122.2941988,47.1924278],[-122.335783,47.1997831]],[[-122.2921066,47.1920574],[-122.2941988,47.1924278]],[[-122.2710661,47.1883266],[-122.2921066,47.1920574]],[[-122.254616,47.1927064],[-122.2570498,47.1905667],[-122.2583039,47.1896647],[-122.2598349,47.1888749],[-122.2620624,47.1881275],[-122.2637552,47.1878066],[-122.2659655,47.1876703],[-122.2683526,47.1878535],[-122.2710661,47.1883266]],[[-122.25161,47.1953255],[-122.254616,47.1927064]],[[-122.2506227,47.1961875],[-122.25161,47.1953255]],[[-122.2498612,47.1968449],[-122.2506227,47.1961875]],[[-122.2490054,47.1975988],[-122.2498612,47.1968449]],[[-122.248616,47.197937],[-122.2490054,47.1975988]],[[-122.2475533,47.1988616],[-122.248616,47.197937]],[[-122.2473096,47.1990785],[-122.2475533,47.1988616]],[[-122.2277172,47.217274],[-122.2283447,47.2160299],[-122.2296191,47.2145183],[-122.2473096,47.1990785]],[[-122.2276284,47.2175276],[-122.2277172,47.217274]],[[-122.2284368,47.2381057],[-122.227362,47.2193835],[-122.2276284,47.2175276]],[[-122.2284508,47.2383231],[-122.2284368,47.2381057]],[[-122.2295122,47.2574073],[-122.2284508,47.2383231]],[[-122.2295207,47.257602],[-122.2295122,47.2574073]],[[-122.2299781,47.2655833],[-122.2295207,47.257602]],[[-122.2300052,47.2661533],[-122.2299781,47.2655833]],[[-122.2300544,47.2674972],[-122.2300052,47.2661533]],[[-122.2302229,47.270474],[-122.2300544,47.2674972]],[[-122.2302928,47.2718145],[-122.2302229,47.270474]],[[-122.2303149,47.2720809],[-122.2302928,47.2718145]],[[-122.2305516,47.2757592],[-122.2303149,47.2720809]],[[-122.2307004,47.2788198],[-122.2305516,47.2757592]],[[-122.2323095,47.3125528],[-122.2322357,47.3056162],[-122.2307004,47.2788198]],[[-122.2323207,47.3153634],[-122.2323095,47.3125528]],[[-122.232643,47.3493037],[-122.2323207,47.3153634]],[[-122.2327609,47.3610083],[-122.232643,47.3493037]],[[-122.2327609,47.3610083],[-122.2327684,47.3614944]],[[-122.2327684,47.3614944],[-122.2327929,47.3631694]],[[-122.2327929,47.3631694],[-122.2327967,47.3634677]],[[-122.2327967,47.3634677],[-122.2328391,47.3700809]],[[-122.2328391,47.3700809],[-122.2328442,47.3705487]],[[-122.2328442,47.3705487],[-122.2328878,47.3734814]],[[-122.2328878,47.3734814],[-122.2330383,47.3894546]],[[-122.2330383,47.3894546],[-122.2330223,47.3946782],[-122.2332,47.3962603],[-122.2381149,47.422947]],[[-122.2381149,47.422947],[-122.2386525,47.4259308]],[[-122.2386525,47.4259308],[-122.2407967,47.4375307],[-122.2409172,47.4387146]],[[-122.2409172,47.4387146],[-122.2409255,47.4389808]],[[-122.2409255,47.4389808],[-122.2408822,47.4411034]],[[-122.2408822,47.4411034],[-122.2408772,47.4413027]],[[-122.2408772,47.4413027],[-122.2405752,47.4518068]],[[-122.2405752,47.4518068],[-122.2404285,47.4568316]],[[-122.2404198,47.4571041],[-122.2404285,47.4568316]],[[-122.2403151,47.4610929],[-122.2404198,47.4571041]],[[-122.2403099,47.4612916],[-122.2403151,47.4610929]],[[-122.2402857,47.4622129],[-122.2403099,47.4612916]],[[-122.2425509,47.4667996],[-122.2414036,47.465656],[-122.2406633,47.4645571],[-122.2403026,47.4633549],[-122.2402857,47.4622129]],[[-122.243264,47.46749],[-122.2425509,47.4667996]],[[-122.244444,47.4685581],[-122.243264,47.46749]],[[-122.245777,47.4698498],[-122.244444,47.4685581]],[[-122.2461614,47.4702221],[-122.245777,47.4698498]],[[-122.2473385,47.4713741],[-122.2461614,47.4702221]],[[-122.2500574,47.4740084],[-122.2473385,47.4713741]],[[-122.2504788,47.4744268],[-122.2500574,47.4740084]],[[-122.2504788,47.4744268],[-122.2530858,47.4772777],[-122.2569712,47.4826773],[-122.2585603,47.4839996],[-122.261122,47.4854203]],[[-122.261122,47.4854203],[-122.2629962,47.4867414],[-122.2641187,47.4878726],[-122.2671486,47.4923011],[-122.268403,47.4936826],[-122.277128,47.5008773],[-122.2828051,47.5064272],[-122.2844292,47.5084436],[-122.2863245,47.5116683]],[[-122.2863245,47.5116683],[-122.2864766,47.5119288]],[[-122.2864766,47.5119288],[-122.288834,47.516037]],[[-122.288834,47.516037],[-122.289005,47.516333]],[[-122.289005,47.516333],[-122.2907376,47.5193866],[-122.2967196,47.5322645],[-122.297835,47.5340137],[-122.299219,47.535414],[-122.3115378,47.5458082],[-122.3146793,47.5486856]],[[-122.3146793,47.5486856],[-122.3155757,47.5495207]],[[-122.3155757,47.5495207],[-122.315895,47.549813]],[[-122.315895,47.549813],[-122.316771,47.5506343]],[[-122.316771,47.5506343],[-122.3182792,47.5520838]],[[-122.3182792,47.5520838],[-122.319247,47.5530619]],[[-122.319247,47.5530619],[-122.3217102,47.555422],[-122.3294947,47.56147],[-122.3309625,47.5627369],[-122.3314334,47.563443],[-122.3316842,47.5641533],[-122.3317378,47.566327]],[[-122.3317378,47.566327],[-122.3317384,47.5684507]],[[-122.3317402,47.568755],[-122.3317384,47.5684507]],[[-122.3317417,47.569726],[-122.3317402,47.568755]],[[-122.3317417,47.569726],[-122.3316797,47.5708479]],[[-122.3316797,47.5708479],[-122.3316784,47.5722202]],[[-122.3316784,47.5722202],[-122.3316768,47.5733185]],[[-122.3316768,47.5733185],[-122.3316791,47.5750454],[-122.3319736,47.5775103]],[[-122.3319736,47.5775103],[-122.3318838,47.5816337],[-122.3315566,47.5825206],[-122.3305453,47.5843463],[-122.3302998,47.5851961],[-122.3302814,47.5889868]],[[-122.3302814,47.5889868],[-122.3302747,47.589306]],[[-122.3302747,47.589306],[-122.3302643,47.5910173]],[[-122.3302643,47.5910173],[-122.3302522,47.5924596]],[[-122.3302522,47.5924596],[-122.3298732,47.5939107]],[[-122.3297092,47.5947338],[-122.3298732,47.5939107]],[[-122.3296238,47.5950401],[-122.3297092,47.5947338]],[[-122.3294792,47.5959161],[-122.3296238,47.5950401]],[[-122.329433,47.5967621],[-122.3294792,47.5959161]],[[-122.329399,47.5975188],[-122.329433,47.5967621]]]},"properties":{"kind":"route","category":"train_route","routeType":"train","osmId":"12234225","name":"S Line: Seattle","ref":"S Line","from":"Tacoma Dome","to":"Seattle","via":"","network":"Sounder","operator":"Sound Transit","colour":"#9AB6D3"}},{"type":"Feature","geometry":{"type":"MultiLineString","coordinates":[[[-122.3293748,47.5993096],[-122.3294563,47.59931],[-122.3295364,47.5965299],[-122.3294736,47.5965281],[-122.3293748,47.5993096]],[[-122.2331754,47.3848692],[-122.2331633,47.3833014],[-122.2331297,47.3833015],[-122.2331417,47.3848693],[-122.2331754,47.3848692]],[[-122.2324167,47.3056358],[-122.2324412,47.3072576]],[[-122.245828,47.2004949],[-122.2443315,47.2018042]],[[-122.2967178,47.1929729],[-122.294397,47.1925513]],[[-122.4286425,47.239405],[-122.4286379,47.2393762],[-122.4260392,47.2396481],[-122.4262251,47.2396748],[-122.4286425,47.239405]],[[-122.329516,47.5975188],[-122.32955,47.596699]],[[-122.32955,47.596699],[-122.3296468,47.5952725]],[[-122.3296468,47.5952725],[-122.3297897,47.5947748]],[[-122.3297897,47.5947748],[-122.3298271,47.5946363]],[[-122.3298271,47.5946363],[-122.329928,47.5942693]],[[-122.329928,47.5942693],[-122.3301527,47.5931556]],[[-122.3301527,47.5931556],[-122.330255,47.592775]],[[-122.330255,47.592775],[-122.330313,47.5924596]],[[-122.330313,47.5924596],[-122.3303292,47.590262]],[[-122.3303292,47.590262],[-122.3303375,47.5891363]],[[-122.3303375,47.5891363],[-122.3303414,47.5878761]],[[-122.3303414,47.5878761],[-122.3303377,47.5876147]],[[-122.3303377,47.5876147],[-122.3303983,47.5849905],[-122.3307259,47.5840915],[-122.3316529,47.5824561],[-122.3319738,47.5814519],[-122.3320305,47.5775106]],[[-122.3320305,47.5775106],[-122.3317326,47.5749238],[-122.3317357,47.5733202]],[[-122.3317357,47.5733202],[-122.3317417,47.569726]],[[-122.3317417,47.569726],[-122.3317402,47.568755]],[[-122.3317402,47.568755],[-122.3317384,47.5684507]],[[-122.3317384,47.5684507],[-122.3318016,47.5673481]],[[-122.3318016,47.5673481],[-122.3317591,47.5641405],[-122.3315393,47.5634726],[-122.3310804,47.5627877],[-122.3294872,47.5614007],[-122.3227685,47.5561457]],[[-122.3227685,47.5561457],[-122.3210801,47.5547524],[-122.3193,47.553043]],[[-122.3193,47.553043],[-122.3190068,47.5527439]],[[-122.3190068,47.5527439],[-122.31682,47.5506113]],[[-122.31682,47.5506113],[-122.316635,47.550436]],[[-122.316635,47.550436],[-122.3136289,47.5476356]],[[-122.3136289,47.5476356],[-122.3116008,47.5457866],[-122.299271,47.535389],[-122.2974462,47.5334383],[-122.296688,47.5320634],[-122.2906249,47.5190331],[-122.288206,47.5148073]],[[-122.288206,47.5148073],[-122.2872216,47.5131096]],[[-122.2872216,47.5131096],[-122.2844781,47.5084128],[-122.282893,47.5064348],[-122.2771672,47.5008455],[-122.268466,47.4936524],[-122.2672599,47.4922579],[-122.2641935,47.487789],[-122.2630707,47.4866976],[-122.2611749,47.4853899]],[[-122.2611749,47.4853899],[-122.2586092,47.4839693],[-122.2570242,47.482658],[-122.2531318,47.4772472],[-122.2505398,47.474411]],[[-122.2505398,47.474411],[-122.2501185,47.4739946]],[[-122.2501185,47.4739946],[-122.2484685,47.4723947]],[[-122.2484685,47.4723947],[-122.2447206,47.4687607]],[[-122.2447206,47.4687607],[-122.2426591,47.4667667]],[[-122.2426591,47.4667667],[-122.2422639,47.466384]],[[-122.2422639,47.466384],[-122.2412126,47.4652544],[-122.2407843,47.4645299],[-122.2404775,47.4636275],[-122.2404125,47.4622179]],[[-122.2404125,47.4622179],[-122.2404379,47.4612931]],[[-122.2404379,47.4612931],[-122.2404446,47.4610947]],[[-122.2404446,47.4610947],[-122.2405621,47.4571019]],[[-122.2405621,47.4571019],[-122.2405602,47.4568286]],[[-122.2405602,47.4568286],[-122.2406091,47.454768]],[[-122.2406091,47.454768],[-122.2409978,47.4413047]],[[-122.2409978,47.4413047],[-122.2410046,47.4411046]],[[-122.2410046,47.4411046],[-122.2410493,47.4389827]],[[-122.2410493,47.4389827],[-122.2410416,47.4387133]],[[-122.2410416,47.4387133],[-122.2407992,47.4368431],[-122.2333503,47.3962742],[-122.2331595,47.3942726],[-122.2331305,47.3866187]],[[-122.2331305,47.3866187],[-122.233098,47.3831316]],[[-122.233098,47.3831316],[-122.233073,47.3809282]],[[-122.233073,47.3809282],[-122.233038,47.379767]],[[-122.233038,47.379767],[-122.2329871,47.3777901]],[[-122.2329871,47.3777901],[-122.2329176,47.3722203]],[[-122.2329176,47.3722203],[-122.2329175,47.3718154]],[[-122.2329175,47.3718154],[-122.2328542,47.3634677]],[[-122.2328542,47.3634677],[-122.2328515,47.3631717]],[[-122.2328515,47.3631717],[-122.2328226,47.3614987]],[[-122.2328226,47.3614987],[-122.2328253,47.3610054]],[[-122.2328253,47.3610054],[-122.2327401,47.3508659]],[[-122.232755,47.3480358],[-122.2327401,47.3508659]],[[-122.2324649,47.316708],[-122.232755,47.3480358]],[[-122.2324017,47.3112166],[-122.2324649,47.316708]],[[-122.2306528,47.2757593],[-122.2323614,47.3051774],[-122.2324017,47.3112166]],[[-122.2306528,47.2757593],[-122.230373,47.272078]],[[-122.230373,47.272078],[-122.2303532,47.2718091]],[[-122.2303532,47.2718091],[-122.2302108,47.2691891]],[[-122.2302108,47.2691891],[-122.2301898,47.2687781]],[[-122.2301898,47.2687781],[-122.2300636,47.2661501]],[[-122.2300636,47.2661501],[-122.2300373,47.2655878]],[[-122.2300373,47.2655878],[-122.2295806,47.2576034]],[[-122.2295806,47.2576034],[-122.2295703,47.2574083]],[[-122.2295703,47.2574083],[-122.2285084,47.2383202]],[[-122.2285084,47.2383202],[-122.2285,47.2381086]],[[-122.2285,47.2381086],[-122.2274351,47.2193801],[-122.2276831,47.2175333]],[[-122.2276831,47.2175333],[-122.2277801,47.2172769]],[[-122.2277801,47.2172769],[-122.2284033,47.2160495],[-122.2296691,47.2145482],[-122.2473649,47.1991109]],[[-122.2473649,47.1991109],[-122.2476453,47.1988613]],[[-122.2476453,47.1988613],[-122.2486669,47.1979696]],[[-122.2486669,47.1979696],[-122.2490725,47.1976237]],[[-122.2499167,47.1968796],[-122.2490725,47.1976237]],[[-122.2506811,47.1962161],[-122.2499167,47.1968796]],[[-122.252976,47.1942073],[-122.2506811,47.1962161]],[[-122.253345,47.1938861],[-122.252976,47.1942073]],[[-122.271054,47.1883691],[-122.268331,47.1878968],[-122.2659642,47.1877201],[-122.2637577,47.1878536],[-122.2615358,47.1883034],[-122.2598603,47.1889007],[-122.2578471,47.1900158],[-122.253345,47.1938861]],[[-122.2920868,47.1921089],[-122.271054,47.1883691]],[[-122.2941936,47.1924811],[-122.2920868,47.1921089]],[[-122.33756,47.200143],[-122.2941936,47.1924811]],[[-122.338343,47.2002831],[-122.33756,47.200143]],[[-122.3415823,47.2008511],[-122.338343,47.2002831]],[[-122.3415823,47.2008511],[-122.3417514,47.2008833]],[[-122.3417514,47.2008833],[-122.3477026,47.2019517]],[[-122.3477026,47.2019517],[-122.349473,47.202521],[-122.3509404,47.2035199]],[[-122.3509404,47.2035199],[-122.3688316,47.2168145],[-122.369959,47.2174666],[-122.3786369,47.2214682]],[[-122.3786369,47.2214682],[-122.3807803,47.2224944],[-122.3818844,47.2234333],[-122.3824567,47.2243891],[-122.383916,47.2278705],[-122.3846443,47.2287999],[-122.3857167,47.2294765],[-122.3864663,47.2297315],[-122.3914347,47.2306924],[-122.3926218,47.2310871],[-122.3933918,47.2315041],[-122.3943351,47.2322767],[-122.3949247,47.233134],[-122.3956515,47.2356365]],[[-122.3956515,47.2356365],[-122.3959845,47.2368693]],[[-122.3959845,47.2368693],[-122.3963126,47.2379099],[-122.3969471,47.2387107],[-122.3978716,47.2392749],[-122.3995124,47.2397246]],[[-122.3995124,47.2397246],[-122.4010054,47.2399873]],[[-122.4010054,47.2399873],[-122.4014225,47.2400692]],[[-122.4014225,47.2400692],[-122.4039771,47.240491],[-122.4088852,47.2408899]],[[-122.4096023,47.2410133],[-122.4088852,47.2408899]],[[-122.409798,47.2410519],[-122.4096023,47.2410133]],[[-122.4106957,47.2411763],[-122.409798,47.2410519]],[[-122.4112214,47.2412113],[-122.4106957,47.2411763]],[[-122.4165488,47.2407276],[-122.4112214,47.2412113]],[[-122.4178899,47.2406013],[-122.4165488,47.2407276]],[[-122.4185458,47.2404995],[-122.4178899,47.2406013]],[[-122.4185458,47.2404995],[-122.4209532,47.2401115],[-122.4250324,47.239724]],[[-122.4250324,47.239724],[-122.4286243,47.2393677]]]},"properties":{"kind":"route","category":"train_route","routeType":"train","osmId":"12234226","name":"S Line: Tacoma","ref":"S Line","from":"Seattle King Street","to":"Tacoma Dome","via":"","network":"Sounder","operator":"Sound Transit","colour":"#9AB6D3"}},{"type":"Feature","geometry":{"type":"MultiLineString","coordinates":[[[-122.1102955,47.6671097],[-122.1088291,47.6674091],[-122.1088512,47.6674611],[-122.1102955,47.6671097]],[[-122.1337069,47.645365],[-122.1337933,47.6453574],[-122.1334777,47.6442359],[-122.1337069,47.645365]],[[-122.1395444,47.6359845],[-122.139516,47.6359647],[-122.1384431,47.6367102],[-122.1384667,47.6367265],[-122.1395444,47.6359845]],[[-122.1646709,47.6245039],[-122.1668649,47.6244966],[-122.1668649,47.6245234],[-122.1646709,47.6245039]],[[-122.1792068,47.6237283],[-122.1792167,47.6237638],[-122.1777061,47.6239197],[-122.1792068,47.6237283]],[[-122.1837911,47.6174519],[-122.1839299,47.6174581],[-122.1838298,47.618458],[-122.1836939,47.6184518],[-122.1837911,47.6174519]],[[-122.1926793,47.6152715],[-122.1926791,47.6153091],[-122.1911304,47.6153054],[-122.1911305,47.6152689],[-122.1926793,47.6152715]],[[-122.1912954,47.6085346],[-122.1912406,47.6085358],[-122.1911891,47.6074922],[-122.1912442,47.6074909],[-122.1912954,47.6085346]],[[-122.1899581,47.5859827],[-122.1906873,47.5870434],[-122.1907794,47.5870146],[-122.190058,47.5859556],[-122.1899581,47.5859827]],[[-122.233885,47.5884637],[-122.2325632,47.5880045],[-122.2339328,47.5883997],[-122.233885,47.5884637]],[[-122.3035534,47.5903344],[-122.305091,47.5903226],[-122.3050904,47.5902875],[-122.3035528,47.5902985],[-122.3035534,47.5903344]],[[-122.3279308,47.5977966],[-122.3278496,47.5977964],[-122.327841,47.598844],[-122.3279223,47.598844],[-122.3279308,47.5977966]],[[-122.3316157,47.6031867],[-122.3316867,47.6031574],[-122.330796,47.6022856],[-122.3316157,47.6031867]],[[-122.3354865,47.6073156],[-122.3354156,47.6073449],[-122.3363058,47.6082168],[-122.3354865,47.6073156]],[[-122.3368762,47.611452],[-122.3368269,47.611399],[-122.3355532,47.6119383],[-122.3356025,47.6119913],[-122.3368762,47.611452]],[[-122.3202493,47.6196875],[-122.3201707,47.6196881],[-122.3201527,47.6186242],[-122.3202316,47.6186236],[-122.3202493,47.6196875]],[[-122.3038521,47.6503657],[-122.3037199,47.6503675],[-122.3036886,47.6493269],[-122.3038208,47.6493251],[-122.3038521,47.6503657]],[[-122.3141676,47.6608136],[-122.3140554,47.6608123],[-122.3140782,47.6599308],[-122.3141904,47.6599321],[-122.3141676,47.6608136]],[[-122.3159233,47.6771707],[-122.3160637,47.6771696],[-122.3160451,47.6760572],[-122.3159047,47.6760583],[-122.3159233,47.6771707]],[[-122.3282614,47.7035511],[-122.3282481,47.7025169],[-122.3283567,47.7025166],[-122.3283699,47.7035498],[-122.3282614,47.7035511]],[[-122.32555,47.7365677],[-122.3254984,47.7365825],[-122.3248923,47.7356265],[-122.3249438,47.7356117],[-122.32555,47.7365677]],[[-122.3226736,47.7647205],[-122.3227075,47.7647238],[-122.3229361,47.7636931],[-122.322877,47.7637623],[-122.3226736,47.7647205]],[[-122.3147923,47.7844795],[-122.3147293,47.7844803],[-122.3147438,47.7855228],[-122.3148023,47.7855226],[-122.3147923,47.7844795]],[[-122.2954722,47.8152291],[-122.2954311,47.8151962],[-122.2942586,47.8158733],[-122.2943004,47.8159058],[-122.2954722,47.8152291]],[[-122.1183363,47.6715477],[-122.1097703,47.6694346]],[[-122.1097703,47.6694346],[-122.1089179,47.6692518]],[[-122.1089179,47.6692518],[-122.1087711,47.6692181]],[[-122.1087711,47.6692181],[-122.1086231,47.6691833]],[[-122.1086231,47.6691833],[-122.1084356,47.6691412]],[[-122.1084356,47.6691412],[-122.1081619,47.6690681]],[[-122.1081619,47.6690681],[-122.1078502,47.6688863]],[[-122.1078502,47.6688863],[-122.107592,47.6685129]],[[-122.107592,47.6685129],[-122.1075732,47.6683073]],[[-122.1075732,47.6683073],[-122.1076143,47.6681203]],[[-122.1076143,47.6681203],[-122.1077941,47.6678455],[-122.1082012,47.6676186]],[[-122.1082012,47.6676186],[-122.1122969,47.6668477],[-122.1176713,47.666991],[-122.1242066,47.6669808]],[[-122.1242066,47.6669808],[-122.1272331,47.6667577],[-122.1288794,47.6663999],[-122.1302234,47.6659098]],[[-122.1302234,47.6659098],[-122.1316133,47.6651415],[-122.1327593,47.664181],[-122.1333184,47.6634457],[-122.1341019,47.661853]],[[-122.1341019,47.661853],[-122.1344184,47.6611865]],[[-122.1344184,47.6611865],[-122.1354712,47.6594445],[-122.1364737,47.6572881],[-122.1366296,47.6565223],[-122.1366031,47.6544131]],[[-122.1366031,47.6544131],[-122.1366458,47.6541423]],[[-122.1366458,47.6541423],[-122.1370103,47.652326],[-122.1367978,47.6511112],[-122.1356343,47.6487637],[-122.1340507,47.6462098]],[[-122.1340507,47.6462098],[-122.1339119,47.6458328]],[[-122.1339119,47.6458328],[-122.133872,47.6456425]],[[-122.133872,47.6456425],[-122.1334783,47.6435821],[-122.133891,47.6421763]],[[-122.133891,47.6421763],[-122.1345015,47.6405784],[-122.1354308,47.6391471]],[[-122.1354308,47.6391471],[-122.1357922,47.6387395]],[[-122.1357922,47.6387395],[-122.1369244,47.637737],[-122.139397,47.6360303]],[[-122.139397,47.6360303],[-122.1402433,47.6354597]],[[-122.1402433,47.6354597],[-122.1427825,47.6341395],[-122.1451573,47.6326245],[-122.1479942,47.6311746]],[[-122.1479942,47.6311746],[-122.1496445,47.6303941],[-122.1513666,47.6298115],[-122.15306,47.6294468],[-122.1558583,47.6290806]],[[-122.1558583,47.6290806],[-122.1564406,47.6288241],[-122.1568445,47.6284776],[-122.1586737,47.6252597],[-122.1594978,47.6246316],[-122.1606345,47.6244265],[-122.1680898,47.6244894]],[[-122.1680898,47.6244894],[-122.1732575,47.6243002]],[[-122.1732575,47.6243002],[-122.174268,47.6243021]],[[-122.174268,47.6243021],[-122.17605,47.6241184]],[[-122.17605,47.6241184],[-122.1763866,47.6240756]],[[-122.1763866,47.6240756],[-122.1781132,47.6238574]],[[-122.1781132,47.6238574],[-122.1788951,47.6237573]],[[-122.1788951,47.6237573],[-122.18022,47.6235918]],[[-122.18022,47.6235918],[-122.1813697,47.6233922],[-122.1820807,47.6230149],[-122.1824395,47.6225933],[-122.1829223,47.6213373]],[[-122.1829223,47.6213373],[-122.1837544,47.6190902],[-122.1838077,47.6187797],[-122.1840412,47.6166386],[-122.1842673,47.6162152],[-122.1846466,47.6158601],[-122.1853854,47.6154715],[-122.1863398,47.6152561],[-122.1911298,47.6152557]],[[-122.1911298,47.6152557],[-122.1926794,47.6152591]],[[-122.1926794,47.6152591],[-122.1933013,47.6152063],[-122.1936546,47.6149003],[-122.1936989,47.6117341],[-122.1935971,47.6105011],[-122.1931905,47.6100909],[-122.1926763,47.6098738]],[[-122.1926763,47.6098738],[-122.1915762,47.609437]],[[-122.1915762,47.609437],[-122.1912429,47.608866],[-122.1910256,47.6047509],[-122.1910606,47.6001592],[-122.1911827,47.5994551]],[[-122.1911827,47.5994551],[-122.1916168,47.5986758]],[[-122.1916168,47.5986758],[-122.19349,47.5969021],[-122.1945009,47.5947132],[-122.1946121,47.5940128],[-122.1945025,47.5933077],[-122.1935441,47.5917328]],[[-122.1935441,47.5917328],[-122.1932414,47.5913058]],[[-122.1932414,47.5913058],[-122.193083,47.5910836]],[[-122.193083,47.5910836],[-122.1929526,47.5908985]],[[-122.1929526,47.5908985],[-122.192343,47.5900322]],[[-122.192343,47.5900322],[-122.1912923,47.5877224],[-122.1901069,47.5859884]],[[-122.1901069,47.5859884],[-122.1895868,47.5853461]],[[-122.1895868,47.5853461],[-122.1881684,47.5833301],[-122.1879369,47.5826698],[-122.1878675,47.5816251],[-122.1879583,47.5811365],[-122.1883147,47.5805371],[-122.1888961,47.5800442]],[[-122.1888961,47.5800442],[-122.1898791,47.5796147],[-122.1909005,47.5794551]],[[-122.1909005,47.5794551],[-122.1929584,47.5797794]],[[-122.1929584,47.5797794],[-122.1946028,47.5799899],[-122.1961729,47.5798998]],[[-122.1961729,47.5798998],[-122.2029262,47.5781916],[-122.2046855,47.5779343]],[[-122.2046855,47.5779343],[-122.2070712,47.5780216]],[[-122.2070712,47.5780216],[-122.2075647,47.5780908]],[[-122.212569,47.5787976],[-122.2075647,47.5780908]],[[-122.2131885,47.5789271],[-122.212569,47.5787976]],[[-122.2190639,47.5820369],[-122.2157082,47.579835],[-122.2144759,47.5793048],[-122.2131885,47.5789271]],[[-122.2194488,47.5822467],[-122.2190639,47.5820369]],[[-122.2267293,47.5854556],[-122.2194488,47.5822467]],[[-122.2278449,47.5859876],[-122.2267293,47.5854556]],[[-122.2278449,47.5859876],[-122.2294596,47.5867533]],[[-122.2294596,47.5867533],[-122.2299146,47.5869684]],[[-122.2299146,47.5869684],[-122.231527,47.5876543]],[[-122.231527,47.5876543],[-122.2324262,47.5879714]],[[-122.2324262,47.5879714],[-122.2341922,47.5885857]],[[-122.2341922,47.5885857],[-122.2348197,47.5887992]],[[-122.2348197,47.5887992],[-122.2374563,47.5897983]],[[-122.2374563,47.5897983],[-122.2378727,47.5899913]],[[-122.2378727,47.5899913],[-122.239701,47.5909503]],[[-122.239701,47.5909503],[-122.2410675,47.5916034],[-122.2423915,47.5919773],[-122.2437454,47.5921489],[-122.2451013,47.5921314],[-122.2472988,47.5916839],[-122.2500713,47.5903321]],[[-122.2500713,47.5903321],[-122.2512766,47.5898696],[-122.252749,47.5895735]],[[-122.252749,47.5895735],[-122.2544218,47.5895248],[-122.2851383,47.5902219],[-122.2878416,47.5904143]],[[-122.2878416,47.5904143],[-122.2885834,47.5904426]],[[-122.2885834,47.5904426],[-122.295095,47.5905018],[-122.2983346,47.5903349],[-122.3028228,47.5903634]],[[-122.3028228,47.5903634],[-122.3066791,47.5903132]],[[-122.3066791,47.5903132],[-122.3078906,47.5903148]],[[-122.3078906,47.5903148],[-122.3092217,47.5905657],[-122.3104979,47.591208],[-122.3127424,47.5939189],[-122.3145475,47.595154],[-122.3154462,47.5953625],[-122.3163521,47.595325],[-122.3191162,47.5944628]],[[-122.3191162,47.5944628],[-122.3217682,47.5938883]],[[-122.3217682,47.5938883],[-122.3244419,47.5929048],[-122.3257159,47.5926229],[-122.3263152,47.5926159],[-122.3267504,47.5927481],[-122.3270588,47.5929979],[-122.3277673,47.5948332]],[[-122.3277673,47.5948332],[-122.3279849,47.5957722]],[[-122.3279849,47.5957722],[-122.3279597,47.5970255]],[[-122.3279597,47.5970255],[-122.3279554,47.5977638]],[[-122.3279554,47.5977638],[-122.3279546,47.5979023]],[[-122.3279546,47.5979023],[-122.3279533,47.5981258]],[[-122.3279533,47.5981258],[-122.3279766,47.5997474]],[[-122.3279766,47.5997474],[-122.3283994,47.6004395],[-122.3307593,47.6021126],[-122.3363872,47.6082772],[-122.338234,47.6103803],[-122.3381963,47.6107668],[-122.3378395,47.6110705],[-122.331912,47.6135731]],[[-122.331912,47.6135731],[-122.3307193,47.6138081],[-122.3269483,47.6133553],[-122.3248359,47.6135428],[-122.3227074,47.6142775],[-122.3216321,47.6149769],[-122.3208967,47.6157151],[-122.3204506,47.616412],[-122.3201495,47.6173256],[-122.3200919,47.6207189],[-122.3198722,47.6216191],[-122.3193447,47.6227262],[-122.3076697,47.6370722],[-122.3066153,47.6385301],[-122.305436,47.6405582],[-122.304633,47.6423908],[-122.3039025,47.6449738],[-122.3036169,47.6471395],[-122.3036691,47.6491621]],[[-122.3036691,47.6491621],[-122.30371,47.6505358]],[[-122.30371,47.6505358],[-122.303863,47.653366],[-122.304373,47.654469],[-122.305197,47.655365],[-122.306208,47.656047],[-122.307715,47.656656],[-122.311726,47.657335],[-122.312504,47.657571],[-122.313213,47.657967],[-122.313777,47.658548],[-122.31406,47.659303],[-122.31401,47.662559],[-122.314181,47.664995],[-122.315786,47.674633],[-122.315933,47.677883],[-122.316128,47.678672],[-122.316709,47.679742],[-122.317539,47.680634],[-122.326302,47.687911],[-122.327403,47.689106],[-122.328173,47.690535],[-122.328451,47.691721],[-122.328409,47.695393],[-122.328561,47.696761]],[[-122.328561,47.696761],[-122.328744,47.697967],[-122.3287221,47.6989684]],[[-122.3287221,47.6989684],[-122.328204,47.702239],[-122.3282637,47.7048751],[-122.3285558,47.7058349]],[[-122.3285558,47.7058349],[-122.3290754,47.7074647],[-122.3290509,47.7093039],[-122.3287163,47.7105467],[-122.3279882,47.711672]],[[-122.3279882,47.711672],[-122.3268757,47.7130483],[-122.3259943,47.7145495],[-122.324389,47.7168066],[-122.3238939,47.7182253],[-122.3237706,47.7202088]],[[-122.3237706,47.7202088],[-122.3238627,47.7220412],[-122.3237493,47.7252289]],[[-122.3237493,47.7252289],[-122.3236467,47.7303864]],[[-122.3236467,47.7303864],[-122.3236432,47.7321763],[-122.3238599,47.7338152],[-122.3245686,47.7351417],[-122.3257421,47.7369942],[-122.3264413,47.7379818]],[[-122.3264413,47.7379818],[-122.3285328,47.7412711]],[[-122.3285328,47.7412711],[-122.3286643,47.7414826]],[[-122.3286643,47.7414826],[-122.3292088,47.7425902],[-122.3293969,47.7436417],[-122.3293081,47.7445896],[-122.3285577,47.7469064],[-122.3283831,47.7480775],[-122.3285644,47.7494638],[-122.3293857,47.7515786],[-122.3296049,47.752645],[-122.3295284,47.7539183],[-122.3289997,47.7553211]],[[-122.3289997,47.7553211],[-122.3277474,47.7572658]],[[-122.3277474,47.7572658],[-122.3237446,47.7617674],[-122.3233655,47.7623547],[-122.3230914,47.7631241]],[[-122.3230914,47.7631241],[-122.3230088,47.7634885]],[[-122.3230088,47.7634885],[-122.3216245,47.7693178],[-122.3210168,47.7703922],[-122.3190449,47.7729317]],[[-122.3190449,47.7729317],[-122.3181074,47.77419],[-122.3176718,47.7750405],[-122.3164002,47.780738],[-122.3160148,47.7816308],[-122.3147932,47.7836702],[-122.31471,47.7843528],[-122.3147284,47.7858394],[-122.3147878,47.7863378]],[[-122.3147878,47.7863378],[-122.3156352,47.7887205]],[[-122.3156352,47.7887205],[-122.3166951,47.7901335],[-122.3168688,47.7912489]],[[-122.3168688,47.7912489],[-122.3167608,47.7931828],[-122.3162792,47.7960819],[-122.316288,47.7986456]],[[-122.316288,47.7986456],[-122.3162572,47.7996758],[-122.3159647,47.8003596],[-122.3139438,47.802179]],[[-122.3139438,47.802179],[-122.3114383,47.8041413],[-122.3072339,47.8064244]],[[-122.3072339,47.8064244],[-122.3064482,47.8068427]],[[-122.3064482,47.8068427],[-122.3033691,47.8084876]],[[-122.3033691,47.8084876],[-122.3029538,47.8087098]],[[-122.3029538,47.8087098],[-122.3008844,47.8098179]],[[-122.3008844,47.8098179],[-122.2997353,47.8105384]],[[-122.2997353,47.8105384],[-122.2986868,47.8116064],[-122.2977033,47.8133496],[-122.2972058,47.813988],[-122.2965436,47.8145235],[-122.2944665,47.8157347]]]},"properties":{"kind":"route","category":"light_rail_route","routeType":"light_rail","osmId":"17499739","name":"2 Line: Lynnwood","ref":"2 Line","from":"Downtown Redmond","to":"Lynnwood","via":"","network":"Link","operator":"Sound Transit","colour":"#00A0DF"}},{"type":"Feature","geometry":{"type":"MultiLineString","coordinates":[[[-122.2943004,47.8159058],[-122.2943416,47.8159377],[-122.2955141,47.8152625],[-122.2954722,47.8152291],[-122.2943004,47.8159058]],[[-122.3148023,47.7855226],[-122.314868,47.7855224],[-122.314855,47.7844788],[-122.3147923,47.7844795],[-122.3148023,47.7855226]],[[-122.3228201,47.7647319],[-122.3228605,47.7647359],[-122.3230924,47.7637039],[-122.3230494,47.7637011],[-122.3228201,47.7647319]],[[-122.3249438,47.7356117],[-122.3249953,47.735597],[-122.3256014,47.7365529],[-122.32555,47.7365677],[-122.3249438,47.7356117]],[[-122.3282614,47.7035511],[-122.3282481,47.7025169],[-122.3283567,47.7025166],[-122.3283699,47.7035498],[-122.3282614,47.7035511]],[[-122.3159233,47.6771707],[-122.3160637,47.6771696],[-122.3160451,47.6760572],[-122.3159047,47.6760583],[-122.3159233,47.6771707]],[[-122.3141676,47.6608136],[-122.3140554,47.6608123],[-122.3140782,47.6599308],[-122.3141904,47.6599321],[-122.3141676,47.6608136]],[[-122.3038521,47.6503657],[-122.3037199,47.6503675],[-122.3036886,47.6493269],[-122.3038208,47.6493251],[-122.3038521,47.6503657]],[[-122.3202493,47.6196875],[-122.3201707,47.6196881],[-122.3201527,47.6186242],[-122.3202316,47.6186236],[-122.3202493,47.6196875]],[[-122.3370175,47.6115817],[-122.3369682,47.6115287],[-122.3356945,47.612068],[-122.3357438,47.612121],[-122.3370175,47.6115817]],[[-122.3356808,47.6072347],[-122.3356098,47.607264],[-122.3365001,47.6081359],[-122.3356808,47.6072347]],[[-122.3318091,47.6031046],[-122.3318801,47.6030753],[-122.3309894,47.6022035],[-122.3318091,47.6031046]],[[-122.3281686,47.5988425],[-122.3281711,47.5977977],[-122.3280879,47.5977973],[-122.3280826,47.5988424],[-122.3281686,47.5988425]],[[-122.3035528,47.5902985],[-122.3035523,47.5902659],[-122.3050898,47.5902541],[-122.3050904,47.5902875],[-122.3035528,47.5902985]],[[-122.233885,47.5884637],[-122.2325632,47.5880045],[-122.2339328,47.5883997],[-122.233885,47.5884637]],[[-122.1899581,47.5859827],[-122.1906873,47.5870434],[-122.1907794,47.5870146],[-122.190058,47.5859556],[-122.1899581,47.5859827]],[[-122.1911376,47.6085392],[-122.1910831,47.6085404],[-122.1910322,47.6074943],[-122.1910865,47.6074931],[-122.1911376,47.6085392]],[[-122.1926796,47.6152024],[-122.1911299,47.6151944],[-122.1911303,47.6151566],[-122.1926801,47.6151641],[-122.1926796,47.6152024]],[[-122.1837911,47.6174519],[-122.1839299,47.6174581],[-122.1838298,47.618458],[-122.1836939,47.6184518],[-122.1837911,47.6174519]],[[-122.1791677,47.6236352],[-122.1791774,47.6236698],[-122.1776718,47.6238258],[-122.1791677,47.6236352]],[[-122.1668671,47.6244366],[-122.1646881,47.6243846],[-122.1646791,47.6244113],[-122.1668671,47.6244366]],[[-122.1383545,47.636664],[-122.1394044,47.6358961],[-122.139429,47.6359116],[-122.1383545,47.636664]],[[-122.1337069,47.645365],[-122.1337933,47.6453574],[-122.1334777,47.6442359],[-122.1337069,47.645365]],[[-122.1102955,47.6671097],[-122.1088291,47.6674091],[-122.1088512,47.6674611],[-122.1102955,47.6671097]],[[-122.2952838,47.815408],[-122.2964327,47.8147128],[-122.2972703,47.8140093],[-122.2987898,47.8115602],[-122.2997853,47.8105682]],[[-122.2997853,47.8105682],[-122.3029697,47.808754]],[[-122.3029697,47.808754],[-122.303392,47.8085267]],[[-122.303392,47.8085267],[-122.3064858,47.8068757]],[[-122.3064858,47.8068757],[-122.3072678,47.8064574]],[[-122.3072678,47.8064574],[-122.3114935,47.8041596],[-122.3139913,47.8022044]],[[-122.3139913,47.8022044],[-122.3160018,47.8004055],[-122.3163258,47.7996277],[-122.3163454,47.7986412]],[[-122.3163454,47.7986412],[-122.3163445,47.7959819],[-122.3168191,47.7931875],[-122.3169244,47.7912288]],[[-122.3169244,47.7912288],[-122.3167695,47.7901565],[-122.3156892,47.7887066]],[[-122.3156892,47.7887066],[-122.3149023,47.7863302]],[[-122.3149023,47.7863302],[-122.3149226,47.7835221],[-122.3160781,47.7816295],[-122.3164486,47.7807728],[-122.3177394,47.7750223],[-122.3182131,47.7741232],[-122.3190953,47.7729508]],[[-122.3190953,47.7729508],[-122.321104,47.7703571],[-122.32171,47.7692583],[-122.3230639,47.7634912]],[[-122.3230639,47.7634912],[-122.32315,47.7631227]],[[-122.32315,47.7631227],[-122.3233996,47.7624096],[-122.3238738,47.7616894],[-122.3277996,47.7572846]],[[-122.3277996,47.7572846],[-122.3290564,47.7553346]],[[-122.3290564,47.7553346],[-122.3295537,47.7540649],[-122.3296619,47.7526444],[-122.3294925,47.7517237],[-122.3285927,47.7493449],[-122.328443,47.7480451],[-122.3286181,47.7469015],[-122.3293706,47.7445814],[-122.3294582,47.7436898],[-122.3292639,47.7425709],[-122.3287207,47.7414684]],[[-122.3287207,47.7414684],[-122.3285849,47.7412539]],[[-122.3285849,47.7412539],[-122.326507,47.7379659]],[[-122.326507,47.7379659],[-122.3239145,47.7337935],[-122.3236999,47.7321244],[-122.3237085,47.7304098]],[[-122.3237085,47.7304098],[-122.3238093,47.725238]],[[-122.3238093,47.725238],[-122.3239227,47.7221397],[-122.3238325,47.7202078]],[[-122.3238325,47.7202078],[-122.3239507,47.7182411],[-122.3244414,47.7168265],[-122.3260574,47.7145522],[-122.3269448,47.7130408],[-122.3280405,47.7116932]],[[-122.3280405,47.7116932],[-122.3287409,47.7106302],[-122.3291002,47.7094142],[-122.329136,47.7073331],[-122.3286857,47.7058171]],[[-122.3286857,47.7058171],[-122.3284235,47.7048379],[-122.328358,47.701844],[-122.3287925,47.6989712]],[[-122.3287925,47.6989712],[-122.328827,47.697813],[-122.328684,47.696745]],[[-122.328684,47.696745],[-122.328574,47.695779],[-122.328612,47.69171],[-122.328335,47.690523],[-122.327572,47.689091],[-122.32648,47.687888],[-122.317412,47.680327],[-122.316654,47.679373],[-122.316304,47.67864],[-122.316119,47.677849],[-122.316008,47.675003],[-122.314344,47.664962],[-122.314183,47.662526],[-122.314239,47.65927],[-122.313969,47.65851],[-122.313416,47.657919],[-122.312334,47.657365],[-122.307926,47.656595],[-122.3065474,47.6560864],[-122.305387,47.655347],[-122.304552,47.654462],[-122.304032,47.653364],[-122.303878,47.6505353]],[[-122.303878,47.6505353],[-122.3038358,47.6491628]],[[-122.3038358,47.6491628],[-122.3038047,47.6468472],[-122.3040802,47.6449127],[-122.3046061,47.6429601],[-122.3055497,47.6406807],[-122.3063831,47.6391734],[-122.3076474,47.6373392],[-122.3194612,47.622818],[-122.3199895,47.621746],[-122.3202121,47.620913],[-122.3202851,47.6202337],[-122.3202701,47.6175532],[-122.3205368,47.6165678],[-122.3208972,47.6159383],[-122.3214554,47.6153003],[-122.3225935,47.6144761],[-122.3238405,47.6139242],[-122.3247966,47.6136648],[-122.3272068,47.6134755],[-122.3304273,47.6139691],[-122.3311349,47.6138932],[-122.3319413,47.6136048]],[[-122.3319413,47.6136048],[-122.3380909,47.6110446],[-122.338412,47.6107233],[-122.3384346,47.610412],[-122.3308438,47.602068],[-122.3285041,47.6004083],[-122.3280814,47.5997162]],[[-122.3280814,47.5997162],[-122.3280548,47.5987555]],[[-122.3280548,47.5987555],[-122.3280563,47.5985346]],[[-122.3280563,47.5985346],[-122.328059,47.5981259]],[[-122.328059,47.5981259],[-122.3280605,47.5979023]],[[-122.3280605,47.5979023],[-122.3280612,47.5978023]],[[-122.3280612,47.5978023],[-122.3282309,47.5973406],[-122.3282299,47.5966782]],[[-122.3283547,47.5959599],[-122.3282299,47.5966782]],[[-122.3282618,47.5952808],[-122.3283547,47.5959599]],[[-122.321713,47.5938508],[-122.3246911,47.5927925],[-122.325836,47.5925614],[-122.3265042,47.5925945],[-122.3270509,47.5928048],[-122.3274257,47.5931629],[-122.3282618,47.5952808]],[[-122.3190986,47.5944263],[-122.321713,47.5938508]],[[-122.3078311,47.5902341],[-122.3092914,47.590493],[-122.3105537,47.5911416],[-122.3112097,47.5918014],[-122.312848,47.5939225],[-122.3146034,47.5951282],[-122.3154764,47.5953266],[-122.3163635,47.5952836],[-122.3190986,47.5944263]],[[-122.3078311,47.5902341],[-122.306618,47.5902312]],[[-122.306618,47.5902312],[-122.3028061,47.5902592]],[[-122.3028061,47.5902592],[-122.2983323,47.5902671],[-122.2950919,47.5904362],[-122.2885847,47.5903786]],[[-122.2885847,47.5903786],[-122.2878453,47.5903662]],[[-122.2878453,47.5903662],[-122.2844536,47.590168],[-122.252743,47.5895297]],[[-122.252743,47.5895297],[-122.2511718,47.5898454],[-122.2500126,47.5902844]],[[-122.2500126,47.5902844],[-122.2472519,47.5916261],[-122.2450919,47.5920655],[-122.2437588,47.5920831],[-122.2424144,47.5919128],[-122.2411101,47.5915439],[-122.2397606,47.5908982]],[[-122.2397606,47.5908982],[-122.2378796,47.5899098]],[[-122.2378796,47.5899098],[-122.237452,47.5897082]],[[-122.237452,47.5897082],[-122.234885,47.5887134]],[[-122.234885,47.5887134],[-122.2342022,47.5884757]],[[-122.2342022,47.5884757],[-122.2320978,47.5877493]],[[-122.2320978,47.5877493],[-122.2315213,47.5875447]],[[-122.2315213,47.5875447],[-122.2299686,47.5869227]],[[-122.2299686,47.5869227],[-122.229504,47.5867142]],[[-122.229504,47.5867142],[-122.2278872,47.5859533]],[[-122.2278872,47.5859533],[-122.2267719,47.5854163]],[[-122.2267719,47.5854163],[-122.2194645,47.5821995]],[[-122.2194645,47.5821995],[-122.2190895,47.581994]],[[-122.2190895,47.581994],[-122.2159905,47.5799284],[-122.2146842,47.5793319],[-122.2131912,47.5788814]],[[-122.2131912,47.5788814],[-122.212569,47.5787531]],[[-122.212569,47.5787531],[-122.2075832,47.5780483]],[[-122.2075832,47.5780483],[-122.2070818,47.5779805]],[[-122.2070818,47.5779805],[-122.2046795,47.5778932]],[[-122.2046795,47.5778932],[-122.2030189,47.5781301],[-122.1961621,47.5798616]],[[-122.1961621,47.5798616],[-122.1946023,47.5799524],[-122.1929702,47.5797418]],[[-122.1929702,47.5797418],[-122.1908695,47.5794106]],[[-122.1908695,47.5794106],[-122.1898114,47.5795868],[-122.1888401,47.580019]],[[-122.1888401,47.580019],[-122.1882563,47.5805169],[-122.1879023,47.5811075],[-122.1877992,47.5816518],[-122.1878755,47.582718],[-122.1881017,47.5833412],[-122.1895135,47.5853874]],[[-122.1895135,47.5853874],[-122.1905985,47.5869573]],[[-122.1905985,47.5869573],[-122.1914107,47.5881641],[-122.192284,47.590051]],[[-122.192284,47.590051],[-122.1928955,47.5909192]],[[-122.1928955,47.5909192],[-122.1930248,47.5911025]],[[-122.1930248,47.5911025],[-122.1931788,47.5913261]],[[-122.1931788,47.5913261],[-122.1934837,47.5917529]],[[-122.1934837,47.5917529],[-122.1944383,47.593324],[-122.1945468,47.5941134],[-122.1944417,47.5946833],[-122.1934807,47.5968216],[-122.1915634,47.5986561]],[[-122.1915634,47.5986561],[-122.191121,47.5994444]],[[-122.191121,47.5994444],[-122.1909943,47.6001596],[-122.1909558,47.6030252]],[[-122.1909558,47.6030252],[-122.1911774,47.6088601],[-122.1915284,47.6094662]],[[-122.1915284,47.6094662],[-122.1926512,47.6099131]],[[-122.1926512,47.6099131],[-122.1931491,47.6101232],[-122.1935366,47.6105164],[-122.1936351,47.611732],[-122.1935994,47.6148656],[-122.1932629,47.6151708],[-122.1926794,47.6152174]],[[-122.1926794,47.6152174],[-122.191129,47.6152109]],[[-122.191129,47.6152109],[-122.1863707,47.6152052],[-122.1854089,47.6154107],[-122.1845816,47.6158392],[-122.1841387,47.6162691],[-122.1838767,47.6167619],[-122.1838198,47.6170213],[-122.1835662,47.6194081],[-122.1828576,47.6213271]],[[-122.1828576,47.6213271],[-122.1824003,47.6225394],[-122.1820742,47.6229519],[-122.1813118,47.6233677],[-122.1802139,47.6235522]],[[-122.1802139,47.6235522],[-122.1788845,47.6237195]],[[-122.1788845,47.6237195],[-122.1781021,47.6238182]],[[-122.1781021,47.6238182],[-122.1763764,47.624036]],[[-122.1763764,47.624036],[-122.1760395,47.6240788]],[[-122.1760395,47.6240788],[-122.174267,47.6242624]],[[-122.174267,47.6242624],[-122.1732555,47.6242617]],[[-122.1732555,47.6242617],[-122.1680923,47.6244512]],[[-122.1680923,47.6244512],[-122.1605274,47.6243891],[-122.1595153,47.624577],[-122.1586473,47.6252092],[-122.1568107,47.6284311],[-122.1563597,47.6288077],[-122.1558253,47.6290368]],[[-122.1558253,47.6290368],[-122.1528685,47.6294319],[-122.1513321,47.6297738],[-122.149721,47.6303095],[-122.1479564,47.6311401]],[[-122.1479564,47.6311401],[-122.1450044,47.6326507],[-122.1427984,47.6340705],[-122.1401979,47.6354251]],[[-122.1401979,47.6354251],[-122.139346,47.6360006]],[[-122.139346,47.6360006],[-122.1368676,47.6377154],[-122.1357523,47.6386985]],[[-122.1357523,47.6386985],[-122.1353884,47.6391038]],[[-122.1353884,47.6391038],[-122.1346264,47.6402068],[-122.134089,47.6414475]],[[-122.134089,47.6414475],[-122.1333809,47.643554],[-122.1334086,47.6440137],[-122.133746,47.6456543]],[[-122.133746,47.6456543],[-122.1337946,47.6458426]],[[-122.1337946,47.6458426],[-122.1339578,47.646206]],[[-122.1339578,47.646206],[-122.1354127,47.6484763],[-122.1367387,47.6511371],[-122.1369336,47.6524266],[-122.1365849,47.6541179]],[[-122.1365849,47.6541179],[-122.136542,47.6544205]],[[-122.136542,47.6544205],[-122.1365755,47.6562665],[-122.1364431,47.6571821],[-122.1354094,47.6594272],[-122.1343557,47.661175]],[[-122.1343557,47.661175],[-122.1340386,47.6618418]],[[-122.1340386,47.6618418],[-122.1332566,47.6634488],[-122.1324946,47.6643958],[-122.131535,47.6651469],[-122.130198,47.6658848]],[[-122.130198,47.6658848],[-122.1288543,47.6663731],[-122.1272157,47.6667279],[-122.1241983,47.6669429]],[[-122.1241983,47.6669429],[-122.1172657,47.6669401],[-122.112247,47.6667936],[-122.1114011,47.6668748],[-122.1086793,47.6674294]],[[-122.1086793,47.6674294],[-122.108346,47.6674951]],[[-122.108346,47.6674951],[-122.1082365,47.6675203]],[[-122.1082365,47.6675203],[-122.1077806,47.6677542],[-122.1075242,47.6681392]],[[-122.1075242,47.6681392],[-122.1075021,47.6683334]],[[-122.1075021,47.6683334],[-122.1075325,47.6685338]],[[-122.1075325,47.6685338],[-122.1078188,47.668919]],[[-122.1078188,47.668919],[-122.1081233,47.6691026]],[[-122.1081233,47.6691026],[-122.1084083,47.6691837]],[[-122.1084083,47.6691837],[-122.1085893,47.669224]],[[-122.1085893,47.669224],[-122.1087469,47.6692568]],[[-122.1087469,47.6692568],[-122.1088946,47.6692904]],[[-122.1088946,47.6692904],[-122.1097489,47.6694763]],[[-122.1097489,47.6694763],[-122.119327,47.6719091]]]},"properties":{"kind":"route","category":"light_rail_route","routeType":"light_rail","osmId":"17499740","name":"2 Line: Downtown Redmond","ref":"2 Line","from":"Lynnwood","to":"Downtown Redmond","via":"","network":"Link","operator":"Sound Transit","colour":"#00A0DF"}}]}