beds,sqft,sqft_lot,year_built,year_reno,baths,sale_date,sale_price,sale_nbr,h3_07,community,lat,lng,price_per_sqft,month,year,week,log_price,time_trend,day_of_year,sin_day,cos_day,sin_month,cos_month,quarter,mortgage_rate,unemployment_rate,community_index,sqft_scaled,sqft_lot_scaled,beds_scaled,time_trend_scaled,sin_day_scaled,cos_day_scaled,sin_month_scaled,cos_month_scaled,mortgage_rate_scaled,unemployment_rate_scaled,log_price_scaled,predicted_log_price,predicted_price,target_log,target,cls_attn_community,cls_attn_year,cls_attn_week,cls_attn_property,cls_attn_time,cls_attn_market,prediction_std_log,prediction_std_price,price_lower_95,price_upper_95,price_error,pct_error
3,1500,5000,1980,,1.5,2026-03-11,800000,1,8728d5429ffffff,9,47.642145516624,-122.373320760489,533.3333333333334,3,2026,11,13.592367006650065,0.49555099247091033,70,0.9335418911179212,0.35846832151248087,1.0,6.123233995736766e-17,1,6.5,4.0,9,-0.667376707926831,-0.22399318043696137,-0.47205412931655333,-1.2266059192722387,1.2955736817672767,0.7425544399174262,1.4576488146837816,0.203319546889736,1.1134969505302745,-0.6763803487024298,-0.27166083868491925,13.56851,781140.3,13.592367,800000.1,0.31098068,0.11562927,0.03715548,0.2694312,0.11814773,0.06550284,0.32097816524618317,250728.98430608015,416396.35065995954,1465383.0875007706,-18859.6875,-2.3574609375
3,1500,5000,1980,,1.5,2026-03-11,800000,1,8728d5575ffffff,30,47.5184000163622,-122.392564235115,533.3333333333334,3,2026,11,13.592367006650065,0.49555099247091033,70,0.9335418911179212,0.35846832151248087,1.0,6.123233995736766e-17,1,6.5,4.0,30,-0.667376707926831,-0.22399318043696137,-0.47205412931655333,-1.2266059192722387,1.2955736817672767,0.7425544399174262,1.4576488146837816,0.203319546889736,1.1134969505302745,-0.6763803487024298,-0.27166083868491925,13.330981,615987.06,13.592367,800000.1,0.17745435,0.13888164,0.059867367,0.28856128,0.14287439,0.10826897,0.337100029361674,207649.2568551613,318145.84765031893,1192660.7722170346,-184012.9375,-23.001617187500003
3,1500,5000,1980,,1.5,2026-03-11,800000,1,8728d5560ffffff,9,47.5051529012131,-122.46702490521,533.3333333333334,3,2026,11,13.592367006650065,0.49555099247091033,70,0.9335418911179212,0.35846832151248087,1.0,6.123233995736766e-17,1,6.5,4.0,9,-0.667376707926831,-0.22399318043696137,-0.47205412931655333,-1.2266059192722387,1.2955736817672767,0.7425544399174262,1.4576488146837816,0.203319546889736,1.1134969505302745,-0.6763803487024298,-0.27166083868491925,13.56851,781140.3,13.592367,800000.1,0.31098068,0.11562927,0.03715548,0.2694312,0.11814773,0.06550284,0.32097816524618317,250728.98430608015,416396.35065995954,1465383.0875007706,-18859.6875,-2.3574609375
3,1500,5000,1980,,1.5,2026-03-11,800000,1,8728d4369ffffff,65,47.3070466179814,-122.143744688237,533.3333333333334,3,2026,11,13.592367006650065,0.49555099247091033,70,0.9335418911179212,0.35846832151248087,1.0,6.123233995736766e-17,1,6.5,4.0,65,-0.667376707926831,-0.22399318043696137,-0.47205412931655333,-1.2266059192722387,1.2955736817672767,0.7425544399174262,1.4576488146837816,0.203319546889736,1.1134969505302745,-0.6763803487024298,-0.27166083868491925,13.200251,540500.4,13.592367,800000.1,0.30534998,0.0989328,0.04994046,0.26668108,0.12705964,0.09502014,0.3456692632957012,186834.36643730022,274508.87462388625,1064230.3094068707,-259499.625,-32.437453125
3,1500,5000,1980,,1.5,2026-03-11,800000,1,8728d4356ffffff,201,47.334826492259,-121.917999413374,533.3333333333334,3,2026,11,13.592367006650065,0.49555099247091033,70,0.9335418911179212,0.35846832151248087,1.0,6.123233995736766e-17,1,6.5,4.0,201,-0.667376707926831,-0.22399318043696137,-0.47205412931655333,-1.2266059192722387,1.2955736817672767,0.7425544399174262,1.4576488146837816,0.203319546889736,1.1134969505302745,-0.6763803487024298,-0.27166083868491925,13.27661,583389.5,13.592367,800000.1,0.27941042,0.098323844,0.033384193,0.32180774,0.12130626,0.06245511,0.3408832577180561,198867.7132785079,299083.8324983151,1137952.96277732,-216610.5,-27.0763125
3,1500,5000,1980,,1.5,2026-03-11,800000,1,8728d432bffffff,161,47.2661635736304,-121.909444122823,533.3333333333334,3,2026,11,13.592367006650065,0.49555099247091033,70,0.9335418911179212,0.35846832151248087,1.0,6.123233995736766e-17,1,6.5,4.0,161,-0.667376707926831,-0.22399318043696137,-0.47205412931655333,-1.2266059192722387,1.2955736817672767,0.7425544399174262,1.4576488146837816,0.203319546889736,1.1134969505302745,-0.6763803487024298,-0.27166083868491925,13.224815,553942.06,13.592367,800000.1,0.17484766,0.120328575,0.058374703,0.31379235,0.15762585,0.11132604,0.3463375992331074,191850.96404048594,280967.32886036055,1092126.2729257678,-246057.9375,-30.7572421875
3,1500,5000,1980,,1.5,2026-03-11,800000,1,8728d5d83ffffff,86,47.2581049924483,-122.22171618688,533.3333333333334,3,2026,11,13.592367006650065,0.49555099247091033,70,0.9335418911179212,0.35846832151248087,1.0,6.123233995736766e-17,1,6.5,4.0,86,-0.667376707926831,-0.22399318043696137,-0.47205412931655333,-1.2266059192722387,1.2955736817672767,0.7425544399174262,1.4576488146837816,0.203319546889736,1.1134969505302745,-0.6763803487024298,-0.27166083868491925,13.150534,514285.4,13.592367,800000.1,0.29009235,0.09125522,0.056154177,0.27028,0.15001014,0.11179674,0.3436453806605209,176731.8041989319,262233.00774557696,1008604.8751982113,-285714.59375,-35.71432421875
3,1500,5000,1980,,1.5,2026-03-11,800000,1,8728d4363ffffff,116,47.2889469749553,-122.068869218595,533.3333333333334,3,2026,11,13.592367006650065,0.49555099247091033,70,0.9335418911179212,0.35846832151248087,1.0,6.123233995736766e-17,1,6.5,4.0,116,-0.667376707926831,-0.22399318043696137,-0.47205412931655333,-1.2266059192722387,1.2955736817672767,0.7425544399174262,1.4576488146837816,0.203319546889736,1.1134969505302745,-0.6763803487024298,-0.27166083868491925,13.207301,544324.6,13.592367,800000.1,0.17473091,0.116575345,0.061980907,0.30900013,0.16838,0.120537065,0.34669956496066967,188717.11068487965,275893.4425703955,1073926.6838557287,-255675.375,-31.959421875
3,1500,5000,1980,,1.5,2026-03-11,800000,1,8728d5c92ffffff,75,47.4008757176105,-122.134277041303,533.3333333333334,3,2026,11,13.592367006650065,0.49555099247091033,70,0.9335418911179212,0.35846832151248087,1.0,6.123233995736766e-17,1,6.5,4.0,75,-0.667376707926831,-0.22399318043696137,-0.47205412931655333,-1.2266059192722387,1.2955736817672767,0.7425544399174262,1.4576488146837816,0.203319546889736,1.1134969505302745,-0.6763803487024298,-0.27166083868491925,13.225935,554562.6,13.592367,800000.1,0.31155956,0.1021969,0.045686178,0.26333007,0.1428501,0.08816603,0.3453978452707964,191544.7357427167,281800.6557838348,1091337.7104459743,-245437.375,-30.679671874999997
3,1500,5000,1980,,1.5,2026-03-11,800000,1,8728d0940ffffff,102,47.6920190667093,-121.877335819597,533.3333333333334,3,2026,11,13.592367006650065,0.49555099247091033,70,0.9335418911179212,0.35846832151248087,1.0,6.123233995736766e-17,1,6.5,4.0,102,-0.667376707926831,-0.22399318043696137,-0.47205412931655333,-1.2266059192722387,1.2955736817672767,0.7425544399174262,1.4576488146837816,0.203319546889736,1.1134969505302745,-0.6763803487024298,-0.27166083868491925,13.303585,599340.44,13.592367,800000.1,0.22283661,0.12383565,0.054816775,0.28610355,0.13200068,0.100098066,0.33880535514663135,203059.7497809249,308515.25078916806,1164315.0691114205,-200659.5625,-25.082445312500003
3,1500,5000,1980,,1.5,2026-03-11,800000,1,8728d0961ffffff,91,47.6444242794389,-121.910247057855,533.3333333333334,3,2026,11,13.592367006650065,0.49555099247091033,70,0.9335418911179212,0.35846832151248087,1.0,6.123233995736766e-17,1,6.5,4.0,91,-0.667376707926831,-0.22399318043696137,-0.47205412931655333,-1.2266059192722387,1.2955736817672767,0.7425544399174262,1.4576488146837816,0.203319546889736,1.1134969505302745,-0.6763803487024298,-0.27166083868491925,13.301415,598041.5,13.592367,800000.1,0.2882902,0.119224496,0.051282138,0.2508761,0.12864041,0.09354659,0.33912018204887545,202807.94235278256,307656.71743756405,1162508.8161922784,-201958.5,-25.244812500000002
3,1500,5000,1980,,1.5,2026-03-11,800000,1,8728d430dffffff,118,47.2790396311366,-121.927550680141,533.3333333333334,3,2026,11,13.592367006650065,0.49555099247091033,70,0.9335418911179212,0.35846832151248087,1.0,6.123233995736766e-17,1,6.5,4.0,118,-0.667376707926831,-0.22399318043696137,-0.47205412931655333,-1.2266059192722387,1.2955736817672767,0.7425544399174262,1.4576488146837816,0.203319546889736,1.1134969505302745,-0.6763803487024298,-0.27166083868491925,13.285241,588446.4,13.592367,800000.1,0.03601992,0.14162187,0.06653603,0.37003976,0.17749286,0.12573549,0.3416751642596217,201057.51183610395,301208.44280174293,1149599.8105644048,-211553.625,-26.444203124999998
3,1500,5000,1980,,1.5,2026-03-11,800000,1,8728d55b2ffffff,103,47.5839085627837,-121.973152915444,533.3333333333334,3,2026,11,13.592367006650065,0.49555099247091033,70,0.9335418911179212,0.35846832151248087,1.0,6.123233995736766e-17,1,6.5,4.0,103,-0.667376707926831,-0.22399318043696137,-0.47205412931655333,-1.2266059192722387,1.2955736817672767,0.7425544399174262,1.4576488146837816,0.203319546889736,1.1134969505302745,-0.6763803487024298,-0.27166083868491925,13.382667,648661.7,13.592367,800000.1,0.15596232,0.119969875,0.055720083,0.33383238,0.15735465,0.1063042,0.33214164230890575,215447.5581891162,338293.4418255519,1243778.157948243,-151338.3125,-18.9172890625
3,1500,5000,1980,,1.5,2026-03-11,800000,1,8728d0941ffffff,67,47.697263868547,-121.91162190808,533.3333333333334,3,2026,11,13.592367006650065,0.49555099247091033,70,0.9335418911179212,0.35846832151248087,1.0,6.123233995736766e-17,1,6.5,4.0,67,-0.667376707926831,-0.22399318043696137,-0.47205412931655333,-1.2266059192722387,1.2955736817672767,0.7425544399174262,1.4576488146837816,0.203319546889736,1.1134969505302745,-0.6763803487024298,-0.27166083868491925,13.345631,625077.3,13.592367,800000.1,0.18551745,0.11485509,0.061908178,0.30331337,0.16805698,0.12067999,0.3362685403549197,210193.835483351,323367.36429059634,1208290.3503519744,-174922.6875,-21.8653359375
3,1500,5000,1980,,1.5,2026-03-11,800000,1,8728d542cffffff,9,47.6248989268811,-122.323703439514,533.3333333333334,3,2026,11,13.592367006650065,0.49555099247091033,70,0.9335418911179212,0.35846832151248087,1.0,6.123233995736766e-17,1,6.5,4.0,9,-0.667376707926831,-0.22399318043696137,-0.47205412931655333,-1.2266059192722387,1.2955736817672767,0.7425544399174262,1.4576488146837816,0.203319546889736,1.1134969505302745,-0.6763803487024298,-0.27166083868491925,13.56851,781140.3,13.592367,800000.1,0.31098068,0.11562927,0.03715548,0.2694312,0.11814773,0.06550284,0.32097816524618317,250728.98430608015,416396.35065995954,1465383.0875007706,-18859.6875,-2.3574609375
3,1500,5000,1980,,1.5,2026-03-11,800000,1,8728d549dffffff,59,47.7697661483771,-122.070344247426,533.3333333333334,3,2026,11,13.592367006650065,0.49555099247091033,70,0.9335418911179212,0.35846832151248087,1.0,6.123233995736766e-17,1,6.5,4.0,59,-0.667376707926831,-0.22399318043696137,-0.47205412931655333,-1.2266059192722387,1.2955736817672767,0.7425544399174262,1.4576488146837816,0.203319546889736,1.1134969505302745,-0.6763803487024298,-0.27166083868491925,13.57471,785998.3,13.592367,800000.1,0.32559952,0.10470799,0.04193206,0.26081112,0.12616262,0.0780919,0.32477232620871,255270.50034674557,415881.7037856525,1485502.4923104434,-14001.6875,-1.7502109375000001
3,1500,5000,1980,,1.5,2026-03-11,800000,1,8728d5581ffffff,51,47.5971756655894,-122.078529088597,533.3333333333334,3,2026,11,13.592367006650065,0.49555099247091033,70,0.9335418911179212,0.35846832151248087,1.0,6.123233995736766e-17,1,6.5,4.0,51,-0.667376707926831,-0.22399318043696137,-0.47205412931655333,-1.2266059192722387,1.2955736817672767,0.7425544399174262,1.4576488146837816,0.203319546889736,1.1134969505302745,-0.6763803487024298,-0.27166083868491925,14.186833,1.449651e+06,13.592367,800000.1,0.4055859,0.09209815,0.0425763,0.22462523,0.08253399,0.07592732,0.32476383736158587,470794.2215950603,767041.557243096,2739731.5603278335,649651.0,81.206375
3,1500,5000,1980,,1.5,2026-03-11,800000,1,8728d5d93ffffff,19,47.2769437982499,-122.149278473351,533.3333333333334,3,2026,11,13.592367006650065,0.49555099247091033,70,0.9335418911179212,0.35846832151248087,1.0,6.123233995736766e-17,1,6.5,4.0,19,-0.667376707926831,-0.22399318043696137,-0.47205412931655333,-1.2266059192722387,1.2955736817672767,0.7425544399174262,1.4576488146837816,0.203319546889736,1.1134969505302745,-0.6763803487024298,-0.27166083868491925,13.072416,475639.88,13.592367,800000.1,0.2411833,0.10914966,0.06119065,0.26918688,0.17355613,0.12102903,0.3542477577902275,168494.35923437407,237539.8553250992,952401.4449976081,-324360.125,-40.545015625000005
3,1500,5000,1980,,1.5,2026-03-11,800000,1,8728d4259ffffff,7,47.5167589886332,-122.057257621983,533.3333333333334,3,2026,11,13.592367006650065,0.49555099247091033,70,0.9335418911179212,0.35846832151248087,1.0,6.123233995736766e-17,1,6.5,4.0,7,-0.667376707926831,-0.22399318043696137,-0.47205412931655333,-1.2266059192722387,1.2955736817672767,0.7425544399174262,1.4576488146837816,0.203319546889736,1.1134969505302745,-0.6763803487024298,-0.27166083868491925,13.9079485,1.0968451e+06,13.592367,800000.1,0.32109296,0.078314655,0.043137155,0.29659182,0.117934786,0.084999084,0.31675702170425685,347433.3950658333,589544.0564299657,2040677.1693489058,296845.125,37.105640625
3,1500,5000,1980,,1.5,2026-03-11,800000,1,8728d5556ffffff,38,47.5734890132377,-122.313101387723,533.3333333333334,3,2026,11,13.592367006650065,0.49555099247091033,70,0.9335418911179212,0.35846832151248087,1.0,6.123233995736766e-17,1,6.5,4.0,38,-0.667376707926831,-0.22399318043696137,-0.47205412931655333,-1.2266059192722387,1.2955736817672767,0.7425544399174262,1.4576488146837816,0.203319546889736,1.1134969505302745,-0.6763803487024298,-0.27166083868491925,13.256285,571651.44,13.592367,800000.1,0.20632248,0.112969816,0.058425363,0.29971492,0.15613493,0.11267966,0.33994585105059383,194330.53442523285,293605.07050505426,1113009.9631159573,-228348.5625,-28.543570312499998
3,1500,5000,1980,,1.5,2026-03-11,800000,1,8728d5496ffffff,121,47.739630333595,-121.950994049853,533.3333333333334,3,2026,11,13.592367006650065,0.49555099247091033,70,0.9335418911179212,0.35846832151248087,1.0,6.123233995736766e-17,1,6.5,4.0,121,-0.667376707926831,-0.22399318043696137,-0.47205412931655333,-1.2266059192722387,1.2955736817672767,0.7425544399174262,1.4576488146837816,0.203319546889736,1.1134969505302745,-0.6763803487024298,-0.27166083868491925,13.349656,627598.6,13.592367,800000.1,0.087799646,0.14706975,0.06600283,0.3285789,0.163062,0.12141757,0.3354866017777802,210550.92998165742,325169.6631497916,1211306.2061369575,-172401.375,-21.550171875
3,1500,5000,1980,,1.5,2026-03-11,800000,1,8728d5590ffffff,134,47.6200839364278,-121.985639843367,533.3333333333334,3,2026,11,13.592367006650065,0.49555099247091033,70,0.9335418911179212,0.35846832151248087,1.0,6.123233995736766e-17,1,6.5,4.0,134,-0.667376707926831,-0.22399318043696137,-0.47205412931655333,-1.2266059192722387,1.2955736817672767,0.7425544399174262,1.4576488146837816,0.203319546889736,1.1134969505302745,-0.6763803487024298,-0.27166083868491925,13.46592,704977.0,13.592367,800000.1,0.1060405,0.12341854,0.05920287,0.36034852,0.15430897,0.11209227,0.3229309537866987,227658.8950076855,374360.9728169411,1327575.783332787,-95023.0,-11.877875
3,1500,5000,1980,,1.5,2026-03-11,800000,1,8728d42adffffff,176,47.4586250786119,-121.784646127695,533.3333333333334,3,2026,11,13.592367006650065,0.49555099247091033,70,0.9335418911179212,0.35846832151248087,1.0,6.123233995736766e-17,1,6.5,4.0,176,-0.667376707926831,-0.22399318043696137,-0.47205412931655333,-1.2266059192722387,1.2955736817672767,0.7425544399174262,1.4576488146837816,0.203319546889736,1.1134969505302745,-0.6763803487024298,-0.27166083868491925,13.367626,638978.56,13.592367,800000.1,0.13068938,0.11770488,0.056713454,0.35545614,0.14816938,0.107587725,0.333066894490713,212822.60545801494,332639.65867557976,1227435.1464273862,-161021.4375,-20.1276796875
3,1500,5000,1980,,1.5,2026-03-11,800000,1,8728d0944ffffff,159,47.673492426713,-121.872461460913,533.3333333333334,3,2026,11,13.592367006650065,0.49555099247091033,70,0.9335418911179212,0.35846832151248087,1.0,6.123233995736766e-17,1,6.5,4.0,159,-0.667376707926831,-0.22399318043696137,-0.47205412931655333,-1.2266059192722387,1.2955736817672767,0.7425544399174262,1.4576488146837816,0.203319546889736,1.1134969505302745,-0.6763803487024298,-0.27166083868491925,13.266951,577781.25,13.592367,800000.1,0.2150642,0.1047914,0.054498427,0.31795305,0.1249631,0.10265497,0.34001855288145627,196456.3445070389,296711.1078765628,1125105.0543974256,-222218.75,-27.77734375
3,1500,5000,1980,,1.5,2026-03-11,800000,1,8728d094dffffff,136,47.7025228372449,-121.963211490855,533.3333333333334,3,2026,11,13.592367006650065,0.49555099247091033,70,0.9335418911179212,0.35846832151248087,1.0,6.123233995736766e-17,1,6.5,4.0,136,-0.667376707926831,-0.22399318043696137,-0.47205412931655333,-1.2266059192722387,1.2955736817672767,0.7425544399174262,1.4576488146837816,0.203319546889736,1.1134969505302745,-0.6763803487024298,-0.27166083868491925,13.281175,586058.4,13.592367,800000.1,0.24633372,0.1041574,0.053942956,0.29047137,0.15396115,0.10545072,0.3425102545954589,200731.00322905093,299495.46685749345,1146810.029663939,-213941.625,-26.742703125
3,1500,5000,1980,,1.5,2026-03-11,800000,1,8728d0946ffffff,174,47.6851611119625,-121.846119997413,533.3333333333334,3,2026,11,13.592367006650065,0.49555099247091033,70,0.9335418911179212,0.35846832151248087,1.0,6.123233995736766e-17,1,6.5,4.0,174,-0.667376707926831,-0.22399318043696137,-0.47205412931655333,-1.2266059192722387,1.2955736817672767,0.7425544399174262,1.4576488146837816,0.203319546889736,1.1134969505302745,-0.6763803487024298,-0.27166083868491925,13.245787,565681.6,13.592367,800000.1,0.20730998,0.10395338,0.056521572,0.3163168,0.14590439,0.1095632,0.34261729767150534,193812.30969992586,289021.6169505102,1107168.6738364813,-234318.375,-29.289796875
3,1500,5000,1980,,1.5,2026-03-11,800000,1,8728d5599ffffff,23,47.6605543443436,-122.052354134277,533.3333333333334,3,2026,11,13.592367006650065,0.49555099247091033,70,0.9335418911179212,0.35846832151248087,1.0,6.123233995736766e-17,1,6.5,4.0,23,-0.667376707926831,-0.22399318043696137,-0.47205412931655333,-1.2266059192722387,1.2955736817672767,0.7425544399174262,1.4576488146837816,0.203319546889736,1.1134969505302745,-0.6763803487024298,-0.27166083868491925,13.48657,719686.06,13.592367,800000.1,0.14850666,0.13401696,0.06257982,0.30795446,0.15644751,0.11647555,0.3240508385126061,233214.87201896083,381333.92536824115,1358253.174705688,-80313.9375,-10.0392421875
3,1500,5000,1980,,1.5,2026-03-11,800000,1,8728d436affffff,161,47.318863899561,-122.090786130529,533.3333333333334,3,2026,11,13.592367006650065,0.49555099247091033,70,0.9335418911179212,0.35846832151248087,1.0,6.123233995736766e-17,1,6.5,4.0,161,-0.667376707926831,-0.22399318043696137,-0.47205412931655333,-1.2266059192722387,1.2955736817672767,0.7425544399174262,1.4576488146837816,0.203319546889736,1.1134969505302745,-0.6763803487024298,-0.27166083868491925,13.224815,553942.06,13.592367,800000.1,0.17484766,0.120328575,0.058374703,0.31379235,0.15762585,0.11132604,0.3463375992331074,191850.96404048594,280967.32886036055,1092126.2729257678,-246057.9375,-30.7572421875
3,1500,5000,1980,,1.5,2026-03-11,800000,1,8728d425dffffff,117,47.4908423302409,-122.0587327971,533.3333333333334,3,2026,11,13.592367006650065,0.49555099247091033,70,0.9335418911179212,0.35846832151248087,1.0,6.123233995736766e-17,1,6.5,4.0,117,-0.667376707926831,-0.22399318043696137,-0.47205412931655333,-1.2266059192722387,1.2955736817672767,0.7425544399174262,1.4576488146837816,0.203319546889736,1.1134969505302745,-0.6763803487024298,-0.27166083868491925,13.330797,615873.7,13.592367,800000.1,0.3132223,0.099214956,0.033572447,0.296394,0.11474364,0.061624736,0.33019592780766027,203358.9836563875,322420.9203497089,1176413.7972243326,-184126.3125,-23.0157890625
3,1500,5000,1980,,1.5,2026-03-11,800000,1,8728d434dffffff,161,47.3378563825419,-122.10780264036,533.3333333333334,3,2026,11,13.592367006650065,0.49555099247091033,70,0.9335418911179212,0.35846832151248087,1.0,6.123233995736766e-17,1,6.5,4.0,161,-0.667376707926831,-0.22399318043696137,-0.47205412931655333,-1.2266059192722387,1.2955736817672767,0.7425544399174262,1.4576488146837816,0.203319546889736,1.1134969505302745,-0.6763803487024298,-0.27166083868491925,13.224815,553942.06,13.592367,800000.1,0.17484766,0.120328575,0.058374703,0.31379235,0.15762585,0.11132604,0.3463375992331074,191850.96404048594,280967.32886036055,1092126.2729257678,-246057.9375,-30.7572421875
3,1500,5000,1980,,1.5,2026-03-11,800000,1,8728d5492ffffff,115,47.7670619600326,-121.942577836229,533.3333333333334,3,2026,11,13.592367006650065,0.49555099247091033,70,0.9335418911179212,0.35846832151248087,1.0,6.123233995736766e-17,1,6.5,4.0,115,-0.667376707926831,-0.22399318043696137,-0.47205412931655333,-1.2266059192722387,1.2955736817672767,0.7425544399174262,1.4576488146837816,0.203319546889736,1.1134969505302745,-0.6763803487024298,-0.27166083868491925,13.271366,580338.06,13.592367,800000.1,0.13099188,0.1272338,0.062136173,0.3279404,0.16862123,0.11875656,0.3421404431152516,198557.12186039658,296787.2558607364,1134793.6519168534,-219661.9375,-27.4577421875
3,1500,5000,1980,,1.5,2026-03-11,800000,1,8728d5ca4ffffff,86,47.2958162617082,-122.264733630266,533.3333333333334,3,2026,11,13.592367006650065,0.49555099247091033,70,0.9335418911179212,0.35846832151248087,1.0,6.123233995736766e-17,1,6.5,4.0,86,-0.667376707926831,-0.22399318043696137,-0.47205412931655333,-1.2266059192722387,1.2955736817672767,0.7425544399174262,1.4576488146837816,0.203319546889736,1.1134969505302745,-0.6763803487024298,-0.27166083868491925,13.150534,514285.4,13.592367,800000.1,0.29009235,0.09125522,0.056154177,0.27028,0.15001014,0.11179674,0.3436453806605209,176731.8041989319,262233.00774557696,1008604.8751982113,-285714.59375,-35.71432421875
3,1500,5000,1980,,1.5,2026-03-11,800000,1,8728d42f3ffffff,56,47.5252773234102,-121.818074826077,533.3333333333334,3,2026,11,13.592367006650065,0.49555099247091033,70,0.9335418911179212,0.35846832151248087,1.0,6.123233995736766e-17,1,6.5,4.0,56,-0.667376707926831,-0.22399318043696137,-0.47205412931655333,-1.2266059192722387,1.2955736817672767,0.7425544399174262,1.4576488146837816,0.203319546889736,1.1134969505302745,-0.6763803487024298,-0.27166083868491925,13.363083,636082.06,13.592367,800000.1,0.2698614,0.09182579,0.042995587,0.3174798,0.1214194,0.08249369,0.3302399797794787,210059.72745808912,332971.6150949714,1215119.8187017594,-163917.9375,-20.489742187500003
3,1500,5000,1980,,1.5,2026-03-11,800000,1,8728d5589ffffff,29,47.638423779247,-122.154051599745,533.3333333333334,3,2026,11,13.592367006650065,0.49555099247091033,70,0.9335418911179212,0.35846832151248087,1.0,6.123233995736766e-17,1,6.5,4.0,29,-0.667376707926831,-0.22399318043696137,-0.47205412931655333,-1.2266059192722387,1.2955736817672767,0.7425544399174262,1.4576488146837816,0.203319546889736,1.1134969505302745,-0.6763803487024298,-0.27166083868491925,14.127115,1.3656148e+06,13.592367,800000.1,0.30136943,0.08445333,0.034651436,0.3226787,0.109553546,0.06622937,0.33057676835818417,451440.5108772696,714390.3378820103,2610482.7284228825,565614.75,70.70184375000001
3,1500,5000,1980,,1.5,2026-03-11,800000,1,8728d096dffffff,18,47.6517447694485,-121.969824807668,533.3333333333334,3,2026,11,13.592367006650065,0.49555099247091033,70,0.9335418911179212,0.35846832151248087,1.0,6.123233995736766e-17,1,6.5,4.0,18,-0.667376707926831,-0.22399318043696137,-0.47205412931655333,-1.2266059192722387,1.2955736817672767,0.7425544399174262,1.4576488146837816,0.203319546889736,1.1134969505302745,-0.6763803487024298,-0.27166083868491925,13.36279,635895.9,13.592367,800000.1,0.15088952,0.1151897,0.056578353,0.3433841,0.1501238,0.10804656,0.3349655023213643,213003.18119345847,329805.2880785296,1226067.5505360127,-164104.125,-20.513015625
3,1500,5000,1980,,1.5,2026-03-11,800000,1,8728d541dffffff,58,47.6914728103357,-122.268475279689,533.3333333333334,3,2026,11,13.592367006650065,0.49555099247091033,70,0.9335418911179212,0.35846832151248087,1.0,6.123233995736766e-17,1,6.5,4.0,58,-0.667376707926831,-0.22399318043696137,-0.47205412931655333,-1.2266059192722387,1.2955736817672767,0.7425544399174262,1.4576488146837816,0.203319546889736,1.1134969505302745,-0.6763803487024298,-0.27166083868491925,13.585844,794798.6,13.592367,800000.1,0.23222509,0.1325125,0.059055436,0.25889966,0.1350685,0.10681183,0.3239819309391703,257500.39323529752,421190.05812696513,1499809.449832138,-5201.375,-0.650171875
3,1500,5000,1980,,1.5,2026-03-11,800000,1,8728d4adbffffff,161,47.2521207124198,-122.004436775434,533.3333333333334,3,2026,11,13.592367006650065,0.49555099247091033,70,0.9335418911179212,0.35846832151248087,1.0,6.123233995736766e-17,1,6.5,4.0,161,-0.667376707926831,-0.22399318043696137,-0.47205412931655333,-1.2266059192722387,1.2955736817672767,0.7425544399174262,1.4576488146837816,0.203319546889736,1.1134969505302745,-0.6763803487024298,-0.27166083868491925,13.224815,553942.06,13.592367,800000.1,0.17484766,0.120328575,0.058374703,0.31379235,0.15762585,0.11132604,0.3463375992331074,191850.96404048594,280967.32886036055,1092126.2729257678,-246057.9375,-30.7572421875
3,1500,5000,1980,,1.5,2026-03-11,800000,1,8728d5485ffffff,23,47.7177730054203,-122.10453833242,533.3333333333334,3,2026,11,13.592367006650065,0.49555099247091033,70,0.9335418911179212,0.35846832151248087,1.0,6.123233995736766e-17,1,6.5,4.0,23,-0.667376707926831,-0.22399318043696137,-0.47205412931655333,-1.2266059192722387,1.2955736817672767,0.7425544399174262,1.4576488146837816,0.203319546889736,1.1134969505302745,-0.6763803487024298,-0.27166083868491925,13.48657,719686.06,13.592367,800000.1,0.14850666,0.13401696,0.06257982,0.30795446,0.15644751,0.11647555,0.3240508385126061,233214.87201896083,381333.92536824115,1358253.174705688,-80313.9375,-10.0392421875
3,1500,5000,1980,,1.5,2026-03-11,800000,1,8728d42aeffffff,122,47.4626202706051,-121.711181657689,533.3333333333334,3,2026,11,13.592367006650065,0.49555099247091033,70,0.9335418911179212,0.35846832151248087,1.0,6.123233995736766e-17,1,6.5,4.0,122,-0.667376707926831,-0.22399318043696137,-0.47205412931655333,-1.2266059192722387,1.2955736817672767,0.7425544399174262,1.4576488146837816,0.203319546889736,1.1134969505302745,-0.6763803487024298,-0.27166083868491925,13.317831,607939.75,13.592367,800000.1,0.02685336,0.1452627,0.06624484,0.3730309,0.17692308,0.12435219,0.33805518543675944,205517.1849206272,313402.2775075763,1179285.3800805619,-192060.25,-24.00753125
3,1500,5000,1980,,1.5,2026-03-11,800000,1,8728d5d9effffff,39,47.2758817566227,-122.158946097283,533.3333333333334,3,2026,11,13.592367006650065,0.49555099247091033,70,0.9335418911179212,0.35846832151248087,1.0,6.123233995736766e-17,1,6.5,4.0,39,-0.667376707926831,-0.22399318043696137,-0.47205412931655333,-1.2266059192722387,1.2955736817672767,0.7425544399174262,1.4576488146837816,0.203319546889736,1.1134969505302745,-0.6763803487024298,-0.27166083868491925,13.09166,484881.38,13.592367,800000.1,0.2344199,0.11326152,0.039026085,0.32249883,0.13411927,0.07204953,0.3535647271439738,171436.95104906984,242479.55601093403,969607.2883200067,-315118.625,-39.389828125
3,1500,5000,1980,,1.5,2026-03-11,800000,1,8728d4273ffffff,119,47.4449612659994,-121.978594858943,533.3333333333334,3,2026,11,13.592367006650065,0.49555099247091033,70,0.9335418911179212,0.35846832151248087,1.0,6.123233995736766e-17,1,6.5,4.0,119,-0.667376707926831,-0.22399318043696137,-0.47205412931655333,-1.2266059192722387,1.2955736817672767,0.7425544399174262,1.4576488146837816,0.203319546889736,1.1134969505302745,-0.6763803487024298,-0.27166083868491925,13.269135,579045.0,13.592367,800000.1,0.25439554,0.12793054,0.050125502,0.26778603,0.12792116,0.089480214,0.33945121493199293,196557.52875029584,297690.9342466337,1126312.8110478753,-220955.0,-27.619375
3,1500,5000,1980,,1.5,2026-03-11,800000,1,8728d54a0ffffff,59,47.6836597262453,-122.096215313132,533.3333333333334,3,2026,11,13.592367006650065,0.49555099247091033,70,0.9335418911179212,0.35846832151248087,1.0,6.123233995736766e-17,1,6.5,4.0,59,-0.667376707926831,-0.22399318043696137,-0.47205412931655333,-1.2266059192722387,1.2955736817672767,0.7425544399174262,1.4576488146837816,0.203319546889736,1.1134969505302745,-0.6763803487024298,-0.27166083868491925,13.57471,785998.3,13.592367,800000.1,0.32559952,0.10470799,0.04193206,0.26081112,0.12616262,0.0780919,0.32477232620871,255270.50034674557,415881.7037856525,1485502.4923104434,-14001.6875,-1.7502109375000001
3,1500,5000,1980,,1.5,2026-03-11,800000,1,8728d096cffffff,18,47.6499095922641,-121.965735912469,533.3333333333334,3,2026,11,13.592367006650065,0.49555099247091033,70,0.9335418911179212,0.35846832151248087,1.0,6.123233995736766e-17,1,6.5,4.0,18,-0.667376707926831,-0.22399318043696137,-0.47205412931655333,-1.2266059192722387,1.2955736817672767,0.7425544399174262,1.4576488146837816,0.203319546889736,1.1134969505302745,-0.6763803487024298,-0.27166083868491925,13.36279,635895.9,13.592367,800000.1,0.15088952,0.1151897,0.056578353,0.3433841,0.1501238,0.10804656,0.3349655023213643,213003.18119345847,329805.2880785296,1226067.5505360127,-164104.125,-20.513015625
3,1500,5000,1980,,1.5,2026-03-11,800000,1,8728d4ad5ffffff,125,47.1808129378352,-121.974505926651,533.3333333333334,3,2026,11,13.592367006650065,0.49555099247091033,70,0.9335418911179212,0.35846832151248087,1.0,6.123233995736766e-17,1,6.5,4.0,125,-0.667376707926831,-0.22399318043696137,-0.47205412931655333,-1.2266059192722387,1.2955736817672767,0.7425544399174262,1.4576488146837816,0.203319546889736,1.1134969505302745,-0.6763803487024298,-0.27166083868491925,13.196493,538473.25,13.592367,800000.1,0.20975773,0.11314756,0.061129525,0.28843713,0.17040548,0.11975751,0.3466992755681541,186688.28568782954,272927.7995539155,1062381.5900561882,-261526.75,-32.69084375
3,1500,5000,1980,,1.5,2026-03-11,800000,1,8728d5cd2ffffff,38,47.4484931651469,-122.330870035061,533.3333333333334,3,2026,11,13.592367006650065,0.49555099247091033,70,0.9335418911179212,0.35846832151248087,1.0,6.123233995736766e-17,1,6.5,4.0,38,-0.667376707926831,-0.22399318043696137,-0.47205412931655333,-1.2266059192722387,1.2955736817672767,0.7425544399174262,1.4576488146837816,0.203319546889736,1.1134969505302745,-0.6763803487024298,-0.27166083868491925,13.256285,571651.44,13.592367,800000.1,0.20632248,0.112969816,0.058425363,0.29971492,0.15613493,0.11267966,0.33994585105059383,194330.53442523285,293605.07050505426,1113009.9631159573,-228348.5625,-28.543570312499998
3,1500,5000,1980,,1.5,2026-03-11,800000,1,8728d4ac3ffffff,132,47.1983426237978,-122.031195886684,533.3333333333334,3,2026,11,13.592367006650065,0.49555099247091033,70,0.9335418911179212,0.35846832151248087,1.0,6.123233995736766e-17,1,6.5,4.0,132,-0.667376707926831,-0.22399318043696137,-0.47205412931655333,-1.2266059192722387,1.2955736817672767,0.7425544399174262,1.4576488146837816,0.203319546889736,1.1134969505302745,-0.6763803487024298,-0.27166083868491925,13.22564,554399.2,13.592367,800000.1,0.099308886,0.12135324,0.061599076,0.36301106,0.15467565,0.11724531,0.3438039999137913,190604.65821145597,282599.069646283,1087613.2090111566,-245600.8125,-30.7001015625
3,1500,5000,1980,,1.5,2026-03-11,800000,1,8728d4270ffffff,123,47.4145631482763,-122.001121030853,533.3333333333334,3,2026,11,13.592367006650065,0.49555099247091033,70,0.9335418911179212,0.35846832151248087,1.0,6.123233995736766e-17,1,6.5,4.0,123,-0.667376707926831,-0.22399318043696137,-0.47205412931655333,-1.2266059192722387,1.2955736817672767,0.7425544399174262,1.4576488146837816,0.203319546889736,1.1134969505302745,-0.6763803487024298,-0.27166083868491925,13.353878,630253.9,13.592367,800000.1,0.18616024,0.13594387,0.05780271,0.28952432,0.14494602,0.10514539,0.3353604587957045,211362.2286777706,326626.1494534517,1216130.3366139722,-169746.125,-21.218265625
3,1500,5000,1980,,1.5,2026-03-11,800000,1,8728d4342ffffff,10,47.3289123722309,-122.000587433023,533.3333333333334,3,2026,11,13.592367006650065,0.49555099247091033,70,0.9335418911179212,0.35846832151248087,1.0,6.123233995736766e-17,1,6.5,4.0,10,-0.667376707926831,-0.22399318043696137,-0.47205412931655333,-1.2266059192722387,1.2955736817672767,0.7425544399174262,1.4576488146837816,0.203319546889736,1.1134969505302745,-0.6763803487024298,-0.27166083868491925,13.209852,545715.06,13.592367,800000.1,0.2408248,0.106966585,0.057427034,0.28335965,0.15681341,0.11199028,0.3450447542470457,188296.1196292237,277496.7499765206,1073183.407832232,-254284.9375,-31.785617187499998
3,1500,5000,1980,,1.5,2026-03-11,800000,1,8728d5cdaffffff,30,47.4967781077123,-122.366268746899,533.3333333333334,3,2026,11,13.592367006650065,0.49555099247091033,70,0.9335418911179212,0.35846832151248087,1.0,6.123233995736766e-17,1,6.5,4.0,30,-0.667376707926831,-0.22399318043696137,-0.47205412931655333,-1.2266059192722387,1.2955736817672767,0.7425544399174262,1.4576488146837816,0.203319546889736,1.1134969505302745,-0.6763803487024298,-0.27166083868491925,13.330981,615987.06,13.592367,800000.1,0.17745435,0.13888164,0.059867367,0.28856128,0.14287439,0.10826897,0.337100029361674,207649.2568551613,318145.84765031893,1192660.7722170346,-184012.9375,-23.001617187500003
3,1500,5000,1980,,1.5,2026-03-11,800000,1,8728d4251ffffff,126,47.4728898289072,-122.000113602554,533.3333333333334,3,2026,11,13.592367006650065,0.49555099247091033,70,0.9335418911179212,0.35846832151248087,1.0,6.123233995736766e-17,1,6.5,4.0,126,-0.667376707926831,-0.22399318043696137,-0.47205412931655333,-1.2266059192722387,1.2955736817672767,0.7425544399174262,1.4576488146837816,0.203319546889736,1.1134969505302745,-0.6763803487024298,-0.27166083868491925,13.326089,612980.8,13.592367,800000.1,0.24425903,0.111459166,0.05069805,0.2919844,0.1418733,0.09600987,0.33779794764511883,207063.6604083374,316160.3902708002,1188464.7222026342,-187019.1875,-23.3773984375
3,1500,5000,1980,,1.5,2026-03-11,800000,1,8728d42a3ffffff,63,47.4573774879653,-121.705318809243,533.3333333333334,3,2026,11,13.592367006650065,0.49555099247091033,70,0.9335418911179212,0.35846832151248087,1.0,6.123233995736766e-17,1,6.5,4.0,63,-0.667376707926831,-0.22399318043696137,-0.47205412931655333,-1.2266059192722387,1.2955736817672767,0.7425544399174262,1.4576488146837816,0.203319546889736,1.1134969505302745,-0.6763803487024298,-0.27166083868491925,13.361363,634989.3,13.592367,800000.1,0.090008624,0.13172033,0.06406321,0.34872544,0.16998962,0.121864796,0.3346975248519227,212529.35120117408,329508.11545931007,1223676.683457752,-165010.6875,-20.626335937500002
3,1500,5000,1980,,1.5,2026-03-11,800000,1,8728d4352ffffff,80,47.3539415946498,-121.922935822885,533.3333333333334,3,2026,11,13.592367006650065,0.49555099247091033,70,0.9335418911179212,0.35846832151248087,1.0,6.123233995736766e-17,1,6.5,4.0,80,-0.667376707926831,-0.22399318043696137,-0.47205412931655333,-1.2266059192722387,1.2955736817672767,0.7425544399174262,1.4576488146837816,0.203319546889736,1.1134969505302745,-0.6763803487024298,-0.27166083868491925,13.34137,622419.5,13.592367,800000.1,0.22173665,0.107909456,0.05895131,0.29260027,0.16034415,0.115280844,0.3374198080914072,210016.66824234964,321266.67004858697,1205870.71950413,-177580.5,-22.1975625
3,1500,5000,1980,,1.5,2026-03-11,800000,1,8728d4ad9ffffff,13,47.2430371342894,-122.04151495903,533.3333333333334,3,2026,11,13.592367006650065,0.49555099247091033,70,0.9335418911179212,0.35846832151248087,1.0,6.123233995736766e-17,1,6.5,4.0,13,-0.667376707926831,-0.22399318043696137,-0.47205412931655333,-1.2266059192722387,1.2955736817672767,0.7425544399174262,1.4576488146837816,0.203319546889736,1.1134969505302745,-0.6763803487024298,-0.27166083868491925,13.184241,531916.25,13.592367,800000.1,0.19468954,0.102049276,0.057137422,0.32782695,0.14138903,0.11061096,0.3467348708475724,184433.91224547502,269585.52016728104,1049518.076197148,-268083.75,-33.51046875
3,1500,5000,1980,,1.5,2026-03-11,800000,1,8728d0999ffffff,0,47.773164435669,-121.492110386804,533.3333333333334,3,2026,11,13.592367006650065,0.49555099247091033,70,0.9335418911179212,0.35846832151248087,1.0,6.123233995736766e-17,1,6.5,4.0,0,-0.667376707926831,-0.22399318043696137,-0.47205412931655333,-1.2266059192722387,1.2955736817672767,0.7425544399174262,1.4576488146837816,0.203319546889736,1.1134969505302745,-0.6763803487024298,-0.27166083868491925,13.054664,467270.53,13.592367,800000.1,0.21972662,0.1085864,0.060684726,0.28855014,0.16594769,0.11924236,0.35281233875814905,164858.80896307528,234017.56934123262,933014.333116011,-332729.46875,-41.591183593749996
3,1500,5000,1980,,1.5,2026-03-11,800000,1,8728d5471ffffff,59,47.6702747539036,-122.410102957754,533.3333333333334,3,2026,11,13.592367006650065,0.49555099247091033,70,0.9335418911179212,0.35846832151248087,1.0,6.123233995736766e-17,1,6.5,4.0,59,-0.667376707926831,-0.22399318043696137,-0.47205412931655333,-1.2266059192722387,1.2955736817672767,0.7425544399174262,1.4576488146837816,0.203319546889736,1.1134969505302745,-0.6763803487024298,-0.27166083868491925,13.57471,785998.3,13.592367,800000.1,0.32559952,0.10470799,0.04193206,0.26081112,0.12616262,0.0780919,0.32477232620871,255270.50034674557,415881.7037856525,1485502.4923104434,-14001.6875,-1.7502109375000001
3,1500,5000,1980,,1.5,2026-03-11,800000,1,8728d424bffffff,11,47.5069638937484,-122.107212119952,533.3333333333334,3,2026,11,13.592367006650065,0.49555099247091033,70,0.9335418911179212,0.35846832151248087,1.0,6.123233995736766e-17,1,6.5,4.0,11,-0.667376707926831,-0.22399318043696137,-0.47205412931655333,-1.2266059192722387,1.2955736817672767,0.7425544399174262,1.4576488146837816,0.203319546889736,1.1134969505302745,-0.6763803487024298,-0.27166083868491925,13.403025,662002.56,13.592367,800000.1,0.17432475,0.10607782,0.05649464,0.33902818,0.14269933,0.10875785,0.3297684629074015,218307.567476386,346860.68222532485,1263467.9769351839,-137997.4375,-17.2496796875
3,1500,5000,1980,,1.5,2026-03-11,800000,1,8728d5ce3ffffff,38,47.3938764461977,-122.452827549303,533.3333333333334,3,2026,11,13.592367006650065,0.49555099247091033,70,0.9335418911179212,0.35846832151248087,1.0,6.123233995736766e-17,1,6.5,4.0,38,-0.667376707926831,-0.22399318043696137,-0.47205412931655333,-1.2266059192722387,1.2955736817672767,0.7425544399174262,1.4576488146837816,0.203319546889736,1.1134969505302745,-0.6763803487024298,-0.27166083868491925,13.256285,571651.44,13.592367,800000.1,0.20632248,0.112969816,0.058425363,0.29971492,0.15613493,0.11267966,0.33994585105059383,194330.53442523285,293605.07050505426,1113009.9631159573,-228348.5625,-28.543570312499998
3,1500,5000,1980,,1.5,2026-03-11,800000,1,8728d5484ffffff,7,47.7218964639546,-122.055803506084,533.3333333333334,3,2026,11,13.592367006650065,0.49555099247091033,70,0.9335418911179212,0.35846832151248087,1.0,6.123233995736766e-17,1,6.5,4.0,7,-0.667376707926831,-0.22399318043696137,-0.47205412931655333,-1.2266059192722387,1.2955736817672767,0.7425544399174262,1.4576488146837816,0.203319546889736,1.1134969505302745,-0.6763803487024298,-0.27166083868491925,13.9079485,1.0968451e+06,13.592367,800000.1,0.32109296,0.078314655,0.043137155,0.29659182,0.117934786,0.084999084,0.31675702170425685,347433.3950658333,589544.0564299657,2040677.1693489058,296845.125,37.105640625
3,1500,5000,1980,,1.5,2026-03-11,800000,1,8728d4229ffffff,161,47.4004223953867,-121.961391194858,533.3333333333334,3,2026,11,13.592367006650065,0.49555099247091033,70,0.9335418911179212,0.35846832151248087,1.0,6.123233995736766e-17,1,6.5,4.0,161,-0.667376707926831,-0.22399318043696137,-0.47205412931655333,-1.2266059192722387,1.2955736817672767,0.7425544399174262,1.4576488146837816,0.203319546889736,1.1134969505302745,-0.6763803487024298,-0.27166083868491925,13.224815,553942.06,13.592367,800000.1,0.17484766,0.120328575,0.058374703,0.31379235,0.15762585,0.11132604,0.3463375992331074,191850.96404048594,280967.32886036055,1092126.2729257678,-246057.9375,-30.7572421875
3,1500,5000,1980,,1.5,2026-03-11,800000,1,8728d096effffff,98,47.6615119482096,-121.93625711762,533.3333333333334,3,2026,11,13.592367006650065,0.49555099247091033,70,0.9335418911179212,0.35846832151248087,1.0,6.123233995736766e-17,1,6.5,4.0,98,-0.667376707926831,-0.22399318043696137,-0.47205412931655333,-1.2266059192722387,1.2955736817672767,0.7425544399174262,1.4576488146837816,0.203319546889736,1.1134969505302745,-0.6763803487024298,-0.27166083868491925,13.205762,543487.44,13.592367,800000.1,0.1271008,0.1257408,0.063311785,0.32995194,0.17042162,0.12160521,0.34738304577305873,188798.3213781449,275100.32815515704,1073712.3409401798,-256512.5625,-32.0640703125
3,1500,5000,1980,,1.5,2026-03-11,800000,1,8728d5ccbffffff,73,47.4788130069505,-122.486565808046,533.3333333333334,3,2026,11,13.592367006650065,0.49555099247091033,70,0.9335418911179212,0.35846832151248087,1.0,6.123233995736766e-17,1,6.5,4.0,73,-0.667376707926831,-0.22399318043696137,-0.47205412931655333,-1.2266059192722387,1.2955736817672767,0.7425544399174262,1.4576488146837816,0.203319546889736,1.1134969505302745,-0.6763803487024298,-0.27166083868491925,13.406181,664095.56,13.592367,800000.1,0.38036865,0.12354932,0.040318564,0.20419532,0.103553995,0.06771666,0.3278986978641379,217756.0702011022,349234.8465515701,1262826.2003372323,-135904.4375,-16.9880546875
3,1500,5000,1980,,1.5,2026-03-11,800000,1,8728d4263ffffff,161,47.4169823335517,-122.064630399745,533.3333333333334,3,2026,11,13.592367006650065,0.49555099247091033,70,0.9335418911179212,0.35846832151248087,1.0,6.123233995736766e-17,1,6.5,4.0,161,-0.667376707926831,-0.22399318043696137,-0.47205412931655333,-1.2266059192722387,1.2955736817672767,0.7425544399174262,1.4576488146837816,0.203319546889736,1.1134969505302745,-0.6763803487024298,-0.27166083868491925,13.224815,553942.06,13.592367,800000.1,0.17484766,0.120328575,0.058374703,0.31379235,0.15762585,0.11132604,0.3463375992331074,191850.96404048594,280967.32886036055,1092126.2729257678,-246057.9375,-30.7572421875
3,1500,5000,1980,,1.5,2026-03-11,800000,1,8728d5c84ffffff,161,47.3518639864384,-122.214757183606,533.3333333333334,3,2026,11,13.592367006650065,0.49555099247091033,70,0.9335418911179212,0.35846832151248087,1.0,6.123233995736766e-17,1,6.5,4.0,161,-0.667376707926831,-0.22399318043696137,-0.47205412931655333,-1.2266059192722387,1.2955736817672767,0.7425544399174262,1.4576488146837816,0.203319546889736,1.1134969505302745,-0.6763803487024298,-0.27166083868491925,13.224815,553942.06,13.592367,800000.1,0.17484766,0.120328575,0.058374703,0.31379235,0.15762585,0.11132604,0.3463375992331074,191850.96404048594,280967.32886036055,1092126.2729257678,-246057.9375,-30.7572421875
3,1500,5000,1980,,1.5,2026-03-11,800000,1,8728d4220ffffff,211,47.3543055696981,-121.888135837137,533.3333333333334,3,2026,11,13.592367006650065,0.49555099247091033,70,0.9335418911179212,0.35846832151248087,1.0,6.123233995736766e-17,1,6.5,4.0,211,-0.667376707926831,-0.22399318043696137,-0.47205412931655333,-1.2266059192722387,1.2955736817672767,0.7425544399174262,1.4576488146837816,0.203319546889736,1.1134969505302745,-0.6763803487024298,-0.27166083868491925,13.095969,486975.56,13.592367,800000.1,0.25848493,0.10678212,0.060992382,0.25957367,0.1738351,0.12112249,0.34945599651699444,170176.5304728614,245495.880727274,965984.389675223,-313024.4375,-39.128054687500004
3,1500,5000,1980,,1.5,2026-03-11,800000,1,8728d5596ffffff,5,47.6136368181609,-121.952583204787,533.3333333333334,3,2026,11,13.592367006650065,0.49555099247091033,70,0.9335418911179212,0.35846832151248087,1.0,6.123233995736766e-17,1,6.5,4.0,5,-0.667376707926831,-0.22399318043696137,-0.47205412931655333,-1.2266059192722387,1.2955736817672767,0.7425544399174262,1.4576488146837816,0.203319546889736,1.1134969505302745,-0.6763803487024298,-0.27166083868491925,13.373642,642834.1,13.592367,800000.1,0.18725316,0.11607054,0.045251466,0.339206,0.14528716,0.08515994,0.33526418755218296,215519.26064894343,333208.65361502935,1240170.9306452558,-157165.875,-19.645734375
3,1500,5000,1980,,1.5,2026-03-11,800000,1,8728d435effffff,72,47.3549447067428,-121.989013100837,533.3333333333334,3,2026,11,13.592367006650065,0.49555099247091033,70,0.9335418911179212,0.35846832151248087,1.0,6.123233995736766e-17,1,6.5,4.0,72,-0.667376707926831,-0.22399318043696137,-0.47205412931655333,-1.2266059192722387,1.2955736817672767,0.7425544399174262,1.4576488146837816,0.203319546889736,1.1134969505302745,-0.6763803487024298,-0.27166083868491925,13.220878,551765.06,13.592367,800000.1,0.12494358,0.1328385,0.059847437,0.33187047,0.16006473,0.11201401,0.3458173357995143,190809.9239010025,280148.65983268,1086725.5230966688,-248234.9375,-31.0293671875
3,1500,5000,1980,,1.5,2026-03-11,800000,1,8728d0943ffffff,50,47.7019106403451,-121.866602918637,533.3333333333334,3,2026,11,13.592367006650065,0.49555099247091033,70,0.9335418911179212,0.35846832151248087,1.0,6.123233995736766e-17,1,6.5,4.0,50,-0.667376707926831,-0.22399318043696137,-0.47205412931655333,-1.2266059192722387,1.2955736817672767,0.7425544399174262,1.4576488146837816,0.203319546889736,1.1134969505302745,-0.6763803487024298,-0.27166083868491925,13.288256,590223.0,13.592367,800000.1,0.05394179,0.13796285,0.06215645,0.3716794,0.17025453,0.11701405,0.3409163127742819,201216.64887457498,302567.51404940884,1151356.8386710475,-209777.0,-26.222125000000002
3,1500,5000,1980,,1.5,2026-03-11,800000,1,8728d4243ffffff,104,47.4774391244817,-122.061592225129,533.3333333333334,3,2026,11,13.592367006650065,0.49555099247091033,70,0.9335418911179212,0.35846832151248087,1.0,6.123233995736766e-17,1,6.5,4.0,104,-0.667376707926831,-0.22399318043696137,-0.47205412931655333,-1.2266059192722387,1.2955736817672767,0.7425544399174262,1.4576488146837816,0.203319546889736,1.1134969505302745,-0.6763803487024298,-0.27166083868491925,13.334442,618122.6,13.592367,800000.1,0.069058426,0.1345681,0.06158579,0.36618465,0.16844383,0.116337635,0.33723453257197805,208452.29451403907,319164.6697945253,1197111.1322120568,-181877.375,-22.734671875
3,1500,5000,1980,,1.5,2026-03-11,800000,1,8728d4265ffffff,10,47.3832275486135,-122.09770493432,533.3333333333334,3,2026,11,13.592367006650065,0.49555099247091033,70,0.9335418911179212,0.35846832151248087,1.0,6.123233995736766e-17,1,6.5,4.0,10,-0.667376707926831,-0.22399318043696137,-0.47205412931655333,-1.2266059192722387,1.2955736817672767,0.7425544399174262,1.4576488146837816,0.203319546889736,1.1134969505302745,-0.6763803487024298,-0.27166083868491925,13.209852,545715.06,13.592367,800000.1,0.2408248,0.106966585,0.057427034,0.28335965,0.15681341,0.11199028,0.3450447542470457,188296.1196292237,277496.7499765206,1073183.407832232,-254284.9375,-31.785617187499998
3,1500,5000,1980,,1.5,2026-03-11,800000,1,8728d42abffffff,193,47.4857583052044,-121.754626794757,533.3333333333334,3,2026,11,13.592367006650065,0.49555099247091033,70,0.9335418911179212,0.35846832151248087,1.0,6.123233995736766e-17,1,6.5,4.0,193,-0.667376707926831,-0.22399318043696137,-0.47205412931655333,-1.2266059192722387,1.2955736817672767,0.7425544399174262,1.4576488146837816,0.203319546889736,1.1134969505302745,-0.6763803487024298,-0.27166083868491925,13.504586,732769.3,13.592367,800000.1,0.3491787,0.11624896,0.03858518,0.23891759,0.10980526,0.06687872,0.3222328747296341,236122.3620805326,389652.1844018723,1378026.0771080086,-67230.6875,-8.4038359375
3,1500,5000,1980,,1.5,2026-03-11,800000,1,8728d5519ffffff,7,47.5780113622559,-122.235397771143,533.3333333333334,3,2026,11,13.592367006650065,0.49555099247091033,70,0.9335418911179212,0.35846832151248087,1.0,6.123233995736766e-17,1,6.5,4.0,7,-0.667376707926831,-0.22399318043696137,-0.47205412931655333,-1.2266059192722387,1.2955736817672767,0.7425544399174262,1.4576488146837816,0.203319546889736,1.1134969505302745,-0.6763803487024298,-0.27166083868491925,13.9079485,1.0968451e+06,13.592367,800000.1,0.32109296,0.078314655,0.043137155,0.29659182,0.117934786,0.084999084,0.31675702170425685,347433.3950658333,589544.0564299657,2040677.1693489058,296845.125,37.105640625
3,1500,5000,1980,,1.5,2026-03-11,800000,1,8728d42acffffff,26,47.4631454687716,-121.746535730752,533.3333333333334,3,2026,11,13.592367006650065,0.49555099247091033,70,0.9335418911179212,0.35846832151248087,1.0,6.123233995736766e-17,1,6.5,4.0,26,-0.667376707926831,-0.22399318043696137,-0.47205412931655333,-1.2266059192722387,1.2955736817672767,0.7425544399174262,1.4576488146837816,0.203319546889736,1.1134969505302745,-0.6763803487024298,-0.27166083868491925,13.296718,595238.6,13.592367,800000.1,0.14856803,0.122529685,0.06288408,0.31843632,0.17221987,0.121621296,0.34141011287006,203220.48614586933,304843.5040743704,1162265.2551082124,-204761.375,-25.595171875
3,1500,5000,1980,,1.5,2026-03-11,800000,1,8728d42f0ffffff,25,47.5077800013251,-121.811707358173,533.3333333333334,3,2026,11,13.592367006650065,0.49555099247091033,70,0.9335418911179212,0.35846832151248087,1.0,6.123233995736766e-17,1,6.5,4.0,25,-0.667376707926831,-0.22399318043696137,-0.47205412931655333,-1.2266059192722387,1.2955736817672767,0.7425544399174262,1.4576488146837816,0.203319546889736,1.1134969505302745,-0.6763803487024298,-0.27166083868491925,13.356421,631858.94,13.592367,800000.1,0.20135638,0.10003798,0.055463128,0.3313316,0.12915495,0.10614988,0.3346408360735899,211445.80312557018,327920.1563390565,1217508.9795916777,-168141.0625,-21.0176328125
3,1500,5000,1980,,1.5,2026-03-11,800000,1,8728d5524ffffff,38,47.436376430395,-122.281058400453,533.3333333333334,3,2026,11,13.592367006650065,0.49555099247091033,70,0.9335418911179212,0.35846832151248087,1.0,6.123233995736766e-17,1,6.5,4.0,38,-0.667376707926831,-0.22399318043696137,-0.47205412931655333,-1.2266059192722387,1.2955736817672767,0.7425544399174262,1.4576488146837816,0.203319546889736,1.1134969505302745,-0.6763803487024298,-0.27166083868491925,13.256285,571651.44,13.592367,800000.1,0.20632248,0.112969816,0.058425363,0.29971492,0.15613493,0.11267966,0.33994585105059383,194330.53442523285,293605.07050505426,1113009.9631159573,-228348.5625,-28.543570312499998
3,1500,5000,1980,,1.5,2026-03-11,800000,1,8728d099dffffff,82,47.7622674286422,-121.479271412101,533.3333333333334,3,2026,11,13.592367006650065,0.49555099247091033,70,0.9335418911179212,0.35846832151248087,1.0,6.123233995736766e-17,1,6.5,4.0,82,-0.667376707926831,-0.22399318043696137,-0.47205412931655333,-1.2266059192722387,1.2955736817672767,0.7425544399174262,1.4576488146837816,0.203319546889736,1.1134969505302745,-0.6763803487024298,-0.27166083868491925,13.209657,545608.4,13.592367,800000.1,0.18863262,0.11351603,0.061306376,0.30437362,0.1657547,0.11948425,0.3463428404531121,188967.55437250674,276737.5181740404,1075707.0052620417,-254391.625,-31.798953125
3,1500,5000,1980,,1.5,2026-03-11,800000,1,8728d5cc1ffffff,1,47.4275229648427,-122.445159962045,533.3333333333334,3,2026,11,13.592367006650065,0.49555099247091033,70,0.9335418911179212,0.35846832151248087,1.0,6.123233995736766e-17,1,6.5,4.0,1,-0.667376707926831,-0.22399318043696137,-0.47205412931655333,-1.2266059192722387,1.2955736817672767,0.7425544399174262,1.4576488146837816,0.203319546889736,1.1134969505302745,-0.6763803487024298,-0.27166083868491925,13.291115,591912.94,13.592367,800000.1,0.105919905,0.12695561,0.06310799,0.3451483,0.16814968,0.1207308,0.3409968282030654,201840.4342598593,303385.9462168462,1154835.6418768652,-208087.0625,-26.010882812500004
3,1500,5000,1980,,1.5,2026-03-11,800000,1,8728d42c1ffffff,104,47.5437294301655,-121.880291590508,533.3333333333334,3,2026,11,13.592367006650065,0.49555099247091033,70,0.9335418911179212,0.35846832151248087,1.0,6.123233995736766e-17,1,6.5,4.0,104,-0.667376707926831,-0.22399318043696137,-0.47205412931655333,-1.2266059192722387,1.2955736817672767,0.7425544399174262,1.4576488146837816,0.203319546889736,1.1134969505302745,-0.6763803487024298,-0.27166083868491925,13.334442,618122.6,13.592367,800000.1,0.069058426,0.1345681,0.06158579,0.36618465,0.16844383,0.116337635,0.33723453257197805,208452.29451403907,319164.6697945253,1197111.1322120568,-181877.375,-22.734671875
3,1500,5000,1980,,1.5,2026-03-11,800000,1,8728d4213ffffff,56,47.4495267986465,-121.77986579388,533.3333333333334,3,2026,11,13.592367006650065,0.49555099247091033,70,0.9335418911179212,0.35846832151248087,1.0,6.123233995736766e-17,1,6.5,4.0,56,-0.667376707926831,-0.22399318043696137,-0.47205412931655333,-1.2266059192722387,1.2955736817672767,0.7425544399174262,1.4576488146837816,0.203319546889736,1.1134969505302745,-0.6763803487024298,-0.27166083868491925,13.363083,636082.06,13.592367,800000.1,0.2698614,0.09182579,0.042995587,0.3174798,0.1214194,0.08249369,0.3302399797794787,210059.72745808912,332971.6150949714,1215119.8187017594,-163917.9375,-20.489742187500003
3,1500,5000,1980,,1.5,2026-03-11,800000,1,8728d552affffff,38,47.5000692833099,-122.30188990616,533.3333333333334,3,2026,11,13.592367006650065,0.49555099247091033,70,0.9335418911179212,0.35846832151248087,1.0,6.123233995736766e-17,1,6.5,4.0,38,-0.667376707926831,-0.22399318043696137,-0.47205412931655333,-1.2266059192722387,1.2955736817672767,0.7425544399174262,1.4576488146837816,0.203319546889736,1.1134969505302745,-0.6763803487024298,-0.27166083868491925,13.256285,571651.44,13.592367,800000.1,0.20632248,0.112969816,0.058425363,0.29971492,0.15613493,0.11267966,0.33994585105059383,194330.53442523285,293605.07050505426,1113009.9631159573,-228348.5625,-28.543570312499998
3,1500,5000,1980,,1.5,2026-03-11,800000,1,8728d4365ffffff,112,47.2454503320718,-122.094303663091,533.3333333333334,3,2026,11,13.592367006650065,0.49555099247091033,70,0.9335418911179212,0.35846832151248087,1.0,6.123233995736766e-17,1,6.5,4.0,112,-0.667376707926831,-0.22399318043696137,-0.47205412931655333,-1.2266059192722387,1.2955736817672767,0.7425544399174262,1.4576488146837816,0.203319546889736,1.1134969505302745,-0.6763803487024298,-0.27166083868491925,13.299995,597192.9,13.592367,800000.1,0.020590017,0.14342377,0.06698078,0.37851846,0.1769404,0.1261964,0.34025778402768203,203199.5242846205,306535.90284933825,1163450.4561218717,-202807.125,-25.350890624999998
3,1500,5000,1980,,1.5,2026-03-11,800000,1,8728d5c8cffffff,38,47.3809679712865,-122.299354032614,533.3333333333334,3,2026,11,13.592367006650065,0.49555099247091033,70,0.9335418911179212,0.35846832151248087,1.0,6.123233995736766e-17,1,6.5,4.0,38,-0.667376707926831,-0.22399318043696137,-0.47205412931655333,-1.2266059192722387,1.2955736817672767,0.7425544399174262,1.4576488146837816,0.203319546889736,1.1134969505302745,-0.6763803487024298,-0.27166083868491925,13.256285,571651.44,13.592367,800000.1,0.20632248,0.112969816,0.058425363,0.29971492,0.15613493,0.11267966,0.33994585105059383,194330.53442523285,293605.07050505426,1113009.9631159573,-228348.5625,-28.543570312499998
3,1500,5000,1980,,1.5,2026-03-11,800000,1,8728d5ca1ffffff,106,47.3284648956732,-122.297798648481,533.3333333333334,3,2026,11,13.592367006650065,0.49555099247091033,70,0.9335418911179212,0.35846832151248087,1.0,6.123233995736766e-17,1,6.5,4.0,106,-0.667376707926831,-0.22399318043696137,-0.47205412931655333,-1.2266059192722387,1.2955736817672767,0.7425544399174262,1.4576488146837816,0.203319546889736,1.1134969505302745,-0.6763803487024298,-0.27166083868491925,13.08494,481634.1,13.592367,800000.1,0.31456578,0.08276673,0.054061107,0.2690584,0.13972831,0.10810313,0.35103029180183487,169068.1564707748,242055.0805292626,958341.369041048,-318365.90625,-39.795738281249996
3,1500,5000,1980,,1.5,2026-03-11,800000,1,8728d5522ffffff,161,47.4805071711487,-122.231320842133,533.3333333333334,3,2026,11,13.592367006650065,0.49555099247091033,70,0.9335418911179212,0.35846832151248087,1.0,6.123233995736766e-17,1,6.5,4.0,161,-0.667376707926831,-0.22399318043696137,-0.47205412931655333,-1.2266059192722387,1.2955736817672767,0.7425544399174262,1.4576488146837816,0.203319546889736,1.1134969505302745,-0.6763803487024298,-0.27166083868491925,13.224815,553942.06,13.592367,800000.1,0.17484766,0.120328575,0.058374703,0.31379235,0.15762585,0.11132604,0.3463375992331074,191850.96404048594,280967.32886036055,1092126.2729257678,-246057.9375,-30.7572421875
3,1500,5000,1980,,1.5,2026-03-11,800000,1,8728d42f6ffffff,31,47.4967909094695,-121.786863876331,533.3333333333334,3,2026,11,13.592367006650065,0.49555099247091033,70,0.9335418911179212,0.35846832151248087,1.0,6.123233995736766e-17,1,6.5,4.0,31,-0.667376707926831,-0.22399318043696137,-0.47205412931655333,-1.2266059192722387,1.2955736817672767,0.7425544399174262,1.4576488146837816,0.203319546889736,1.1134969505302745,-0.6763803487024298,-0.27166083868491925,13.321659,610271.44,13.592367,800000.1,0.08992995,0.12689726,0.06334555,0.35756496,0.16394761,0.12070615,0.3383296903151639,206472.94645756492,314435.07503067807,1184445.4888723025,-189728.5625,-23.7160703125
3,1500,5000,1980,,1.5,2026-03-11,800000,1,8728d4268ffffff,10,47.4492868848918,-122.118968524145,533.3333333333334,3,2026,11,13.592367006650065,0.49555099247091033,70,0.9335418911179212,0.35846832151248087,1.0,6.123233995736766e-17,1,6.5,4.0,10,-0.667376707926831,-0.22399318043696137,-0.47205412931655333,-1.2266059192722387,1.2955736817672767,0.7425544399174262,1.4576488146837816,0.203319546889736,1.1134969505302745,-0.6763803487024298,-0.27166083868491925,13.209852,545715.06,13.592367,800000.1,0.2408248,0.106966585,0.057427034,0.28335965,0.15681341,0.11199028,0.3450447542470457,188296.1196292237,277496.7499765206,1073183.407832232,-254284.9375,-31.785617187499998
3,1500,5000,1980,,1.5,2026-03-11,800000,1,8728d5586ffffff,7,47.5901819573678,-122.01561077433,533.3333333333334,3,2026,11,13.592367006650065,0.49555099247091033,70,0.9335418911179212,0.35846832151248087,1.0,6.123233995736766e-17,1,6.5,4.0,7,-0.667376707926831,-0.22399318043696137,-0.47205412931655333,-1.2266059192722387,1.2955736817672767,0.7425544399174262,1.4576488146837816,0.203319546889736,1.1134969505302745,-0.6763803487024298,-0.27166083868491925,13.9079485,1.0968451e+06,13.592367,800000.1,0.32109296,0.078314655,0.043137155,0.29659182,0.117934786,0.084999084,0.31675702170425685,347433.3950658333,589544.0564299657,2040677.1693489058,296845.125,37.105640625
3,1500,5000,1980,,1.5,2026-03-11,800000,1,8728d5435ffffff,35,47.6063082095442,-122.209231818594,533.3333333333334,3,2026,11,13.592367006650065,0.49555099247091033,70,0.9335418911179212,0.35846832151248087,1.0,6.123233995736766e-17,1,6.5,4.0,35,-0.667376707926831,-0.22399318043696137,-0.47205412931655333,-1.2266059192722387,1.2955736817672767,0.7425544399174262,1.4576488146837816,0.203319546889736,1.1134969505302745,-0.6763803487024298,-0.27166083868491925,15.339856,4.5921375e+06,13.592367,800000.1,0.6181394,0.028680459,0.022906898,0.18498196,0.08513938,0.05097697,0.29874082633640076,1371858.9514003736,2556945.9810650055,8247231.839376177,3792137.5,474.0171875
3,1500,5000,1980,,1.5,2026-03-11,800000,1,8728d4266ffffff,161,47.3977990791874,-122.028290874339,533.3333333333334,3,2026,11,13.592367006650065,0.49555099247091033,70,0.9335418911179212,0.35846832151248087,1.0,6.123233995736766e-17,1,6.5,4.0,161,-0.667376707926831,-0.22399318043696137,-0.47205412931655333,-1.2266059192722387,1.2955736817672767,0.7425544399174262,1.4576488146837816,0.203319546889736,1.1134969505302745,-0.6763803487024298,-0.27166083868491925,13.224815,553942.06,13.592367,800000.1,0.17484766,0.120328575,0.058374703,0.31379235,0.15762585,0.11132604,0.3463375992331074,191850.96404048594,280967.32886036055,1092126.2729257678,-246057.9375,-30.7572421875
3,1500,5000,1980,,1.5,2026-03-11,800000,1,8728d5cc4ffffff,83,47.4030854404129,-122.433104225102,533.3333333333334,3,2026,11,13.592367006650065,0.49555099247091033,70,0.9335418911179212,0.35846832151248087,1.0,6.123233995736766e-17,1,6.5,4.0,83,-0.667376707926831,-0.22399318043696137,-0.47205412931655333,-1.2266059192722387,1.2955736817672767,0.7425544399174262,1.4576488146837816,0.203319546889736,1.1134969505302745,-0.6763803487024298,-0.27166083868491925,13.346194,625429.75,13.592367,800000.1,0.4910152,0.08696535,0.03477155,0.18481085,0.0744651,0.060522705,0.3332247741853324,208408.6872125389,325485.66830279387,1201780.5716109555,-174570.25,-21.82128125
3,1500,5000,1980,,1.5,2026-03-11,800000,1,8728d426affffff,111,47.4526510797391,-122.093421307662,533.3333333333334,3,2026,11,13.592367006650065,0.49555099247091033,70,0.9335418911179212,0.35846832151248087,1.0,6.123233995736766e-17,1,6.5,4.0,111,-0.667376707926831,-0.22399318043696137,-0.47205412931655333,-1.2266059192722387,1.2955736817672767,0.7425544399174262,1.4576488146837816,0.203319546889736,1.1134969505302745,-0.6763803487024298,-0.27166083868491925,13.205702,543454.8,13.592367,800000.1,0.2206001,0.10668545,0.05513616,0.30528402,0.14826591,0.10656026,0.34516845347010094,187583.45716150868,276280.4243660255,1068997.6554687188,-256545.1875,-32.0681484375
3,1500,5000,1980,,1.5,2026-03-11,800000,1,8728d5489ffffff,128,47.7747090168987,-122.162541553296,533.3333333333334,3,2026,11,13.592367006650065,0.49555099247091033,70,0.9335418911179212,0.35846832151248087,1.0,6.123233995736766e-17,1,6.5,4.0,128,-0.667376707926831,-0.22399318043696137,-0.47205412931655333,-1.2266059192722387,1.2955736817672767,0.7425544399174262,1.4576488146837816,0.203319546889736,1.1134969505302745,-0.6763803487024298,-0.27166083868491925,13.409559,666342.6,13.592367,800000.1,0.21154669,0.10388807,0.047446966,0.33430874,0.13357684,0.09036514,0.3291643077990096,219336.20891510005,349548.3622403525,1270246.1939658013,-133657.375,-16.707171875
3,1500,5000,1980,,1.5,2026-03-11,800000,1,8728d5cf2ffffff,30,47.4063619383923,-122.33288556128,533.3333333333334,3,2026,11,13.592367006650065,0.49555099247091033,70,0.9335418911179212,0.35846832151248087,1.0,6.123233995736766e-17,1,6.5,4.0,30,-0.667376707926831,-0.22399318043696137,-0.47205412931655333,-1.2266059192722387,1.2955736817672767,0.7425544399174262,1.4576488146837816,0.203319546889736,1.1134969505302745,-0.6763803487024298,-0.27166083868491925,13.330981,615987.06,13.592367,800000.1,0.17745435,0.13888164,0.059867367,0.28856128,0.14287439,0.10826897,0.337100029361674,207649.2568551613,318145.84765031893,1192660.7722170346,-184012.9375,-23.001617187500003
3,1500,5000,1980,,1.5,2026-03-11,800000,1,8728d5591ffffff,54,47.6226350194452,-122.016618889781,533.3333333333334,3,2026,11,13.592367006650065,0.49555099247091033,70,0.9335418911179212,0.35846832151248087,1.0,6.123233995736766e-17,1,6.5,4.0,54,-0.667376707926831,-0.22399318043696137,-0.47205412931655333,-1.2266059192722387,1.2955736817672767,0.7425544399174262,1.4576488146837816,0.203319546889736,1.1134969505302745,-0.6763803487024298,-0.27166083868491925,13.793234,977969.6,13.592367,800000.1,0.36344892,0.08931622,0.049213663,0.23594055,0.13125008,0.09600538,0.3155586472971752,308606.7719627257,526885.7035844843,1815241.0379875265,177969.625,22.246203125
3,1500,5000,1980,,1.5,2026-03-11,800000,1,8728d42f4ffffff,56,47.481568048488,-121.801331646176,533.3333333333334,3,2026,11,13.592367006650065,0.49555099247091033,70,0.9335418911179212,0.35846832151248087,1.0,6.123233995736766e-17,1,6.5,4.0,56,-0.667376707926831,-0.22399318043696137,-0.47205412931655333,-1.2266059192722387,1.2955736817672767,0.7425544399174262,1.4576488146837816,0.203319546889736,1.1134969505302745,-0.6763803487024298,-0.27166083868491925,13.363083,636082.06,13.592367,800000.1,0.2698614,0.09182579,0.042995587,0.3174798,0.1214194,0.08249369,0.3302399797794787,210059.72745808912,332971.6150949714,1215119.8187017594,-163917.9375,-20.489742187500003
3,1500,5000,1980,,1.5,2026-03-11,800000,1,8728d54c5ffffff,59,47.7709519902586,-122.295795470597,533.3333333333334,3,2026,11,13.592367006650065,0.49555099247091033,70,0.9335418911179212,0.35846832151248087,1.0,6.123233995736766e-17,1,6.5,4.0,59,-0.667376707926831,-0.22399318043696137,-0.47205412931655333,-1.2266059192722387,1.2955736817672767,0.7425544399174262,1.4576488146837816,0.203319546889736,1.1134969505302745,-0.6763803487024298,-0.27166083868491925,13.57471,785998.3,13.592367,800000.1,0.32559952,0.10470799,0.04193206,0.26081112,0.12616262,0.0780919,0.32477232620871,255270.50034674557,415881.7037856525,1485502.4923104434,-14001.6875,-1.7502109375000001
3,1500,5000,1980,,1.5,2026-03-11,800000,1,8728d5d9dffffff,106,47.2687764991265,-122.23528635569,533.3333333333334,3,2026,11,13.592367006650065,0.49555099247091033,70,0.9335418911179212,0.35846832151248087,1.0,6.123233995736766e-17,1,6.5,4.0,106,-0.667376707926831,-0.22399318043696137,-0.47205412931655333,-1.2266059192722387,1.2955736817672767,0.7425544399174262,1.4576488146837816,0.203319546889736,1.1134969505302745,-0.6763803487024298,-0.27166083868491925,13.08494,481634.1,13.592367,800000.1,0.31456578,0.08276673,0.054061107,0.2690584,0.13972831,0.10810313,0.35103029180183487,169068.1564707748,242055.0805292626,958341.369041048,-318365.90625,-39.795738281249996
3,1500,5000,1980,,1.5,2026-03-11,800000,1,8728d4248ffffff,161,47.489470110784,-122.10466310396,533.3333333333334,3,2026,11,13.592367006650065,0.49555099247091033,70,0.9335418911179212,0.35846832151248087,1.0,6.123233995736766e-17,1,6.5,4.0,161,-0.667376707926831,-0.22399318043696137,-0.47205412931655333,-1.2266059192722387,1.2955736817672767,0.7425544399174262,1.4576488146837816,0.203319546889736,1.1134969505302745,-0.6763803487024298,-0.27166083868491925,13.224815,553942.06,13.592367,800000.1,0.17484766,0.120328575,0.058374703,0.31379235,0.15762585,0.11132604,0.3463375992331074,191850.96404048594,280967.32886036055,1092126.2729257678,-246057.9375,-30.7572421875
3,1500,5000,1980,,1.5,2026-03-11,800000,1,8728d5510ffffff,7,47.5295902289117,-122.168787478121,533.3333333333334,3,2026,11,13.592367006650065,0.49555099247091033,70,0.9335418911179212,0.35846832151248087,1.0,6.123233995736766e-17,1,6.5,4.0,7,-0.667376707926831,-0.22399318043696137,-0.47205412931655333,-1.2266059192722387,1.2955736817672767,0.7425544399174262,1.4576488146837816,0.203319546889736,1.1134969505302745,-0.6763803487024298,-0.27166083868491925,13.9079485,1.0968451e+06,13.592367,800000.1,0.32109296,0.078314655,0.043137155,0.29659182,0.117934786,0.084999084,0.31675702170425685,347433.3950658333,589544.0564299657,2040677.1693489058,296845.125,37.105640625
3,1500,5000,1980,,1.5,2026-03-11,800000,1,8728d5453ffffff,4,47.7394188163975,-122.354102015122,533.3333333333334,3,2026,11,13.592367006650065,0.49555099247091033,70,0.9335418911179212,0.35846832151248087,1.0,6.123233995736766e-17,1,6.5,4.0,4,-0.667376707926831,-0.22399318043696137,-0.47205412931655333,-1.2266059192722387,1.2955736817672767,0.7425544399174262,1.4576488146837816,0.203319546889736,1.1134969505302745,-0.6763803487024298,-0.27166083868491925,13.398135,658773.56,13.592367,800000.1,0.18138212,0.11688684,0.04888571,0.33465004,0.14771797,0.09236219,0.3287698014908048,216584.8533705153,345845.137483822,1254846.7307075637,-141226.4375,-17.6533046875
3,1500,5000,1980,,1.5,2026-03-11,800000,1,8728d5cc0ffffff,73,47.4244222833107,-122.434736945591,533.3333333333334,3,2026,11,13.592367006650065,0.49555099247091033,70,0.9335418911179212,0.35846832151248087,1.0,6.123233995736766e-17,1,6.5,4.0,73,-0.667376707926831,-0.22399318043696137,-0.47205412931655333,-1.2266059192722387,1.2955736817672767,0.7425544399174262,1.4576488146837816,0.203319546889736,1.1134969505302745,-0.6763803487024298,-0.27166083868491925,13.406181,664095.56,13.592367,800000.1,0.38036865,0.12354932,0.040318564,0.20419532,0.103553995,0.06771666,0.3278986978641379,217756.0702011022,349234.8465515701,1262826.2003372323,-135904.4375,-16.9880546875
3,1500,5000,1980,,1.5,2026-03-11,800000,1,8728d54a6ffffff,46,47.6729834438403,-122.053918629117,533.3333333333334,3,2026,11,13.592367006650065,0.49555099247091033,70,0.9335418911179212,0.35846832151248087,1.0,6.123233995736766e-17,1,6.5,4.0,46,-0.667376707926831,-0.22399318043696137,-0.47205412931655333,-1.2266059192722387,1.2955736817672767,0.7425544399174262,1.4576488146837816,0.203319546889736,1.1134969505302745,-0.6763803487024298,-0.27166083868491925,13.41114,667397.06,13.592367,800000.1,0.22601694,0.12333384,0.055503264,0.28181845,0.13746658,0.10224813,0.32699775465364067,218237.3408999355,351591.3500362547,1266865.1752036393,-132602.9375,-16.5753671875
3,1500,5000,1980,,1.5,2026-03-11,800000,1,8728d5595ffffff,7,47.610410263583,-121.993918442911,533.3333333333334,3,2026,11,13.592367006650065,0.49555099247091033,70,0.9335418911179212,0.35846832151248087,1.0,6.123233995736766e-17,1,6.5,4.0,7,-0.667376707926831,-0.22399318043696137,-0.47205412931655333,-1.2266059192722387,1.2955736817672767,0.7425544399174262,1.4576488146837816,0.203319546889736,1.1134969505302745,-0.6763803487024298,-0.27166083868491925,13.9079485,1.0968451e+06,13.592367,800000.1,0.32109296,0.078314655,0.043137155,0.29659182,0.117934786,0.084999084,0.31675702170425685,347433.3950658333,589544.0564299657,2040677.1693489058,296845.125,37.105640625
3,1500,5000,1980,,1.5,2026-03-11,800000,1,8728d434cffffff,161,47.3316668602268,-122.108404505777,533.3333333333334,3,2026,11,13.592367006650065,0.49555099247091033,70,0.9335418911179212,0.35846832151248087,1.0,6.123233995736766e-17,1,6.5,4.0,161,-0.667376707926831,-0.22399318043696137,-0.47205412931655333,-1.2266059192722387,1.2955736817672767,0.7425544399174262,1.4576488146837816,0.203319546889736,1.1134969505302745,-0.6763803487024298,-0.27166083868491925,13.224815,553942.06,13.592367,800000.1,0.17484766,0.120328575,0.058374703,0.31379235,0.15762585,0.11132604,0.3463375992331074,191850.96404048594,280967.32886036055,1092126.2729257678,-246057.9375,-30.7572421875
3,1500,5000,1980,,1.5,2026-03-11,800000,1,8728d5d8dffffff,106,47.261221040842,-122.301858896064,533.3333333333334,3,2026,11,13.592367006650065,0.49555099247091033,70,0.9335418911179212,0.35846832151248087,1.0,6.123233995736766e-17,1,6.5,4.0,106,-0.667376707926831,-0.22399318043696137,-0.47205412931655333,-1.2266059192722387,1.2955736817672767,0.7425544399174262,1.4576488146837816,0.203319546889736,1.1134969505302745,-0.6763803487024298,-0.27166083868491925,13.08494,481634.1,13.592367,800000.1,0.31456578,0.08276673,0.054061107,0.2690584,0.13972831,0.10810313,0.35103029180183487,169068.1564707748,242055.0805292626,958341.369041048,-318365.90625,-39.795738281249996
3,1500,5000,1980,,1.5,2026-03-11,800000,1,8728d551dffffff,29,47.5513521718686,-122.261368583728,533.3333333333334,3,2026,11,13.592367006650065,0.49555099247091033,70,0.9335418911179212,0.35846832151248087,1.0,6.123233995736766e-17,1,6.5,4.0,29,-0.667376707926831,-0.22399318043696137,-0.47205412931655333,-1.2266059192722387,1.2955736817672767,0.7425544399174262,1.4576488146837816,0.203319546889736,1.1134969505302745,-0.6763803487024298,-0.27166083868491925,14.127115,1.3656148e+06,13.592367,800000.1,0.30136943,0.08445333,0.034651436,0.3226787,0.109553546,0.06622937,0.33057676835818417,451440.5108772696,714390.3378820103,2610482.7284228825,565614.75,70.70184375000001
3,1500,5000,1980,,1.5,2026-03-11,800000,1,8728d4274ffffff,161,47.3995230874933,-121.979727395985,533.3333333333334,3,2026,11,13.592367006650065,0.49555099247091033,70,0.9335418911179212,0.35846832151248087,1.0,6.123233995736766e-17,1,6.5,4.0,161,-0.667376707926831,-0.22399318043696137,-0.47205412931655333,-1.2266059192722387,1.2955736817672767,0.7425544399174262,1.4576488146837816,0.203319546889736,1.1134969505302745,-0.6763803487024298,-0.27166083868491925,13.224815,553942.06,13.592367,800000.1,0.17484766,0.120328575,0.058374703,0.31379235,0.15762585,0.11132604,0.3463375992331074,191850.96404048594,280967.32886036055,1092126.2729257678,-246057.9375,-30.7572421875
3,1500,5000,1980,,1.5,2026-03-11,800000,1,8728d55aaffffff,7,47.586151588457,-122.11716785937,533.3333333333334,3,2026,11,13.592367006650065,0.49555099247091033,70,0.9335418911179212,0.35846832151248087,1.0,6.123233995736766e-17,1,6.5,4.0,7,-0.667376707926831,-0.22399318043696137,-0.47205412931655333,-1.2266059192722387,1.2955736817672767,0.7425544399174262,1.4576488146837816,0.203319546889736,1.1134969505302745,-0.6763803487024298,-0.27166083868491925,13.9079485,1.0968451e+06,13.592367,800000.1,0.32109296,0.078314655,0.043137155,0.29659182,0.117934786,0.084999084,0.31675702170425685,347433.3950658333,589544.0564299657,2040677.1693489058,296845.125,37.105640625
3,1500,5000,1980,,1.5,2026-03-11,800000,1,8728d5418ffffff,59,47.7045492151974,-122.224187126919,533.3333333333334,3,2026,11,13.592367006650065,0.49555099247091033,70,0.9335418911179212,0.35846832151248087,1.0,6.123233995736766e-17,1,6.5,4.0,59,-0.667376707926831,-0.22399318043696137,-0.47205412931655333,-1.2266059192722387,1.2955736817672767,0.7425544399174262,1.4576488146837816,0.203319546889736,1.1134969505302745,-0.6763803487024298,-0.27166083868491925,13.57471,785998.3,13.592367,800000.1,0.32559952,0.10470799,0.04193206,0.26081112,0.12616262,0.0780919,0.32477232620871,255270.50034674557,415881.7037856525,1485502.4923104434,-14001.6875,-1.7502109375000001
3,1500,5000,1980,,1.5,2026-03-11,800000,1,8728d551effffff,7,47.5486874078264,-122.192248007597,533.3333333333334,3,2026,11,13.592367006650065,0.49555099247091033,70,0.9335418911179212,0.35846832151248087,1.0,6.123233995736766e-17,1,6.5,4.0,7,-0.667376707926831,-0.22399318043696137,-0.47205412931655333,-1.2266059192722387,1.2955736817672767,0.7425544399174262,1.4576488146837816,0.203319546889736,1.1134969505302745,-0.6763803487024298,-0.27166083868491925,13.9079485,1.0968451e+06,13.592367,800000.1,0.32109296,0.078314655,0.043137155,0.29659182,0.117934786,0.084999084,0.31675702170425685,347433.3950658333,589544.0564299657,2040677.1693489058,296845.125,37.105640625
3,1500,5000,1980,,1.5,2026-03-11,800000,1,8728d4375ffffff,164,47.2774295390881,-122.015006247866,533.3333333333334,3,2026,11,13.592367006650065,0.49555099247091033,70,0.9335418911179212,0.35846832151248087,1.0,6.123233995736766e-17,1,6.5,4.0,164,-0.667376707926831,-0.22399318043696137,-0.47205412931655333,-1.2266059192722387,1.2955736817672767,0.7425544399174262,1.4576488146837816,0.203319546889736,1.1134969505302745,-0.6763803487024298,-0.27166083868491925,13.110907,494304.3,13.592367,800000.1,0.18692677,0.11923592,0.056925975,0.30703616,0.16749606,0.1100228,0.35242223764712605,174203.83188987424,247745.9277596686,986239.1864181004,-305695.6875,-38.2119609375
3,1500,5000,1980,,1.5,2026-03-11,800000,1,8728d54b3ffffff,120,47.7180221252842,-122.020151684779,533.3333333333334,3,2026,11,13.592367006650065,0.49555099247091033,70,0.9335418911179212,0.35846832151248087,1.0,6.123233995736766e-17,1,6.5,4.0,120,-0.667376707926831,-0.22399318043696137,-0.47205412931655333,-1.2266059192722387,1.2955736817672767,0.7425544399174262,1.4576488146837816,0.203319546889736,1.1134969505302745,-0.6763803487024298,-0.27166083868491925,13.494869,725683.5,13.592367,800000.1,0.13194534,0.121236786,0.055480476,0.35181862,0.15190113,0.104937285,0.3228447469717752,234283.1059390922,385421.7730752704,1366338.2868800377,-74316.5,-9.289562499999999
3,1500,5000,1980,,1.5,2026-03-11,800000,1,8728d4249ffffff,161,47.5050266042578,-122.131600131987,533.3333333333334,3,2026,11,13.592367006650065,0.49555099247091033,70,0.9335418911179212,0.35846832151248087,1.0,6.123233995736766e-17,1,6.5,4.0,161,-0.667376707926831,-0.22399318043696137,-0.47205412931655333,-1.2266059192722387,1.2955736817672767,0.7425544399174262,1.4576488146837816,0.203319546889736,1.1134969505302745,-0.6763803487024298,-0.27166083868491925,13.224815,553942.06,13.592367,800000.1,0.17484766,0.120328575,0.058374703,0.31379235,0.15762585,0.11132604,0.3463375992331074,191850.96404048594,280967.32886036055,1092126.2729257678,-246057.9375,-30.7572421875
3,1500,5000,1980,,1.5,2026-03-11,800000,1,8728d5424ffffff,43,47.5699077863909,-122.283198911931,533.3333333333334,3,2026,11,13.592367006650065,0.49555099247091033,70,0.9335418911179212,0.35846832151248087,1.0,6.123233995736766e-17,1,6.5,4.0,43,-0.667376707926831,-0.22399318043696137,-0.47205412931655333,-1.2266059192722387,1.2955736817672767,0.7425544399174262,1.4576488146837816,0.203319546889736,1.1134969505302745,-0.6763803487024298,-0.27166083868491925,13.720294,909176.0,13.592367,800000.1,0.25555423,0.10434569,0.053479817,0.28808373,0.13571869,0.10205291,0.31932142524912194,290319.3761222957,486223.6611903863,1700042.8119452333,109176.0,13.647
3,1500,5000,1980,,1.5,2026-03-11,800000,1,8728d5512ffffff,7,47.5455122516878,-122.125552401758,533.3333333333334,3,2026,11,13.592367006650065,0.49555099247091033,70,0.9335418911179212,0.35846832151248087,1.0,6.123233995736766e-17,1,6.5,4.0,7,-0.667376707926831,-0.22399318043696137,-0.47205412931655333,-1.2266059192722387,1.2955736817672767,0.7425544399174262,1.4576488146837816,0.203319546889736,1.1134969505302745,-0.6763803487024298,-0.27166083868491925,13.9079485,1.0968451e+06,13.592367,800000.1,0.32109296,0.078314655,0.043137155,0.29659182,0.117934786,0.084999084,0.31675702170425685,347433.3950658333,589544.0564299657,2040677.1693489058,296845.125,37.105640625
3,1500,5000,1980,,1.5,2026-03-11,800000,1,8728d542affffff,59,47.6454584379736,-122.319214981452,533.3333333333334,3,2026,11,13.592367006650065,0.49555099247091033,70,0.9335418911179212,0.35846832151248087,1.0,6.123233995736766e-17,1,6.5,4.0,59,-0.667376707926831,-0.22399318043696137,-0.47205412931655333,-1.2266059192722387,1.2955736817672767,0.7425544399174262,1.4576488146837816,0.203319546889736,1.1134969505302745,-0.6763803487024298,-0.27166083868491925,13.57471,785998.3,13.592367,800000.1,0.32559952,0.10470799,0.04193206,0.26081112,0.12616262,0.0780919,0.32477232620871,255270.50034674557,415881.7037856525,1485502.4923104434,-14001.6875,-1.7502109375000001
3,1500,5000,1980,,1.5,2026-03-11,800000,1,8728d425bffffff,7,47.5347782193659,-122.024125165848,533.3333333333334,3,2026,11,13.592367006650065,0.49555099247091033,70,0.9335418911179212,0.35846832151248087,1.0,6.123233995736766e-17,1,6.5,4.0,7,-0.667376707926831,-0.22399318043696137,-0.47205412931655333,-1.2266059192722387,1.2955736817672767,0.7425544399174262,1.4576488146837816,0.203319546889736,1.1134969505302745,-0.6763803487024298,-0.27166083868491925,13.9079485,1.0968451e+06,13.592367,800000.1,0.32109296,0.078314655,0.043137155,0.29659182,0.117934786,0.084999084,0.31675702170425685,347433.3950658333,589544.0564299657,2040677.1693489058,296845.125,37.105640625
3,1500,5000,1980,,1.5,2026-03-11,800000,1,8728d54a5ffffff,59,47.6759667732156,-122.120887758838,533.3333333333334,3,2026,11,13.592367006650065,0.49555099247091033,70,0.9335418911179212,0.35846832151248087,1.0,6.123233995736766e-17,1,6.5,4.0,59,-0.667376707926831,-0.22399318043696137,-0.47205412931655333,-1.2266059192722387,1.2955736817672767,0.7425544399174262,1.4576488146837816,0.203319546889736,1.1134969505302745,-0.6763803487024298,-0.27166083868491925,13.57471,785998.3,13.592367,800000.1,0.32559952,0.10470799,0.04193206,0.26081112,0.12616262,0.0780919,0.32477232620871,255270.50034674557,415881.7037856525,1485502.4923104434,-14001.6875,-1.7502109375000001
3,1500,5000,1980,,1.5,2026-03-11,800000,1,8728d4341ffffff,10,47.334168325806,-122.05900606505,533.3333333333334,3,2026,11,13.592367006650065,0.49555099247091033,70,0.9335418911179212,0.35846832151248087,1.0,6.123233995736766e-17,1,6.5,4.0,10,-0.667376707926831,-0.22399318043696137,-0.47205412931655333,-1.2266059192722387,1.2955736817672767,0.7425544399174262,1.4576488146837816,0.203319546889736,1.1134969505302745,-0.6763803487024298,-0.27166083868491925,13.209852,545715.06,13.592367,800000.1,0.2408248,0.106966585,0.057427034,0.28335965,0.15681341,0.11199028,0.3450447542470457,188296.1196292237,277496.7499765206,1073183.407832232,-254284.9375,-31.785617187499998
3,1500,5000,1980,,1.5,2026-03-11,800000,1,8728d5564ffffff,78,47.4845042068871,-122.469351211377,533.3333333333334,3,2026,11,13.592367006650065,0.49555099247091033,70,0.9335418911179212,0.35846832151248087,1.0,6.123233995736766e-17,1,6.5,4.0,78,-0.667376707926831,-0.22399318043696137,-0.47205412931655333,-1.2266059192722387,1.2955736817672767,0.7425544399174262,1.4576488146837816,0.203319546889736,1.1134969505302745,-0.6763803487024298,-0.27166083868491925,13.291895,592374.9,13.592367,800000.1,0.1178946,0.13038737,0.0533509,0.35382754,0.1583542,0.09977013,0.339928551809106,201365.1333868502,304259.1094799788,1153319.5117538958,-207625.125,-25.953140625
3,1500,5000,1980,,1.5,2026-03-11,800000,1,8728d5403ffffff,59,47.6732508182494,-122.265985694428,533.3333333333334,3,2026,11,13.592367006650065,0.49555099247091033,70,0.9335418911179212,0.35846832151248087,1.0,6.123233995736766e-17,1,6.5,4.0,59,-0.667376707926831,-0.22399318043696137,-0.47205412931655333,-1.2266059192722387,1.2955736817672767,0.7425544399174262,1.4576488146837816,0.203319546889736,1.1134969505302745,-0.6763803487024298,-0.27166083868491925,13.57471,785998.3,13.592367,800000.1,0.32559952,0.10470799,0.04193206,0.26081112,0.12616262,0.0780919,0.32477232620871,255270.50034674557,415881.7037856525,1485502.4923104434,-14001.6875,-1.7502109375000001
3,1500,5000,1980,,1.5,2026-03-11,800000,1,8728d5503ffffff,17,47.5363213318738,-122.240930059773,533.3333333333334,3,2026,11,13.592367006650065,0.49555099247091033,70,0.9335418911179212,0.35846832151248087,1.0,6.123233995736766e-17,1,6.5,4.0,17,-0.667376707926831,-0.22399318043696137,-0.47205412931655333,-1.2266059192722387,1.2955736817672767,0.7425544399174262,1.4576488146837816,0.203319546889736,1.1134969505302745,-0.6763803487024298,-0.27166083868491925,14.146981,1.3930152e+06,13.592367,800000.1,0.3338677,0.12492573,0.05042271,0.21424483,0.11494975,0.08866574,0.32260586952751297,449394.89599133586,740198.5463305899,2621582.6115774284,593015.25,74.12690625
3,1500,5000,1980,,1.5,2026-03-11,800000,1,8728d55b3ffffff,7,47.588917075551,-122.006165504047,533.3333333333334,3,2026,11,13.592367006650065,0.49555099247091033,70,0.9335418911179212,0.35846832151248087,1.0,6.123233995736766e-17,1,6.5,4.0,7,-0.667376707926831,-0.22399318043696137,-0.47205412931655333,-1.2266059192722387,1.2955736817672767,0.7425544399174262,1.4576488146837816,0.203319546889736,1.1134969505302745,-0.6763803487024298,-0.27166083868491925,13.9079485,1.0968451e+06,13.592367,800000.1,0.32109296,0.078314655,0.043137155,0.29659182,0.117934786,0.084999084,0.31675702170425685,347433.3950658333,589544.0564299657,2040677.1693489058,296845.125,37.105640625
3,1500,5000,1980,,1.5,2026-03-11,800000,1,8728d42c6ffffff,56,47.5279633414707,-121.832744777156,533.3333333333334,3,2026,11,13.592367006650065,0.49555099247091033,70,0.9335418911179212,0.35846832151248087,1.0,6.123233995736766e-17,1,6.5,4.0,56,-0.667376707926831,-0.22399318043696137,-0.47205412931655333,-1.2266059192722387,1.2955736817672767,0.7425544399174262,1.4576488146837816,0.203319546889736,1.1134969505302745,-0.6763803487024298,-0.27166083868491925,13.363083,636082.06,13.592367,800000.1,0.2698614,0.09182579,0.042995587,0.3174798,0.1214194,0.08249369,0.3302399797794787,210059.72745808912,332971.6150949714,1215119.8187017594,-163917.9375,-20.489742187500003
3,1500,5000,1980,,1.5,2026-03-11,800000,1,8728d5486ffffff,33,47.7233635483533,-122.029388346121,533.3333333333334,3,2026,11,13.592367006650065,0.49555099247091033,70,0.9335418911179212,0.35846832151248087,1.0,6.123233995736766e-17,1,6.5,4.0,33,-0.667376707926831,-0.22399318043696137,-0.47205412931655333,-1.2266059192722387,1.2955736817672767,0.7425544399174262,1.4576488146837816,0.203319546889736,1.1134969505302745,-0.6763803487024298,-0.27166083868491925,13.489705,721945.6,13.592367,800000.1,0.18274044,0.13337745,0.055611048,0.30025172,0.14265901,0.101164006,0.3222493379482991,232646.499690921,383884.2613389339,1357715.1228863453,-78054.375,-9.756796875
3,1500,5000,1980,,1.5,2026-03-11,800000,1,8728d54a2ffffff,52,47.6924107949544,-122.077145707645,533.3333333333334,3,2026,11,13.592367006650065,0.49555099247091033,70,0.9335418911179212,0.35846832151248087,1.0,6.123233995736766e-17,1,6.5,4.0,52,-0.667376707926831,-0.22399318043696137,-0.47205412931655333,-1.2266059192722387,1.2955736817672767,0.7425544399174262,1.4576488146837816,0.203319546889736,1.1134969505302745,-0.6763803487024298,-0.27166083868491925,13.463542,703302.25,13.592367,800000.1,0.07200715,0.13656987,0.060340386,0.36375195,0.16966458,0.11365037,0.32339925518638046,227447.42382090556,373128.98546783905,1325638.1508250774,-96697.75,-12.08721875
3,1500,5000,1980,,1.5,2026-03-11,800000,1,8728d5c93ffffff,161,47.4084557281249,-122.169389003041,533.3333333333334,3,2026,11,13.592367006650065,0.49555099247091033,70,0.9335418911179212,0.35846832151248087,1.0,6.123233995736766e-17,1,6.5,4.0,161,-0.667376707926831,-0.22399318043696137,-0.47205412931655333,-1.2266059192722387,1.2955736817672767,0.7425544399174262,1.4576488146837816,0.203319546889736,1.1134969505302745,-0.6763803487024298,-0.27166083868491925,13.224815,553942.06,13.592367,800000.1,0.17484766,0.120328575,0.058374703,0.31379235,0.15762585,0.11132604,0.3463375992331074,191850.96404048594,280967.32886036055,1092126.2729257678,-246057.9375,-30.7572421875
3,1500,5000,1980,,1.5,2026-03-11,800000,1,8728d5c09ffffff,6,47.3348538935552,-122.498233066009,533.3333333333334,3,2026,11,13.592367006650065,0.49555099247091033,70,0.9335418911179212,0.35846832151248087,1.0,6.123233995736766e-17,1,6.5,4.0,6,-0.667376707926831,-0.22399318043696137,-0.47205412931655333,-1.2266059192722387,1.2955736817672767,0.7425544399174262,1.4576488146837816,0.203319546889736,1.1134969505302745,-0.6763803487024298,-0.27166083868491925,13.126209,501926.66,13.592367,800000.1,0.15477143,0.12397592,0.06164087,0.3139996,0.17471108,0.11921355,0.35418981497766044,177777.30950954327,250696.22386736143,1004922.8158627028,-298073.34375,-37.25916796875
3,1500,5000,1980,,1.5,2026-03-11,800000,1,8728d5cceffffff,1,47.4443759128474,-122.454660115944,533.3333333333334,3,2026,11,13.592367006650065,0.49555099247091033,70,0.9335418911179212,0.35846832151248087,1.0,6.123233995736766e-17,1,6.5,4.0,1,-0.667376707926831,-0.22399318043696137,-0.47205412931655333,-1.2266059192722387,1.2955736817672767,0.7425544399174262,1.4576488146837816,0.203319546889736,1.1134969505302745,-0.6763803487024298,-0.27166083868491925,13.291115,591912.94,13.592367,800000.1,0.105919905,0.12695561,0.06310799,0.3451483,0.16814968,0.1207308,0.3409968282030654,201840.4342598593,303385.9462168462,1154835.6418768652,-208087.0625,-26.010882812500004
3,1500,5000,1980,,1.5,2026-03-11,800000,1,8728d4acaffffff,130,47.220469385631,-122.054936884282,533.3333333333334,3,2026,11,13.592367006650065,0.49555099247091033,70,0.9335418911179212,0.35846832151248087,1.0,6.123233995736766e-17,1,6.5,4.0,130,-0.667376707926831,-0.22399318043696137,-0.47205412931655333,-1.2266059192722387,1.2955736817672767,0.7425544399174262,1.4576488146837816,0.203319546889736,1.1134969505302745,-0.6763803487024298,-0.27166083868491925,13.264034,576098.7,13.592367,800000.1,0.08816572,0.13133535,0.06318057,0.35258815,0.16902441,0.12011843,0.34289996984979443,197544.22257425613,294180.94916191726,1128182.1879586016,-223901.3125,-27.987664062500002
3,1500,5000,1980,,1.5,2026-03-11,800000,1,8728d5482ffffff,23,47.7559920980139,-122.03816895452,533.3333333333334,3,2026,11,13.592367006650065,0.49555099247091033,70,0.9335418911179212,0.35846832151248087,1.0,6.123233995736766e-17,1,6.5,4.0,23,-0.667376707926831,-0.22399318043696137,-0.47205412931655333,-1.2266059192722387,1.2955736817672767,0.7425544399174262,1.4576488146837816,0.203319546889736,1.1134969505302745,-0.6763803487024298,-0.27166083868491925,13.48657,719686.06,13.592367,800000.1,0.14850666,0.13401696,0.06257982,0.30795446,0.15644751,0.11647555,0.3240508385126061,233214.87201896083,381333.92536824115,1358253.174705688,-80313.9375,-10.0392421875
3,1500,5000,1980,,1.5,2026-03-11,800000,1,8728d55b0ffffff,56,47.5712873922546,-121.994553551075,533.3333333333334,3,2026,11,13.592367006650065,0.49555099247091033,70,0.9335418911179212,0.35846832151248087,1.0,6.123233995736766e-17,1,6.5,4.0,56,-0.667376707926831,-0.22399318043696137,-0.47205412931655333,-1.2266059192722387,1.2955736817672767,0.7425544399174262,1.4576488146837816,0.203319546889736,1.1134969505302745,-0.6763803487024298,-0.27166083868491925,13.363083,636082.06,13.592367,800000.1,0.2698614,0.09182579,0.042995587,0.3174798,0.1214194,0.08249369,0.3302399797794787,210059.72745808912,332971.6150949714,1215119.8187017594,-163917.9375,-20.489742187500003
3,1500,5000,1980,,1.5,2026-03-11,800000,1,8728d435bffffff,10,47.3850710022987,-122.025253376738,533.3333333333334,3,2026,11,13.592367006650065,0.49555099247091033,70,0.9335418911179212,0.35846832151248087,1.0,6.123233995736766e-17,1,6.5,4.0,10,-0.667376707926831,-0.22399318043696137,-0.47205412931655333,-1.2266059192722387,1.2955736817672767,0.7425544399174262,1.4576488146837816,0.203319546889736,1.1134969505302745,-0.6763803487024298,-0.27166083868491925,13.209852,545715.06,13.592367,800000.1,0.2408248,0.106966585,0.057427034,0.28335965,0.15681341,0.11199028,0.3450447542470457,188296.1196292237,277496.7499765206,1073183.407832232,-254284.9375,-31.785617187499998
3,1500,5000,1980,,1.5,2026-03-11,800000,1,8728d5502ffffff,7,47.5179175423922,-122.205074550373,533.3333333333334,3,2026,11,13.592367006650065,0.49555099247091033,70,0.9335418911179212,0.35846832151248087,1.0,6.123233995736766e-17,1,6.5,4.0,7,-0.667376707926831,-0.22399318043696137,-0.47205412931655333,-1.2266059192722387,1.2955736817672767,0.7425544399174262,1.4576488146837816,0.203319546889736,1.1134969505302745,-0.6763803487024298,-0.27166083868491925,13.9079485,1.0968451e+06,13.592367,800000.1,0.32109296,0.078314655,0.043137155,0.29659182,0.117934786,0.084999084,0.31675702170425685,347433.3950658333,589544.0564299657,2040677.1693489058,296845.125,37.105640625
3,1500,5000,1980,,1.5,2026-03-11,800000,1,8728d5ce6ffffff,106,47.3743857709722,-122.429304892452,533.3333333333334,3,2026,11,13.592367006650065,0.49555099247091033,70,0.9335418911179212,0.35846832151248087,1.0,6.123233995736766e-17,1,6.5,4.0,106,-0.667376707926831,-0.22399318043696137,-0.47205412931655333,-1.2266059192722387,1.2955736817672767,0.7425544399174262,1.4576488146837816,0.203319546889736,1.1134969505302745,-0.6763803487024298,-0.27166083868491925,13.08494,481634.1,13.592367,800000.1,0.31456578,0.08276673,0.054061107,0.2690584,0.13972831,0.10810313,0.35103029180183487,169068.1564707748,242055.0805292626,958341.369041048,-318365.90625,-39.795738281249996
3,1500,5000,1980,,1.5,2026-03-11,800000,1,8728d42ceffffff,56,47.5756542708751,-121.881050770874,533.3333333333334,3,2026,11,13.592367006650065,0.49555099247091033,70,0.9335418911179212,0.35846832151248087,1.0,6.123233995736766e-17,1,6.5,4.0,56,-0.667376707926831,-0.22399318043696137,-0.47205412931655333,-1.2266059192722387,1.2955736817672767,0.7425544399174262,1.4576488146837816,0.203319546889736,1.1134969505302745,-0.6763803487024298,-0.27166083868491925,13.363083,636082.06,13.592367,800000.1,0.2698614,0.09182579,0.042995587,0.3174798,0.1214194,0.08249369,0.3302399797794787,210059.72745808912,332971.6150949714,1215119.8187017594,-163917.9375,-20.489742187500003
3,1500,5000,1980,,1.5,2026-03-11,800000,1,8728d55a5ffffff,222,47.5397367767442,-122.11919726829,533.3333333333334,3,2026,11,13.592367006650065,0.49555099247091033,70,0.9335418911179212,0.35846832151248087,1.0,6.123233995736766e-17,1,6.5,4.0,222,-0.667376707926831,-0.22399318043696137,-0.47205412931655333,-1.2266059192722387,1.2955736817672767,0.7425544399174262,1.4576488146837816,0.203319546889736,1.1134969505302745,-0.6763803487024298,-0.27166083868491925,13.89471,1.0824198e+06,13.592367,800000.1,0.34343433,0.082088254,0.049988426,0.2566865,0.13949415,0.10022603,0.3154022145651338,341397.5862390385,583337.527117194,2008498.3828837033,282419.75,35.302468749999996
3,1500,5000,1980,,1.5,2026-03-11,800000,1,8728d4221ffffff,119,47.3556678785317,-121.918317946723,533.3333333333334,3,2026,11,13.592367006650065,0.49555099247091033,70,0.9335418911179212,0.35846832151248087,1.0,6.123233995736766e-17,1,6.5,4.0,119,-0.667376707926831,-0.22399318043696137,-0.47205412931655333,-1.2266059192722387,1.2955736817672767,0.7425544399174262,1.4576488146837816,0.203319546889736,1.1134969505302745,-0.6763803487024298,-0.27166083868491925,13.269135,579045.0,13.592367,800000.1,0.25439554,0.12793054,0.050125502,0.26778603,0.12792116,0.089480214,0.33945121493199293,196557.52875029584,297690.9342466337,1126312.8110478753,-220955.0,-27.619375
3,1500,5000,1980,,1.5,2026-03-11,800000,1,8728d436cffffff,114,47.2883695212169,-122.108905769804,533.3333333333334,3,2026,11,13.592367006650065,0.49555099247091033,70,0.9335418911179212,0.35846832151248087,1.0,6.123233995736766e-17,1,6.5,4.0,114,-0.667376707926831,-0.22399318043696137,-0.47205412931655333,-1.2266059192722387,1.2955736817672767,0.7425544399174262,1.4576488146837816,0.203319546889736,1.1134969505302745,-0.6763803487024298,-0.27166083868491925,13.1006975,489283.6,13.592367,800000.1,0.18923804,0.11254721,0.052410483,0.3263867,0.15085185,0.1004971,0.3534762694983734,172950.13944550764,244723.43842664504,978240.6729581598,-310716.40625,-38.83955078125
3,1500,5000,1980,,1.5,2026-03-11,800000,1,8728d541cffffff,16,47.6847028550472,-122.210802208746,533.3333333333334,3,2026,11,13.592367006650065,0.49555099247091033,70,0.9335418911179212,0.35846832151248087,1.0,6.123233995736766e-17,1,6.5,4.0,16,-0.667376707926831,-0.22399318043696137,-0.47205412931655333,-1.2266059192722387,1.2955736817672767,0.7425544399174262,1.4576488146837816,0.203319546889736,1.1134969505302745,-0.6763803487024298,-0.27166083868491925,14.796119,2.6660772e+06,13.592367,800000.1,0.36587578,0.07650747,0.025063366,0.30624318,0.09876494,0.047696542,0.33797904305043386,901078.2376535323,1374608.8994896924,5170901.799855116,1866077.25,233.25965625
3,1500,5000,1980,,1.5,2026-03-11,800000,1,8728d5422ffffff,37,47.6158130890532,-122.23950914284,533.3333333333334,3,2026,11,13.592367006650065,0.49555099247091033,70,0.9335418911179212,0.35846832151248087,1.0,6.123233995736766e-17,1,6.5,4.0,37,-0.667376707926831,-0.22399318043696137,-0.47205412931655333,-1.2266059192722387,1.2955736817672767,0.7425544399174262,1.4576488146837816,0.203319546889736,1.1134969505302745,-0.6763803487024298,-0.27166083868491925,13.401004,660666.06,13.592367,800000.1,0.11462638,0.13659954,0.059736647,0.3357483,0.15687387,0.110609934,0.33057538570505407,218399.93843317687,345613.397682668,1262913.0987822334,-139333.9375,-17.4167421875
3,1500,5000,1980,,1.5,2026-03-11,800000,1,8728d094effffff,50,47.7123944450752,-121.915250051534,533.3333333333334,3,2026,11,13.592367006650065,0.49555099247091033,70,0.9335418911179212,0.35846832151248087,1.0,6.123233995736766e-17,1,6.5,4.0,50,-0.667376707926831,-0.22399318043696137,-0.47205412931655333,-1.2266059192722387,1.2955736817672767,0.7425544399174262,1.4576488146837816,0.203319546889736,1.1134969505302745,-0.6763803487024298,-0.27166083868491925,13.288256,590223.0,13.592367,800000.1,0.05394179,0.13796285,0.06215645,0.3716794,0.17025453,0.11701405,0.3409163127742819,201216.64887457498,302567.51404940884,1151356.8386710475,-209777.0,-26.222125000000002
3,1500,5000,1980,,1.5,2026-03-11,800000,1,8728d5426ffffff,7,47.5914448041854,-122.250769964714,533.3333333333334,3,2026,11,13.592367006650065,0.49555099247091033,70,0.9335418911179212,0.35846832151248087,1.0,6.123233995736766e-17,1,6.5,4.0,7,-0.667376707926831,-0.22399318043696137,-0.47205412931655333,-1.2266059192722387,1.2955736817672767,0.7425544399174262,1.4576488146837816,0.203319546889736,1.1134969505302745,-0.6763803487024298,-0.27166083868491925,13.9079485,1.0968451e+06,13.592367,800000.1,0.32109296,0.078314655,0.043137155,0.29659182,0.117934786,0.084999084,0.31675702170425685,347433.3950658333,589544.0564299657,2040677.1693489058,296845.125,37.105640625
3,1500,5000,1980,,1.5,2026-03-11,800000,1,8728d46c9ffffff,49,47.7073508509829,-121.365773900563,533.3333333333334,3,2026,11,13.592367006650065,0.49555099247091033,70,0.9335418911179212,0.35846832151248087,1.0,6.123233995736766e-17,1,6.5,4.0,49,-0.667376707926831,-0.22399318043696137,-0.47205412931655333,-1.2266059192722387,1.2955736817672767,0.7425544399174262,1.4576488146837816,0.203319546889736,1.1134969505302745,-0.6763803487024298,-0.27166083868491925,13.342361,623037.2,13.592367,800000.1,0.13600716,0.12323732,0.06154771,0.33351374,0.15372053,0.11647316,0.3361647770607167,209443.15723647343,322377.496472853,1204101.7523930355,-176962.8125,-22.1203515625
3,1500,5000,1980,,1.5,2026-03-11,800000,1,8728d094bffffff,154,47.7329441272312,-121.921146388536,533.3333333333334,3,2026,11,13.592367006650065,0.49555099247091033,70,0.9335418911179212,0.35846832151248087,1.0,6.123233995736766e-17,1,6.5,4.0,154,-0.667376707926831,-0.22399318043696137,-0.47205412931655333,-1.2266059192722387,1.2955736817672767,0.7425544399174262,1.4576488146837816,0.203319546889736,1.1134969505302745,-0.6763803487024298,-0.27166083868491925,13.258701,573034.56,13.592367,800000.1,0.1487822,0.11941253,0.055805977,0.34173754,0.14768496,0.10533178,0.34294874856603424,196521.48609445995,292588.2990737346,1122288.9595941224,-226965.4375,-28.3706796875
3,1500,5000,1980,,1.5,2026-03-11,800000,1,8728d5571ffffff,9,47.5378025279988,-122.392845044051,533.3333333333334,3,2026,11,13.592367006650065,0.49555099247091033,70,0.9335418911179212,0.35846832151248087,1.0,6.123233995736766e-17,1,6.5,4.0,9,-0.667376707926831,-0.22399318043696137,-0.47205412931655333,-1.2266059192722387,1.2955736817672767,0.7425544399174262,1.4576488146837816,0.203319546889736,1.1134969505302745,-0.6763803487024298,-0.27166083868491925,13.56851,781140.3,13.592367,800000.1,0.31098068,0.11562927,0.03715548,0.2694312,0.11814773,0.06550284,0.32097816524618317,250728.98430608015,416396.35065995954,1465383.0875007706,-18859.6875,-2.3574609375
3,1500,5000,1980,,1.5,2026-03-11,800000,1,8728d54acffffff,7,47.702682835075,-122.160965718136,533.3333333333334,3,2026,11,13.592367006650065,0.49555099247091033,70,0.9335418911179212,0.35846832151248087,1.0,6.123233995736766e-17,1,6.5,4.0,7,-0.667376707926831,-0.22399318043696137,-0.47205412931655333,-1.2266059192722387,1.2955736817672767,0.7425544399174262,1.4576488146837816,0.203319546889736,1.1134969505302745,-0.6763803487024298,-0.27166083868491925,13.9079485,1.0968451e+06,13.592367,800000.1,0.32109296,0.078314655,0.043137155,0.29659182,0.117934786,0.084999084,0.31675702170425685,347433.3950658333,589544.0564299657,2040677.1693489058,296845.125,37.105640625
3,1500,5000,1980,,1.5,2026-03-11,800000,1,8728d425cffffff,104,47.4824550825502,-122.030803761328,533.3333333333334,3,2026,11,13.592367006650065,0.49555099247091033,70,0.9335418911179212,0.35846832151248087,1.0,6.123233995736766e-17,1,6.5,4.0,104,-0.667376707926831,-0.22399318043696137,-0.47205412931655333,-1.2266059192722387,1.2955736817672767,0.7425544399174262,1.4576488146837816,0.203319546889736,1.1134969505302745,-0.6763803487024298,-0.27166083868491925,13.334442,618122.6,13.592367,800000.1,0.069058426,0.1345681,0.06158579,0.36618465,0.16844383,0.116337635,0.33723453257197805,208452.29451403907,319164.6697945253,1197111.1322120568,-181877.375,-22.734671875
3,1500,5000,1980,,1.5,2026-03-11,800000,1,8728d551bffffff,7,47.5769903852433,-122.214975244105,533.3333333333334,3,2026,11,13.592367006650065,0.49555099247091033,70,0.9335418911179212,0.35846832151248087,1.0,6.123233995736766e-17,1,6.5,4.0,7,-0.667376707926831,-0.22399318043696137,-0.47205412931655333,-1.2266059192722387,1.2955736817672767,0.7425544399174262,1.4576488146837816,0.203319546889736,1.1134969505302745,-0.6763803487024298,-0.27166083868491925,13.9079485,1.0968451e+06,13.592367,800000.1,0.32109296,0.078314655,0.043137155,0.29659182,0.117934786,0.084999084,0.31675702170425685,347433.3950658333,589544.0564299657,2040677.1693489058,296845.125,37.105640625
3,1500,5000,1980,,1.5,2026-03-11,800000,1,8728d096affffff,129,47.6886367117646,-121.915076715966,533.3333333333334,3,2026,11,13.592367006650065,0.49555099247091033,70,0.9335418911179212,0.35846832151248087,1.0,6.123233995736766e-17,1,6.5,4.0,129,-0.667376707926831,-0.22399318043696137,-0.47205412931655333,-1.2266059192722387,1.2955736817672767,0.7425544399174262,1.4576488146837816,0.203319546889736,1.1134969505302745,-0.6763803487024298,-0.27166083868491925,13.3305435,615717.5,13.592367,800000.1,0.12089177,0.12451252,0.06310784,0.33703095,0.16812353,0.12119218,0.3380923884523755,208169.40018692552,317388.68477276905,1194459.8101529288,-184282.5,-23.0353125
3,1500,5000,1980,,1.5,2026-03-11,800000,1,8728d5490ffffff,41,47.7456038117575,-121.984686076549,533.3333333333334,3,2026,11,13.592367006650065,0.49555099247091033,70,0.9335418911179212,0.35846832151248087,1.0,6.123233995736766e-17,1,6.5,4.0,41,-0.667376707926831,-0.22399318043696137,-0.47205412931655333,-1.2266059192722387,1.2955736817672767,0.7425544399174262,1.4576488146837816,0.203319546889736,1.1134969505302745,-0.6763803487024298,-0.27166083868491925,13.351611,628826.8,13.592367,800000.1,0.22996262,0.108563885,0.05711808,0.2887228,0.16344582,0.111974515,0.3353526451977834,210878.73494316556,325891.5553810572,1213358.050438437,-171173.1875,-21.396648437499998
3,1500,5000,1980,,1.5,2026-03-11,800000,1,8728d4361ffffff,201,47.2688829356145,-122.10170327342,533.3333333333334,3,2026,11,13.592367006650065,0.49555099247091033,70,0.9335418911179212,0.35846832151248087,1.0,6.123233995736766e-17,1,6.5,4.0,201,-0.667376707926831,-0.22399318043696137,-0.47205412931655333,-1.2266059192722387,1.2955736817672767,0.7425544399174262,1.4576488146837816,0.203319546889736,1.1134969505302745,-0.6763803487024298,-0.27166083868491925,13.27661,583389.5,13.592367,800000.1,0.27941042,0.098323844,0.033384193,0.32180774,0.12130626,0.06245511,0.3408832577180561,198867.7132785079,299083.8324983151,1137952.96277732,-216610.5,-27.0763125
3,1500,5000,1980,,1.5,2026-03-11,800000,1,8728d5cebffffff,178,47.4296125471389,-122.492919778962,533.3333333333334,3,2026,11,13.592367006650065,0.49555099247091033,70,0.9335418911179212,0.35846832151248087,1.0,6.123233995736766e-17,1,6.5,4.0,178,-0.667376707926831,-0.22399318043696137,-0.47205412931655333,-1.2266059192722387,1.2955736817672767,0.7425544399174262,1.4576488146837816,0.203319546889736,1.1134969505302745,-0.6763803487024298,-0.27166083868491925,13.287057,589515.9,13.592367,800000.1,0.07391911,0.14644891,0.0658212,0.3394221,0.16634645,0.12168968,0.3409589177835224,201000.69475620627,302179.7881002964,1150073.4889911995,-210484.125,-26.310515625000004
3,1500,5000,1980,,1.5,2026-03-11,800000,1,8728d4362ffffff,179,47.2754330497882,-122.047931434851,533.3333333333334,3,2026,11,13.592367006650065,0.49555099247091033,70,0.9335418911179212,0.35846832151248087,1.0,6.123233995736766e-17,1,6.5,4.0,179,-0.667376707926831,-0.22399318043696137,-0.47205412931655333,-1.2266059192722387,1.2955736817672767,0.7425544399174262,1.4576488146837816,0.203319546889736,1.1134969505302745,-0.6763803487024298,-0.27166083868491925,13.209979,545784.25,13.592367,800000.1,0.23105499,0.10147863,0.056850553,0.29981434,0.15162045,0.11139765,0.34417184995583733,187843.5749992592,278007.1832585742,1071484.7733749468,-254215.75,-31.77696875
3,1500,5000,1980,,1.5,2026-03-11,800000,1,8728d4aceffffff,28,47.2082706670707,-122.043262000585,533.3333333333334,3,2026,11,13.592367006650065,0.49555099247091033,70,0.9335418911179212,0.35846832151248087,1.0,6.123233995736766e-17,1,6.5,4.0,28,-0.667376707926831,-0.22399318043696137,-0.47205412931655333,-1.2266059192722387,1.2955736817672767,0.7425544399174262,1.4576488146837816,0.203319546889736,1.1134969505302745,-0.6763803487024298,-0.27166083868491925,13.124449,501043.78,13.592367,800000.1,0.100192174,0.13211173,0.0654238,0.3364636,0.17662935,0.12525667,0.35283899502430777,176787.7842394291,250918.72126144078,1000502.7748774268,-298956.21875,-37.36952734375
3,1500,5000,1980,,1.5,2026-03-11,800000,1,8728d42e1ffffff,104,47.5015130864484,-121.905054725597,533.3333333333334,3,2026,11,13.592367006650065,0.49555099247091033,70,0.9335418911179212,0.35846832151248087,1.0,6.123233995736766e-17,1,6.5,4.0,104,-0.667376707926831,-0.22399318043696137,-0.47205412931655333,-1.2266059192722387,1.2955736817672767,0.7425544399174262,1.4576488146837816,0.203319546889736,1.1134969505302745,-0.6763803487024298,-0.27166083868491925,13.334442,618122.6,13.592367,800000.1,0.069058426,0.1345681,0.06158579,0.36618465,0.16844383,0.116337635,0.33723453257197805,208452.29451403907,319164.6697945253,1197111.1322120568,-181877.375,-22.734671875
3,1500,5000,1980,,1.5,2026-03-11,800000,1,8728d5c81ffffff,161,47.3751249285039,-122.274999920821,533.3333333333334,3,2026,11,13.592367006650065,0.49555099247091033,70,0.9335418911179212,0.35846832151248087,1.0,6.123233995736766e-17,1,6.5,4.0,161,-0.667376707926831,-0.22399318043696137,-0.47205412931655333,-1.2266059192722387,1.2955736817672767,0.7425544399174262,1.4576488146837816,0.203319546889736,1.1134969505302745,-0.6763803487024298,-0.27166083868491925,13.224815,553942.06,13.592367,800000.1,0.17484766,0.120328575,0.058374703,0.31379235,0.15762585,0.11132604,0.3463375992331074,191850.96404048594,280967.32886036055,1092126.2729257678,-246057.9375,-30.7572421875
3,1500,5000,1980,,1.5,2026-03-11,800000,1,8728d5c8effffff,177,47.4075849044741,-122.271735176454,533.3333333333334,3,2026,11,13.592367006650065,0.49555099247091033,70,0.9335418911179212,0.35846832151248087,1.0,6.123233995736766e-17,1,6.5,4.0,177,-0.667376707926831,-0.22399318043696137,-0.47205412931655333,-1.2266059192722387,1.2955736817672767,0.7425544399174262,1.4576488146837816,0.203319546889736,1.1134969505302745,-0.6763803487024298,-0.27166083868491925,13.332683,617036.0,13.592367,800000.1,0.13206208,0.12135698,0.055922892,0.35001856,0.15506873,0.106188215,0.33739623867874813,208185.62552938002,318502.62055023987,1195385.4425028511,-182964.0,-22.8705
3,1500,5000,1980,,1.5,2026-03-11,800000,1,8728d4364ffffff,180,47.2446161868809,-122.072918623478,533.3333333333334,3,2026,11,13.592367006650065,0.49555099247091033,70,0.9335418911179212,0.35846832151248087,1.0,6.123233995736766e-17,1,6.5,4.0,180,-0.667376707926831,-0.22399318043696137,-0.47205412931655333,-1.2266059192722387,1.2955736817672767,0.7425544399174262,1.4576488146837816,0.203319546889736,1.1134969505302745,-0.6763803487024298,-0.27166083868491925,13.066209,472696.5,13.592367,800000.1,0.1968241,0.11462477,0.06208745,0.29419416,0.17089412,0.12140955,0.3545109120510758,167576.06733835136,235948.17248982462,946996.074568508,-327303.5,-40.9129375
3,1500,5000,1980,,1.5,2026-03-11,800000,1,8728d5c0bffffff,181,47.3481690490815,-122.473335305364,533.3333333333334,3,2026,11,13.592367006650065,0.49555099247091033,70,0.9335418911179212,0.35846832151248087,1.0,6.123233995736766e-17,1,6.5,4.0,181,-0.667376707926831,-0.22399318043696137,-0.47205412931655333,-1.2266059192722387,1.2955736817672767,0.7425544399174262,1.4576488146837816,0.203319546889736,1.1134969505302745,-0.6763803487024298,-0.27166083868491925,13.278797,584666.7,13.592367,800000.1,0.17783572,0.13444495,0.06068562,0.29044342,0.1512216,0.11191063,0.34216250125588477,200051.01619599274,298987.9788939868,1143307.176047497,-215333.3125,-26.9166640625
3,1500,5000,1980,,1.5,2026-03-11,800000,1,8728d0966ffffff,134,47.6231011801786,-121.88139633849,533.3333333333334,3,2026,11,13.592367006650065,0.49555099247091033,70,0.9335418911179212,0.35846832151248087,1.0,6.123233995736766e-17,1,6.5,4.0,134,-0.667376707926831,-0.22399318043696137,-0.47205412931655333,-1.2266059192722387,1.2955736817672767,0.7425544399174262,1.4576488146837816,0.203319546889736,1.1134969505302745,-0.6763803487024298,-0.27166083868491925,13.46592,704977.0,13.592367,800000.1,0.1060405,0.12341854,0.05920287,0.36034852,0.15430897,0.11209227,0.3229309537866987,227658.8950076855,374360.9728169411,1327575.783332787,-95023.0,-11.877875
3,1500,5000,1980,,1.5,2026-03-11,800000,1,8728d5cf1ffffff,183,47.3960169358283,-122.413826346558,533.3333333333334,3,2026,11,13.592367006650065,0.49555099247091033,70,0.9335418911179212,0.35846832151248087,1.0,6.123233995736766e-17,1,6.5,4.0,183,-0.667376707926831,-0.22399318043696137,-0.47205412931655333,-1.2266059192722387,1.2955736817672767,0.7425544399174262,1.4576488146837816,0.203319546889736,1.1134969505302745,-0.6763803487024298,-0.27166083868491925,13.368749,639696.2,13.592367,800000.1,0.24946186,0.11026424,0.05332893,0.28608257,0.13297017,0.10015165,0.33461212190509804,214050.09867397646,332006.19452153746,1232540.9676139713,-160303.8125,-20.037976562500003
3,1500,5000,1980,,1.5,2026-03-11,800000,1,8728d4244ffffff,94,47.4292419502613,-122.046579097169,533.3333333333334,3,2026,11,13.592367006650065,0.49555099247091033,70,0.9335418911179212,0.35846832151248087,1.0,6.123233995736766e-17,1,6.5,4.0,94,-0.667376707926831,-0.22399318043696137,-0.47205412931655333,-1.2266059192722387,1.2955736817672767,0.7425544399174262,1.4576488146837816,0.203319546889736,1.1134969505302745,-0.6763803487024298,-0.27166083868491925,13.282134,586620.9,13.592367,800000.1,0.08086569,0.13272683,0.06342785,0.35538864,0.17096631,0.12058535,0.34213082885278906,200701.08618609837,300005.96342972125,1147057.4483959896,-213379.125,-26.672390625
3,1500,5000,1980,,1.5,2026-03-11,800000,1,8728d430affffff,207,47.3078649397861,-121.889461180784,533.3333333333334,3,2026,11,13.592367006650065,0.49555099247091033,70,0.9335418911179212,0.35846832151248087,1.0,6.123233995736766e-17,1,6.5,4.0,207,-0.667376707926831,-0.22399318043696137,-0.47205412931655333,-1.2266059192722387,1.2955736817672767,0.7425544399174262,1.4576488146837816,0.203319546889736,1.1134969505302745,-0.6763803487024298,-0.27166083868491925,13.0785885,478584.7,13.592367,800000.1,0.25013945,0.124568194,0.059269056,0.25193614,0.15003987,0.11084771,0.354998892141818,169897.03385853817,238658.91008908526,959709.8846826077,-321415.3125,-40.1769140625
3,1500,5000,1980,,1.5,2026-03-11,800000,1,8728d5cc3ffffff,226,47.4484163504872,-122.442544799262,533.3333333333334,3,2026,11,13.592367006650065,0.49555099247091033,70,0.9335418911179212,0.35846832151248087,1.0,6.123233995736766e-17,1,6.5,4.0,226,-0.667376707926831,-0.22399318043696137,-0.47205412931655333,-1.2266059192722387,1.2955736817672767,0.7425544399174262,1.4576488146837816,0.203319546889736,1.1134969505302745,-0.6763803487024298,-0.27166083868491925,13.3140335,605635.44,13.592367,800000.1,0.22771206,0.110729665,0.0470588,0.3107293,0.15131399,0.09044483,0.3386015263514801,205069.08355004643,311880.230550621,1176074.199131233,-194364.5625,-24.2955703125
3,1500,5000,1980,,1.5,2026-03-11,800000,1,8728d5550ffffff,225,47.5818958656519,-122.373619181098,533.3333333333334,3,2026,11,13.592367006650065,0.49555099247091033,70,0.9335418911179212,0.35846832151248087,1.0,6.123233995736766e-17,1,6.5,4.0,225,-0.667376707926831,-0.22399318043696137,-0.47205412931655333,-1.2266059192722387,1.2955736817672767,0.7425544399174262,1.4576488146837816,0.203319546889736,1.1134969505302745,-0.6763803487024298,-0.27166083868491925,13.378778,646144.5,13.592367,800000.1,0.09620945,0.12787873,0.060250595,0.35891587,0.15931204,0.11386749,0.33360956976690276,215559.9886522505,336012.52024951525,1242521.3431423327,-153855.5,-19.231937499999997
3,1500,5000,1980,,1.5,2026-03-11,800000,1,8728d422bffffff,208,47.4154284478222,-121.940760582975,533.3333333333334,3,2026,11,13.592367006650065,0.49555099247091033,70,0.9335418911179212,0.35846832151248087,1.0,6.123233995736766e-17,1,6.5,4.0,208,-0.667376707926831,-0.22399318043696137,-0.47205412931655333,-1.2266059192722387,1.2955736817672767,0.7425544399174262,1.4576488146837816,0.203319546889736,1.1134969505302745,-0.6763803487024298,-0.27166083868491925,13.357043,632251.94,13.592367,800000.1,0.10736178,0.12700711,0.062705174,0.34544793,0.16516846,0.11953846,0.3352879498931858,211986.45594036963,327708.2089284487,1219812.416703243,-167748.0625,-20.9685078125
3,1500,5000,1980,,1.5,2026-03-11,800000,1,8728d5c32ffffff,60,47.2714475676232,-122.336550842841,533.3333333333334,3,2026,11,13.592367006650065,0.49555099247091033,70,0.9335418911179212,0.35846832151248087,1.0,6.123233995736766e-17,1,6.5,4.0,60,-0.667376707926831,-0.22399318043696137,-0.47205412931655333,-1.2266059192722387,1.2955736817672767,0.7425544399174262,1.4576488146837816,0.203319546889736,1.1134969505302745,-0.6763803487024298,-0.27166083868491925,13.16262,520538.75,13.592367,800000.1,0.18536034,0.12471618,0.055292405,0.31051657,0.13933268,0.10194994,0.3494712057014252,181913.30457681275,262408.0535816928,1032592.4646355881,-279461.25,-34.93265625
3,1500,5000,1980,,1.5,2026-03-11,800000,1,8728d42eeffffff,95,47.5157217623081,-121.923148400149,533.3333333333334,3,2026,11,13.592367006650065,0.49555099247091033,70,0.9335418911179212,0.35846832151248087,1.0,6.123233995736766e-17,1,6.5,4.0,95,-0.667376707926831,-0.22399318043696137,-0.47205412931655333,-1.2266059192722387,1.2955736817672767,0.7425544399174262,1.4576488146837816,0.203319546889736,1.1134969505302745,-0.6763803487024298,-0.27166083868491925,13.292667,592832.6,13.592367,800000.1,0.050358713,0.13796592,0.06467,0.3690733,0.17099187,0.121988215,0.34059746653154344,201917.29015224453,304095.2806627206,1155725.0146509847,-207167.375,-25.895921875
3,1500,5000,1980,,1.5,2026-03-11,800000,1,8728d422cffffff,166,47.3619994727377,-121.925937346963,533.3333333333334,3,2026,11,13.592367006650065,0.49555099247091033,70,0.9335418911179212,0.35846832151248087,1.0,6.123233995736766e-17,1,6.5,4.0,166,-0.667376707926831,-0.22399318043696137,-0.47205412931655333,-1.2266059192722387,1.2955736817672767,0.7425544399174262,1.4576488146837816,0.203319546889736,1.1134969505302745,-0.6763803487024298,-0.27166083868491925,13.282911,587077.0,13.592367,800000.1,0.071762286,0.13037585,0.06308659,0.36760134,0.16252083,0.11934093,0.3407162460818335,200026.67160098455,301072.82510531286,1144770.9633807954,-212923.0,-26.615375000000004
3,1500,5000,1980,,1.5,2026-03-11,800000,1,8728d4360ffffff,169,47.2703030363443,-122.073130043774,533.3333333333334,3,2026,11,13.592367006650065,0.49555099247091033,70,0.9335418911179212,0.35846832151248087,1.0,6.123233995736766e-17,1,6.5,4.0,169,-0.667376707926831,-0.22399318043696137,-0.47205412931655333,-1.2266059192722387,1.2955736817672767,0.7425544399174262,1.4576488146837816,0.203319546889736,1.1134969505302745,-0.6763803487024298,-0.27166083868491925,13.088009,483114.47,13.592367,800000.1,0.16314292,0.1213422,0.061442785,0.31197536,0.1722073,0.11902897,0.3560040166579297,171990.69138056185,240443.64288897623,970703.8959748391,-316885.53125,-39.61069140625
3,1500,5000,1980,,1.5,2026-03-11,800000,1,8728d4328ffffff,167,47.2446390112772,-121.937070064051,533.3333333333334,3,2026,11,13.592367006650065,0.49555099247091033,70,0.9335418911179212,0.35846832151248087,1.0,6.123233995736766e-17,1,6.5,4.0,167,-0.667376707926831,-0.22399318043696137,-0.47205412931655333,-1.2266059192722387,1.2955736817672767,0.7425544399174262,1.4576488146837816,0.203319546889736,1.1134969505302745,-0.6763803487024298,-0.27166083868491925,13.276805,583503.0,13.592367,800000.1,0.35817808,0.08575131,0.05016999,0.24208915,0.13278443,0.098843485,0.34122740972854726,199107.21725883652,298940.3101813428,1138942.3733540277,-216497.0,-27.062124999999998
3,1500,5000,1980,,1.5,2026-03-11,800000,1,8728d430bffffff,168,47.3266469403812,-121.894005409271,533.3333333333334,3,2026,11,13.592367006650065,0.49555099247091033,70,0.9335418911179212,0.35846832151248087,1.0,6.123233995736766e-17,1,6.5,4.0,168,-0.667376707926831,-0.22399318043696137,-0.47205412931655333,-1.2266059192722387,1.2955736817672767,0.7425544399174262,1.4576488146837816,0.203319546889736,1.1134969505302745,-0.6763803487024298,-0.27166083868491925,13.301468,598072.9,13.592367,800000.1,0.064701885,0.13360883,0.06458607,0.36430463,0.16950865,0.1225061,0.3402561441367603,203497.97036028662,306988.58792625635,1165161.1225253276,-201927.125,-25.240890625000002
3,1500,5000,1980,,1.5,2026-03-11,800000,1,8728d4284ffffff,171,47.4687232996469,-121.681714232877,533.3333333333334,3,2026,11,13.592367006650065,0.49555099247091033,70,0.9335418911179212,0.35846832151248087,1.0,6.123233995736766e-17,1,6.5,4.0,171,-0.667376707926831,-0.22399318043696137,-0.47205412931655333,-1.2266059192722387,1.2955736817672767,0.7425544399174262,1.4576488146837816,0.203319546889736,1.1134969505302745,-0.6763803487024298,-0.27166083868491925,13.321699,610295.9,13.592367,800000.1,0.15889761,0.13158958,0.053145193,0.32399777,0.14916395,0.09773368,0.3360662549865183,205099.8491449703,315845.7633288412,1179249.7654272954,-189704.125,-23.713015625
3,1500,5000,1980,,1.5,2026-03-11,800000,1,8728d0864ffffff,199,47.761391329752,-121.907229640063,533.3333333333334,3,2026,11,13.592367006650065,0.49555099247091033,70,0.9335418911179212,0.35846832151248087,1.0,6.123233995736766e-17,1,6.5,4.0,199,-0.667376707926831,-0.22399318043696137,-0.47205412931655333,-1.2266059192722387,1.2955736817672767,0.7425544399174262,1.4576488146837816,0.203319546889736,1.1134969505302745,-0.6763803487024298,-0.27166083868491925,13.361709,635208.56,13.592367,800000.1,0.20082787,0.14135343,0.059936166,0.2686422,0.13903351,0.10727139,0.33255711349712924,211243.1260136608,331007.6277308882,1218974.6146419987,-164791.4375,-20.5989296875
3,1500,5000,1980,,1.5,2026-03-11,800000,1,8728d5cf5ffffff,106,47.3860851190983,-122.388284494216,533.3333333333334,3,2026,11,13.592367006650065,0.49555099247091033,70,0.9335418911179212,0.35846832151248087,1.0,6.123233995736766e-17,1,6.5,4.0,106,-0.667376707926831,-0.22399318043696137,-0.47205412931655333,-1.2266059192722387,1.2955736817672767,0.7425544399174262,1.4576488146837816,0.203319546889736,1.1134969505302745,-0.6763803487024298,-0.27166083868491925,13.08494,481634.1,13.592367,800000.1,0.31456578,0.08276673,0.054061107,0.2690584,0.13972831,0.10810313,0.35103029180183487,169068.1564707748,242055.0805292626,958341.369041048,-318365.90625,-39.795738281249996
3,1500,5000,1980,,1.5,2026-03-11,800000,1,8728d4223ffffff,62,47.3712062016536,-121.879454097019,533.3333333333334,3,2026,11,13.592367006650065,0.49555099247091033,70,0.9335418911179212,0.35846832151248087,1.0,6.123233995736766e-17,1,6.5,4.0,62,-0.667376707926831,-0.22399318043696137,-0.47205412931655333,-1.2266059192722387,1.2955736817672767,0.7425544399174262,1.4576488146837816,0.203319546889736,1.1134969505302745,-0.6763803487024298,-0.27166083868491925,13.21314,547511.94,13.592367,800000.1,0.08377391,0.1348784,0.06568505,0.34434348,0.17847888,0.1254792,0.3464040630475225,189660.3597170212,277669.7037853295,1079589.5683546597,-252488.0625,-31.5610078125
3,1500,5000,1980,,1.5,2026-03-11,800000,1,8728d42c3ffffff,53,47.555992196304,-121.859951491752,533.3333333333334,3,2026,11,13.592367006650065,0.49555099247091033,70,0.9335418911179212,0.35846832151248087,1.0,6.123233995736766e-17,1,6.5,4.0,53,-0.667376707926831,-0.22399318043696137,-0.47205412931655333,-1.2266059192722387,1.2955736817672767,0.7425544399174262,1.4576488146837816,0.203319546889736,1.1134969505302745,-0.6763803487024298,-0.27166083868491925,13.406001,663975.9,13.592367,800000.1,0.2928861,0.123514086,0.047117293,0.25269917,0.11830175,0.083177775,0.3296444421371068,218875.95690687236,347979.1991506957,1266926.184562327,-136024.125,-17.003015625
3,1500,5000,1980,,1.5,2026-03-11,800000,1,8728d54b2ffffff,85,47.7121286449711,-121.974393674209,533.3333333333334,3,2026,11,13.592367006650065,0.49555099247091033,70,0.9335418911179212,0.35846832151248087,1.0,6.123233995736766e-17,1,6.5,4.0,85,-0.667376707926831,-0.22399318043696137,-0.47205412931655333,-1.2266059192722387,1.2955736817672767,0.7425544399174262,1.4576488146837816,0.203319546889736,1.1134969505302745,-0.6763803487024298,-0.27166083868491925,13.554934,770606.8,13.592367,800000.1,0.4196708,0.06764657,0.046279754,0.22687104,0.13244504,0.094910815,0.3210283266155531,247386.61549542026,410740.96027553454,1445764.8799085603,-29393.1875,-3.6741484375
3,1500,5000,1980,,1.5,2026-03-11,800000,1,8728d42c8ffffff,172,47.5719716066834,-121.912038408593,533.3333333333334,3,2026,11,13.592367006650065,0.49555099247091033,70,0.9335418911179212,0.35846832151248087,1.0,6.123233995736766e-17,1,6.5,4.0,172,-0.667376707926831,-0.22399318043696137,-0.47205412931655333,-1.2266059192722387,1.2955736817672767,0.7425544399174262,1.4576488146837816,0.203319546889736,1.1134969505302745,-0.6763803487024298,-0.27166083868491925,13.35741,632484.1,13.592367,800000.1,0.032571338,0.14665884,0.067589104,0.36466563,0.17497572,0.1263728,0.3350937032057732,211941.44766511314,327953.38967690873,1219795.8775062673,-167515.875,-20.939484375
3,1500,5000,1980,,1.5,2026-03-11,800000,1,8728d5d92ffffff,196,47.2581086831554,-122.124405133703,533.3333333333334,3,2026,11,13.592367006650065,0.49555099247091033,70,0.9335418911179212,0.35846832151248087,1.0,6.123233995736766e-17,1,6.5,4.0,196,-0.667376707926831,-0.22399318043696137,-0.47205412931655333,-1.2266059192722387,1.2955736817672767,0.7425544399174262,1.4576488146837816,0.203319546889736,1.1134969505302745,-0.6763803487024298,-0.27166083868491925,13.188624,534252.8,13.592367,800000.1,0.20630834,0.11247475,0.054167222,0.30942732,0.15424329,0.10429609,0.34796970871161903,185903.7955439882,270115.18360223324,1056682.6794179373,-265747.1875,-33.2183984375
3,1500,5000,1980,,1.5,2026-03-11,800000,1,8728d4354ffffff,79,47.3156442250476,-121.947297265468,533.3333333333334,3,2026,11,13.592367006650065,0.49555099247091033,70,0.9335418911179212,0.35846832151248087,1.0,6.123233995736766e-17,1,6.5,4.0,79,-0.667376707926831,-0.22399318043696137,-0.47205412931655333,-1.2266059192722387,1.2955736817672767,0.7425544399174262,1.4576488146837816,0.203319546889736,1.1134969505302745,-0.6763803487024298,-0.27166083868491925,13.604097,809439.56,13.592367,800000.1,0.3973917,0.097172156,0.049283557,0.20546442,0.1076612,0.09118997,0.3223211716016147,260899.50812569846,430347.31458832504,1522473.4845322554,9439.5625,1.1799453125
3,1500,5000,1980,,1.5,2026-03-11,800000,1,8728d4addffffff,13,47.2250531517553,-122.035351425094,533.3333333333334,3,2026,11,13.592367006650065,0.49555099247091033,70,0.9335418911179212,0.35846832151248087,1.0,6.123233995736766e-17,1,6.5,4.0,13,-0.667376707926831,-0.22399318043696137,-0.47205412931655333,-1.2266059192722387,1.2955736817672767,0.7425544399174262,1.4576488146837816,0.203319546889736,1.1134969505302745,-0.6763803487024298,-0.27166083868491925,13.184241,531916.25,13.592367,800000.1,0.19468954,0.102049276,0.057137422,0.32782695,0.14138903,0.11061096,0.3467348708475724,184433.91224547502,269585.52016728104,1049518.076197148,-268083.75,-33.51046875
3,1500,5000,1980,,1.5,2026-03-11,800000,1,8728d5c50ffffff,173,47.3489282639424,-122.52652177759,533.3333333333334,3,2026,11,13.592367006650065,0.49555099247091033,70,0.9335418911179212,0.35846832151248087,1.0,6.123233995736766e-17,1,6.5,4.0,173,-0.667376707926831,-0.22399318043696137,-0.47205412931655333,-1.2266059192722387,1.2955736817672767,0.7425544399174262,1.4576488146837816,0.203319546889736,1.1134969505302745,-0.6763803487024298,-0.27166083868491925,13.202672,541810.75,13.592367,800000.1,0.11404516,0.12630422,0.056486882,0.3551069,0.15994349,0.10693793,0.34675827948661164,187877.36347735068,274587.64453836926,1069089.8451931912,-258189.25,-32.27365625
3,1500,5000,1980,,1.5,2026-03-11,800000,1,8728d5cddffffff,73,47.4629078063607,-122.439390090009,533.3333333333334,3,2026,11,13.592367006650065,0.49555099247091033,70,0.9335418911179212,0.35846832151248087,1.0,6.123233995736766e-17,1,6.5,4.0,73,-0.667376707926831,-0.22399318043696137,-0.47205412931655333,-1.2266059192722387,1.2955736817672767,0.7425544399174262,1.4576488146837816,0.203319546889736,1.1134969505302745,-0.6763803487024298,-0.27166083868491925,13.406181,664095.56,13.592367,800000.1,0.38036865,0.12354932,0.040318564,0.20419532,0.103553995,0.06771666,0.3278986978641379,217756.0702011022,349234.8465515701,1262826.2003372323,-135904.4375,-16.9880546875
3,1500,5000,1980,,1.5,2026-03-11,800000,1,8728d4355ffffff,165,47.3263109594098,-121.980989850173,533.3333333333334,3,2026,11,13.592367006650065,0.49555099247091033,70,0.9335418911179212,0.35846832151248087,1.0,6.123233995736766e-17,1,6.5,4.0,165,-0.667376707926831,-0.22399318043696137,-0.47205412931655333,-1.2266059192722387,1.2955736817672767,0.7425544399174262,1.4576488146837816,0.203319546889736,1.1134969505302745,-0.6763803487024298,-0.27166083868491925,13.122984,500310.38,13.592367,800000.1,0.15843233,0.1338694,0.060022697,0.30528414,0.15957978,0.11193797,0.3532438551536261,176731.56563835635,250352.69343899123,999831.3448558283,-299689.625,-37.461203125
3,1500,5000,1980,,1.5,2026-03-11,800000,1,8728d4203ffffff,186,47.4283477822494,-121.858464831547,533.3333333333334,3,2026,11,13.592367006650065,0.49555099247091033,70,0.9335418911179212,0.35846832151248087,1.0,6.123233995736766e-17,1,6.5,4.0,186,-0.667376707926831,-0.22399318043696137,-0.47205412931655333,-1.2266059192722387,1.2955736817672767,0.7425544399174262,1.4576488146837816,0.203319546889736,1.1134969505302745,-0.6763803487024298,-0.27166083868491925,13.190609,535314.1,13.592367,800000.1,0.25073427,0.12362738,0.04790006,0.2804619,0.12795386,0.086114794,0.34585810798948935,185142.730452549,271774.26336570014,1054408.8856776524,-264685.875,-33.085734375
3,1500,5000,1980,,1.5,2026-03-11,800000,1,8728d42d4ffffff,187,47.5393208625086,-121.791610387149,533.3333333333334,3,2026,11,13.592367006650065,0.49555099247091033,70,0.9335418911179212,0.35846832151248087,1.0,6.123233995736766e-17,1,6.5,4.0,187,-0.667376707926831,-0.22399318043696137,-0.47205412931655333,-1.2266059192722387,1.2955736817672767,0.7425544399174262,1.4576488146837816,0.203319546889736,1.1134969505302745,-0.6763803487024298,-0.27166083868491925,13.273288,581454.4,13.592367,800000.1,0.15025137,0.11512235,0.05971399,0.3363484,0.15589383,0.11489714,0.34199536100076633,198854.69888359995,297442.6955965841,1136653.1632630853,-218545.625,-27.318203125
3,1500,5000,1980,,1.5,2026-03-11,800000,1,8728d0959ffffff,231,47.7383458710404,-121.877982854806,533.3333333333334,3,2026,11,13.592367006650065,0.49555099247091033,70,0.9335418911179212,0.35846832151248087,1.0,6.123233995736766e-17,1,6.5,4.0,231,-0.667376707926831,-0.22399318043696137,-0.47205412931655333,-1.2266059192722387,1.2955736817672767,0.7425544399174262,1.4576488146837816,0.203319546889736,1.1134969505302745,-0.6763803487024298,-0.27166083868491925,13.278436,584455.4,13.592367,800000.1,0.1511539,0.1378358,0.058629762,0.31068447,0.14948654,0.10707978,0.34134599635049356,199501.50230177635,299358.6267602181,1141066.4436139641,-215544.625,-26.943078124999996
3,1500,5000,1980,,1.5,2026-03-11,800000,1,8728d5c56ffffff,202,47.3500288059823,-122.5076412227,533.3333333333334,3,2026,11,13.592367006650065,0.49555099247091033,70,0.9335418911179212,0.35846832151248087,1.0,6.123233995736766e-17,1,6.5,4.0,202,-0.667376707926831,-0.22399318043696137,-0.47205412931655333,-1.2266059192722387,1.2955736817672767,0.7425544399174262,1.4576488146837816,0.203319546889736,1.1134969505302745,-0.6763803487024298,-0.27166083868491925,13.331841,616517.2,13.592367,800000.1,0.2963562,0.13315266,0.055793323,0.21934876,0.12286331,0.09849199,0.3330903674392002,205355.93651695727,320931.9380489362,1184342.8111844752,-183482.8125,-22.9353515625
3,1500,5000,1980,,1.5,2026-03-11,800000,1,8728d420dffffff,203,47.4168085667358,-121.93963178049,533.3333333333334,3,2026,11,13.592367006650065,0.49555099247091033,70,0.9335418911179212,0.35846832151248087,1.0,6.123233995736766e-17,1,6.5,4.0,203,-0.667376707926831,-0.22399318043696137,-0.47205412931655333,-1.2266059192722387,1.2955736817672767,0.7425544399174262,1.4576488146837816,0.203319546889736,1.1134969505302745,-0.6763803487024298,-0.27166083868491925,13.330438,615652.3,13.592367,800000.1,0.08861877,0.13514343,0.064295895,0.34597307,0.16526371,0.12095888,0.33761206118593456,207851.6461970121,317654.00038164965,1193209.5080747367,-184347.6875,-23.043460937499997
3,1500,5000,1980,,1.5,2026-03-11,800000,1,8728d42f2ffffff,232,47.5198683635308,-121.764564921212,533.3333333333334,3,2026,11,13.592367006650065,0.49555099247091033,70,0.9335418911179212,0.35846832151248087,1.0,6.123233995736766e-17,1,6.5,4.0,232,-0.667376707926831,-0.22399318043696137,-0.47205412931655333,-1.2266059192722387,1.2955736817672767,0.7425544399174262,1.4576488146837816,0.203319546889736,1.1134969505302745,-0.6763803487024298,-0.27166083868491925,13.502937,731562.06,13.592367,800000.1,0.3082332,0.093793854,0.042820543,0.28758812,0.117053874,0.0810043,0.32072542911589624,234630.5564202226,390161.2818507186,1371696.9184728123,-68437.9375,-8.5547421875
3,1500,5000,1980,,1.5,2026-03-11,800000,1,8728d5c99ffffff,206,47.4231577286195,-122.231602320975,533.3333333333334,3,2026,11,13.592367006650065,0.49555099247091033,70,0.9335418911179212,0.35846832151248087,1.0,6.123233995736766e-17,1,6.5,4.0,206,-0.667376707926831,-0.22399318043696137,-0.47205412931655333,-1.2266059192722387,1.2955736817672767,0.7425544399174262,1.4576488146837816,0.203319546889736,1.1134969505302745,-0.6763803487024298,-0.27166083868491925,13.275991,583028.56,13.592367,800000.1,0.11549675,0.12876697,0.062823996,0.33531868,0.17282996,0.12037865,0.34286717203136025,199901.35443788418,297738.77367304475,1141679.6314960425,-216971.4375,-27.121429687499997
3,1500,5000,1980,,1.5,2026-03-11,800000,1,8728d545effffff,209,47.7503653194843,-122.380140439129,533.3333333333334,3,2026,11,13.592367006650065,0.49555099247091033,70,0.9335418911179212,0.35846832151248087,1.0,6.123233995736766e-17,1,6.5,4.0,209,-0.667376707926831,-0.22399318043696137,-0.47205412931655333,-1.2266059192722387,1.2955736817672767,0.7425544399174262,1.4576488146837816,0.203319546889736,1.1134969505302745,-0.6763803487024298,-0.27166083868491925,13.491925,723550.25,13.592367,800000.1,0.17004165,0.14090943,0.062401958,0.28616428,0.1439344,0.11290802,0.32210673174755833,233060.40628262877,384845.04253866826,1360352.5251443852,-76449.75,-9.556218750000001
3,1500,5000,1980,,1.5,2026-03-11,800000,1,8728d5ca9ffffff,89,47.3645868669164,-122.326542737748,533.3333333333334,3,2026,11,13.592367006650065,0.49555099247091033,70,0.9335418911179212,0.35846832151248087,1.0,6.123233995736766e-17,1,6.5,4.0,89,-0.667376707926831,-0.22399318043696137,-0.47205412931655333,-1.2266059192722387,1.2955736817672767,0.7425544399174262,1.4576488146837816,0.203319546889736,1.1134969505302745,-0.6763803487024298,-0.27166083868491925,13.476197,712259.25,13.592367,800000.1,0.24359384,0.14559312,0.060608193,0.23204085,0.12910905,0.10617808,0.32057812832545807,228334.73724749452,379976.2809564976,1335118.1853561031,-87740.75,-10.96759375
3,1500,5000,1980,,1.5,2026-03-11,800000,1,8728d4272ffffff,210,47.4253383054219,-121.973195630715,533.3333333333334,3,2026,11,13.592367006650065,0.49555099247091033,70,0.9335418911179212,0.35846832151248087,1.0,6.123233995736766e-17,1,6.5,4.0,210,-0.667376707926831,-0.22399318043696137,-0.47205412931655333,-1.2266059192722387,1.2955736817672767,0.7425544399174262,1.4576488146837816,0.203319546889736,1.1134969505302745,-0.6763803487024298,-0.27166083868491925,13.120324,498981.4,13.592367,800000.1,0.2866961,0.09889772,0.041629642,0.29497656,0.13977459,0.08071195,0.3508515436913686,175068.39665610244,250861.2080475637,992510.7874599976,-301018.59375,-37.627324218750005
3,1500,5000,1980,,1.5,2026-03-11,800000,1,8728d4a89ffffff,213,47.1711571220035,-121.912338245048,533.3333333333334,3,2026,11,13.592367006650065,0.49555099247091033,70,0.9335418911179212,0.35846832151248087,1.0,6.123233995736766e-17,1,6.5,4.0,213,-0.667376707926831,-0.22399318043696137,-0.47205412931655333,-1.2266059192722387,1.2955736817672767,0.7425544399174262,1.4576488146837816,0.203319546889736,1.1134969505302745,-0.6763803487024298,-0.27166083868491925,13.341587,622554.9,13.592367,800000.1,0.0620589,0.14583737,0.06606415,0.34798864,0.16909623,0.122702286,0.3353998161778255,208804.79063560913,322611.2854772473,1201367.0880506358,-177445.125,-22.180640625
3,1500,5000,1980,,1.5,2026-03-11,800000,1,8728d421affffff,214,47.4780156355348,-121.793936187444,533.3333333333334,3,2026,11,13.592367006650065,0.49555099247091033,70,0.9335418911179212,0.35846832151248087,1.0,6.123233995736766e-17,1,6.5,4.0,214,-0.667376707926831,-0.22399318043696137,-0.47205412931655333,-1.2266059192722387,1.2955736817672767,0.7425544399174262,1.4576488146837816,0.203319546889736,1.1134969505302745,-0.6763803487024298,-0.27166083868491925,13.428154,678849.0,13.592367,800000.1,0.32570264,0.091399744,0.040757596,0.28378415,0.10725503,0.07615519,0.32486335623222684,220533.16451489096,359123.5696806833,1283223.9368050739,-121151.0,-15.143875000000001
3,1500,5000,1980,,1.5,2026-03-11,800000,1,8728d5c8affffff,215,47.4128090319522,-122.266972360613,533.3333333333334,3,2026,11,13.592367006650065,0.49555099247091033,70,0.9335418911179212,0.35846832151248087,1.0,6.123233995736766e-17,1,6.5,4.0,215,-0.667376707926831,-0.22399318043696137,-0.47205412931655333,-1.2266059192722387,1.2955736817672767,0.7425544399174262,1.4576488146837816,0.203319546889736,1.1134969505302745,-0.6763803487024298,-0.27166083868491925,13.360496,634438.44,13.592367,800000.1,0.1534837,0.13289128,0.057173762,0.3180986,0.14961156,0.105329394,0.33378703168841084,211767.32284215835,329810.3216168938,1220435.291557136,-165561.5625,-20.6951953125
3,1500,5000,1980,,1.5,2026-03-11,800000,1,8728d0d21ffffff,216,47.7103301703928,-121.161728942418,533.3333333333334,3,2026,11,13.592367006650065,0.49555099247091033,70,0.9335418911179212,0.35846832151248087,1.0,6.123233995736766e-17,1,6.5,4.0,216,-0.667376707926831,-0.22399318043696137,-0.47205412931655333,-1.2266059192722387,1.2955736817672767,0.7425544399174262,1.4576488146837816,0.203319546889736,1.1134969505302745,-0.6763803487024298,-0.27166083868491925,13.344786,624549.4,13.592367,800000.1,0.06418289,0.1360725,0.062378548,0.36615992,0.16922392,0.11767181,0.3359382470304532,209810.02222146516,323303.4795073011,1206488.5267705107,-175450.625,-21.931328125
3,1500,5000,1980,,1.5,2026-03-11,800000,1,8728d4351ffffff,217,47.3523531151696,-121.985016682145,533.3333333333334,3,2026,11,13.592367006650065,0.49555099247091033,70,0.9335418911179212,0.35846832151248087,1.0,6.123233995736766e-17,1,6.5,4.0,217,-0.667376707926831,-0.22399318043696137,-0.47205412931655333,-1.2266059192722387,1.2955736817672767,0.7425544399174262,1.4576488146837816,0.203319546889736,1.1134969505302745,-0.6763803487024298,-0.27166083868491925,13.442585,688716.5,13.592367,800000.1,0.1737776,0.11897157,0.045667335,0.34427696,0.14773709,0.085721254,0.32285050266736315,222352.46822030703,365783.90196743247,1296750.368885829,-111283.5,-13.9104375
3,1500,5000,1980,,1.5,2026-03-11,800000,1,8728d42dcffffff,233,47.576215531544,-121.852918579834,533.3333333333334,3,2026,11,13.592367006650065,0.49555099247091033,70,0.9335418911179212,0.35846832151248087,1.0,6.123233995736766e-17,1,6.5,4.0,233,-0.667376707926831,-0.22399318043696137,-0.47205412931655333,-1.2266059192722387,1.2955736817672767,0.7425544399174262,1.4576488146837816,0.203319546889736,1.1134969505302745,-0.6763803487024298,-0.27166083868491925,13.279919,585322.75,13.592367,800000.1,0.06725809,0.1348387,0.06572488,0.35762882,0.17381726,0.12500894,0.34177674103259575,200049.70194723678,299549.88938169845,1143725.0522324375,-214677.25,-26.83465625
3,1500,5000,1980,,1.5,2026-03-11,800000,1,8728d099cffffff,82,47.7571097456966,-121.469811665096,533.3333333333334,3,2026,11,13.592367006650065,0.49555099247091033,70,0.9335418911179212,0.35846832151248087,1.0,6.123233995736766e-17,1,6.5,4.0,82,-0.667376707926831,-0.22399318043696137,-0.47205412931655333,-1.2266059192722387,1.2955736817672767,0.7425544399174262,1.4576488146837816,0.203319546889736,1.1134969505302745,-0.6763803487024298,-0.27166083868491925,13.209657,545608.4,13.592367,800000.1,0.18863262,0.11351603,0.061306376,0.30437362,0.1657547,0.11948425,0.3463428404531121,188967.55437250674,276737.5181740404,1075707.0052620417,-254391.625,-31.798953125
3,1500,5000,1980,,1.5,2026-03-11,800000,1,8728d432dffffff,27,47.2258898611229,-121.959947257206,533.3333333333334,3,2026,11,13.592367006650065,0.49555099247091033,70,0.9335418911179212,0.35846832151248087,1.0,6.123233995736766e-17,1,6.5,4.0,27,-0.667376707926831,-0.22399318043696137,-0.47205412931655333,-1.2266059192722387,1.2955736817672767,0.7425544399174262,1.4576488146837816,0.203319546889736,1.1134969505302745,-0.6763803487024298,-0.27166083868491925,13.34779,626428.4,13.592367,800000.1,0.10302402,0.13971987,0.06328905,0.33234483,0.1612477,0.117441,0.3357800136338703,210342.12829814322,324376.7531801272,1209743.1122730428,-173571.625,-21.696453125
3,1500,5000,1980,,1.5,2026-03-11,800000,1,8728d42e2ffffff,198,47.5129407824746,-121.859658663232,533.3333333333334,3,2026,11,13.592367006650065,0.49555099247091033,70,0.9335418911179212,0.35846832151248087,1.0,6.123233995736766e-17,1,6.5,4.0,198,-0.667376707926831,-0.22399318043696137,-0.47205412931655333,-1.2266059192722387,1.2955736817672767,0.7425544399174262,1.4576488146837816,0.203319546889736,1.1134969505302745,-0.6763803487024298,-0.27166083868491925,13.031694,456660.0,13.592367,800000.1,0.23607951,0.11113803,0.05963742,0.27409315,0.17153606,0.11734939,0.3594811320422595,164160.65375841822,225733.72901161952,923824.5309622899,-343340.0,-42.9175
3,1500,5000,1980,,1.5,2026-03-11,800000,1,8728d4212ffffff,200,47.4408966734499,-121.746711646405,533.3333333333334,3,2026,11,13.592367006650065,0.49555099247091033,70,0.9335418911179212,0.35846832151248087,1.0,6.123233995736766e-17,1,6.5,4.0,200,-0.667376707926831,-0.22399318043696137,-0.47205412931655333,-1.2266059192722387,1.2955736817672767,0.7425544399174262,1.4576488146837816,0.203319546889736,1.1134969505302745,-0.6763803487024298,-0.27166083868491925,13.353368,629932.44,13.592367,800000.1,0.17271392,0.108307846,0.05277476,0.34552985,0.14024478,0.100763395,0.3355594322275385,211379.77106920938,326332.25169364765,1215984.132688163,-170067.5625,-21.258445312499997
3,1500,5000,1980,,1.5,2026-03-11,800000,1,8728d4308ffffff,227,47.303533336195,-121.887844466857,533.3333333333334,3,2026,11,13.592367006650065,0.49555099247091033,70,0.9335418911179212,0.35846832151248087,1.0,6.123233995736766e-17,1,6.5,4.0,227,-0.667376707926831,-0.22399318043696137,-0.47205412931655333,-1.2266059192722387,1.2955736817672767,0.7425544399174262,1.4576488146837816,0.203319546889736,1.1134969505302745,-0.6763803487024298,-0.27166083868491925,13.367451,638866.44,13.592367,800000.1,0.3843512,0.12013311,0.040585082,0.20567106,0.10016778,0.06849819,0.33023387038192725,210975.33631273863,334433.1634135376,1220424.2474351795,-161133.5625,-20.141695312499998
3,1500,5000,1980,,1.5,2026-03-11,800000,1,8728d0991ffffff,82,47.7364875523553,-121.42516956815,533.3333333333334,3,2026,11,13.592367006650065,0.49555099247091033,70,0.9335418911179212,0.35846832151248087,1.0,6.123233995736766e-17,1,6.5,4.0,82,-0.667376707926831,-0.22399318043696137,-0.47205412931655333,-1.2266059192722387,1.2955736817672767,0.7425544399174262,1.4576488146837816,0.203319546889736,1.1134969505302745,-0.6763803487024298,-0.27166083868491925,13.209657,545608.4,13.592367,800000.1,0.18863262,0.11351603,0.061306376,0.30437362,0.1657547,0.11948425,0.3463428404531121,188967.55437250674,276737.5181740404,1075707.0052620417,-254391.625,-31.798953125
3,1500,5000,1980,,1.5,2026-03-11,800000,1,8728d5cecffffff,188,47.3814571205826,-122.516269933314,533.3333333333334,3,2026,11,13.592367006650065,0.49555099247091033,70,0.9335418911179212,0.35846832151248087,1.0,6.123233995736766e-17,1,6.5,4.0,188,-0.667376707926831,-0.22399318043696137,-0.47205412931655333,-1.2266059192722387,1.2955736817672767,0.7425544399174262,1.4576488146837816,0.203319546889736,1.1134969505302745,-0.6763803487024298,-0.27166083868491925,13.491317,723110.1,13.592367,800000.1,0.35197195,0.084406346,0.05180725,0.24236575,0.14581718,0.104056105,0.32575333468185536,235555.53456096325,381871.8115345135,1369276.8768333069,-76889.875,-9.611234374999999
3,1500,5000,1980,,1.5,2026-03-11,800000,1,8728d42a2ffffff,189,47.4447976041673,-121.674689184727,533.3333333333334,3,2026,11,13.592367006650065,0.49555099247091033,70,0.9335418911179212,0.35846832151248087,1.0,6.123233995736766e-17,1,6.5,4.0,189,-0.667376707926831,-0.22399318043696137,-0.47205412931655333,-1.2266059192722387,1.2955736817672767,0.7425544399174262,1.4576488146837816,0.203319546889736,1.1134969505302745,-0.6763803487024298,-0.27166083868491925,13.410779,667155.9,13.592367,800000.1,0.26239485,0.12483016,0.05309152,0.25743186,0.13858145,0.097268924,0.32897375890485187,219476.7759742055,350105.71540546604,1271321.624798479,-132844.125,-16.605515625
3,1500,5000,1980,,1.5,2026-03-11,800000,1,8728d4ad4ffffff,21,47.1755907109854,-121.957452554369,533.3333333333334,3,2026,11,13.592367006650065,0.49555099247091033,70,0.9335418911179212,0.35846832151248087,1.0,6.123233995736766e-17,1,6.5,4.0,21,-0.667376707926831,-0.22399318043696137,-0.47205412931655333,-1.2266059192722387,1.2955736817672767,0.7425544399174262,1.4576488146837816,0.203319546889736,1.1134969505302745,-0.6763803487024298,-0.27166083868491925,13.338083,620377.4,13.592367,800000.1,0.15456496,0.13879716,0.06037726,0.3029439,0.15149581,0.11050869,0.337197329556362,209189.59416718577,320352.2662325594,1201390.3068365685,-179622.625,-22.452828125
3,1500,5000,1980,,1.5,2026-03-11,800000,1,8728d5565ffffff,84,47.5043774669167,-122.476296314583,533.3333333333334,3,2026,11,13.592367006650065,0.49555099247091033,70,0.9335418911179212,0.35846832151248087,1.0,6.123233995736766e-17,1,6.5,4.0,84,-0.667376707926831,-0.22399318043696137,-0.47205412931655333,-1.2266059192722387,1.2955736817672767,0.7425544399174262,1.4576488146837816,0.203319546889736,1.1134969505302745,-0.6763803487024298,-0.27166083868491925,13.596041,802944.4,13.592367,800000.1,0.09441705,0.12647173,0.059555814,0.36363906,0.15835907,0.11270486,0.3221799158992801,258692.5512093,427012.297065965,1509838.6682591646,2944.375,0.368046875
3,1500,5000,1980,,1.5,2026-03-11,800000,1,8728d4370ffffff,228,47.2854945206104,-121.98837009105,533.3333333333334,3,2026,11,13.592367006650065,0.49555099247091033,70,0.9335418911179212,0.35846832151248087,1.0,6.123233995736766e-17,1,6.5,4.0,228,-0.667376707926831,-0.22399318043696137,-0.47205412931655333,-1.2266059192722387,1.2955736817672767,0.7425544399174262,1.4576488146837816,0.203319546889736,1.1134969505302745,-0.6763803487024298,-0.27166083868491925,13.043909,462272.16,13.592367,800000.1,0.19653107,0.11368218,0.061832607,0.29640722,0.16950077,0.12093425,0.35665990871716524,164873.94505061215,229774.9548639277,930021.0450520406,-337727.84375,-42.21598046875
3,1500,5000,1980,,1.5,2026-03-11,800000,1,8728d5cf0ffffff,229,47.3876858171779,-122.386645306742,533.3333333333334,3,2026,11,13.592367006650065,0.49555099247091033,70,0.9335418911179212,0.35846832151248087,1.0,6.123233995736766e-17,1,6.5,4.0,229,-0.667376707926831,-0.22399318043696137,-0.47205412931655333,-1.2266059192722387,1.2955736817672767,0.7425544399174262,1.4576488146837816,0.203319546889736,1.1134969505302745,-0.6763803487024298,-0.27166083868491925,13.310086,603249.56,13.592367,800000.1,0.080877505,0.13375899,0.06558433,0.34872547,0.17557207,0.12514879,0.3385044833945837,204202.68151207114,310710.6781566214,1171218.28909765,-196750.4375,-24.5938046875
3,1500,5000,1980,,1.5,2026-03-11,800000,1,8728d5cedffffff,101,47.3978469453244,-122.520760764592,533.3333333333334,3,2026,11,13.592367006650065,0.49555099247091033,70,0.9335418911179212,0.35846832151248087,1.0,6.123233995736766e-17,1,6.5,4.0,101,-0.667376707926831,-0.22399318043696137,-0.47205412931655333,-1.2266059192722387,1.2955736817672767,0.7425544399174262,1.4576488146837816,0.203319546889736,1.1134969505302745,-0.6763803487024298,-0.27166083868491925,13.40391,662588.7,13.592367,800000.1,0.2821477,0.11743281,0.04977621,0.26101452,0.12756547,0.090897694,0.33112886496849275,219402.24003283834,346243.3421632025,1267963.0314745707,-137411.3125,-17.1764140625
3,1500,5000,1980,,1.5,2026-03-11,800000,1,8728d0994ffffff,163,47.7174714587692,-121.404758131004,533.3333333333334,3,2026,11,13.592367006650065,0.49555099247091033,70,0.9335418911179212,0.35846832151248087,1.0,6.123233995736766e-17,1,6.5,4.0,163,-0.667376707926831,-0.22399318043696137,-0.47205412931655333,-1.2266059192722387,1.2955736817672767,0.7425544399174262,1.4576488146837816,0.203319546889736,1.1134969505302745,-0.6763803487024298,-0.27166083868491925,13.209217,545368.56,13.592367,800000.1,0.157777,0.11042718,0.05339568,0.35259426,0.14107436,0.10167903,0.3454432798957449,188393.90498202754,277104.02132834063,1073340.0645244229,-254631.4375,-31.8289296875
3,1500,5000,1980,,1.5,2026-03-11,800000,1,8728d4066ffffff,190,47.1552340721632,-121.648243421728,533.3333333333334,3,2026,11,13.592367006650065,0.49555099247091033,70,0.9335418911179212,0.35846832151248087,1.0,6.123233995736766e-17,1,6.5,4.0,190,-0.667376707926831,-0.22399318043696137,-0.47205412931655333,-1.2266059192722387,1.2955736817672767,0.7425544399174262,1.4576488146837816,0.203319546889736,1.1134969505302745,-0.6763803487024298,-0.27166083868491925,13.331621,616381.4,13.592367,800000.1,0.1431546,0.12169474,0.05578292,0.34078434,0.15892735,0.10631515,0.3386399834013304,208731.3785988892,317390.070455939,1197031.7843276027,-183618.625,-22.952328124999998
3,1500,5000,1980,,1.5,2026-03-11,800000,1,8728d5d90ffffff,230,47.2535935260822,-122.134040153732,533.3333333333334,3,2026,11,13.592367006650065,0.49555099247091033,70,0.9335418911179212,0.35846832151248087,1.0,6.123233995736766e-17,1,6.5,4.0,230,-0.667376707926831,-0.22399318043696137,-0.47205412931655333,-1.2266059192722387,1.2955736817672767,0.7425544399174262,1.4576488146837816,0.203319546889736,1.1134969505302745,-0.6763803487024298,-0.27166083868491925,13.335845,618990.4,13.592367,800000.1,0.16228832,0.118901856,0.058706462,0.32395375,0.15927377,0.11254124,0.33675880343106274,208450.4580203448,319910.8809209731,1197674.4166593764,-181009.625,-22.626203125
3,1500,5000,1980,,1.5,2026-03-11,800000,1,8728d4281ffffff,191,47.4964924956708,-121.686716310443,533.3333333333334,3,2026,11,13.592367006650065,0.49555099247091033,70,0.9335418911179212,0.35846832151248087,1.0,6.123233995736766e-17,1,6.5,4.0,191,-0.667376707926831,-0.22399318043696137,-0.47205412931655333,-1.2266059192722387,1.2955736817672767,0.7425544399174262,1.4576488146837816,0.203319546889736,1.1134969505302745,-0.6763803487024298,-0.27166083868491925,13.210997,546339.94,13.592367,800000.1,0.20897473,0.11407086,0.0598389,0.29076606,0.16910452,0.11689289,0.3466002068636485,189361.5353553728,276968.82185513584,1077692.816803667,-253660.0625,-31.7075078125
3,1500,5000,1980,,1.5,2026-03-11,800000,1,8728d5ce2ffffff,195,47.3743814639631,-122.431120970932,533.3333333333334,3,2026,11,13.592367006650065,0.49555099247091033,70,0.9335418911179212,0.35846832151248087,1.0,6.123233995736766e-17,1,6.5,4.0,195,-0.667376707926831,-0.22399318043696137,-0.47205412931655333,-1.2266059192722387,1.2955736817672767,0.7425544399174262,1.4576488146837816,0.203319546889736,1.1134969505302745,-0.6763803487024298,-0.27166083868491925,13.454111,696700.6,13.592367,800000.1,0.43430498,0.058934174,0.040036887,0.24468714,0.108057916,0.08139922,0.3249076654418369,226363.37358061867,368535.4087898251,1317083.1616716953,-103299.375,-12.912421875
3,1500,5000,1980,,1.5,2026-03-11,800000,1,8728d4373ffffff,197,47.2932075093708,-121.991874989277,533.3333333333334,3,2026,11,13.592367006650065,0.49555099247091033,70,0.9335418911179212,0.35846832151248087,1.0,6.123233995736766e-17,1,6.5,4.0,197,-0.667376707926831,-0.22399318043696137,-0.47205412931655333,-1.2266059192722387,1.2955736817672767,0.7425544399174262,1.4576488146837816,0.203319546889736,1.1134969505302745,-0.6763803487024298,-0.27166083868491925,13.185256,532456.25,13.592367,800000.1,0.14000855,0.12704845,0.06387731,0.31652462,0.17513843,0.122996405,0.349000396233275,185827.44222688372,268663.5756464047,1055258.9879254021,-267543.75,-33.44296875
3,1500,5000,1980,,1.5,2026-03-11,800000,1,8728d0960ffffff,92,47.6297338589821,-121.887914663351,533.3333333333334,3,2026,11,13.592367006650065,0.49555099247091033,70,0.9335418911179212,0.35846832151248087,1.0,6.123233995736766e-17,1,6.5,4.0,92,-0.667376707926831,-0.22399318043696137,-0.47205412931655333,-1.2266059192722387,1.2955736817672767,0.7425544399174262,1.4576488146837816,0.203319546889736,1.1134969505302745,-0.6763803487024298,-0.27166083868491925,13.146082,512001.03,13.592367,800000.1,0.24458969,0.10700552,0.05765329,0.2782639,0.1653212,0.113536365,0.35395913698800674,181227.44315821948,255843.70660458648,1024629.6958462711,-287998.96875,-35.99987109375
3,1500,5000,1980,,1.5,2026-03-11,800000,1,8728d095dffffff,48,47.7274169084581,-121.88255992362,533.3333333333334,3,2026,11,13.592367006650065,0.49555099247091033,70,0.9335418911179212,0.35846832151248087,1.0,6.123233995736766e-17,1,6.5,4.0,48,-0.667376707926831,-0.22399318043696137,-0.47205412931655333,-1.2266059192722387,1.2955736817672767,0.7425544399174262,1.4576488146837816,0.203319546889736,1.1134969505302745,-0.6763803487024298,-0.27166083868491925,13.287979,590059.75,13.592367,800000.1,0.16305381,0.11110862,0.05773675,0.3371309,0.14975707,0.11106573,0.341073710148042,201253.86814152612,302390.5443414189,1151393.6058823655,-209940.25,-26.24253125
3,1500,5000,1980,,1.5,2026-03-11,800000,1,8728d436effffff,164,47.2881112200684,-122.092076713393,533.3333333333334,3,2026,11,13.592367006650065,0.49555099247091033,70,0.9335418911179212,0.35846832151248087,1.0,6.123233995736766e-17,1,6.5,4.0,164,-0.667376707926831,-0.22399318043696137,-0.47205412931655333,-1.2266059192722387,1.2955736817672767,0.7425544399174262,1.4576488146837816,0.203319546889736,1.1134969505302745,-0.6763803487024298,-0.27166083868491925,13.110907,494304.3,13.592367,800000.1,0.18692677,0.11923592,0.056925975,0.30703616,0.16749606,0.1100228,0.35242223764712605,174203.83188987424,247745.9277596686,986239.1864181004,-305695.6875,-38.2119609375
3,1500,5000,1980,,1.5,2026-03-11,800000,1,8728d42d5ffffff,77,47.551022608759,-121.801512576381,533.3333333333334,3,2026,11,13.592367006650065,0.49555099247091033,70,0.9335418911179212,0.35846832151248087,1.0,6.123233995736766e-17,1,6.5,4.0,77,-0.667376707926831,-0.22399318043696137,-0.47205412931655333,-1.2266059192722387,1.2955736817672767,0.7425544399174262,1.4576488146837816,0.203319546889736,1.1134969505302745,-0.6763803487024298,-0.27166083868491925,13.211107,546400.4,13.592367,800000.1,0.096769854,0.13896807,0.06363453,0.33664042,0.164224,0.11869042,0.34614052292998676,189131.31153164085,277249.1471450822,1076841.3941704726,-253599.625,-31.699953125
3,1500,5000,1980,,1.5,2026-03-11,800000,1,8728d5495ffffff,139,47.7354587513404,-122.014183356567,533.3333333333334,3,2026,11,13.592367006650065,0.49555099247091033,70,0.9335418911179212,0.35846832151248087,1.0,6.123233995736766e-17,1,6.5,4.0,139,-0.667376707926831,-0.22399318043696137,-0.47205412931655333,-1.2266059192722387,1.2955736817672767,0.7425544399174262,1.4576488146837816,0.203319546889736,1.1134969505302745,-0.6763803487024298,-0.27166083868491925,13.378163,645747.2,13.592367,800000.1,0.09481847,0.13018717,0.059351154,0.3588789,0.15936734,0.11164574,0.33366146749136627,215460.95420967246,335771.7395221075,1241883.59591889,-154252.8125,-19.2816015625
3,1500,5000,1980,,1.5,2026-03-11,800000,1,8728d42c9ffffff,155,47.5908178024988,-121.938682388872,533.3333333333334,3,2026,11,13.592367006650065,0.49555099247091033,70,0.9335418911179212,0.35846832151248087,1.0,6.123233995736766e-17,1,6.5,4.0,155,-0.667376707926831,-0.22399318043696137,-0.47205412931655333,-1.2266059192722387,1.2955736817672767,0.7425544399174262,1.4576488146837816,0.203319546889736,1.1134969505302745,-0.6763803487024298,-0.27166083868491925,13.315673,606629.1,13.592367,800000.1,0.23837303,0.1167475,0.055636987,0.2810517,0.1352154,0.1035701,0.33471598166347294,203048.46308002862,314780.0910610461,1169066.5858647819,-193370.875,-24.171359375
3,1500,5000,1980,,1.5,2026-03-11,800000,1,8728d0865ffffff,136,47.7655627880517,-121.927061824724,533.3333333333334,3,2026,11,13.592367006650065,0.49555099247091033,70,0.9335418911179212,0.35846832151248087,1.0,6.123233995736766e-17,1,6.5,4.0,136,-0.667376707926831,-0.22399318043696137,-0.47205412931655333,-1.2266059192722387,1.2955736817672767,0.7425544399174262,1.4576488146837816,0.203319546889736,1.1134969505302745,-0.6763803487024298,-0.27166083868491925,13.281175,586058.4,13.592367,800000.1,0.24633372,0.1041574,0.053942956,0.29047137,0.15396115,0.10545072,0.3425102545954589,200731.00322905093,299495.46685749345,1146810.029663939,-213941.625,-26.742703125
3,1500,5000,1980,,1.5,2026-03-11,800000,1,8728d094affffff,154,47.7378609464123,-121.910173248848,533.3333333333334,3,2026,11,13.592367006650065,0.49555099247091033,70,0.9335418911179212,0.35846832151248087,1.0,6.123233995736766e-17,1,6.5,4.0,154,-0.667376707926831,-0.22399318043696137,-0.47205412931655333,-1.2266059192722387,1.2955736817672767,0.7425544399174262,1.4576488146837816,0.203319546889736,1.1134969505302745,-0.6763803487024298,-0.27166083868491925,13.258701,573034.56,13.592367,800000.1,0.1487822,0.11941253,0.055805977,0.34173754,0.14768496,0.10533178,0.34294874856603424,196521.48609445995,292588.2990737346,1122288.9595941224,-226965.4375,-28.3706796875
3,1500,5000,1980,,1.5,2026-03-11,800000,1,8728d55a2ffffff,175,47.5673641308973,-122.044149775702,533.3333333333334,3,2026,11,13.592367006650065,0.49555099247091033,70,0.9335418911179212,0.35846832151248087,1.0,6.123233995736766e-17,1,6.5,4.0,175,-0.667376707926831,-0.22399318043696137,-0.47205412931655333,-1.2266059192722387,1.2955736817672767,0.7425544399174262,1.4576488146837816,0.203319546889736,1.1134969505302745,-0.6763803487024298,-0.27166083868491925,13.384149,649623.75,13.592367,800000.1,0.23398477,0.11529496,0.049440995,0.30044886,0.12727489,0.09085511,0.3285622427476748,213441.83624215482,341180.3840656322,1236914.5783620144,-150376.25,-18.79703125
3,1500,5000,1980,,1.5,2026-03-11,800000,1,8728d4accffffff,137,47.193627473018,-122.07804461463,533.3333333333334,3,2026,11,13.592367006650065,0.49555099247091033,70,0.9335418911179212,0.35846832151248087,1.0,6.123233995736766e-17,1,6.5,4.0,137,-0.667376707926831,-0.22399318043696137,-0.47205412931655333,-1.2266059192722387,1.2955736817672767,0.7425544399174262,1.4576488146837816,0.203319546889736,1.1134969505302745,-0.6763803487024298,-0.27166083868491925,13.301194,597909.2,13.592367,800000.1,0.18919703,0.119969316,0.06178937,0.29387793,0.17046961,0.11966142,0.3392113406912881,202817.57710351376,307533.7029229121,1162459.31587438,-202090.8125,-25.2613515625
3,1500,5000,1980,,1.5,2026-03-11,800000,1,8728d42ddffffff,96,47.585300724304,-121.862147615616,533.3333333333334,3,2026,11,13.592367006650065,0.49555099247091033,70,0.9335418911179212,0.35846832151248087,1.0,6.123233995736766e-17,1,6.5,4.0,96,-0.667376707926831,-0.22399318043696137,-0.47205412931655333,-1.2266059192722387,1.2955736817672767,0.7425544399174262,1.4576488146837816,0.203319546889736,1.1134969505302745,-0.6763803487024298,-0.27166083868491925,13.224554,553797.3,13.592367,800000.1,0.27879167,0.10002121,0.03589853,0.31499785,0.1213597,0.066965535,0.34384306790339675,190419.36692665613,282270.652081168,1086515.6416943711,-246202.6875,-30.7753359375
3,1500,5000,1980,,1.5,2026-03-11,800000,1,8728d4ac8ffffff,147,47.2083199481205,-122.087566287273,533.3333333333334,3,2026,11,13.592367006650065,0.49555099247091033,70,0.9335418911179212,0.35846832151248087,1.0,6.123233995736766e-17,1,6.5,4.0,147,-0.667376707926831,-0.22399318043696137,-0.47205412931655333,-1.2266059192722387,1.2955736817672767,0.7425544399174262,1.4576488146837816,0.203319546889736,1.1134969505302745,-0.6763803487024298,-0.27166083868491925,13.304066,599628.56,13.592367,800000.1,0.17039984,0.13051227,0.060035456,0.30321148,0.14669348,0.11092171,0.34011684987258695,203943.7777711276,307871.1648781492,1167873.0309652463,-200371.4375,-25.046429687499998
3,1500,5000,1980,,1.5,2026-03-11,800000,1,8728d54eaffffff,141,47.7763281091633,-122.322225860338,533.3333333333334,3,2026,11,13.592367006650065,0.49555099247091033,70,0.9335418911179212,0.35846832151248087,1.0,6.123233995736766e-17,1,6.5,4.0,141,-0.667376707926831,-0.22399318043696137,-0.47205412931655333,-1.2266059192722387,1.2955736817672767,0.7425544399174262,1.4576488146837816,0.203319546889736,1.1134969505302745,-0.6763803487024298,-0.27166083868491925,13.435679,683976.94,13.592367,800000.1,0.8176672,0.04229572,0.012463348,0.049615044,0.039056327,0.020954948,0.32800667342717904,224348.99997028455,359613.94348454726,1300907.3176580155,-116023.0625,-14.502882812500001
3,1500,5000,1980,,1.5,2026-03-11,800000,1,8728d5c54ffffff,138,47.3344030445155,-122.514752393149,533.3333333333334,3,2026,11,13.592367006650065,0.49555099247091033,70,0.9335418911179212,0.35846832151248087,1.0,6.123233995736766e-17,1,6.5,4.0,138,-0.667376707926831,-0.22399318043696137,-0.47205412931655333,-1.2266059192722387,1.2955736817672767,0.7425544399174262,1.4576488146837816,0.203319546889736,1.1134969505302745,-0.6763803487024298,-0.27166083868491925,13.383864,649439.1,13.592367,800000.1,0.16697042,0.11275728,0.0598924,0.326329,0.1565102,0.115765914,0.33128198576396684,215147.48296281308,339270.0614554204,1243172.4463597552,-150560.875,-18.820109374999998
3,1500,5000,1980,,1.5,2026-03-11,800000,1,8728d0948ffffff,88,47.7146652418631,-121.923414749118,533.3333333333334,3,2026,11,13.592367006650065,0.49555099247091033,70,0.9335418911179212,0.35846832151248087,1.0,6.123233995736766e-17,1,6.5,4.0,88,-0.667376707926831,-0.22399318043696137,-0.47205412931655333,-1.2266059192722387,1.2955736817672767,0.7425544399174262,1.4576488146837816,0.203319546889736,1.1134969505302745,-0.6763803487024298,-0.27166083868491925,13.286414,589137.06,13.592367,800000.1,0.19513655,0.11044105,0.051923152,0.3286547,0.1362584,0.098041944,0.34054183885910116,200625.8186037992,302232.5829775928,1148395.318394021,-210862.9375,-26.357867187500002
3,1500,5000,1980,,1.5,2026-03-11,800000,1,8728d4260ffffff,142,47.4129348019961,-122.071965555099,533.3333333333334,3,2026,11,13.592367006650065,0.49555099247091033,70,0.9335418911179212,0.35846832151248087,1.0,6.123233995736766e-17,1,6.5,4.0,142,-0.667376707926831,-0.22399318043696137,-0.47205412931655333,-1.2266059192722387,1.2955736817672767,0.7425544399174262,1.4576488146837816,0.203319546889736,1.1134969505302745,-0.6763803487024298,-0.27166083868491925,13.218778,550607.56,13.592367,800000.1,0.19602868,0.11480479,0.054701284,0.3131973,0.1537529,0.104804985,0.3459407456300539,190477.5907207965,279493.35455926537,1084708.1450014156,-249392.4375,-31.174054687500004
3,1500,5000,1980,,1.5,2026-03-11,800000,1,8728d5cc9ffffff,184,47.4661869340918,-122.49919434066,533.3333333333334,3,2026,11,13.592367006650065,0.49555099247091033,70,0.9335418911179212,0.35846832151248087,1.0,6.123233995736766e-17,1,6.5,4.0,184,-0.667376707926831,-0.22399318043696137,-0.47205412931655333,-1.2266059192722387,1.2955736817672767,0.7425544399174262,1.4576488146837816,0.203319546889736,1.1134969505302745,-0.6763803487024298,-0.27166083868491925,13.551077,767640.56,13.592367,800000.1,0.25212404,0.09494874,0.039787017,0.3331946,0.12222007,0.075792596,0.32240442018193444,247490.71046094652,408057.8471152966,1444089.464578028,-32359.4375,-4.0449296875
3,1500,5000,1980,,1.5,2026-03-11,800000,1,8728d435affffff,142,47.3888534578734,-121.987435133493,533.3333333333334,3,2026,11,13.592367006650065,0.49555099247091033,70,0.9335418911179212,0.35846832151248087,1.0,6.123233995736766e-17,1,6.5,4.0,142,-0.667376707926831,-0.22399318043696137,-0.47205412931655333,-1.2266059192722387,1.2955736817672767,0.7425544399174262,1.4576488146837816,0.203319546889736,1.1134969505302745,-0.6763803487024298,-0.27166083868491925,13.218778,550607.56,13.592367,800000.1,0.19602868,0.11480479,0.054701284,0.3131973,0.1537529,0.104804985,0.3459407456300539,190477.5907207965,279493.35455926537,1084708.1450014156,-249392.4375,-31.174054687500004
3,1500,5000,1980,,1.5,2026-03-11,800000,1,8728d4755ffffff,135,47.4352067857435,-121.417433160982,533.3333333333334,3,2026,11,13.592367006650065,0.49555099247091033,70,0.9335418911179212,0.35846832151248087,1.0,6.123233995736766e-17,1,6.5,4.0,135,-0.667376707926831,-0.22399318043696137,-0.47205412931655333,-1.2266059192722387,1.2955736817672767,0.7425544399174262,1.4576488146837816,0.203319546889736,1.1134969505302745,-0.6763803487024298,-0.27166083868491925,13.384674,649965.2,13.592367,800000.1,0.15637693,0.12730473,0.05838102,0.32115626,0.14641705,0.108425446,0.33138832143608626,215390.87247751607,339474.109450935,1244438.7490723678,-150034.8125,-18.7543515625
3,1500,5000,1980,,1.5,2026-03-11,800000,1,8728d5ce8ffffff,170,47.4180059283726,-122.502294127961,533.3333333333334,3,2026,11,13.592367006650065,0.49555099247091033,70,0.9335418911179212,0.35846832151248087,1.0,6.123233995736766e-17,1,6.5,4.0,170,-0.667376707926831,-0.22399318043696137,-0.47205412931655333,-1.2266059192722387,1.2955736817672767,0.7425544399174262,1.4576488146837816,0.203319546889736,1.1134969505302745,-0.6763803487024298,-0.27166083868491925,13.27673,583459.06,13.592367,800000.1,0.011121788,0.14543584,0.06793248,0.38059133,0.17951573,0.12798588,0.34187690299771584,199471.17731345072,298537.5065080481,1140307.2637002773,-216540.9375,-27.067617187499998
3,1500,5000,1980,,1.5,2026-03-11,800000,1,8728d4376ffffff,28,47.2693101549146,-121.945801203613,533.3333333333334,3,2026,11,13.592367006650065,0.49555099247091033,70,0.9335418911179212,0.35846832151248087,1.0,6.123233995736766e-17,1,6.5,4.0,28,-0.667376707926831,-0.22399318043696137,-0.47205412931655333,-1.2266059192722387,1.2955736817672767,0.7425544399174262,1.4576488146837816,0.203319546889736,1.1134969505302745,-0.6763803487024298,-0.27166083868491925,13.124449,501043.78,13.592367,800000.1,0.100192174,0.13211173,0.0654238,0.3364636,0.17662935,0.12525667,0.35283899502430777,176787.7842394291,250918.72126144078,1000502.7748774268,-298956.21875,-37.36952734375
3,1500,5000,1980,,1.5,2026-03-11,800000,1,8728d42cdffffff,134,47.5625755100401,-121.936339752923,533.3333333333334,3,2026,11,13.592367006650065,0.49555099247091033,70,0.9335418911179212,0.35846832151248087,1.0,6.123233995736766e-17,1,6.5,4.0,134,-0.667376707926831,-0.22399318043696137,-0.47205412931655333,-1.2266059192722387,1.2955736817672767,0.7425544399174262,1.4576488146837816,0.203319546889736,1.1134969505302745,-0.6763803487024298,-0.27166083868491925,13.46592,704977.0,13.592367,800000.1,0.1060405,0.12341854,0.05920287,0.36034852,0.15430897,0.11209227,0.3229309537866987,227658.8950076855,374360.9728169411,1327575.783332787,-95023.0,-11.877875
3,1500,5000,1980,,1.5,2026-03-11,800000,1,8728d42e0ffffff,55,47.4913927971999,-121.900924612501,533.3333333333334,3,2026,11,13.592367006650065,0.49555099247091033,70,0.9335418911179212,0.35846832151248087,1.0,6.123233995736766e-17,1,6.5,4.0,55,-0.667376707926831,-0.22399318043696137,-0.47205412931655333,-1.2266059192722387,1.2955736817672767,0.7425544399174262,1.4576488146837816,0.203319546889736,1.1134969505302745,-0.6763803487024298,-0.27166083868491925,13.38413,649611.3,13.592367,800000.1,0.2367029,0.12330056,0.050809797,0.28469834,0.13145033,0.09233352,0.3296984942280753,214175.87156477367,340414.90979974146,1239648.6775961155,-150388.6875,-18.7985859375
3,1500,5000,1980,,1.5,2026-03-11,800000,1,8728d5d9affffff,161,47.294553082107,-122.187385506201,533.3333333333334,3,2026,11,13.592367006650065,0.49555099247091033,70,0.9335418911179212,0.35846832151248087,1.0,6.123233995736766e-17,1,6.5,4.0,161,-0.667376707926831,-0.22399318043696137,-0.47205412931655333,-1.2266059192722387,1.2955736817672767,0.7425544399174262,1.4576488146837816,0.203319546889736,1.1134969505302745,-0.6763803487024298,-0.27166083868491925,13.224815,553942.06,13.592367,800000.1,0.17484766,0.120328575,0.058374703,0.31379235,0.15762585,0.11132604,0.3463375992331074,191850.96404048594,280967.32886036055,1092126.2729257678,-246057.9375,-30.7572421875
3,1500,5000,1980,,1.5,2026-03-11,800000,1,8728d4adeffffff,42,47.2164337387253,-121.964367366757,533.3333333333334,3,2026,11,13.592367006650065,0.49555099247091033,70,0.9335418911179212,0.35846832151248087,1.0,6.123233995736766e-17,1,6.5,4.0,42,-0.667376707926831,-0.22399318043696137,-0.47205412931655333,-1.2266059192722387,1.2955736817672767,0.7425544399174262,1.4576488146837816,0.203319546889736,1.1134969505302745,-0.6763803487024298,-0.27166083868491925,13.123869,500753.34,13.592367,800000.1,0.19300383,0.122610845,0.049855653,0.3163302,0.1499399,0.09326327,0.3512221590396748,175875.67053821145,251569.23289575792,996759.079172864,-299246.65625,-37.40583203125
3,1500,5000,1980,,1.5,2026-03-11,800000,1,8728d422dffffff,28,47.3711577333811,-121.964731681129,533.3333333333334,3,2026,11,13.592367006650065,0.49555099247091033,70,0.9335418911179212,0.35846832151248087,1.0,6.123233995736766e-17,1,6.5,4.0,28,-0.667376707926831,-0.22399318043696137,-0.47205412931655333,-1.2266059192722387,1.2955736817672767,0.7425544399174262,1.4576488146837816,0.203319546889736,1.1134969505302745,-0.6763803487024298,-0.27166083868491925,13.124449,501043.78,13.592367,800000.1,0.100192174,0.13211173,0.0654238,0.3364636,0.17662935,0.12525667,0.35283899502430777,176787.7842394291,250918.72126144078,1000502.7748774268,-298956.21875,-37.36952734375
3,1500,5000,1980,,1.5,2026-03-11,800000,1,8728d4285ffffff,61,47.4859173825053,-121.696004269135,533.3333333333334,3,2026,11,13.592367006650065,0.49555099247091033,70,0.9335418911179212,0.35846832151248087,1.0,6.123233995736766e-17,1,6.5,4.0,61,-0.667376707926831,-0.22399318043696137,-0.47205412931655333,-1.2266059192722387,1.2955736817672767,0.7425544399174262,1.4576488146837816,0.203319546889736,1.1134969505302745,-0.6763803487024298,-0.27166083868491925,13.50582,733674.1,13.592367,800000.1,0.40393335,0.06334291,0.034193374,0.27478456,0.10319831,0.068621345,0.32145283328120794,235841.6261863611,390730.257010285,1377619.8581487534,-66325.875,-8.290734375
3,1500,5000,1980,,1.5,2026-03-11,800000,1,8728d4ad3ffffff,185,47.2119818431735,-121.96385844936,533.3333333333334,3,2026,11,13.592367006650065,0.49555099247091033,70,0.9335418911179212,0.35846832151248087,1.0,6.123233995736766e-17,1,6.5,4.0,185,-0.667376707926831,-0.22399318043696137,-0.47205412931655333,-1.2266059192722387,1.2955736817672767,0.7425544399174262,1.4576488146837816,0.203319546889736,1.1134969505302745,-0.6763803487024298,-0.27166083868491925,13.175326,527195.3,13.592367,800000.1,0.23123327,0.10707824,0.060297597,0.28261232,0.16604567,0.11878479,0.34795266670792285,183439.01486029173,266555.8637253917,1042689.0655970544,-272804.6875,-34.1005859375
3,1500,5000,1980,,1.5,2026-03-11,800000,1,8728d0968ffffff,129,47.6606319972415,-121.953549894658,533.3333333333334,3,2026,11,13.592367006650065,0.49555099247091033,70,0.9335418911179212,0.35846832151248087,1.0,6.123233995736766e-17,1,6.5,4.0,129,-0.667376707926831,-0.22399318043696137,-0.47205412931655333,-1.2266059192722387,1.2955736817672767,0.7425544399174262,1.4576488146837816,0.203319546889736,1.1134969505302745,-0.6763803487024298,-0.27166083868491925,13.3305435,615717.5,13.592367,800000.1,0.12089177,0.12451252,0.06310784,0.33703095,0.16812353,0.12119218,0.3380923884523755,208169.40018692552,317388.68477276905,1194459.8101529288,-184282.5,-23.0353125
3,1500,5000,1980,,1.5,2026-03-11,800000,1,8728d5c85ffffff,133,47.3582141401158,-122.267526033544,533.3333333333334,3,2026,11,13.592367006650065,0.49555099247091033,70,0.9335418911179212,0.35846832151248087,1.0,6.123233995736766e-17,1,6.5,4.0,133,-0.667376707926831,-0.22399318043696137,-0.47205412931655333,-1.2266059192722387,1.2955736817672767,0.7425544399174262,1.4576488146837816,0.203319546889736,1.1134969505302745,-0.6763803487024298,-0.27166083868491925,13.223435,553178.2,13.592367,800000.1,0.3529987,0.10541032,0.037088312,0.25003374,0.1227678,0.06801276,0.34650818004368905,191680.76699049157,280486.0777521364,1090984.9115600742,-246821.8125,-30.8527265625
3,1500,5000,1980,,1.5,2026-03-11,800000,1,8728d5ceeffffff,131,47.3936755840998,-122.487947015944,533.3333333333334,3,2026,11,13.592367006650065,0.49555099247091033,70,0.9335418911179212,0.35846832151248087,1.0,6.123233995736766e-17,1,6.5,4.0,131,-0.667376707926831,-0.22399318043696137,-0.47205412931655333,-1.2266059192722387,1.2955736817672767,0.7425544399174262,1.4576488146837816,0.203319546889736,1.1134969505302745,-0.6763803487024298,-0.27166083868491925,13.290754,591699.56,13.592367,800000.1,0.028242141,0.14344206,0.06547031,0.37576357,0.17738613,0.12329981,0.34091255067157916,201717.80708313247,303326.6992316934,1154228.7356609276,-208300.4375,-26.0375546875
3,1500,5000,1980,,1.5,2026-03-11,800000,1,8728d432affffff,71,47.267750273132,-121.906853809177,533.3333333333334,3,2026,11,13.592367006650065,0.49555099247091033,70,0.9335418911179212,0.35846832151248087,1.0,6.123233995736766e-17,1,6.5,4.0,71,-0.667376707926831,-0.22399318043696137,-0.47205412931655333,-1.2266059192722387,1.2955736817672767,0.7425544399174262,1.4576488146837816,0.203319546889736,1.1134969505302745,-0.6763803487024298,-0.27166083868491925,13.323502,611396.9,13.592367,800000.1,0.08439184,0.13256772,0.058451332,0.36460996,0.1637311,0.11001575,0.3384745473465815,206942.28051473948,314925.52904114395,1186966.79547072,-188603.125,-23.575390625
3,1500,5000,1980,,1.5,2026-03-11,800000,1,8728d4254ffffff,161,47.4560671176842,-121.977799971179,533.3333333333334,3,2026,11,13.592367006650065,0.49555099247091033,70,0.9335418911179212,0.35846832151248087,1.0,6.123233995736766e-17,1,6.5,4.0,161,-0.667376707926831,-0.22399318043696137,-0.47205412931655333,-1.2266059192722387,1.2955736817672767,0.7425544399174262,1.4576488146837816,0.203319546889736,1.1134969505302745,-0.6763803487024298,-0.27166083868491925,13.224815,553942.06,13.592367,800000.1,0.17484766,0.120328575,0.058374703,0.31379235,0.15762585,0.11132604,0.3463375992331074,191850.96404048594,280967.32886036055,1092126.2729257678,-246057.9375,-30.7572421875
3,1500,5000,1980,,1.5,2026-03-11,800000,1,8728d5c33ffffff,106,47.2777967990928,-122.352984824984,533.3333333333334,3,2026,11,13.592367006650065,0.49555099247091033,70,0.9335418911179212,0.35846832151248087,1.0,6.123233995736766e-17,1,6.5,4.0,106,-0.667376707926831,-0.22399318043696137,-0.47205412931655333,-1.2266059192722387,1.2955736817672767,0.7425544399174262,1.4576488146837816,0.203319546889736,1.1134969505302745,-0.6763803487024298,-0.27166083868491925,13.08494,481634.1,13.592367,800000.1,0.31456578,0.08276673,0.054061107,0.2690584,0.13972831,0.10810313,0.35103029180183487,169068.1564707748,242055.0805292626,958341.369041048,-318365.90625,-39.795738281249996
3,1500,5000,1980,,1.5,2026-03-11,800000,1,8728d4289ffffff,40,47.5310678006681,-121.764052180384,533.3333333333334,3,2026,11,13.592367006650065,0.49555099247091033,70,0.9335418911179212,0.35846832151248087,1.0,6.123233995736766e-17,1,6.5,4.0,40,-0.667376707926831,-0.22399318043696137,-0.47205412931655333,-1.2266059192722387,1.2955736817672767,0.7425544399174262,1.4576488146837816,0.203319546889736,1.1134969505302745,-0.6763803487024298,-0.27166083868491925,13.335567,618818.6,13.592367,800000.1,0.21783018,0.11311357,0.049127392,0.31416208,0.13565104,0.091891974,0.3358264450552614,207815.6589677349,320407.0962595215,1195156.0333602245,-181181.375,-22.647671875
3,1500,5000,1980,,1.5,2026-03-11,800000,1,8728d4371ffffff,28,47.2846933539715,-122.002944024667,533.3333333333334,3,2026,11,13.592367006650065,0.49555099247091033,70,0.9335418911179212,0.35846832151248087,1.0,6.123233995736766e-17,1,6.5,4.0,28,-0.667376707926831,-0.22399318043696137,-0.47205412931655333,-1.2266059192722387,1.2955736817672767,0.7425544399174262,1.4576488146837816,0.203319546889736,1.1134969505302745,-0.6763803487024298,-0.27166083868491925,13.124449,501043.78,13.592367,800000.1,0.100192174,0.13211173,0.0654238,0.3364636,0.17662935,0.12525667,0.35283899502430777,176787.7842394291,250918.72126144078,1000502.7748774268,-298956.21875,-37.36952734375
3,1500,5000,1980,,1.5,2026-03-11,800000,1,8728d4261ffffff,10,47.4102110741449,-122.089694164253,533.3333333333334,3,2026,11,13.592367006650065,0.49555099247091033,70,0.9335418911179212,0.35846832151248087,1.0,6.123233995736766e-17,1,6.5,4.0,10,-0.667376707926831,-0.22399318043696137,-0.47205412931655333,-1.2266059192722387,1.2955736817672767,0.7425544399174262,1.4576488146837816,0.203319546889736,1.1134969505302745,-0.6763803487024298,-0.27166083868491925,13.209852,545715.06,13.592367,800000.1,0.2408248,0.106966585,0.057427034,0.28335965,0.15681341,0.11199028,0.3450447542470457,188296.1196292237,277496.7499765206,1073183.407832232,-254284.9375,-31.785617187499998
3,1500,5000,1980,,1.5,2026-03-11,800000,1,8728d42eaffffff,144,47.5375043997017,-121.914341921942,533.3333333333334,3,2026,11,13.592367006650065,0.49555099247091033,70,0.9335418911179212,0.35846832151248087,1.0,6.123233995736766e-17,1,6.5,4.0,144,-0.667376707926831,-0.22399318043696137,-0.47205412931655333,-1.2266059192722387,1.2955736817672767,0.7425544399174262,1.4576488146837816,0.203319546889736,1.1134969505302745,-0.6763803487024298,-0.27166083868491925,13.359281,633668.1,13.592367,800000.1,0.19030324,0.120190546,0.052678727,0.31787333,0.13916573,0.097821146,0.3373692930200738,213780.16734060575,327105.08919120114,1227542.0572164843,-166331.875,-20.791484375
3,1500,5000,1980,,1.5,2026-03-11,800000,1,8728d549effffff,143,47.7727949853174,-122.014274527879,533.3333333333334,3,2026,11,13.592367006650065,0.49555099247091033,70,0.9335418911179212,0.35846832151248087,1.0,6.123233995736766e-17,1,6.5,4.0,143,-0.667376707926831,-0.22399318043696137,-0.47205412931655333,-1.2266059192722387,1.2955736817672767,0.7425544399174262,1.4576488146837816,0.203319546889736,1.1134969505302745,-0.6763803487024298,-0.27166083868491925,13.792012,976775.56,13.592367,800000.1,0.39243346,0.062324114,0.031481236,0.2923353,0.09290903,0.062268853,0.3165016167318817,309151.04471544316,525270.7095234735,1816378.757778857,176775.5625,22.0969453125
3,1500,5000,1980,,1.5,2026-03-11,800000,1,8728d5ccaffffff,76,47.4758330814455,-122.44694399125,533.3333333333334,3,2026,11,13.592367006650065,0.49555099247091033,70,0.9335418911179212,0.35846832151248087,1.0,6.123233995736766e-17,1,6.5,4.0,76,-0.667376707926831,-0.22399318043696137,-0.47205412931655333,-1.2266059192722387,1.2955736817672767,0.7425544399174262,1.4576488146837816,0.203319546889736,1.1134969505302745,-0.6763803487024298,-0.27166083868491925,13.385895,650759.06,13.592367,800000.1,0.14284876,0.12774679,0.057421073,0.33187574,0.15024345,0.10703484,0.33326069101199024,216872.41485106494,338643.7067101702,1250539.6420714636,-149240.9375,-18.6551171875
3,1500,5000,1980,,1.5,2026-03-11,800000,1,8728d0945ffffff,204,47.6750214796772,-121.898901223174,533.3333333333334,3,2026,11,13.592367006650065,0.49555099247091033,70,0.9335418911179212,0.35846832151248087,1.0,6.123233995736766e-17,1,6.5,4.0,204,-0.667376707926831,-0.22399318043696137,-0.47205412931655333,-1.2266059192722387,1.2955736817672767,0.7425544399174262,1.4576488146837816,0.203319546889736,1.1134969505302745,-0.6763803487024298,-0.27166083868491925,13.317247,607585.0,13.592367,800000.1,0.25213316,0.096186765,0.0518405,0.30727464,0.12111544,0.09870012,0.3388674137638646,205890.75759171767,312721.1756114626,1180475.0754417519,-192415.0,-24.051875
3,1500,5000,1980,,1.5,2026-03-11,800000,1,8728d5d91ffffff,196,47.2617335238804,-122.167078522941,533.3333333333334,3,2026,11,13.592367006650065,0.49555099247091033,70,0.9335418911179212,0.35846832151248087,1.0,6.123233995736766e-17,1,6.5,4.0,196,-0.667376707926831,-0.22399318043696137,-0.47205412931655333,-1.2266059192722387,1.2955736817672767,0.7425544399174262,1.4576488146837816,0.203319546889736,1.1134969505302745,-0.6763803487024298,-0.27166083868491925,13.188624,534252.8,13.592367,800000.1,0.20630834,0.11247475,0.054167222,0.30942732,0.15424329,0.10429609,0.34796970871161903,185903.7955439882,270115.18360223324,1056682.6794179373,-265747.1875,-33.2183984375
3,1500,5000,1980,,1.5,2026-03-11,800000,1,8728d0962ffffff,24,47.6409091550527,-121.88156947802,533.3333333333334,3,2026,11,13.592367006650065,0.49555099247091033,70,0.9335418911179212,0.35846832151248087,1.0,6.123233995736766e-17,1,6.5,4.0,24,-0.667376707926831,-0.22399318043696137,-0.47205412931655333,-1.2266059192722387,1.2955736817672767,0.7425544399174262,1.4576488146837816,0.203319546889736,1.1134969505302745,-0.6763803487024298,-0.27166083868491925,13.260552,574096.3,13.592367,800000.1,0.20415081,0.10879201,0.04455949,0.33849367,0.13873337,0.08444296,0.339394622617832,194845.20132722644,295179.5062363909,1116563.1023210036,-225903.6875,-28.237960937500002
3,1500,5000,1980,,1.5,2026-03-11,800000,1,8728d0965ffffff,223,47.6161259061665,-121.909456875251,533.3333333333334,3,2026,11,13.592367006650065,0.49555099247091033,70,0.9335418911179212,0.35846832151248087,1.0,6.123233995736766e-17,1,6.5,4.0,223,-0.667376707926831,-0.22399318043696137,-0.47205412931655333,-1.2266059192722387,1.2955736817672767,0.7425544399174262,1.4576488146837816,0.203319546889736,1.1134969505302745,-0.6763803487024298,-0.27166083868491925,13.306947,601358.6,13.592367,800000.1,0.04522953,0.14242697,0.066237874,0.36404133,0.17129773,0.12412675,0.3397275847843868,204298.11326050977,308995.0969499705,1170349.313349903,-198641.375,-24.830171875
3,1500,5000,1980,,1.5,2026-03-11,800000,1,8728d5ce5ffffff,97,47.3533552125532,-122.475835902373,533.3333333333334,3,2026,11,13.592367006650065,0.49555099247091033,70,0.9335418911179212,0.35846832151248087,1.0,6.123233995736766e-17,1,6.5,4.0,97,-0.667376707926831,-0.22399318043696137,-0.47205412931655333,-1.2266059192722387,1.2955736817672767,0.7425544399174262,1.4576488146837816,0.203319546889736,1.1134969505302745,-0.6763803487024298,-0.27166083868491925,13.4423275,688539.2,13.592367,800000.1,0.16180377,0.13833696,0.061664514,0.29555118,0.15117663,0.11302715,0.3225273798463386,222072.74006590186,365921.3998787506,1295595.7214294923,-111460.8125,-13.932601562499999
3,1500,5000,1980,,1.5,2026-03-11,800000,1,8728d0964ffffff,156,47.6118938598999,-121.897554131613,533.3333333333334,3,2026,11,13.592367006650065,0.49555099247091033,70,0.9335418911179212,0.35846832151248087,1.0,6.123233995736766e-17,1,6.5,4.0,156,-0.667376707926831,-0.22399318043696137,-0.47205412931655333,-1.2266059192722387,1.2955736817672767,0.7425544399174262,1.4576488146837816,0.203319546889736,1.1134969505302745,-0.6763803487024298,-0.27166083868491925,13.358197,632981.94,13.592367,800000.1,0.20451541,0.13289197,0.057741042,0.2803765,0.14199716,0.105216384,0.3338345563704164,211311.24429579914,329022.52147411037,1217746.9447134894,-167018.0625,-20.877257812499998
3,1500,5000,1980,,1.5,2026-03-11,800000,1,8728d5552ffffff,160,47.5938129155393,-122.314651467937,533.3333333333334,3,2026,11,13.592367006650065,0.49555099247091033,70,0.9335418911179212,0.35846832151248087,1.0,6.123233995736766e-17,1,6.5,4.0,160,-0.667376707926831,-0.22399318043696137,-0.47205412931655333,-1.2266059192722387,1.2955736817672767,0.7425544399174262,1.4576488146837816,0.203319546889736,1.1134969505302745,-0.6763803487024298,-0.27166083868491925,13.413522,668988.25,13.592367,800000.1,0.14626025,0.12532459,0.05306747,0.34020925,0.15524018,0.09978196,0.3308465143374433,221332.4306452061,349781.02631129994,1279501.2797335174,-131011.75,-16.37646875
3,1500,5000,1980,,1.5,2026-03-11,800000,1,8728d4240ffffff,194,47.4564259674401,-122.036440873213,533.3333333333334,3,2026,11,13.592367006650065,0.49555099247091033,70,0.9335418911179212,0.35846832151248087,1.0,6.123233995736766e-17,1,6.5,4.0,194,-0.667376707926831,-0.22399318043696137,-0.47205412931655333,-1.2266059192722387,1.2955736817672767,0.7425544399174262,1.4576488146837816,0.203319546889736,1.1134969505302745,-0.6763803487024298,-0.27166083868491925,13.327559,613882.9,13.592367,800000.1,0.09605116,0.13409553,0.060688853,0.35017467,0.16005924,0.11348398,0.3373038581568252,207065.06219390404,316932.44064207544,1189061.660100657,-186117.125,-23.264640625
3,1500,5000,1980,,1.5,2026-03-11,800000,1,8728d4353ffffff,100,47.3577333415029,-121.946126509997,533.3333333333334,3,2026,11,13.592367006650065,0.49555099247091033,70,0.9335418911179212,0.35846832151248087,1.0,6.123233995736766e-17,1,6.5,4.0,100,-0.667376707926831,-0.22399318043696137,-0.47205412931655333,-1.2266059192722387,1.2955736817672767,0.7425544399174262,1.4576488146837816,0.203319546889736,1.1134969505302745,-0.6763803487024298,-0.27166083868491925,13.292675,592837.1,13.592367,800000.1,0.2761516,0.103993565,0.039241735,0.30248553,0.13421524,0.07430248,0.34001237917445687,201571.96133419487,304446.5311444381,1154409.2295234054,-207162.875,-25.895359374999998
3,1500,5000,1980,,1.5,2026-03-11,800000,1,8728d5ceaffffff,81,47.4155314839238,-122.468706470034,533.3333333333334,3,2026,11,13.592367006650065,0.49555099247091033,70,0.9335418911179212,0.35846832151248087,1.0,6.123233995736766e-17,1,6.5,4.0,81,-0.667376707926831,-0.22399318043696137,-0.47205412931655333,-1.2266059192722387,1.2955736817672767,0.7425544399174262,1.4576488146837816,0.203319546889736,1.1134969505302745,-0.6763803487024298,-0.27166083868491925,13.392509,655077.94,13.592367,800000.1,0.41162232,0.06447808,0.04871706,0.23290484,0.12760024,0.099691756,0.3258327890047484,213445.87139110325,345890.3837935925,1240644.7062946658,-144922.0625,-18.115257812499998
3,1500,5000,1980,,1.5,2026-03-11,800000,1,8728d4374ffffff,158,47.2529900503062,-121.979644114955,533.3333333333334,3,2026,11,13.592367006650065,0.49555099247091033,70,0.9335418911179212,0.35846832151248087,1.0,6.123233995736766e-17,1,6.5,4.0,158,-0.667376707926831,-0.22399318043696137,-0.47205412931655333,-1.2266059192722387,1.2955736817672767,0.7425544399174262,1.4576488146837816,0.203319546889736,1.1134969505302745,-0.6763803487024298,-0.27166083868491925,13.1907215,535374.4,13.592367,800000.1,0.12592734,0.124161355,0.059423506,0.3421628,0.1636104,0.11351976,0.3474718892753466,186027.5455508579,270946.48522332864,1057868.3119746915,-264625.625,-33.078203125
3,1500,5000,1980,,1.5,2026-03-11,800000,1,8728d0861ffffff,224,47.7763908885296,-121.929457903167,533.3333333333334,3,2026,11,13.592367006650065,0.49555099247091033,70,0.9335418911179212,0.35846832151248087,1.0,6.123233995736766e-17,1,6.5,4.0,224,-0.667376707926831,-0.22399318043696137,-0.47205412931655333,-1.2266059192722387,1.2955736817672767,0.7425544399174262,1.4576488146837816,0.203319546889736,1.1134969505302745,-0.6763803487024298,-0.27166083868491925,13.399785,659861.4,13.592367,800000.1,0.082567126,0.14338261,0.06431106,0.34038115,0.16398644,0.11907736,0.3303834863124902,218007.30155545348,345322.28129061114,1260900.4606323822,-140138.625,-17.517328125000002
3,1500,5000,1980,,1.5,2026-03-11,800000,1,8728d4ac0ffffff,161,47.1773655170273,-122.020096515339,533.3333333333334,3,2026,11,13.592367006650065,0.49555099247091033,70,0.9335418911179212,0.35846832151248087,1.0,6.123233995736766e-17,1,6.5,4.0,161,-0.667376707926831,-0.22399318043696137,-0.47205412931655333,-1.2266059192722387,1.2955736817672767,0.7425544399174262,1.4576488146837816,0.203319546889736,1.1134969505302745,-0.6763803487024298,-0.27166083868491925,13.224815,553942.06,13.592367,800000.1,0.17484766,0.120328575,0.058374703,0.31379235,0.15762585,0.11132604,0.3463375992331074,191850.96404048594,280967.32886036055,1092126.2729257678,-246057.9375,-30.7572421875
3,1500,5000,1980,,1.5,2026-03-11,800000,1,8728d0998ffffff,163,47.7602450159925,-121.472047502437,533.3333333333334,3,2026,11,13.592367006650065,0.49555099247091033,70,0.9335418911179212,0.35846832151248087,1.0,6.123233995736766e-17,1,6.5,4.0,163,-0.667376707926831,-0.22399318043696137,-0.47205412931655333,-1.2266059192722387,1.2955736817672767,0.7425544399174262,1.4576488146837816,0.203319546889736,1.1134969505302745,-0.6763803487024298,-0.27166083868491925,13.209217,545368.56,13.592367,800000.1,0.157777,0.11042718,0.05339568,0.35259426,0.14107436,0.10167903,0.3454432798957449,188393.90498202754,277104.02132834063,1073340.0645244229,-254631.4375,-31.8289296875
3,1500,5000,1980,,1.5,2026-03-11,800000,1,8728d46caffffff,82,47.712957043833,-121.313774025115,533.3333333333334,3,2026,11,13.592367006650065,0.49555099247091033,70,0.9335418911179212,0.35846832151248087,1.0,6.123233995736766e-17,1,6.5,4.0,82,-0.667376707926831,-0.22399318043696137,-0.47205412931655333,-1.2266059192722387,1.2955736817672767,0.7425544399174262,1.4576488146837816,0.203319546889736,1.1134969505302745,-0.6763803487024298,-0.27166083868491925,13.209657,545608.4,13.592367,800000.1,0.18863262,0.11351603,0.061306376,0.30437362,0.1657547,0.11948425,0.3463428404531121,188967.55437250674,276737.5181740404,1075707.0052620417,-254391.625,-31.798953125
3,1500,5000,1980,,1.5,2026-03-11,800000,1,8728d432cffffff,162,47.2312612118958,-121.934196403649,533.3333333333334,3,2026,11,13.592367006650065,0.49555099247091033,70,0.9335418911179212,0.35846832151248087,1.0,6.123233995736766e-17,1,6.5,4.0,162,-0.667376707926831,-0.22399318043696137,-0.47205412931655333,-1.2266059192722387,1.2955736817672767,0.7425544399174262,1.4576488146837816,0.203319546889736,1.1134969505302745,-0.6763803487024298,-0.27166083868491925,13.239149,561939.3,13.592367,800000.1,0.66917264,0.03468623,0.017016014,0.15464583,0.06908226,0.035960846,0.3399738578151587,191044.67592862304,288600.98325850174,1094160.3844771767,-238060.6875,-29.757585937499996
3,1500,5000,1980,,1.5,2026-03-11,800000,1,8728d42ebffffff,153,47.5481232913798,-121.93361906657,533.3333333333334,3,2026,11,13.592367006650065,0.49555099247091033,70,0.9335418911179212,0.35846832151248087,1.0,6.123233995736766e-17,1,6.5,4.0,153,-0.667376707926831,-0.22399318043696137,-0.47205412931655333,-1.2266059192722387,1.2955736817672767,0.7425544399174262,1.4576488146837816,0.203319546889736,1.1134969505302745,-0.6763803487024298,-0.27166083868491925,13.360277,634299.94,13.592367,800000.1,0.08744588,0.1339788,0.057563186,0.36211377,0.1649425,0.10814454,0.33561792167041277,212882.42673942272,328557.1418029092,1224555.2837530747,-165700.0625,-20.7125078125
3,1500,5000,1980,,1.5,2026-03-11,800000,1,8728d46cbffffff,68,47.7115221143215,-121.355179884529,533.3333333333334,3,2026,11,13.592367006650065,0.49555099247091033,70,0.9335418911179212,0.35846832151248087,1.0,6.123233995736766e-17,1,6.5,4.0,68,-0.667376707926831,-0.22399318043696137,-0.47205412931655333,-1.2266059192722387,1.2955736817672767,0.7425544399174262,1.4576488146837816,0.203319546889736,1.1134969505302745,-0.6763803487024298,-0.27166083868491925,13.0373,459227.1,13.592367,800000.1,0.16366602,0.12266475,0.064034745,0.30337793,0.17824933,0.12456171,0.3579411780026031,164376.28690758685,227688.87688221963,926217.9181788089,-340772.90625,-42.59661328125
3,1500,5000,1980,,1.5,2026-03-11,800000,1,8728d54b6ffffff,157,47.7025745419724,-121.97609315613,533.3333333333334,3,2026,11,13.592367006650065,0.49555099247091033,70,0.9335418911179212,0.35846832151248087,1.0,6.123233995736766e-17,1,6.5,4.0,157,-0.667376707926831,-0.22399318043696137,-0.47205412931655333,-1.2266059192722387,1.2955736817672767,0.7425544399174262,1.4576488146837816,0.203319546889736,1.1134969505302745,-0.6763803487024298,-0.27166083868491925,13.171201,525024.8,13.592367,800000.1,0.08661991,0.13607281,0.06486674,0.34409136,0.17027931,0.12253891,0.34927094608063297,183375.91297768193,264773.4140629719,1041082.7200837665,-274975.1875,-34.3718984375
3,1500,5000,1980,,1.5,2026-03-11,800000,1,8728d4329ffffff,152,47.2604152484412,-121.945601803752,533.3333333333334,3,2026,11,13.592367006650065,0.49555099247091033,70,0.9335418911179212,0.35846832151248087,1.0,6.123233995736766e-17,1,6.5,4.0,152,-0.667376707926831,-0.22399318043696137,-0.47205412931655333,-1.2266059192722387,1.2955736817672767,0.7425544399174262,1.4576488146837816,0.203319546889736,1.1134969505302745,-0.6763803487024298,-0.27166083868491925,13.321806,610361.06,13.592367,800000.1,0.22499505,0.14071822,0.058543045,0.2553696,0.1334897,0.10388131,0.33855097912542276,206638.33532940835,314344.88905081945,1185133.3680135454,-189638.9375,-23.7048671875
3,1500,5000,1980,,1.5,2026-03-11,800000,1,8728d42c2ffffff,25,47.5590957568587,-121.825297878756,533.3333333333334,3,2026,11,13.592367006650065,0.49555099247091033,70,0.9335418911179212,0.35846832151248087,1.0,6.123233995736766e-17,1,6.5,4.0,25,-0.667376707926831,-0.22399318043696137,-0.47205412931655333,-1.2266059192722387,1.2955736817672767,0.7425544399174262,1.4576488146837816,0.203319546889736,1.1134969505302745,-0.6763803487024298,-0.27166083868491925,13.356421,631858.94,13.592367,800000.1,0.20135638,0.10003798,0.055463128,0.3313316,0.12915495,0.10614988,0.3346408360735899,211445.80312557018,327920.1563390565,1217508.9795916777,-168141.0625,-21.0176328125
3,1500,5000,1980,,1.5,2026-03-11,800000,1,8728d5404ffffff,44,47.6321013055817,-122.240612763747,533.3333333333334,3,2026,11,13.592367006650065,0.49555099247091033,70,0.9335418911179212,0.35846832151248087,1.0,6.123233995736766e-17,1,6.5,4.0,44,-0.667376707926831,-0.22399318043696137,-0.47205412931655333,-1.2266059192722387,1.2955736817672767,0.7425544399174262,1.4576488146837816,0.203319546889736,1.1134969505302745,-0.6763803487024298,-0.27166083868491925,15.494584,5.360587e+06,13.592367,800000.1,0.67153215,0.0147917485,0.011257784,0.19086048,0.06312802,0.028280197,0.29778496285738826,1596302.2006887984,2990423.4468410956,9609306.469511412,4560587.0,570.073375
3,1500,5000,1980,,1.5,2026-03-11,800000,1,8728d5cc8ffffff,192,47.4571836022828,-122.5008509552,533.3333333333334,3,2026,11,13.592367006650065,0.49555099247091033,70,0.9335418911179212,0.35846832151248087,1.0,6.123233995736766e-17,1,6.5,4.0,192,-0.667376707926831,-0.22399318043696137,-0.47205412931655333,-1.2266059192722387,1.2955736817672767,0.7425544399174262,1.4576488146837816,0.203319546889736,1.1134969505302745,-0.6763803487024298,-0.27166083868491925,13.495333,726019.94,13.592367,800000.1,0.4806603,0.09656093,0.04446638,0.1576207,0.08935809,0.07924456,0.3240426390579975,235261.41655622242,384696.17479359393,1370184.9524068064,-73980.0625,-9.2475078125
3,1500,5000,1980,,1.5,2026-03-11,800000,1,8728d4ad8ffffff,148,47.2332596655064,-122.00958051134,533.3333333333334,3,2026,11,13.592367006650065,0.49555099247091033,70,0.9335418911179212,0.35846832151248087,1.0,6.123233995736766e-17,1,6.5,4.0,148,-0.667376707926831,-0.22399318043696137,-0.47205412931655333,-1.2266059192722387,1.2955736817672767,0.7425544399174262,1.4576488146837816,0.203319546889736,1.1134969505302745,-0.6763803487024298,-0.27166083868491925,13.207615,544495.44,13.592367,800000.1,0.3900733,0.07488296,0.03728297,0.26776105,0.08678922,0.069999166,0.34543167204039715,188085.96939399256,276666.7027378577,1071597.3844721625,-255504.5625,-31.9380703125
3,1500,5000,1980,,1.5,2026-03-11,800000,1,8728d096bffffff,145,47.6913412222424,-121.943677880942,533.3333333333334,3,2026,11,13.592367006650065,0.49555099247091033,70,0.9335418911179212,0.35846832151248087,1.0,6.123233995736766e-17,1,6.5,4.0,145,-0.667376707926831,-0.22399318043696137,-0.47205412931655333,-1.2266059192722387,1.2955736817672767,0.7425544399174262,1.4576488146837816,0.203319546889736,1.1134969505302745,-0.6763803487024298,-0.27166083868491925,13.27049,579829.7,13.592367,800000.1,0.31060687,0.11362393,0.053397804,0.24043196,0.11173546,0.09650473,0.3442167057957547,199587.0649538319,295322.9993309865,1138422.8937842082,-220170.3125,-27.5212890625
3,1500,5000,1980,,1.5,2026-03-11,800000,1,8728d5cccffffff,101,47.4404642178076,-122.491203229605,533.3333333333334,3,2026,11,13.592367006650065,0.49555099247091033,70,0.9335418911179212,0.35846832151248087,1.0,6.123233995736766e-17,1,6.5,4.0,101,-0.667376707926831,-0.22399318043696137,-0.47205412931655333,-1.2266059192722387,1.2955736817672767,0.7425544399174262,1.4576488146837816,0.203319546889736,1.1134969505302745,-0.6763803487024298,-0.27166083868491925,13.40391,662588.7,13.592367,800000.1,0.2821477,0.11743281,0.04977621,0.26101452,0.12756547,0.090897694,0.33112886496849275,219402.24003283834,346243.3421632025,1267963.0314745707,-137411.3125,-17.1764140625
3,1500,5000,1980,,1.5,2026-03-11,800000,1,8728d42cbffffff,146,47.5945015344157,-121.927803873117,533.3333333333334,3,2026,11,13.592367006650065,0.49555099247091033,70,0.9335418911179212,0.35846832151248087,1.0,6.123233995736766e-17,1,6.5,4.0,146,-0.667376707926831,-0.22399318043696137,-0.47205412931655333,-1.2266059192722387,1.2955736817672767,0.7425544399174262,1.4576488146837816,0.203319546889736,1.1134969505302745,-0.6763803487024298,-0.27166083868491925,13.24573,565649.75,13.592367,800000.1,0.16832724,0.11773287,0.059649672,0.31773254,0.1652857,0.11539238,0.3442768029748267,194740.08753351,288066.8546137877,1110713.2493537534,-234350.25,-29.293781250000002
3,1500,5000,1980,,1.5,2026-03-11,800000,1,8728d4345ffffff,161,47.3131189788498,-122.073208542894,533.3333333333334,3,2026,11,13.592367006650065,0.49555099247091033,70,0.9335418911179212,0.35846832151248087,1.0,6.123233995736766e-17,1,6.5,4.0,161,-0.667376707926831,-0.22399318043696137,-0.47205412931655333,-1.2266059192722387,1.2955736817672767,0.7425544399174262,1.4576488146837816,0.203319546889736,1.1134969505302745,-0.6763803487024298,-0.27166083868491925,13.224815,553942.06,13.592367,800000.1,0.17484766,0.120328575,0.058374703,0.31379235,0.15762585,0.11132604,0.3463375992331074,191850.96404048594,280967.32886036055,1092126.2729257678,-246057.9375,-30.7572421875
3,1500,5000,1980,,1.5,2026-03-11,800000,1,8728d5c52ffffff,93,47.3722712016825,-122.515116693091,533.3333333333334,3,2026,11,13.592367006650065,0.49555099247091033,70,0.9335418911179212,0.35846832151248087,1.0,6.123233995736766e-17,1,6.5,4.0,93,-0.667376707926831,-0.22399318043696137,-0.47205412931655333,-1.2266059192722387,1.2955736817672767,0.7425544399174262,1.4576488146837816,0.203319546889736,1.1134969505302745,-0.6763803487024298,-0.27166083868491925,13.309083,602644.6,13.592367,800000.1,0.085538894,0.13402383,0.063358866,0.34986535,0.17356615,0.12050172,0.3394750094277197,204582.7897534396,309809.2196244238,1172271.6474968423,-197355.375,-24.669421875
3,1500,5000,1980,,1.5,2026-03-11,800000,1,8728d436dffffff,150,47.2781305597553,-122.148875142037,533.3333333333334,3,2026,11,13.592367006650065,0.49555099247091033,70,0.9335418911179212,0.35846832151248087,1.0,6.123233995736766e-17,1,6.5,4.0,150,-0.667376707926831,-0.22399318043696137,-0.47205412931655333,-1.2266059192722387,1.2955736817672767,0.7425544399174262,1.4576488146837816,0.203319546889736,1.1134969505302745,-0.6763803487024298,-0.27166083868491925,13.233056,558525.8,13.592367,800000.1,0.34157923,0.08775806,0.053542167,0.2416266,0.14946145,0.10721969,0.34321659741658,191695.32893558074,285030.5189303685,1094447.9067740112,-241474.1875,-30.184273437499996
3,1500,5000,1980,,1.5,2026-03-11,800000,1,8728d5d96ffffff,149,47.2375403616784,-122.101038067941,533.3333333333334,3,2026,11,13.592367006650065,0.49555099247091033,70,0.9335418911179212,0.35846832151248087,1.0,6.123233995736766e-17,1,6.5,4.0,149,-0.667376707926831,-0.22399318043696137,-0.47205412931655333,-1.2266059192722387,1.2955736817672767,0.7425544399174262,1.4576488146837816,0.203319546889736,1.1134969505302745,-0.6763803487024298,-0.27166083868491925,13.302838,598893.06,13.592367,800000.1,0.037734278,0.147212,0.067267194,0.3609196,0.17424643,0.12551454,0.33953494583317195,203345.12353579997,307844.4283742799,1165110.8833961198,-201106.9375,-25.1383671875
3,1500,5000,1980,,1.5,2026-03-11,800000,1,8728d0969ffffff,212,47.6689823212545,-121.992660454185,533.3333333333334,3,2026,11,13.592367006650065,0.49555099247091033,70,0.9335418911179212,0.35846832151248087,1.0,6.123233995736766e-17,1,6.5,4.0,212,-0.667376707926831,-0.22399318043696137,-0.47205412931655333,-1.2266059192722387,1.2955736817672767,0.7425544399174262,1.4576488146837816,0.203319546889736,1.1134969505302745,-0.6763803487024298,-0.27166083868491925,13.748114,934824.06,13.592367,800000.1,0.1977719,0.10902543,0.05037915,0.32965946,0.1456424,0.09659554,0.3195785665765906,298749.73389505513,499688.22939518583,1748882.591282425,134824.0625,16.8530078125
3,1500,5000,1980,,1.5,2026-03-11,800000,1,8728d42e8ffffff,56,47.5286998927348,-121.951897719262,533.3333333333334,3,2026,11,13.592367006650065,0.49555099247091033,70,0.9335418911179212,0.35846832151248087,1.0,6.123233995736766e-17,1,6.5,4.0,56,-0.667376707926831,-0.22399318043696137,-0.47205412931655333,-1.2266059192722387,1.2955736817672767,0.7425544399174262,1.4576488146837816,0.203319546889736,1.1134969505302745,-0.6763803487024298,-0.27166083868491925,13.363083,636082.06,13.592367,800000.1,0.2698614,0.09182579,0.042995587,0.3174798,0.1214194,0.08249369,0.3302399797794787,210059.72745808912,332971.6150949714,1215119.8187017594,-163917.9375,-20.489742187500003
3,1500,5000,1980,,1.5,2026-03-11,800000,1,8728d5ce4ffffff,83,47.3593856498008,-122.449751982149,533.3333333333334,3,2026,11,13.592367006650065,0.49555099247091033,70,0.9335418911179212,0.35846832151248087,1.0,6.123233995736766e-17,1,6.5,4.0,83,-0.667376707926831,-0.22399318043696137,-0.47205412931655333,-1.2266059192722387,1.2955736817672767,0.7425544399174262,1.4576488146837816,0.203319546889736,1.1134969505302745,-0.6763803487024298,-0.27166083868491925,13.346194,625429.75,13.592367,800000.1,0.4910152,0.08696535,0.03477155,0.18481085,0.0744651,0.060522705,0.3332247741853324,208408.6872125389,325485.66830279387,1201780.5716109555,-174570.25,-21.82128125
3,1500,5000,1980,,1.5,2026-03-11,800000,1,8728d4acbffffff,151,47.2328697612824,-122.103152465546,533.3333333333334,3,2026,11,13.592367006650065,0.49555099247091033,70,0.9335418911179212,0.35846832151248087,1.0,6.123233995736766e-17,1,6.5,4.0,151,-0.667376707926831,-0.22399318043696137,-0.47205412931655333,-1.2266059192722387,1.2955736817672767,0.7425544399174262,1.4576488146837816,0.203319546889736,1.1134969505302745,-0.6763803487024298,-0.27166083868491925,13.180936,530160.94,13.592367,800000.1,0.08731058,0.13469797,0.065430984,0.34240627,0.17866291,0.12503707,0.34968532400824204,185389.49920620085,267146.5396920699,1052121.4314320998,-269839.0625,-33.7298828125
3,1500,5000,1980,,1.5,2026-03-11,800000,1,8728d4ad0ffffff,205,47.1870843406076,-121.954195894266,533.3333333333334,3,2026,11,13.592367006650065,0.49555099247091033,70,0.9335418911179212,0.35846832151248087,1.0,6.123233995736766e-17,1,6.5,4.0,205,-0.667376707926831,-0.22399318043696137,-0.47205412931655333,-1.2266059192722387,1.2955736817672767,0.7425544399174262,1.4576488146837816,0.203319546889736,1.1134969505302745,-0.6763803487024298,-0.27166083868491925,13.423326,675579.1,13.592367,800000.1,0.26989517,0.105686486,0.05898898,0.2578255,0.1675008,0.116594665,0.3236728275777902,218666.60564127937,358228.6671673724,1274066.4606740738,-124420.875,-15.552609375000001
3,1500,5000,1980,,1.5,2026-03-11,800000,1,8728d421cffffff,234,47.4302357762901,-121.839221313163,533.3333333333334,3,2026,11,13.592367006650065,0.49555099247091033,70,0.9335418911179212,0.35846832151248087,1.0,6.123233995736766e-17,1,6.5,4.0,234,-0.667376707926831,-0.22399318043696137,-0.47205412931655333,-1.2266059192722387,1.2955736817672767,0.7425544399174262,1.4576488146837816,0.203319546889736,1.1134969505302745,-0.6763803487024298,-0.27166083868491925,13.250767,568505.75,13.592367,800000.1,0.23525985,0.115792334,0.05848069,0.27561587,0.15040839,0.11130858,0.34264106001250816,194793.41280320595,290451.0320012376,1112748.0470106346,-231494.25,-28.93678125
3,1500,5000,1980,,1.5,2026-03-11,800000,1,8728d55a3ffffff,7,47.5629795418759,-122.090153331976,533.3333333333334,3,2026,11,13.592367006650065,0.49555099247091033,70,0.9335418911179212,0.35846832151248087,1.0,6.123233995736766e-17,1,6.5,4.0,7,-0.667376707926831,-0.22399318043696137,-0.47205412931655333,-1.2266059192722387,1.2955736817672767,0.7425544399174262,1.4576488146837816,0.203319546889736,1.1134969505302745,-0.6763803487024298,-0.27166083868491925,13.9079485,1.0968451e+06,13.592367,800000.1,0.32109296,0.078314655,0.043137155,0.29659182,0.117934786,0.084999084,0.31675702170425685,347433.3950658333,589544.0564299657,2040677.1693489058,296845.125,37.105640625
3,1500,5000,1980,,1.5,2026-03-11,800000,1,8728d5cd6ffffff,38,47.4361569903859,-122.330179213075,533.3333333333334,3,2026,11,13.592367006650065,0.49555099247091033,70,0.9335418911179212,0.35846832151248087,1.0,6.123233995736766e-17,1,6.5,4.0,38,-0.667376707926831,-0.22399318043696137,-0.47205412931655333,-1.2266059192722387,1.2955736817672767,0.7425544399174262,1.4576488146837816,0.203319546889736,1.1134969505302745,-0.6763803487024298,-0.27166083868491925,13.256285,571651.44,13.592367,800000.1,0.20632248,0.112969816,0.058425363,0.29971492,0.15613493,0.11267966,0.33994585105059383,194330.53442523285,293605.07050505426,1113009.9631159573,-228348.5625,-28.543570312499998
3,1500,5000,1980,,1.5,2026-03-11,800000,1,8728d5ca6ffffff,106,47.302620215136,-122.219609559716,533.3333333333334,3,2026,11,13.592367006650065,0.49555099247091033,70,0.9335418911179212,0.35846832151248087,1.0,6.123233995736766e-17,1,6.5,4.0,106,-0.667376707926831,-0.22399318043696137,-0.47205412931655333,-1.2266059192722387,1.2955736817672767,0.7425544399174262,1.4576488146837816,0.203319546889736,1.1134969505302745,-0.6763803487024298,-0.27166083868491925,13.08494,481634.1,13.592367,800000.1,0.31456578,0.08276673,0.054061107,0.2690584,0.13972831,0.10810313,0.35103029180183487,169068.1564707748,242055.0805292626,958341.369041048,-318365.90625,-39.795738281249996
3,1500,5000,1980,,1.5,2026-03-11,800000,1,8728d5c83ffffff,10,47.3864998335823,-122.224853883243,533.3333333333334,3,2026,11,13.592367006650065,0.49555099247091033,70,0.9335418911179212,0.35846832151248087,1.0,6.123233995736766e-17,1,6.5,4.0,10,-0.667376707926831,-0.22399318043696137,-0.47205412931655333,-1.2266059192722387,1.2955736817672767,0.7425544399174262,1.4576488146837816,0.203319546889736,1.1134969505302745,-0.6763803487024298,-0.27166083868491925,13.209852,545715.06,13.592367,800000.1,0.2408248,0.106966585,0.057427034,0.28335965,0.15681341,0.11199028,0.3450447542470457,188296.1196292237,277496.7499765206,1073183.407832232,-254284.9375,-31.785617187499998
3,1500,5000,1980,,1.5,2026-03-11,800000,1,8728d5c8dffffff,106,47.3901889472297,-122.318299496379,533.3333333333334,3,2026,11,13.592367006650065,0.49555099247091033,70,0.9335418911179212,0.35846832151248087,1.0,6.123233995736766e-17,1,6.5,4.0,106,-0.667376707926831,-0.22399318043696137,-0.47205412931655333,-1.2266059192722387,1.2955736817672767,0.7425544399174262,1.4576488146837816,0.203319546889736,1.1134969505302745,-0.6763803487024298,-0.27166083868491925,13.08494,481634.1,13.592367,800000.1,0.31456578,0.08276673,0.054061107,0.2690584,0.13972831,0.10810313,0.35103029180183487,169068.1564707748,242055.0805292626,958341.369041048,-318365.90625,-39.795738281249996
3,1500,5000,1980,,1.5,2026-03-11,800000,1,8728d4368ffffff,161,47.3067960352758,-122.114130873058,533.3333333333334,3,2026,11,13.592367006650065,0.49555099247091033,70,0.9335418911179212,0.35846832151248087,1.0,6.123233995736766e-17,1,6.5,4.0,161,-0.667376707926831,-0.22399318043696137,-0.47205412931655333,-1.2266059192722387,1.2955736817672767,0.7425544399174262,1.4576488146837816,0.203319546889736,1.1134969505302745,-0.6763803487024298,-0.27166083868491925,13.224815,553942.06,13.592367,800000.1,0.17484766,0.120328575,0.058374703,0.31379235,0.15762585,0.11132604,0.3463375992331074,191850.96404048594,280967.32886036055,1092126.2729257678,-246057.9375,-30.7572421875
3,1500,5000,1980,,1.5,2026-03-11,800000,1,8728d5583ffffff,7,47.6210931238816,-122.056606757618,533.3333333333334,3,2026,11,13.592367006650065,0.49555099247091033,70,0.9335418911179212,0.35846832151248087,1.0,6.123233995736766e-17,1,6.5,4.0,7,-0.667376707926831,-0.22399318043696137,-0.47205412931655333,-1.2266059192722387,1.2955736817672767,0.7425544399174262,1.4576488146837816,0.203319546889736,1.1134969505302745,-0.6763803487024298,-0.27166083868491925,13.9079485,1.0968451e+06,13.592367,800000.1,0.32109296,0.078314655,0.043137155,0.29659182,0.117934786,0.084999084,0.31675702170425685,347433.3950658333,589544.0564299657,2040677.1693489058,296845.125,37.105640625
3,1500,5000,1980,,1.5,2026-03-11,800000,1,8728d54e4ffffff,9,47.7233926519329,-122.295057080531,533.3333333333334,3,2026,11,13.592367006650065,0.49555099247091033,70,0.9335418911179212,0.35846832151248087,1.0,6.123233995736766e-17,1,6.5,4.0,9,-0.667376707926831,-0.22399318043696137,-0.47205412931655333,-1.2266059192722387,1.2955736817672767,0.7425544399174262,1.4576488146837816,0.203319546889736,1.1134969505302745,-0.6763803487024298,-0.27166083868491925,13.56851,781140.3,13.592367,800000.1,0.31098068,0.11562927,0.03715548,0.2694312,0.11814773,0.06550284,0.32097816524618317,250728.98430608015,416396.35065995954,1465383.0875007706,-18859.6875,-2.3574609375
3,1500,5000,1980,,1.5,2026-03-11,800000,1,8728d5cdeffffff,30,47.4692117767872,-122.362750221842,533.3333333333334,3,2026,11,13.592367006650065,0.49555099247091033,70,0.9335418911179212,0.35846832151248087,1.0,6.123233995736766e-17,1,6.5,4.0,30,-0.667376707926831,-0.22399318043696137,-0.47205412931655333,-1.2266059192722387,1.2955736817672767,0.7425544399174262,1.4576488146837816,0.203319546889736,1.1134969505302745,-0.6763803487024298,-0.27166083868491925,13.330981,615987.06,13.592367,800000.1,0.17745435,0.13888164,0.059867367,0.28856128,0.14287439,0.10826897,0.337100029361674,207649.2568551613,318145.84765031893,1192660.7722170346,-184012.9375,-23.001617187500003
3,1500,5000,1980,,1.5,2026-03-11,800000,1,8728d4269ffffff,161,47.4483940148078,-122.145609215721,533.3333333333334,3,2026,11,13.592367006650065,0.49555099247091033,70,0.9335418911179212,0.35846832151248087,1.0,6.123233995736766e-17,1,6.5,4.0,161,-0.667376707926831,-0.22399318043696137,-0.47205412931655333,-1.2266059192722387,1.2955736817672767,0.7425544399174262,1.4576488146837816,0.203319546889736,1.1134969505302745,-0.6763803487024298,-0.27166083868491925,13.224815,553942.06,13.592367,800000.1,0.17484766,0.120328575,0.058374703,0.31379235,0.15762585,0.11132604,0.3463375992331074,191850.96404048594,280967.32886036055,1092126.2729257678,-246057.9375,-30.7572421875
3,1500,5000,1980,,1.5,2026-03-11,800000,1,8728d552dffffff,38,47.4799979982414,-122.354123686265,533.3333333333334,3,2026,11,13.592367006650065,0.49555099247091033,70,0.9335418911179212,0.35846832151248087,1.0,6.123233995736766e-17,1,6.5,4.0,38,-0.667376707926831,-0.22399318043696137,-0.47205412931655333,-1.2266059192722387,1.2955736817672767,0.7425544399174262,1.4576488146837816,0.203319546889736,1.1134969505302745,-0.6763803487024298,-0.27166083868491925,13.256285,571651.44,13.592367,800000.1,0.20632248,0.112969816,0.058425363,0.29971492,0.15613493,0.11267966,0.33994585105059383,194330.53442523285,293605.07050505426,1113009.9631159573,-228348.5625,-28.543570312499998
3,1500,5000,1980,,1.5,2026-03-11,800000,1,8728d434affffff,10,47.3608802238755,-122.08288610688,533.3333333333334,3,2026,11,13.592367006650065,0.49555099247091033,70,0.9335418911179212,0.35846832151248087,1.0,6.123233995736766e-17,1,6.5,4.0,10,-0.667376707926831,-0.22399318043696137,-0.47205412931655333,-1.2266059192722387,1.2955736817672767,0.7425544399174262,1.4576488146837816,0.203319546889736,1.1134969505302745,-0.6763803487024298,-0.27166083868491925,13.209852,545715.06,13.592367,800000.1,0.2408248,0.106966585,0.057427034,0.28335965,0.15681341,0.11199028,0.3450447542470457,188296.1196292237,277496.7499765206,1073183.407832232,-254284.9375,-31.785617187499998
3,1500,5000,1980,,1.5,2026-03-11,800000,1,8728d540affffff,59,47.6906690197651,-122.279640982034,533.3333333333334,3,2026,11,13.592367006650065,0.49555099247091033,70,0.9335418911179212,0.35846832151248087,1.0,6.123233995736766e-17,1,6.5,4.0,59,-0.667376707926831,-0.22399318043696137,-0.47205412931655333,-1.2266059192722387,1.2955736817672767,0.7425544399174262,1.4576488146837816,0.203319546889736,1.1134969505302745,-0.6763803487024298,-0.27166083868491925,13.57471,785998.3,13.592367,800000.1,0.32559952,0.10470799,0.04193206,0.26081112,0.12616262,0.0780919,0.32477232620871,255270.50034674557,415881.7037856525,1485502.4923104434,-14001.6875,-1.7502109375000001
3,1500,5000,1980,,1.5,2026-03-11,800000,1,8728d5528ffffff,38,47.4935199366202,-122.321338836269,533.3333333333334,3,2026,11,13.592367006650065,0.49555099247091033,70,0.9335418911179212,0.35846832151248087,1.0,6.123233995736766e-17,1,6.5,4.0,38,-0.667376707926831,-0.22399318043696137,-0.47205412931655333,-1.2266059192722387,1.2955736817672767,0.7425544399174262,1.4576488146837816,0.203319546889736,1.1134969505302745,-0.6763803487024298,-0.27166083868491925,13.256285,571651.44,13.592367,800000.1,0.20632248,0.112969816,0.058425363,0.29971492,0.15613493,0.11267966,0.33994585105059383,194330.53442523285,293605.07050505426,1113009.9631159573,-228348.5625,-28.543570312499998
3,1500,5000,1980,,1.5,2026-03-11,800000,1,8728d5c90ffffff,161,47.3956968940109,-122.140301475991,533.3333333333334,3,2026,11,13.592367006650065,0.49555099247091033,70,0.9335418911179212,0.35846832151248087,1.0,6.123233995736766e-17,1,6.5,4.0,161,-0.667376707926831,-0.22399318043696137,-0.47205412931655333,-1.2266059192722387,1.2955736817672767,0.7425544399174262,1.4576488146837816,0.203319546889736,1.1134969505302745,-0.6763803487024298,-0.27166083868491925,13.224815,553942.06,13.592367,800000.1,0.17484766,0.120328575,0.058374703,0.31379235,0.15762585,0.11132604,0.3463375992331074,191850.96404048594,280967.32886036055,1092126.2729257678,-246057.9375,-30.7572421875
3,1500,5000,1980,,1.5,2026-03-11,800000,1,8728d55b4ffffff,219,47.5466364699355,-121.997932197643,533.3333333333334,3,2026,11,13.592367006650065,0.49555099247091033,70,0.9335418911179212,0.35846832151248087,1.0,6.123233995736766e-17,1,6.5,4.0,219,-0.667376707926831,-0.22399318043696137,-0.47205412931655333,-1.2266059192722387,1.2955736817672767,0.7425544399174262,1.4576488146837816,0.203319546889736,1.1134969505302745,-0.6763803487024298,-0.27166083868491925,13.549161,766171.25,13.592367,800000.1,0.31380495,0.099910565,0.036641866,0.28725356,0.122285366,0.06841466,0.3211485531284211,246054.7883860938,408280.5310449505,1437781.8779913066,-33828.75,-4.22859375
3,1500,5000,1980,,1.5,2026-03-11,800000,1,8728d558dffffff,7,47.6136035367043,-122.144029609187,533.3333333333334,3,2026,11,13.592367006650065,0.49555099247091033,70,0.9335418911179212,0.35846832151248087,1.0,6.123233995736766e-17,1,6.5,4.0,7,-0.667376707926831,-0.22399318043696137,-0.47205412931655333,-1.2266059192722387,1.2955736817672767,0.7425544399174262,1.4576488146837816,0.203319546889736,1.1134969505302745,-0.6763803487024298,-0.27166083868491925,13.9079485,1.0968451e+06,13.592367,800000.1,0.32109296,0.078314655,0.043137155,0.29659182,0.117934786,0.084999084,0.31675702170425685,347433.3950658333,589544.0564299657,2040677.1693489058,296845.125,37.105640625
3,1500,5000,1980,,1.5,2026-03-11,800000,1,8728d4264ffffff,161,47.3812197252813,-122.064813671204,533.3333333333334,3,2026,11,13.592367006650065,0.49555099247091033,70,0.9335418911179212,0.35846832151248087,1.0,6.123233995736766e-17,1,6.5,4.0,161,-0.667376707926831,-0.22399318043696137,-0.47205412931655333,-1.2266059192722387,1.2955736817672767,0.7425544399174262,1.4576488146837816,0.203319546889736,1.1134969505302745,-0.6763803487024298,-0.27166083868491925,13.224815,553942.06,13.592367,800000.1,0.17484766,0.120328575,0.058374703,0.31379235,0.15762585,0.11132604,0.3463375992331074,191850.96404048594,280967.32886036055,1092126.2729257678,-246057.9375,-30.7572421875
3,1500,5000,1980,,1.5,2026-03-11,800000,1,8728d42e9ffffff,74,47.5403370826968,-121.969952306217,533.3333333333334,3,2026,11,13.592367006650065,0.49555099247091033,70,0.9335418911179212,0.35846832151248087,1.0,6.123233995736766e-17,1,6.5,4.0,74,-0.667376707926831,-0.22399318043696137,-0.47205412931655333,-1.2266059192722387,1.2955736817672767,0.7425544399174262,1.4576488146837816,0.203319546889736,1.1134969505302745,-0.6763803487024298,-0.27166083868491925,13.294792,594093.6,13.592367,800000.1,0.04988312,0.14316012,0.06511004,0.3619759,0.17113528,0.121748105,0.3402818357612004,202159.2693290262,304930.6879683594,1157467.0214918791,-205906.375,-25.738296875
3,1500,5000,1980,,1.5,2026-03-11,800000,1,8728d5cd4ffffff,30,47.4325446332759,-122.336846103273,533.3333333333334,3,2026,11,13.592367006650065,0.49555099247091033,70,0.9335418911179212,0.35846832151248087,1.0,6.123233995736766e-17,1,6.5,4.0,30,-0.667376707926831,-0.22399318043696137,-0.47205412931655333,-1.2266059192722387,1.2955736817672767,0.7425544399174262,1.4576488146837816,0.203319546889736,1.1134969505302745,-0.6763803487024298,-0.27166083868491925,13.330981,615987.06,13.592367,800000.1,0.17745435,0.13888164,0.059867367,0.28856128,0.14287439,0.10826897,0.337100029361674,207649.2568551613,318145.84765031893,1192660.7722170346,-184012.9375,-23.001617187500003
3,1500,5000,1980,,1.5,2026-03-11,800000,1,8728d5476ffffff,9,47.6520477841677,-122.369248867089,533.3333333333334,3,2026,11,13.592367006650065,0.49555099247091033,70,0.9335418911179212,0.35846832151248087,1.0,6.123233995736766e-17,1,6.5,4.0,9,-0.667376707926831,-0.22399318043696137,-0.47205412931655333,-1.2266059192722387,1.2955736817672767,0.7425544399174262,1.4576488146837816,0.203319546889736,1.1134969505302745,-0.6763803487024298,-0.27166083868491925,13.56851,781140.3,13.592367,800000.1,0.31098068,0.11562927,0.03715548,0.2694312,0.11814773,0.06550284,0.32097816524618317,250728.98430608015,416396.35065995954,1465383.0875007706,-18859.6875,-2.3574609375
3,1500,5000,1980,,1.5,2026-03-11,800000,1,8728d550bffffff,38,47.5656155023278,-122.298040766304,533.3333333333334,3,2026,11,13.592367006650065,0.49555099247091033,70,0.9335418911179212,0.35846832151248087,1.0,6.123233995736766e-17,1,6.5,4.0,38,-0.667376707926831,-0.22399318043696137,-0.47205412931655333,-1.2266059192722387,1.2955736817672767,0.7425544399174262,1.4576488146837816,0.203319546889736,1.1134969505302745,-0.6763803487024298,-0.27166083868491925,13.256285,571651.44,13.592367,800000.1,0.20632248,0.112969816,0.058425363,0.29971492,0.15613493,0.11267966,0.33994585105059383,194330.53442523285,293605.07050505426,1113009.9631159573,-228348.5625,-28.543570312499998
3,1500,5000,1980,,1.5,2026-03-11,800000,1,8728d5572ffffff,38,47.5320708443407,-122.360112138433,533.3333333333334,3,2026,11,13.592367006650065,0.49555099247091033,70,0.9335418911179212,0.35846832151248087,1.0,6.123233995736766e-17,1,6.5,4.0,38,-0.667376707926831,-0.22399318043696137,-0.47205412931655333,-1.2266059192722387,1.2955736817672767,0.7425544399174262,1.4576488146837816,0.203319546889736,1.1134969505302745,-0.6763803487024298,-0.27166083868491925,13.256285,571651.44,13.592367,800000.1,0.20632248,0.112969816,0.058425363,0.29971492,0.15613493,0.11267966,0.33994585105059383,194330.53442523285,293605.07050505426,1113009.9631159573,-228348.5625,-28.543570312499998
3,1500,5000,1980,,1.5,2026-03-11,800000,1,8728d5c9cffffff,10,47.400419036487,-122.20346817342,533.3333333333334,3,2026,11,13.592367006650065,0.49555099247091033,70,0.9335418911179212,0.35846832151248087,1.0,6.123233995736766e-17,1,6.5,4.0,10,-0.667376707926831,-0.22399318043696137,-0.47205412931655333,-1.2266059192722387,1.2955736817672767,0.7425544399174262,1.4576488146837816,0.203319546889736,1.1134969505302745,-0.6763803487024298,-0.27166083868491925,13.209852,545715.06,13.592367,800000.1,0.2408248,0.106966585,0.057427034,0.28335965,0.15681341,0.11199028,0.3450447542470457,188296.1196292237,277496.7499765206,1073183.407832232,-254284.9375,-31.785617187499998
3,1500,5000,1980,,1.5,2026-03-11,800000,1,8728d424dffffff,161,47.4822669456549,-122.135093087727,533.3333333333334,3,2026,11,13.592367006650065,0.49555099247091033,70,0.9335418911179212,0.35846832151248087,1.0,6.123233995736766e-17,1,6.5,4.0,161,-0.667376707926831,-0.22399318043696137,-0.47205412931655333,-1.2266059192722387,1.2955736817672767,0.7425544399174262,1.4576488146837816,0.203319546889736,1.1134969505302745,-0.6763803487024298,-0.27166083868491925,13.224815,553942.06,13.592367,800000.1,0.17484766,0.120328575,0.058374703,0.31379235,0.15762585,0.11132604,0.3463375992331074,191850.96404048594,280967.32886036055,1092126.2729257678,-246057.9375,-30.7572421875
3,1500,5000,1980,,1.5,2026-03-11,800000,1,8728d5470ffffff,9,47.6688165932612,-122.401989765742,533.3333333333334,3,2026,11,13.592367006650065,0.49555099247091033,70,0.9335418911179212,0.35846832151248087,1.0,6.123233995736766e-17,1,6.5,4.0,9,-0.667376707926831,-0.22399318043696137,-0.47205412931655333,-1.2266059192722387,1.2955736817672767,0.7425544399174262,1.4576488146837816,0.203319546889736,1.1134969505302745,-0.6763803487024298,-0.27166083868491925,13.56851,781140.3,13.592367,800000.1,0.31098068,0.11562927,0.03715548,0.2694312,0.11814773,0.06550284,0.32097816524618317,250728.98430608015,416396.35065995954,1465383.0875007706,-18859.6875,-2.3574609375
3,1500,5000,1980,,1.5,2026-03-11,800000,1,8728d5488ffffff,33,47.7656087758613,-122.129781624274,533.3333333333334,3,2026,11,13.592367006650065,0.49555099247091033,70,0.9335418911179212,0.35846832151248087,1.0,6.123233995736766e-17,1,6.5,4.0,33,-0.667376707926831,-0.22399318043696137,-0.47205412931655333,-1.2266059192722387,1.2955736817672767,0.7425544399174262,1.4576488146837816,0.203319546889736,1.1134969505302745,-0.6763803487024298,-0.27166083868491925,13.489705,721945.6,13.592367,800000.1,0.18274044,0.13337745,0.055611048,0.30025172,0.14265901,0.101164006,0.3222493379482991,232646.499690921,383884.2613389339,1357715.1228863453,-78054.375,-9.756796875
3,1500,5000,1980,,1.5,2026-03-11,800000,1,8728d55aeffffff,7,47.5753305744818,-122.118109567725,533.3333333333334,3,2026,11,13.592367006650065,0.49555099247091033,70,0.9335418911179212,0.35846832151248087,1.0,6.123233995736766e-17,1,6.5,4.0,7,-0.667376707926831,-0.22399318043696137,-0.47205412931655333,-1.2266059192722387,1.2955736817672767,0.7425544399174262,1.4576488146837816,0.203319546889736,1.1134969505302745,-0.6763803487024298,-0.27166083868491925,13.9079485,1.0968451e+06,13.592367,800000.1,0.32109296,0.078314655,0.043137155,0.29659182,0.117934786,0.084999084,0.31675702170425685,347433.3950658333,589544.0564299657,2040677.1693489058,296845.125,37.105640625
3,1500,5000,1980,,1.5,2026-03-11,800000,1,8728d5416ffffff,59,47.6615224434009,-122.145462578416,533.3333333333334,3,2026,11,13.592367006650065,0.49555099247091033,70,0.9335418911179212,0.35846832151248087,1.0,6.123233995736766e-17,1,6.5,4.0,59,-0.667376707926831,-0.22399318043696137,-0.47205412931655333,-1.2266059192722387,1.2955736817672767,0.7425544399174262,1.4576488146837816,0.203319546889736,1.1134969505302745,-0.6763803487024298,-0.27166083868491925,13.57471,785998.3,13.592367,800000.1,0.32559952,0.10470799,0.04193206,0.26081112,0.12616262,0.0780919,0.32477232620871,255270.50034674557,415881.7037856525,1485502.4923104434,-14001.6875,-1.7502109375000001
3,1500,5000,1980,,1.5,2026-03-11,800000,1,8728d5408ffffff,9,47.6918283280581,-122.313726423107,533.3333333333334,3,2026,11,13.592367006650065,0.49555099247091033,70,0.9335418911179212,0.35846832151248087,1.0,6.123233995736766e-17,1,6.5,4.0,9,-0.667376707926831,-0.22399318043696137,-0.47205412931655333,-1.2266059192722387,1.2955736817672767,0.7425544399174262,1.4576488146837816,0.203319546889736,1.1134969505302745,-0.6763803487024298,-0.27166083868491925,13.56851,781140.3,13.592367,800000.1,0.31098068,0.11562927,0.03715548,0.2694312,0.11814773,0.06550284,0.32097816524618317,250728.98430608015,416396.35065995954,1465383.0875007706,-18859.6875,-2.3574609375
3,1500,5000,1980,,1.5,2026-03-11,800000,1,8728d55acffffff,7,47.5663768663845,-122.140344273576,533.3333333333334,3,2026,11,13.592367006650065,0.49555099247091033,70,0.9335418911179212,0.35846832151248087,1.0,6.123233995736766e-17,1,6.5,4.0,7,-0.667376707926831,-0.22399318043696137,-0.47205412931655333,-1.2266059192722387,1.2955736817672767,0.7425544399174262,1.4576488146837816,0.203319546889736,1.1134969505302745,-0.6763803487024298,-0.27166083868491925,13.9079485,1.0968451e+06,13.592367,800000.1,0.32109296,0.078314655,0.043137155,0.29659182,0.117934786,0.084999084,0.31675702170425685,347433.3950658333,589544.0564299657,2040677.1693489058,296845.125,37.105640625
3,1500,5000,1980,,1.5,2026-03-11,800000,1,8728d5cabffffff,38,47.3792159319484,-122.320176942657,533.3333333333334,3,2026,11,13.592367006650065,0.49555099247091033,70,0.9335418911179212,0.35846832151248087,1.0,6.123233995736766e-17,1,6.5,4.0,38,-0.667376707926831,-0.22399318043696137,-0.47205412931655333,-1.2266059192722387,1.2955736817672767,0.7425544399174262,1.4576488146837816,0.203319546889736,1.1134969505302745,-0.6763803487024298,-0.27166083868491925,13.256285,571651.44,13.592367,800000.1,0.20632248,0.112969816,0.058425363,0.29971492,0.15613493,0.11267966,0.33994585105059383,194330.53442523285,293605.07050505426,1113009.9631159573,-228348.5625,-28.543570312499998
3,1500,5000,1980,,1.5,2026-03-11,800000,1,8728d5d8effffff,106,47.2605764843563,-122.264693367319,533.3333333333334,3,2026,11,13.592367006650065,0.49555099247091033,70,0.9335418911179212,0.35846832151248087,1.0,6.123233995736766e-17,1,6.5,4.0,106,-0.667376707926831,-0.22399318043696137,-0.47205412931655333,-1.2266059192722387,1.2955736817672767,0.7425544399174262,1.4576488146837816,0.203319546889736,1.1134969505302745,-0.6763803487024298,-0.27166083868491925,13.08494,481634.1,13.592367,800000.1,0.31456578,0.08276673,0.054061107,0.2690584,0.13972831,0.10810313,0.35103029180183487,169068.1564707748,242055.0805292626,958341.369041048,-318365.90625,-39.795738281249996
3,1500,5000,1980,,1.5,2026-03-11,800000,1,8728d5534ffffff,38,47.4497383083851,-122.178207940152,533.3333333333334,3,2026,11,13.592367006650065,0.49555099247091033,70,0.9335418911179212,0.35846832151248087,1.0,6.123233995736766e-17,1,6.5,4.0,38,-0.667376707926831,-0.22399318043696137,-0.47205412931655333,-1.2266059192722387,1.2955736817672767,0.7425544399174262,1.4576488146837816,0.203319546889736,1.1134969505302745,-0.6763803487024298,-0.27166083868491925,13.256285,571651.44,13.592367,800000.1,0.20632248,0.112969816,0.058425363,0.29971492,0.15613493,0.11267966,0.33994585105059383,194330.53442523285,293605.07050505426,1113009.9631159573,-228348.5625,-28.543570312499998
3,1500,5000,1980,,1.5,2026-03-11,800000,1,8728d5c98ffffff,10,47.4160864415283,-122.201807769143,533.3333333333334,3,2026,11,13.592367006650065,0.49555099247091033,70,0.9335418911179212,0.35846832151248087,1.0,6.123233995736766e-17,1,6.5,4.0,10,-0.667376707926831,-0.22399318043696137,-0.47205412931655333,-1.2266059192722387,1.2955736817672767,0.7425544399174262,1.4576488146837816,0.203319546889736,1.1134969505302745,-0.6763803487024298,-0.27166083868491925,13.209852,545715.06,13.592367,800000.1,0.2408248,0.106966585,0.057427034,0.28335965,0.15681341,0.11199028,0.3450447542470457,188296.1196292237,277496.7499765206,1073183.407832232,-254284.9375,-31.785617187499998
3,1500,5000,1980,,1.5,2026-03-11,800000,1,8728d5551ffffff,9,47.5896411321356,-122.387816683204,533.3333333333334,3,2026,11,13.592367006650065,0.49555099247091033,70,0.9335418911179212,0.35846832151248087,1.0,6.123233995736766e-17,1,6.5,4.0,9,-0.667376707926831,-0.22399318043696137,-0.47205412931655333,-1.2266059192722387,1.2955736817672767,0.7425544399174262,1.4576488146837816,0.203319546889736,1.1134969505302745,-0.6763803487024298,-0.27166083868491925,13.56851,781140.3,13.592367,800000.1,0.31098068,0.11562927,0.03715548,0.2694312,0.11814773,0.06550284,0.32097816524618317,250728.98430608015,416396.35065995954,1465383.0875007706,-18859.6875,-2.3574609375
3,1500,5000,1980,,1.5,2026-03-11,800000,1,8728d559effffff,47,47.6346066516785,-122.010894907858,533.3333333333334,3,2026,11,13.592367006650065,0.49555099247091033,70,0.9335418911179212,0.35846832151248087,1.0,6.123233995736766e-17,1,6.5,4.0,47,-0.667376707926831,-0.22399318043696137,-0.47205412931655333,-1.2266059192722387,1.2955736817672767,0.7425544399174262,1.4576488146837816,0.203319546889736,1.1134969505302745,-0.6763803487024298,-0.27166083868491925,13.598992,805317.9,13.592367,800000.1,0.25599763,0.09493479,0.038936067,0.33215773,0.1217131,0.07406685,0.32333346662116835,260386.22025574272,427307.3203559351,1517729.3728584242,5317.875,0.664734375
3,1500,5000,1980,,1.5,2026-03-11,800000,1,8728d54e2ffffff,59,47.7438403324961,-122.248773189076,533.3333333333334,3,2026,11,13.592367006650065,0.49555099247091033,70,0.9335418911179212,0.35846832151248087,1.0,6.123233995736766e-17,1,6.5,4.0,59,-0.667376707926831,-0.22399318043696137,-0.47205412931655333,-1.2266059192722387,1.2955736817672767,0.7425544399174262,1.4576488146837816,0.203319546889736,1.1134969505302745,-0.6763803487024298,-0.27166083868491925,13.57471,785998.3,13.592367,800000.1,0.32559952,0.10470799,0.04193206,0.26081112,0.12616262,0.0780919,0.32477232620871,255270.50034674557,415881.7037856525,1485502.4923104434,-14001.6875,-1.7502109375000001
3,1500,5000,1980,,1.5,2026-03-11,800000,1,8728d5574ffffff,9,47.5139998626415,-122.378554001398,533.3333333333334,3,2026,11,13.592367006650065,0.49555099247091033,70,0.9335418911179212,0.35846832151248087,1.0,6.123233995736766e-17,1,6.5,4.0,9,-0.667376707926831,-0.22399318043696137,-0.47205412931655333,-1.2266059192722387,1.2955736817672767,0.7425544399174262,1.4576488146837816,0.203319546889736,1.1134969505302745,-0.6763803487024298,-0.27166083868491925,13.56851,781140.3,13.592367,800000.1,0.31098068,0.11562927,0.03715548,0.2694312,0.11814773,0.06550284,0.32097816524618317,250728.98430608015,416396.35065995954,1465383.0875007706,-18859.6875,-2.3574609375
3,1500,5000,1980,,1.5,2026-03-11,800000,1,8728d5532ffffff,10,47.4972530100565,-122.168979368521,533.3333333333334,3,2026,11,13.592367006650065,0.49555099247091033,70,0.9335418911179212,0.35846832151248087,1.0,6.123233995736766e-17,1,6.5,4.0,10,-0.667376707926831,-0.22399318043696137,-0.47205412931655333,-1.2266059192722387,1.2955736817672767,0.7425544399174262,1.4576488146837816,0.203319546889736,1.1134969505302745,-0.6763803487024298,-0.27166083868491925,13.209852,545715.06,13.592367,800000.1,0.2408248,0.106966585,0.057427034,0.28335965,0.15681341,0.11199028,0.3450447542470457,188296.1196292237,277496.7499765206,1073183.407832232,-254284.9375,-31.785617187499998
3,1500,5000,1980,,1.5,2026-03-11,800000,1,8728d555affffff,9,47.6389702874621,-122.390741388233,533.3333333333334,3,2026,11,13.592367006650065,0.49555099247091033,70,0.9335418911179212,0.35846832151248087,1.0,6.123233995736766e-17,1,6.5,4.0,9,-0.667376707926831,-0.22399318043696137,-0.47205412931655333,-1.2266059192722387,1.2955736817672767,0.7425544399174262,1.4576488146837816,0.203319546889736,1.1134969505302745,-0.6763803487024298,-0.27166083868491925,13.56851,781140.3,13.592367,800000.1,0.31098068,0.11562927,0.03715548,0.2694312,0.11814773,0.06550284,0.32097816524618317,250728.98430608015,416396.35065995954,1465383.0875007706,-18859.6875,-2.3574609375
3,1500,5000,1980,,1.5,2026-03-11,800000,1,8728d4359ffffff,10,47.376753776242,-122.030039791156,533.3333333333334,3,2026,11,13.592367006650065,0.49555099247091033,70,0.9335418911179212,0.35846832151248087,1.0,6.123233995736766e-17,1,6.5,4.0,10,-0.667376707926831,-0.22399318043696137,-0.47205412931655333,-1.2266059192722387,1.2955736817672767,0.7425544399174262,1.4576488146837816,0.203319546889736,1.1134969505302745,-0.6763803487024298,-0.27166083868491925,13.209852,545715.06,13.592367,800000.1,0.2408248,0.106966585,0.057427034,0.28335965,0.15681341,0.11199028,0.3450447542470457,188296.1196292237,277496.7499765206,1073183.407832232,-254284.9375,-31.785617187499998
3,1500,5000,1980,,1.5,2026-03-11,800000,1,8728d54a9ffffff,59,47.7218497014512,-122.185692723146,533.3333333333334,3,2026,11,13.592367006650065,0.49555099247091033,70,0.9335418911179212,0.35846832151248087,1.0,6.123233995736766e-17,1,6.5,4.0,59,-0.667376707926831,-0.22399318043696137,-0.47205412931655333,-1.2266059192722387,1.2955736817672767,0.7425544399174262,1.4576488146837816,0.203319546889736,1.1134969505302745,-0.6763803487024298,-0.27166083868491925,13.57471,785998.3,13.592367,800000.1,0.32559952,0.10470799,0.04193206,0.26081112,0.12616262,0.0780919,0.32477232620871,255270.50034674557,415881.7037856525,1485502.4923104434,-14001.6875,-1.7502109375000001
3,1500,5000,1980,,1.5,2026-03-11,800000,1,8728d5401ffffff,59,47.6654225491042,-122.280657111567,533.3333333333334,3,2026,11,13.592367006650065,0.49555099247091033,70,0.9335418911179212,0.35846832151248087,1.0,6.123233995736766e-17,1,6.5,4.0,59,-0.667376707926831,-0.22399318043696137,-0.47205412931655333,-1.2266059192722387,1.2955736817672767,0.7425544399174262,1.4576488146837816,0.203319546889736,1.1134969505302745,-0.6763803487024298,-0.27166083868491925,13.57471,785998.3,13.592367,800000.1,0.32559952,0.10470799,0.04193206,0.26081112,0.12616262,0.0780919,0.32477232620871,255270.50034674557,415881.7037856525,1485502.4923104434,-14001.6875,-1.7502109375000001
3,1500,5000,1980,,1.5,2026-03-11,800000,1,8728d54f2ffffff,59,47.7730385004062,-122.173221688108,533.3333333333334,3,2026,11,13.592367006650065,0.49555099247091033,70,0.9335418911179212,0.35846832151248087,1.0,6.123233995736766e-17,1,6.5,4.0,59,-0.667376707926831,-0.22399318043696137,-0.47205412931655333,-1.2266059192722387,1.2955736817672767,0.7425544399174262,1.4576488146837816,0.203319546889736,1.1134969505302745,-0.6763803487024298,-0.27166083868491925,13.57471,785998.3,13.592367,800000.1,0.32559952,0.10470799,0.04193206,0.26081112,0.12616262,0.0780919,0.32477232620871,255270.50034674557,415881.7037856525,1485502.4923104434,-14001.6875,-1.7502109375000001
3,1500,5000,1980,,1.5,2026-03-11,800000,1,8728d5598ffffff,23,47.6497077057037,-122.045807150252,533.3333333333334,3,2026,11,13.592367006650065,0.49555099247091033,70,0.9335418911179212,0.35846832151248087,1.0,6.123233995736766e-17,1,6.5,4.0,23,-0.667376707926831,-0.22399318043696137,-0.47205412931655333,-1.2266059192722387,1.2955736817672767,0.7425544399174262,1.4576488146837816,0.203319546889736,1.1134969505302745,-0.6763803487024298,-0.27166083868491925,13.48657,719686.06,13.592367,800000.1,0.14850666,0.13401696,0.06257982,0.30795446,0.15644751,0.11647555,0.3240508385126061,233214.87201896083,381333.92536824115,1358253.174705688,-80313.9375,-10.0392421875
3,1500,5000,1980,,1.5,2026-03-11,800000,1,8728d5c9bffffff,86,47.4471932581448,-122.205007157321,533.3333333333334,3,2026,11,13.592367006650065,0.49555099247091033,70,0.9335418911179212,0.35846832151248087,1.0,6.123233995736766e-17,1,6.5,4.0,86,-0.667376707926831,-0.22399318043696137,-0.47205412931655333,-1.2266059192722387,1.2955736817672767,0.7425544399174262,1.4576488146837816,0.203319546889736,1.1134969505302745,-0.6763803487024298,-0.27166083868491925,13.150534,514285.4,13.592367,800000.1,0.29009235,0.09125522,0.056154177,0.27028,0.15001014,0.11179674,0.3436453806605209,176731.8041989319,262233.00774557696,1008604.8751982113,-285714.59375,-35.71432421875
3,1500,5000,1980,,1.5,2026-03-11,800000,1,8728d435dffffff,10,47.3547117001051,-122.054728318538,533.3333333333334,3,2026,11,13.592367006650065,0.49555099247091033,70,0.9335418911179212,0.35846832151248087,1.0,6.123233995736766e-17,1,6.5,4.0,10,-0.667376707926831,-0.22399318043696137,-0.47205412931655333,-1.2266059192722387,1.2955736817672767,0.7425544399174262,1.4576488146837816,0.203319546889736,1.1134969505302745,-0.6763803487024298,-0.27166083868491925,13.209852,545715.06,13.592367,800000.1,0.2408248,0.106966585,0.057427034,0.28335965,0.15681341,0.11199028,0.3450447542470457,188296.1196292237,277496.7499765206,1073183.407832232,-254284.9375,-31.785617187499998
3,1500,5000,1980,,1.5,2026-03-11,800000,1,8728d5414ffffff,29,47.6447523903951,-122.170822701949,533.3333333333334,3,2026,11,13.592367006650065,0.49555099247091033,70,0.9335418911179212,0.35846832151248087,1.0,6.123233995736766e-17,1,6.5,4.0,29,-0.667376707926831,-0.22399318043696137,-0.47205412931655333,-1.2266059192722387,1.2955736817672767,0.7425544399174262,1.4576488146837816,0.203319546889736,1.1134969505302745,-0.6763803487024298,-0.27166083868491925,14.127115,1.3656148e+06,13.592367,800000.1,0.30136943,0.08445333,0.034651436,0.3226787,0.109553546,0.06622937,0.33057676835818417,451440.5108772696,714390.3378820103,2610482.7284228825,565614.75,70.70184375000001
3,1500,5000,1980,,1.5,2026-03-11,800000,1,8728d5ca0ffffff,86,47.3167421526374,-122.25690657958,533.3333333333334,3,2026,11,13.592367006650065,0.49555099247091033,70,0.9335418911179212,0.35846832151248087,1.0,6.123233995736766e-17,1,6.5,4.0,86,-0.667376707926831,-0.22399318043696137,-0.47205412931655333,-1.2266059192722387,1.2955736817672767,0.7425544399174262,1.4576488146837816,0.203319546889736,1.1134969505302745,-0.6763803487024298,-0.27166083868491925,13.150534,514285.4,13.592367,800000.1,0.29009235,0.09125522,0.056154177,0.27028,0.15001014,0.11179674,0.3436453806605209,176731.8041989319,262233.00774557696,1008604.8751982113,-285714.59375,-35.71432421875
3,1500,5000,1980,,1.5,2026-03-11,800000,1,8728d558cffffff,59,47.6111931930461,-122.115126705084,533.3333333333334,3,2026,11,13.592367006650065,0.49555099247091033,70,0.9335418911179212,0.35846832151248087,1.0,6.123233995736766e-17,1,6.5,4.0,59,-0.667376707926831,-0.22399318043696137,-0.47205412931655333,-1.2266059192722387,1.2955736817672767,0.7425544399174262,1.4576488146837816,0.203319546889736,1.1134969505302745,-0.6763803487024298,-0.27166083868491925,13.57471,785998.3,13.592367,800000.1,0.32559952,0.10470799,0.04193206,0.26081112,0.12616262,0.0780919,0.32477232620871,255270.50034674557,415881.7037856525,1485502.4923104434,-14001.6875,-1.7502109375000001
3,1500,5000,1980,,1.5,2026-03-11,800000,1,8728d5c88ffffff,38,47.4034448467351,-122.296944312591,533.3333333333334,3,2026,11,13.592367006650065,0.49555099247091033,70,0.9335418911179212,0.35846832151248087,1.0,6.123233995736766e-17,1,6.5,4.0,38,-0.667376707926831,-0.22399318043696137,-0.47205412931655333,-1.2266059192722387,1.2955736817672767,0.7425544399174262,1.4576488146837816,0.203319546889736,1.1134969505302745,-0.6763803487024298,-0.27166083868491925,13.256285,571651.44,13.592367,800000.1,0.20632248,0.112969816,0.058425363,0.29971492,0.15613493,0.11267966,0.33994585105059383,194330.53442523285,293605.07050505426,1113009.9631159573,-228348.5625,-28.543570312499998
3,1500,5000,1980,,1.5,2026-03-11,800000,1,8728d5c8bffffff,38,47.4266862159846,-122.280200142234,533.3333333333334,3,2026,11,13.592367006650065,0.49555099247091033,70,0.9335418911179212,0.35846832151248087,1.0,6.123233995736766e-17,1,6.5,4.0,38,-0.667376707926831,-0.22399318043696137,-0.47205412931655333,-1.2266059192722387,1.2955736817672767,0.7425544399174262,1.4576488146837816,0.203319546889736,1.1134969505302745,-0.6763803487024298,-0.27166083868491925,13.256285,571651.44,13.592367,800000.1,0.20632248,0.112969816,0.058425363,0.29971492,0.15613493,0.11267966,0.33994585105059383,194330.53442523285,293605.07050505426,1113009.9631159573,-228348.5625,-28.543570312499998
3,1500,5000,1980,,1.5,2026-03-11,800000,1,8728d5508ffffff,38,47.5552589455139,-122.307856663262,533.3333333333334,3,2026,11,13.592367006650065,0.49555099247091033,70,0.9335418911179212,0.35846832151248087,1.0,6.123233995736766e-17,1,6.5,4.0,38,-0.667376707926831,-0.22399318043696137,-0.47205412931655333,-1.2266059192722387,1.2955736817672767,0.7425544399174262,1.4576488146837816,0.203319546889736,1.1134969505302745,-0.6763803487024298,-0.27166083868491925,13.256285,571651.44,13.592367,800000.1,0.20632248,0.112969816,0.058425363,0.29971492,0.15613493,0.11267966,0.33994585105059383,194330.53442523285,293605.07050505426,1113009.9631159573,-228348.5625,-28.543570312499998
3,1500,5000,1980,,1.5,2026-03-11,800000,1,8728d5ca5ffffff,106,47.3045584660323,-122.276111762031,533.3333333333334,3,2026,11,13.592367006650065,0.49555099247091033,70,0.9335418911179212,0.35846832151248087,1.0,6.123233995736766e-17,1,6.5,4.0,106,-0.667376707926831,-0.22399318043696137,-0.47205412931655333,-1.2266059192722387,1.2955736817672767,0.7425544399174262,1.4576488146837816,0.203319546889736,1.1134969505302745,-0.6763803487024298,-0.27166083868491925,13.08494,481634.1,13.592367,800000.1,0.31456578,0.08276673,0.054061107,0.2690584,0.13972831,0.10810313,0.35103029180183487,169068.1564707748,242055.0805292626,958341.369041048,-318365.90625,-39.795738281249996
3,1500,5000,1980,,1.5,2026-03-11,800000,1,8728d548dffffff,59,47.7631080049101,-122.148863401419,533.3333333333334,3,2026,11,13.592367006650065,0.49555099247091033,70,0.9335418911179212,0.35846832151248087,1.0,6.123233995736766e-17,1,6.5,4.0,59,-0.667376707926831,-0.22399318043696137,-0.47205412931655333,-1.2266059192722387,1.2955736817672767,0.7425544399174262,1.4576488146837816,0.203319546889736,1.1134969505302745,-0.6763803487024298,-0.27166083868491925,13.57471,785998.3,13.592367,800000.1,0.32559952,0.10470799,0.04193206,0.26081112,0.12616262,0.0780919,0.32477232620871,255270.50034674557,415881.7037856525,1485502.4923104434,-14001.6875,-1.7502109375000001
3,1500,5000,1980,,1.5,2026-03-11,800000,1,8728d5593ffffff,90,47.6295561563372,-121.980636966675,533.3333333333334,3,2026,11,13.592367006650065,0.49555099247091033,70,0.9335418911179212,0.35846832151248087,1.0,6.123233995736766e-17,1,6.5,4.0,90,-0.667376707926831,-0.22399318043696137,-0.47205412931655333,-1.2266059192722387,1.2955736817672767,0.7425544399174262,1.4576488146837816,0.203319546889736,1.1134969505302745,-0.6763803487024298,-0.27166083868491925,13.342308,623003.9,13.592367,800000.1,0.056317527,0.13695611,0.06553149,0.36454552,0.16899519,0.1235826,0.3365078036558694,209645.6656453458,322143.6197862055,1204847.2333885927,-176996.125,-22.124515625
3,1500,5000,1980,,1.5,2026-03-11,800000,1,8728d4346ffffff,45,47.3121540698583,-122.00578826995,533.3333333333334,3,2026,11,13.592367006650065,0.49555099247091033,70,0.9335418911179212,0.35846832151248087,1.0,6.123233995736766e-17,1,6.5,4.0,45,-0.667376707926831,-0.22399318043696137,-0.47205412931655333,-1.2266059192722387,1.2955736817672767,0.7425544399174262,1.4576488146837816,0.203319546889736,1.1134969505302745,-0.6763803487024298,-0.27166083868491925,13.126203,501923.28,13.592367,800000.1,0.19749516,0.105315626,0.052745633,0.33263445,0.13154197,0.10009453,0.3508315756077925,176090.53559517066,252350.10178622755,998323.3207398262,-298076.71875,-37.25958984375
3,1500,5000,1980,,1.5,2026-03-11,800000,1,8728d5428ffffff,9,47.6269189291917,-122.32410772551,533.3333333333334,3,2026,11,13.592367006650065,0.49555099247091033,70,0.9335418911179212,0.35846832151248087,1.0,6.123233995736766e-17,1,6.5,4.0,9,-0.667376707926831,-0.22399318043696137,-0.47205412931655333,-1.2266059192722387,1.2955736817672767,0.7425544399174262,1.4576488146837816,0.203319546889736,1.1134969505302745,-0.6763803487024298,-0.27166083868491925,13.56851,781140.3,13.592367,800000.1,0.31098068,0.11562927,0.03715548,0.2694312,0.11814773,0.06550284,0.32097816524618317,250728.98430608015,416396.35065995954,1465383.0875007706,-18859.6875,-2.3574609375
3,1500,5000,1980,,1.5,2026-03-11,800000,1,8728d5d9cffffff,86,47.2584750008133,-122.200372992726,533.3333333333334,3,2026,11,13.592367006650065,0.49555099247091033,70,0.9335418911179212,0.35846832151248087,1.0,6.123233995736766e-17,1,6.5,4.0,86,-0.667376707926831,-0.22399318043696137,-0.47205412931655333,-1.2266059192722387,1.2955736817672767,0.7425544399174262,1.4576488146837816,0.203319546889736,1.1134969505302745,-0.6763803487024298,-0.27166083868491925,13.150534,514285.4,13.592367,800000.1,0.29009235,0.09125522,0.056154177,0.27028,0.15001014,0.11179674,0.3436453806605209,176731.8041989319,262233.00774557696,1008604.8751982113,-285714.59375,-35.71432421875
3,1500,5000,1980,,1.5,2026-03-11,800000,1,8728d55a4ffffff,7,47.5339562468769,-122.068277727063,533.3333333333334,3,2026,11,13.592367006650065,0.49555099247091033,70,0.9335418911179212,0.35846832151248087,1.0,6.123233995736766e-17,1,6.5,4.0,7,-0.667376707926831,-0.22399318043696137,-0.47205412931655333,-1.2266059192722387,1.2955736817672767,0.7425544399174262,1.4576488146837816,0.203319546889736,1.1134969505302745,-0.6763803487024298,-0.27166083868491925,13.9079485,1.0968451e+06,13.592367,800000.1,0.32109296,0.078314655,0.043137155,0.29659182,0.117934786,0.084999084,0.31675702170425685,347433.3950658333,589544.0564299657,2040677.1693489058,296845.125,37.105640625
3,1500,5000,1980,,1.5,2026-03-11,800000,1,8728d5472ffffff,9,47.6867362290027,-122.351974698763,533.3333333333334,3,2026,11,13.592367006650065,0.49555099247091033,70,0.9335418911179212,0.35846832151248087,1.0,6.123233995736766e-17,1,6.5,4.0,9,-0.667376707926831,-0.22399318043696137,-0.47205412931655333,-1.2266059192722387,1.2955736817672767,0.7425544399174262,1.4576488146837816,0.203319546889736,1.1134969505302745,-0.6763803487024298,-0.27166083868491925,13.56851,781140.3,13.592367,800000.1,0.31098068,0.11562927,0.03715548,0.2694312,0.11814773,0.06550284,0.32097816524618317,250728.98430608015,416396.35065995954,1465383.0875007706,-18859.6875,-2.3574609375
3,1500,5000,1980,,1.5,2026-03-11,800000,1,8728d5481ffffff,59,47.7408907411172,-122.09254298825,533.3333333333334,3,2026,11,13.592367006650065,0.49555099247091033,70,0.9335418911179212,0.35846832151248087,1.0,6.123233995736766e-17,1,6.5,4.0,59,-0.667376707926831,-0.22399318043696137,-0.47205412931655333,-1.2266059192722387,1.2955736817672767,0.7425544399174262,1.4576488146837816,0.203319546889736,1.1134969505302745,-0.6763803487024298,-0.27166083868491925,13.57471,785998.3,13.592367,800000.1,0.32559952,0.10470799,0.04193206,0.26081112,0.12616262,0.0780919,0.32477232620871,255270.50034674557,415881.7037856525,1485502.4923104434,-14001.6875,-1.7502109375000001
3,1500,5000,1980,,1.5,2026-03-11,800000,1,8728d551affffff,7,47.5786808278155,-122.178413841994,533.3333333333334,3,2026,11,13.592367006650065,0.49555099247091033,70,0.9335418911179212,0.35846832151248087,1.0,6.123233995736766e-17,1,6.5,4.0,7,-0.667376707926831,-0.22399318043696137,-0.47205412931655333,-1.2266059192722387,1.2955736817672767,0.7425544399174262,1.4576488146837816,0.203319546889736,1.1134969505302745,-0.6763803487024298,-0.27166083868491925,13.9079485,1.0968451e+06,13.592367,800000.1,0.32109296,0.078314655,0.043137155,0.29659182,0.117934786,0.084999084,0.31675702170425685,347433.3950658333,589544.0564299657,2040677.1693489058,296845.125,37.105640625
3,1500,5000,1980,,1.5,2026-03-11,800000,1,8728d545affffff,59,47.7763503815863,-122.387367499391,533.3333333333334,3,2026,11,13.592367006650065,0.49555099247091033,70,0.9335418911179212,0.35846832151248087,1.0,6.123233995736766e-17,1,6.5,4.0,59,-0.667376707926831,-0.22399318043696137,-0.47205412931655333,-1.2266059192722387,1.2955736817672767,0.7425544399174262,1.4576488146837816,0.203319546889736,1.1134969505302745,-0.6763803487024298,-0.27166083868491925,13.57471,785998.3,13.592367,800000.1,0.32559952,0.10470799,0.04193206,0.26081112,0.12616262,0.0780919,0.32477232620871,255270.50034674557,415881.7037856525,1485502.4923104434,-14001.6875,-1.7502109375000001
3,1500,5000,1980,,1.5,2026-03-11,800000,1,8728d5456ffffff,9,47.7076308683542,-122.34646297422,533.3333333333334,3,2026,11,13.592367006650065,0.49555099247091033,70,0.9335418911179212,0.35846832151248087,1.0,6.123233995736766e-17,1,6.5,4.0,9,-0.667376707926831,-0.22399318043696137,-0.47205412931655333,-1.2266059192722387,1.2955736817672767,0.7425544399174262,1.4576488146837816,0.203319546889736,1.1134969505302745,-0.6763803487024298,-0.27166083868491925,13.56851,781140.3,13.592367,800000.1,0.31098068,0.11562927,0.03715548,0.2694312,0.11814773,0.06550284,0.32097816524618317,250728.98430608015,416396.35065995954,1465383.0875007706,-18859.6875,-2.3574609375
3,1500,5000,1980,,1.5,2026-03-11,800000,1,8728d5cd3ffffff,38,47.4682888729814,-122.348668566587,533.3333333333334,3,2026,11,13.592367006650065,0.49555099247091033,70,0.9335418911179212,0.35846832151248087,1.0,6.123233995736766e-17,1,6.5,4.0,38,-0.667376707926831,-0.22399318043696137,-0.47205412931655333,-1.2266059192722387,1.2955736817672767,0.7425544399174262,1.4576488146837816,0.203319546889736,1.1134969505302745,-0.6763803487024298,-0.27166083868491925,13.256285,571651.44,13.592367,800000.1,0.20632248,0.112969816,0.058425363,0.29971492,0.15613493,0.11267966,0.33994585105059383,194330.53442523285,293605.07050505426,1113009.9631159573,-228348.5625,-28.543570312499998
3,1500,5000,1980,,1.5,2026-03-11,800000,1,8728d5531ffffff,38,47.4861218210508,-122.204786630403,533.3333333333334,3,2026,11,13.592367006650065,0.49555099247091033,70,0.9335418911179212,0.35846832151248087,1.0,6.123233995736766e-17,1,6.5,4.0,38,-0.667376707926831,-0.22399318043696137,-0.47205412931655333,-1.2266059192722387,1.2955736817672767,0.7425544399174262,1.4576488146837816,0.203319546889736,1.1134969505302745,-0.6763803487024298,-0.27166083868491925,13.256285,571651.44,13.592367,800000.1,0.20632248,0.112969816,0.058425363,0.29971492,0.15613493,0.11267966,0.33994585105059383,194330.53442523285,293605.07050505426,1113009.9631159573,-228348.5625,-28.543570312499998
3,1500,5000,1980,,1.5,2026-03-11,800000,1,8728d5576ffffff,38,47.5163848776956,-122.365606503411,533.3333333333334,3,2026,11,13.592367006650065,0.49555099247091033,70,0.9335418911179212,0.35846832151248087,1.0,6.123233995736766e-17,1,6.5,4.0,38,-0.667376707926831,-0.22399318043696137,-0.47205412931655333,-1.2266059192722387,1.2955736817672767,0.7425544399174262,1.4576488146837816,0.203319546889736,1.1134969505302745,-0.6763803487024298,-0.27166083868491925,13.256285,571651.44,13.592367,800000.1,0.20632248,0.112969816,0.058425363,0.29971492,0.15613493,0.11267966,0.33994585105059383,194330.53442523285,293605.07050505426,1113009.9631159573,-228348.5625,-28.543570312499998
3,1500,5000,1980,,1.5,2026-03-11,800000,1,8728d4344ffffff,45,47.3063723897445,-122.03478262094,533.3333333333334,3,2026,11,13.592367006650065,0.49555099247091033,70,0.9335418911179212,0.35846832151248087,1.0,6.123233995736766e-17,1,6.5,4.0,45,-0.667376707926831,-0.22399318043696137,-0.47205412931655333,-1.2266059192722387,1.2955736817672767,0.7425544399174262,1.4576488146837816,0.203319546889736,1.1134969505302745,-0.6763803487024298,-0.27166083868491925,13.126203,501923.28,13.592367,800000.1,0.19749516,0.105315626,0.052745633,0.33263445,0.13154197,0.10009453,0.3508315756077925,176090.53559517066,252350.10178622755,998323.3207398262,-298076.71875,-37.25958984375
3,1500,5000,1980,,1.5,2026-03-11,800000,1,8728d436bffffff,161,47.3170423997975,-122.108725801165,533.3333333333334,3,2026,11,13.592367006650065,0.49555099247091033,70,0.9335418911179212,0.35846832151248087,1.0,6.123233995736766e-17,1,6.5,4.0,161,-0.667376707926831,-0.22399318043696137,-0.47205412931655333,-1.2266059192722387,1.2955736817672767,0.7425544399174262,1.4576488146837816,0.203319546889736,1.1134969505302745,-0.6763803487024298,-0.27166083868491925,13.224815,553942.06,13.592367,800000.1,0.17484766,0.120328575,0.058374703,0.31379235,0.15762585,0.11132604,0.3463375992331074,191850.96404048594,280967.32886036055,1092126.2729257678,-246057.9375,-30.7572421875
3,1500,5000,1980,,1.5,2026-03-11,800000,1,8728d552bffffff,38,47.5224531269748,-122.319585369285,533.3333333333334,3,2026,11,13.592367006650065,0.49555099247091033,70,0.9335418911179212,0.35846832151248087,1.0,6.123233995736766e-17,1,6.5,4.0,38,-0.667376707926831,-0.22399318043696137,-0.47205412931655333,-1.2266059192722387,1.2955736817672767,0.7425544399174262,1.4576488146837816,0.203319546889736,1.1134969505302745,-0.6763803487024298,-0.27166083868491925,13.256285,571651.44,13.592367,800000.1,0.20632248,0.112969816,0.058425363,0.29971492,0.15613493,0.11267966,0.33994585105059383,194330.53442523285,293605.07050505426,1113009.9631159573,-228348.5625,-28.543570312499998
3,1500,5000,1980,,1.5,2026-03-11,800000,1,8728d5582ffffff,7,47.604119865033,-122.033022452505,533.3333333333334,3,2026,11,13.592367006650065,0.49555099247091033,70,0.9335418911179212,0.35846832151248087,1.0,6.123233995736766e-17,1,6.5,4.0,7,-0.667376707926831,-0.22399318043696137,-0.47205412931655333,-1.2266059192722387,1.2955736817672767,0.7425544399174262,1.4576488146837816,0.203319546889736,1.1134969505302745,-0.6763803487024298,-0.27166083868491925,13.9079485,1.0968451e+06,13.592367,800000.1,0.32109296,0.078314655,0.043137155,0.29659182,0.117934786,0.084999084,0.31675702170425685,347433.3950658333,589544.0564299657,2040677.1693489058,296845.125,37.105640625
3,1500,5000,1980,,1.5,2026-03-11,800000,1,8728d5c96ffffff,10,47.3752523927815,-122.128636443056,533.3333333333334,3,2026,11,13.592367006650065,0.49555099247091033,70,0.9335418911179212,0.35846832151248087,1.0,6.123233995736766e-17,1,6.5,4.0,10,-0.667376707926831,-0.22399318043696137,-0.47205412931655333,-1.2266059192722387,1.2955736817672767,0.7425544399174262,1.4576488146837816,0.203319546889736,1.1134969505302745,-0.6763803487024298,-0.27166083868491925,13.209852,545715.06,13.592367,800000.1,0.2408248,0.106966585,0.057427034,0.28335965,0.15681341,0.11199028,0.3450447542470457,188296.1196292237,277496.7499765206,1073183.407832232,-254284.9375,-31.785617187499998
3,1500,5000,1980,,1.5,2026-03-11,800000,1,8728d5421ffffff,9,47.6046505728152,-122.302757024368,533.3333333333334,3,2026,11,13.592367006650065,0.49555099247091033,70,0.9335418911179212,0.35846832151248087,1.0,6.123233995736766e-17,1,6.5,4.0,9,-0.667376707926831,-0.22399318043696137,-0.47205412931655333,-1.2266059192722387,1.2955736817672767,0.7425544399174262,1.4576488146837816,0.203319546889736,1.1134969505302745,-0.6763803487024298,-0.27166083868491925,13.56851,781140.3,13.592367,800000.1,0.31098068,0.11562927,0.03715548,0.2694312,0.11814773,0.06550284,0.32097816524618317,250728.98430608015,416396.35065995954,1465383.0875007706,-18859.6875,-2.3574609375
3,1500,5000,1980,,1.5,2026-03-11,800000,1,8728d5cd0ffffff,30,47.4368946054026,-122.33612239139,533.3333333333334,3,2026,11,13.592367006650065,0.49555099247091033,70,0.9335418911179212,0.35846832151248087,1.0,6.123233995736766e-17,1,6.5,4.0,30,-0.667376707926831,-0.22399318043696137,-0.47205412931655333,-1.2266059192722387,1.2955736817672767,0.7425544399174262,1.4576488146837816,0.203319546889736,1.1134969505302745,-0.6763803487024298,-0.27166083868491925,13.330981,615987.06,13.592367,800000.1,0.17745435,0.13888164,0.059867367,0.28856128,0.14287439,0.10826897,0.337100029361674,207649.2568551613,318145.84765031893,1192660.7722170346,-184012.9375,-23.001617187500003
3,1500,5000,1980,,1.5,2026-03-11,800000,1,8728d0963ffffff,34,47.6482382774047,-121.903231605752,533.3333333333334,3,2026,11,13.592367006650065,0.49555099247091033,70,0.9335418911179212,0.35846832151248087,1.0,6.123233995736766e-17,1,6.5,4.0,34,-0.667376707926831,-0.22399318043696137,-0.47205412931655333,-1.2266059192722387,1.2955736817672767,0.7425544399174262,1.4576488146837816,0.203319546889736,1.1134969505302745,-0.6763803487024298,-0.27166083868491925,13.303284,599159.8,13.592367,800000.1,0.20313326,0.110480145,0.060725614,0.29883087,0.16432011,0.11876383,0.33910249695070016,203176.58849126333,308242.7180978381,1164642.3305372759,-200840.1875,-25.1050234375
3,1500,5000,1980,,1.5,2026-03-11,800000,1,8728d55b5ffffff,7,47.5404132790582,-122.027675268494,533.3333333333334,3,2026,11,13.592367006650065,0.49555099247091033,70,0.9335418911179212,0.35846832151248087,1.0,6.123233995736766e-17,1,6.5,4.0,7,-0.667376707926831,-0.22399318043696137,-0.47205412931655333,-1.2266059192722387,1.2955736817672767,0.7425544399174262,1.4576488146837816,0.203319546889736,1.1134969505302745,-0.6763803487024298,-0.27166083868491925,13.9079485,1.0968451e+06,13.592367,800000.1,0.32109296,0.078314655,0.043137155,0.29659182,0.117934786,0.084999084,0.31675702170425685,347433.3950658333,589544.0564299657,2040677.1693489058,296845.125,37.105640625
3,1500,5000,1980,,1.5,2026-03-11,800000,1,8728d54e6ffffff,59,47.7391456706635,-122.248791347315,533.3333333333334,3,2026,11,13.592367006650065,0.49555099247091033,70,0.9335418911179212,0.35846832151248087,1.0,6.123233995736766e-17,1,6.5,4.0,59,-0.667376707926831,-0.22399318043696137,-0.47205412931655333,-1.2266059192722387,1.2955736817672767,0.7425544399174262,1.4576488146837816,0.203319546889736,1.1134969505302745,-0.6763803487024298,-0.27166083868491925,13.57471,785998.3,13.592367,800000.1,0.32559952,0.10470799,0.04193206,0.26081112,0.12616262,0.0780919,0.32477232620871,255270.50034674557,415881.7037856525,1485502.4923104434,-14001.6875,-1.7502109375000001
3,1500,5000,1980,,1.5,2026-03-11,800000,1,8728d5530ffffff,10,47.4770139167877,-122.176023552372,533.3333333333334,3,2026,11,13.592367006650065,0.49555099247091033,70,0.9335418911179212,0.35846832151248087,1.0,6.123233995736766e-17,1,6.5,4.0,10,-0.667376707926831,-0.22399318043696137,-0.47205412931655333,-1.2266059192722387,1.2955736817672767,0.7425544399174262,1.4576488146837816,0.203319546889736,1.1134969505302745,-0.6763803487024298,-0.27166083868491925,13.209852,545715.06,13.592367,800000.1,0.2408248,0.106966585,0.057427034,0.28335965,0.15681341,0.11199028,0.3450447542470457,188296.1196292237,277496.7499765206,1073183.407832232,-254284.9375,-31.785617187499998
3,1500,5000,1980,,1.5,2026-03-11,800000,1,8728d542effffff,9,47.6289608241213,-122.300666044314,533.3333333333334,3,2026,11,13.592367006650065,0.49555099247091033,70,0.9335418911179212,0.35846832151248087,1.0,6.123233995736766e-17,1,6.5,4.0,9,-0.667376707926831,-0.22399318043696137,-0.47205412931655333,-1.2266059192722387,1.2955736817672767,0.7425544399174262,1.4576488146837816,0.203319546889736,1.1134969505302745,-0.6763803487024298,-0.27166083868491925,13.56851,781140.3,13.592367,800000.1,0.31098068,0.11562927,0.03715548,0.2694312,0.11814773,0.06550284,0.32097816524618317,250728.98430608015,416396.35065995954,1465383.0875007706,-18859.6875,-2.3574609375
3,1500,5000,1980,,1.5,2026-03-11,800000,1,8728d426dffffff,161,47.4229946383237,-122.150371953435,533.3333333333334,3,2026,11,13.592367006650065,0.49555099247091033,70,0.9335418911179212,0.35846832151248087,1.0,6.123233995736766e-17,1,6.5,4.0,161,-0.667376707926831,-0.22399318043696137,-0.47205412931655333,-1.2266059192722387,1.2955736817672767,0.7425544399174262,1.4576488146837816,0.203319546889736,1.1134969505302745,-0.6763803487024298,-0.27166083868491925,13.224815,553942.06,13.592367,800000.1,0.17484766,0.120328575,0.058374703,0.31379235,0.15762585,0.11132604,0.3463375992331074,191850.96404048594,280967.32886036055,1092126.2729257678,-246057.9375,-30.7572421875
3,1500,5000,1980,,1.5,2026-03-11,800000,1,8728d5594ffffff,103,47.5927451032884,-121.970330805043,533.3333333333334,3,2026,11,13.592367006650065,0.49555099247091033,70,0.9335418911179212,0.35846832151248087,1.0,6.123233995736766e-17,1,6.5,4.0,103,-0.667376707926831,-0.22399318043696137,-0.47205412931655333,-1.2266059192722387,1.2955736817672767,0.7425544399174262,1.4576488146837816,0.203319546889736,1.1134969505302745,-0.6763803487024298,-0.27166083868491925,13.382667,648661.7,13.592367,800000.1,0.15596232,0.119969875,0.055720083,0.33383238,0.15735465,0.1063042,0.33214164230890575,215447.5581891162,338293.4418255519,1243778.157948243,-151338.3125,-18.9172890625
3,1500,5000,1980,,1.5,2026-03-11,800000,1,8728d5c1effffff,30,47.3205403228703,-122.370891476592,533.3333333333334,3,2026,11,13.592367006650065,0.49555099247091033,70,0.9335418911179212,0.35846832151248087,1.0,6.123233995736766e-17,1,6.5,4.0,30,-0.667376707926831,-0.22399318043696137,-0.47205412931655333,-1.2266059192722387,1.2955736817672767,0.7425544399174262,1.4576488146837816,0.203319546889736,1.1134969505302745,-0.6763803487024298,-0.27166083868491925,13.330981,615987.06,13.592367,800000.1,0.17745435,0.13888164,0.059867367,0.28856128,0.14287439,0.10826897,0.337100029361674,207649.2568551613,318145.84765031893,1192660.7722170346,-184012.9375,-23.001617187500003
3,1500,5000,1980,,1.5,2026-03-11,800000,1,8728d54e1ffffff,59,47.7514263862432,-122.301892090072,533.3333333333334,3,2026,11,13.592367006650065,0.49555099247091033,70,0.9335418911179212,0.35846832151248087,1.0,6.123233995736766e-17,1,6.5,4.0,59,-0.667376707926831,-0.22399318043696137,-0.47205412931655333,-1.2266059192722387,1.2955736817672767,0.7425544399174262,1.4576488146837816,0.203319546889736,1.1134969505302745,-0.6763803487024298,-0.27166083868491925,13.57471,785998.3,13.592367,800000.1,0.32559952,0.10470799,0.04193206,0.26081112,0.12616262,0.0780919,0.32477232620871,255270.50034674557,415881.7037856525,1485502.4923104434,-14001.6875,-1.7502109375000001
3,1500,5000,1980,,1.5,2026-03-11,800000,1,8728d5cb6ffffff,10,47.3350207298526,-122.153537101079,533.3333333333334,3,2026,11,13.592367006650065,0.49555099247091033,70,0.9335418911179212,0.35846832151248087,1.0,6.123233995736766e-17,1,6.5,4.0,10,-0.667376707926831,-0.22399318043696137,-0.47205412931655333,-1.2266059192722387,1.2955736817672767,0.7425544399174262,1.4576488146837816,0.203319546889736,1.1134969505302745,-0.6763803487024298,-0.27166083868491925,13.209852,545715.06,13.592367,800000.1,0.2408248,0.106966585,0.057427034,0.28335965,0.15681341,0.11199028,0.3450447542470457,188296.1196292237,277496.7499765206,1073183.407832232,-254284.9375,-31.785617187499998
3,1500,5000,1980,,1.5,2026-03-11,800000,1,8728d5c82ffffff,10,47.3900307624817,-122.199820078932,533.3333333333334,3,2026,11,13.592367006650065,0.49555099247091033,70,0.9335418911179212,0.35846832151248087,1.0,6.123233995736766e-17,1,6.5,4.0,10,-0.667376707926831,-0.22399318043696137,-0.47205412931655333,-1.2266059192722387,1.2955736817672767,0.7425544399174262,1.4576488146837816,0.203319546889736,1.1134969505302745,-0.6763803487024298,-0.27166083868491925,13.209852,545715.06,13.592367,800000.1,0.2408248,0.106966585,0.057427034,0.28335965,0.15681341,0.11199028,0.3450447542470457,188296.1196292237,277496.7499765206,1073183.407832232,-254284.9375,-31.785617187499998
3,1500,5000,1980,,1.5,2026-03-11,800000,1,8728d5452ffffff,59,47.7371138098995,-122.350951377566,533.3333333333334,3,2026,11,13.592367006650065,0.49555099247091033,70,0.9335418911179212,0.35846832151248087,1.0,6.123233995736766e-17,1,6.5,4.0,59,-0.667376707926831,-0.22399318043696137,-0.47205412931655333,-1.2266059192722387,1.2955736817672767,0.7425544399174262,1.4576488146837816,0.203319546889736,1.1134969505302745,-0.6763803487024298,-0.27166083868491925,13.57471,785998.3,13.592367,800000.1,0.32559952,0.10470799,0.04193206,0.26081112,0.12616262,0.0780919,0.32477232620871,255270.50034674557,415881.7037856525,1485502.4923104434,-14001.6875,-1.7502109375000001
3,1500,5000,1980,,1.5,2026-03-11,800000,1,8728d54a8ffffff,23,47.7242659989865,-122.160466584344,533.3333333333334,3,2026,11,13.592367006650065,0.49555099247091033,70,0.9335418911179212,0.35846832151248087,1.0,6.123233995736766e-17,1,6.5,4.0,23,-0.667376707926831,-0.22399318043696137,-0.47205412931655333,-1.2266059192722387,1.2955736817672767,0.7425544399174262,1.4576488146837816,0.203319546889736,1.1134969505302745,-0.6763803487024298,-0.27166083868491925,13.48657,719686.06,13.592367,800000.1,0.14850666,0.13401696,0.06257982,0.30795446,0.15644751,0.11647555,0.3240508385126061,233214.87201896083,381333.92536824115,1358253.174705688,-80313.9375,-10.0392421875
3,1500,5000,1980,,1.5,2026-03-11,800000,1,8728d5caeffffff,106,47.3463769749299,-122.298956251421,533.3333333333334,3,2026,11,13.592367006650065,0.49555099247091033,70,0.9335418911179212,0.35846832151248087,1.0,6.123233995736766e-17,1,6.5,4.0,106,-0.667376707926831,-0.22399318043696137,-0.47205412931655333,-1.2266059192722387,1.2955736817672767,0.7425544399174262,1.4576488146837816,0.203319546889736,1.1134969505302745,-0.6763803487024298,-0.27166083868491925,13.08494,481634.1,13.592367,800000.1,0.31456578,0.08276673,0.054061107,0.2690584,0.13972831,0.10810313,0.35103029180183487,169068.1564707748,242055.0805292626,958341.369041048,-318365.90625,-39.795738281249996
3,1500,5000,1980,,1.5,2026-03-11,800000,1,8728d5c14ffffff,106,47.2773360437398,-122.334218155612,533.3333333333334,3,2026,11,13.592367006650065,0.49555099247091033,70,0.9335418911179212,0.35846832151248087,1.0,6.123233995736766e-17,1,6.5,4.0,106,-0.667376707926831,-0.22399318043696137,-0.47205412931655333,-1.2266059192722387,1.2955736817672767,0.7425544399174262,1.4576488146837816,0.203319546889736,1.1134969505302745,-0.6763803487024298,-0.27166083868491925,13.08494,481634.1,13.592367,800000.1,0.31456578,0.08276673,0.054061107,0.2690584,0.13972831,0.10810313,0.35103029180183487,169068.1564707748,242055.0805292626,958341.369041048,-318365.90625,-39.795738281249996
3,1500,5000,1980,,1.5,2026-03-11,800000,1,8728d550effffff,9,47.5380993465306,-122.275092738908,533.3333333333334,3,2026,11,13.592367006650065,0.49555099247091033,70,0.9335418911179212,0.35846832151248087,1.0,6.123233995736766e-17,1,6.5,4.0,9,-0.667376707926831,-0.22399318043696137,-0.47205412931655333,-1.2266059192722387,1.2955736817672767,0.7425544399174262,1.4576488146837816,0.203319546889736,1.1134969505302745,-0.6763803487024298,-0.27166083868491925,13.56851,781140.3,13.592367,800000.1,0.31098068,0.11562927,0.03715548,0.2694312,0.11814773,0.06550284,0.32097816524618317,250728.98430608015,416396.35065995954,1465383.0875007706,-18859.6875,-2.3574609375
3,1500,5000,1980,,1.5,2026-03-11,800000,1,8728d5585ffffff,7,47.5803386869907,-122.074423619097,533.3333333333334,3,2026,11,13.592367006650065,0.49555099247091033,70,0.9335418911179212,0.35846832151248087,1.0,6.123233995736766e-17,1,6.5,4.0,7,-0.667376707926831,-0.22399318043696137,-0.47205412931655333,-1.2266059192722387,1.2955736817672767,0.7425544399174262,1.4576488146837816,0.203319546889736,1.1134969505302745,-0.6763803487024298,-0.27166083868491925,13.9079485,1.0968451e+06,13.592367,800000.1,0.32109296,0.078314655,0.043137155,0.29659182,0.117934786,0.084999084,0.31675702170425685,347433.3950658333,589544.0564299657,2040677.1693489058,296845.125,37.105640625
3,1500,5000,1980,,1.5,2026-03-11,800000,1,8728d5518ffffff,7,47.5612775855706,-122.21930375498,533.3333333333334,3,2026,11,13.592367006650065,0.49555099247091033,70,0.9335418911179212,0.35846832151248087,1.0,6.123233995736766e-17,1,6.5,4.0,7,-0.667376707926831,-0.22399318043696137,-0.47205412931655333,-1.2266059192722387,1.2955736817672767,0.7425544399174262,1.4576488146837816,0.203319546889736,1.1134969505302745,-0.6763803487024298,-0.27166083868491925,13.9079485,1.0968451e+06,13.592367,800000.1,0.32109296,0.078314655,0.043137155,0.29659182,0.117934786,0.084999084,0.31675702170425685,347433.3950658333,589544.0564299657,2040677.1693489058,296845.125,37.105640625
3,1500,5000,1980,,1.5,2026-03-11,800000,1,8728d558effffff,7,47.6218284175864,-122.096841051187,533.3333333333334,3,2026,11,13.592367006650065,0.49555099247091033,70,0.9335418911179212,0.35846832151248087,1.0,6.123233995736766e-17,1,6.5,4.0,7,-0.667376707926831,-0.22399318043696137,-0.47205412931655333,-1.2266059192722387,1.2955736817672767,0.7425544399174262,1.4576488146837816,0.203319546889736,1.1134969505302745,-0.6763803487024298,-0.27166083868491925,13.9079485,1.0968451e+06,13.592367,800000.1,0.32109296,0.078314655,0.043137155,0.29659182,0.117934786,0.084999084,0.31675702170425685,347433.3950658333,589544.0564299657,2040677.1693489058,296845.125,37.105640625
3,1500,5000,1980,,1.5,2026-03-11,800000,1,8728d55a8ffffff,20,47.5828337866753,-122.125240633705,533.3333333333334,3,2026,11,13.592367006650065,0.49555099247091033,70,0.9335418911179212,0.35846832151248087,1.0,6.123233995736766e-17,1,6.5,4.0,20,-0.667376707926831,-0.22399318043696137,-0.47205412931655333,-1.2266059192722387,1.2955736817672767,0.7425544399174262,1.4576488146837816,0.203319546889736,1.1134969505302745,-0.6763803487024298,-0.27166083868491925,13.727002,915295.44,13.592367,800000.1,0.36429393,0.100752935,0.03686084,0.25097382,0.10802373,0.06656576,0.3202315004012224,293106.43126101827,488623.9250155359,1714540.8634704505,115295.4375,14.411929687499999
3,1500,5000,1980,,1.5,2026-03-11,800000,1,8728d5413ffffff,59,47.6897654585596,-122.172566876973,533.3333333333334,3,2026,11,13.592367006650065,0.49555099247091033,70,0.9335418911179212,0.35846832151248087,1.0,6.123233995736766e-17,1,6.5,4.0,59,-0.667376707926831,-0.22399318043696137,-0.47205412931655333,-1.2266059192722387,1.2955736817672767,0.7425544399174262,1.4576488146837816,0.203319546889736,1.1134969505302745,-0.6763803487024298,-0.27166083868491925,13.57471,785998.3,13.592367,800000.1,0.32559952,0.10470799,0.04193206,0.26081112,0.12616262,0.0780919,0.32477232620871,255270.50034674557,415881.7037856525,1485502.4923104434,-14001.6875,-1.7502109375000001
3,1500,5000,1980,,1.5,2026-03-11,800000,1,8728d5ca3ffffff,106,47.3333494590493,-122.269955273427,533.3333333333334,3,2026,11,13.592367006650065,0.49555099247091033,70,0.9335418911179212,0.35846832151248087,1.0,6.123233995736766e-17,1,6.5,4.0,106,-0.667376707926831,-0.22399318043696137,-0.47205412931655333,-1.2266059192722387,1.2955736817672767,0.7425544399174262,1.4576488146837816,0.203319546889736,1.1134969505302745,-0.6763803487024298,-0.27166083868491925,13.08494,481634.1,13.592367,800000.1,0.31456578,0.08276673,0.054061107,0.2690584,0.13972831,0.10810313,0.35103029180183487,169068.1564707748,242055.0805292626,958341.369041048,-318365.90625,-39.795738281249996
3,1500,5000,1980,,1.5,2026-03-11,800000,1,8728d5506ffffff,38,47.5006454096713,-122.226058192152,533.3333333333334,3,2026,11,13.592367006650065,0.49555099247091033,70,0.9335418911179212,0.35846832151248087,1.0,6.123233995736766e-17,1,6.5,4.0,38,-0.667376707926831,-0.22399318043696137,-0.47205412931655333,-1.2266059192722387,1.2955736817672767,0.7425544399174262,1.4576488146837816,0.203319546889736,1.1134969505302745,-0.6763803487024298,-0.27166083868491925,13.256285,571651.44,13.592367,800000.1,0.20632248,0.112969816,0.058425363,0.29971492,0.15613493,0.11267966,0.33994585105059383,194330.53442523285,293605.07050505426,1113009.9631159573,-228348.5625,-28.543570312499998
3,1500,5000,1980,,1.5,2026-03-11,800000,1,8728d540effffff,59,47.6744398352767,-122.287245680207,533.3333333333334,3,2026,11,13.592367006650065,0.49555099247091033,70,0.9335418911179212,0.35846832151248087,1.0,6.123233995736766e-17,1,6.5,4.0,59,-0.667376707926831,-0.22399318043696137,-0.47205412931655333,-1.2266059192722387,1.2955736817672767,0.7425544399174262,1.4576488146837816,0.203319546889736,1.1134969505302745,-0.6763803487024298,-0.27166083868491925,13.57471,785998.3,13.592367,800000.1,0.32559952,0.10470799,0.04193206,0.26081112,0.12616262,0.0780919,0.32477232620871,255270.50034674557,415881.7037856525,1485502.4923104434,-14001.6875,-1.7502109375000001
3,1500,5000,1980,,1.5,2026-03-11,800000,1,8728d5c94ffffff,10,47.3766670845642,-122.149227195008,533.3333333333334,3,2026,11,13.592367006650065,0.49555099247091033,70,0.9335418911179212,0.35846832151248087,1.0,6.123233995736766e-17,1,6.5,4.0,10,-0.667376707926831,-0.22399318043696137,-0.47205412931655333,-1.2266059192722387,1.2955736817672767,0.7425544399174262,1.4576488146837816,0.203319546889736,1.1134969505302745,-0.6763803487024298,-0.27166083868491925,13.209852,545715.06,13.592367,800000.1,0.2408248,0.106966585,0.057427034,0.28335965,0.15681341,0.11199028,0.3450447542470457,188296.1196292237,277496.7499765206,1073183.407832232,-254284.9375,-31.785617187499998
3,1500,5000,1980,,1.5,2026-03-11,800000,1,8728d5505ffffff,38,47.5049547865478,-122.256925745014,533.3333333333334,3,2026,11,13.592367006650065,0.49555099247091033,70,0.9335418911179212,0.35846832151248087,1.0,6.123233995736766e-17,1,6.5,4.0,38,-0.667376707926831,-0.22399318043696137,-0.47205412931655333,-1.2266059192722387,1.2955736817672767,0.7425544399174262,1.4576488146837816,0.203319546889736,1.1134969505302745,-0.6763803487024298,-0.27166083868491925,13.256285,571651.44,13.592367,800000.1,0.20632248,0.112969816,0.058425363,0.29971492,0.15613493,0.11267966,0.33994585105059383,194330.53442523285,293605.07050505426,1113009.9631159573,-228348.5625,-28.543570312499998
3,1500,5000,1980,,1.5,2026-03-11,800000,1,8728d5554ffffff,9,47.5672285156917,-122.35943143674,533.3333333333334,3,2026,11,13.592367006650065,0.49555099247091033,70,0.9335418911179212,0.35846832151248087,1.0,6.123233995736766e-17,1,6.5,4.0,9,-0.667376707926831,-0.22399318043696137,-0.47205412931655333,-1.2266059192722387,1.2955736817672767,0.7425544399174262,1.4576488146837816,0.203319546889736,1.1134969505302745,-0.6763803487024298,-0.27166083868491925,13.56851,781140.3,13.592367,800000.1,0.31098068,0.11562927,0.03715548,0.2694312,0.11814773,0.06550284,0.32097816524618317,250728.98430608015,416396.35065995954,1465383.0875007706,-18859.6875,-2.3574609375
3,1500,5000,1980,,1.5,2026-03-11,800000,1,8728d5454ffffff,9,47.7041419477761,-122.354387707351,533.3333333333334,3,2026,11,13.592367006650065,0.49555099247091033,70,0.9335418911179212,0.35846832151248087,1.0,6.123233995736766e-17,1,6.5,4.0,9,-0.667376707926831,-0.22399318043696137,-0.47205412931655333,-1.2266059192722387,1.2955736817672767,0.7425544399174262,1.4576488146837816,0.203319546889736,1.1134969505302745,-0.6763803487024298,-0.27166083868491925,13.56851,781140.3,13.592367,800000.1,0.31098068,0.11562927,0.03715548,0.2694312,0.11814773,0.06550284,0.32097816524618317,250728.98430608015,416396.35065995954,1465383.0875007706,-18859.6875,-2.3574609375
3,1500,5000,1980,,1.5,2026-03-11,800000,1,8728d5573ffffff,14,47.5570236607435,-122.379865119645,533.3333333333334,3,2026,11,13.592367006650065,0.49555099247091033,70,0.9335418911179212,0.35846832151248087,1.0,6.123233995736766e-17,1,6.5,4.0,14,-0.667376707926831,-0.22399318043696137,-0.47205412931655333,-1.2266059192722387,1.2955736817672767,0.7425544399174262,1.4576488146837816,0.203319546889736,1.1134969505302745,-0.6763803487024298,-0.27166083868491925,13.422716,675167.56,13.592367,800000.1,0.21269397,0.14116687,0.060793936,0.25898272,0.13554305,0.108460695,0.32580294942091803,219971.583215832,356518.8383304649,1278617.432931377,-124832.4375,-15.6040546875
3,1500,5000,1980,,1.5,2026-03-11,800000,1,8728d552effffff,38,47.4793678501875,-122.288521790193,533.3333333333334,3,2026,11,13.592367006650065,0.49555099247091033,70,0.9335418911179212,0.35846832151248087,1.0,6.123233995736766e-17,1,6.5,4.0,38,-0.667376707926831,-0.22399318043696137,-0.47205412931655333,-1.2266059192722387,1.2955736817672767,0.7425544399174262,1.4576488146837816,0.203319546889736,1.1134969505302745,-0.6763803487024298,-0.27166083868491925,13.256285,571651.44,13.592367,800000.1,0.20632248,0.112969816,0.058425363,0.29971492,0.15613493,0.11267966,0.33994585105059383,194330.53442523285,293605.07050505426,1113009.9631159573,-228348.5625,-28.543570312499998
3,1500,5000,1980,,1.5,2026-03-11,800000,1,8728d5436ffffff,7,47.6120136925698,-122.171893962657,533.3333333333334,3,2026,11,13.592367006650065,0.49555099247091033,70,0.9335418911179212,0.35846832151248087,1.0,6.123233995736766e-17,1,6.5,4.0,7,-0.667376707926831,-0.22399318043696137,-0.47205412931655333,-1.2266059192722387,1.2955736817672767,0.7425544399174262,1.4576488146837816,0.203319546889736,1.1134969505302745,-0.6763803487024298,-0.27166083868491925,13.9079485,1.0968451e+06,13.592367,800000.1,0.32109296,0.078314655,0.043137155,0.29659182,0.117934786,0.084999084,0.31675702170425685,347433.3950658333,589544.0564299657,2040677.1693489058,296845.125,37.105640625
3,1500,5000,1980,,1.5,2026-03-11,800000,1,8728d5520ffffff,30,47.4504376719147,-122.275395016446,533.3333333333334,3,2026,11,13.592367006650065,0.49555099247091033,70,0.9335418911179212,0.35846832151248087,1.0,6.123233995736766e-17,1,6.5,4.0,30,-0.667376707926831,-0.22399318043696137,-0.47205412931655333,-1.2266059192722387,1.2955736817672767,0.7425544399174262,1.4576488146837816,0.203319546889736,1.1134969505302745,-0.6763803487024298,-0.27166083868491925,13.330981,615987.06,13.592367,800000.1,0.17745435,0.13888164,0.059867367,0.28856128,0.14287439,0.10826897,0.337100029361674,207649.2568551613,318145.84765031893,1192660.7722170346,-184012.9375,-23.001617187500003
3,1500,5000,1980,,1.5,2026-03-11,800000,1,8728d5419ffffff,23,47.7163909486683,-122.243758752182,533.3333333333334,3,2026,11,13.592367006650065,0.49555099247091033,70,0.9335418911179212,0.35846832151248087,1.0,6.123233995736766e-17,1,6.5,4.0,23,-0.667376707926831,-0.22399318043696137,-0.47205412931655333,-1.2266059192722387,1.2955736817672767,0.7425544399174262,1.4576488146837816,0.203319546889736,1.1134969505302745,-0.6763803487024298,-0.27166083868491925,13.48657,719686.06,13.592367,800000.1,0.14850666,0.13401696,0.06257982,0.30795446,0.15644751,0.11647555,0.3240508385126061,233214.87201896083,381333.92536824115,1358253.174705688,-80313.9375,-10.0392421875
3,1500,5000,1980,,1.5,2026-03-11,800000,1,8728d5535ffffff,38,47.4652088140387,-122.194719355074,533.3333333333334,3,2026,11,13.592367006650065,0.49555099247091033,70,0.9335418911179212,0.35846832151248087,1.0,6.123233995736766e-17,1,6.5,4.0,38,-0.667376707926831,-0.22399318043696137,-0.47205412931655333,-1.2266059192722387,1.2955736817672767,0.7425544399174262,1.4576488146837816,0.203319546889736,1.1134969505302745,-0.6763803487024298,-0.27166083868491925,13.256285,571651.44,13.592367,800000.1,0.20632248,0.112969816,0.058425363,0.29971492,0.15613493,0.11267966,0.33994585105059383,194330.53442523285,293605.07050505426,1113009.9631159573,-228348.5625,-28.543570312499998
3,1500,5000,1980,,1.5,2026-03-11,800000,1,8728d5c10ffffff,86,47.3023375388062,-122.348520293898,533.3333333333334,3,2026,11,13.592367006650065,0.49555099247091033,70,0.9335418911179212,0.35846832151248087,1.0,6.123233995736766e-17,1,6.5,4.0,86,-0.667376707926831,-0.22399318043696137,-0.47205412931655333,-1.2266059192722387,1.2955736817672767,0.7425544399174262,1.4576488146837816,0.203319546889736,1.1134969505302745,-0.6763803487024298,-0.27166083868491925,13.150534,514285.4,13.592367,800000.1,0.29009235,0.09125522,0.056154177,0.27028,0.15001014,0.11179674,0.3436453806605209,176731.8041989319,262233.00774557696,1008604.8751982113,-285714.59375,-35.71432421875
3,1500,5000,1980,,1.5,2026-03-11,800000,1,8728d54ecffffff,59,47.7514324332567,-122.334334751818,533.3333333333334,3,2026,11,13.592367006650065,0.49555099247091033,70,0.9335418911179212,0.35846832151248087,1.0,6.123233995736766e-17,1,6.5,4.0,59,-0.667376707926831,-0.22399318043696137,-0.47205412931655333,-1.2266059192722387,1.2955736817672767,0.7425544399174262,1.4576488146837816,0.203319546889736,1.1134969505302745,-0.6763803487024298,-0.27166083868491925,13.57471,785998.3,13.592367,800000.1,0.32559952,0.10470799,0.04193206,0.26081112,0.12616262,0.0780919,0.32477232620871,255270.50034674557,415881.7037856525,1485502.4923104434,-14001.6875,-1.7502109375000001
3,1500,5000,1980,,1.5,2026-03-11,800000,1,8728d541bffffff,59,47.7329238973164,-122.236642440922,533.3333333333334,3,2026,11,13.592367006650065,0.49555099247091033,70,0.9335418911179212,0.35846832151248087,1.0,6.123233995736766e-17,1,6.5,4.0,59,-0.667376707926831,-0.22399318043696137,-0.47205412931655333,-1.2266059192722387,1.2955736817672767,0.7425544399174262,1.4576488146837816,0.203319546889736,1.1134969505302745,-0.6763803487024298,-0.27166083868491925,13.57471,785998.3,13.592367,800000.1,0.32559952,0.10470799,0.04193206,0.26081112,0.12616262,0.0780919,0.32477232620871,255270.50034674557,415881.7037856525,1485502.4923104434,-14001.6875,-1.7502109375000001
3,1500,5000,1980,,1.5,2026-03-11,800000,1,8728d5c02ffffff,106,47.3029616108422,-122.387807507127,533.3333333333334,3,2026,11,13.592367006650065,0.49555099247091033,70,0.9335418911179212,0.35846832151248087,1.0,6.123233995736766e-17,1,6.5,4.0,106,-0.667376707926831,-0.22399318043696137,-0.47205412931655333,-1.2266059192722387,1.2955736817672767,0.7425544399174262,1.4576488146837816,0.203319546889736,1.1134969505302745,-0.6763803487024298,-0.27166083868491925,13.08494,481634.1,13.592367,800000.1,0.31456578,0.08276673,0.054061107,0.2690584,0.13972831,0.10810313,0.35103029180183487,169068.1564707748,242055.0805292626,958341.369041048,-318365.90625,-39.795738281249996
3,1500,5000,1980,,1.5,2026-03-11,800000,1,8728d5536ffffff,38,47.4688568686382,-122.167255747137,533.3333333333334,3,2026,11,13.592367006650065,0.49555099247091033,70,0.9335418911179212,0.35846832151248087,1.0,6.123233995736766e-17,1,6.5,4.0,38,-0.667376707926831,-0.22399318043696137,-0.47205412931655333,-1.2266059192722387,1.2955736817672767,0.7425544399174262,1.4576488146837816,0.203319546889736,1.1134969505302745,-0.6763803487024298,-0.27166083868491925,13.256285,571651.44,13.592367,800000.1,0.20632248,0.112969816,0.058425363,0.29971492,0.15613493,0.11267966,0.33994585105059383,194330.53442523285,293605.07050505426,1113009.9631159573,-228348.5625,-28.543570312499998
3,1500,5000,1980,,1.5,2026-03-11,800000,1,8728d5c1cffffff,106,47.3100731109055,-122.387914149904,533.3333333333334,3,2026,11,13.592367006650065,0.49555099247091033,70,0.9335418911179212,0.35846832151248087,1.0,6.123233995736766e-17,1,6.5,4.0,106,-0.667376707926831,-0.22399318043696137,-0.47205412931655333,-1.2266059192722387,1.2955736817672767,0.7425544399174262,1.4576488146837816,0.203319546889736,1.1134969505302745,-0.6763803487024298,-0.27166083868491925,13.08494,481634.1,13.592367,800000.1,0.31456578,0.08276673,0.054061107,0.2690584,0.13972831,0.10810313,0.35103029180183487,169068.1564707748,242055.0805292626,958341.369041048,-318365.90625,-39.795738281249996
3,1500,5000,1980,,1.5,2026-03-11,800000,1,8728d5588ffffff,20,47.6306627562765,-122.103498092402,533.3333333333334,3,2026,11,13.592367006650065,0.49555099247091033,70,0.9335418911179212,0.35846832151248087,1.0,6.123233995736766e-17,1,6.5,4.0,20,-0.667376707926831,-0.22399318043696137,-0.47205412931655333,-1.2266059192722387,1.2955736817672767,0.7425544399174262,1.4576488146837816,0.203319546889736,1.1134969505302745,-0.6763803487024298,-0.27166083868491925,13.727002,915295.44,13.592367,800000.1,0.36429393,0.100752935,0.03686084,0.25097382,0.10802373,0.06656576,0.3202315004012224,293106.43126101827,488623.9250155359,1714540.8634704505,115295.4375,14.411929687499999
3,1500,5000,1980,,1.5,2026-03-11,800000,1,8728d5494ffffff,41,47.7428419178214,-121.97809259236,533.3333333333334,3,2026,11,13.592367006650065,0.49555099247091033,70,0.9335418911179212,0.35846832151248087,1.0,6.123233995736766e-17,1,6.5,4.0,41,-0.667376707926831,-0.22399318043696137,-0.47205412931655333,-1.2266059192722387,1.2955736817672767,0.7425544399174262,1.4576488146837816,0.203319546889736,1.1134969505302745,-0.6763803487024298,-0.27166083868491925,13.351611,628826.8,13.592367,800000.1,0.22996262,0.108563885,0.05711808,0.2887228,0.16344582,0.111974515,0.3353526451977834,210878.73494316556,325891.5553810572,1213358.050438437,-171173.1875,-21.396648437499998
3,1500,5000,1980,,1.5,2026-03-11,800000,1,8728d54e3ffffff,59,47.765369289372,-122.294328796313,533.3333333333334,3,2026,11,13.592367006650065,0.49555099247091033,70,0.9335418911179212,0.35846832151248087,1.0,6.123233995736766e-17,1,6.5,4.0,59,-0.667376707926831,-0.22399318043696137,-0.47205412931655333,-1.2266059192722387,1.2955736817672767,0.7425544399174262,1.4576488146837816,0.203319546889736,1.1134969505302745,-0.6763803487024298,-0.27166083868491925,13.57471,785998.3,13.592367,800000.1,0.32559952,0.10470799,0.04193206,0.26081112,0.12616262,0.0780919,0.32477232620871,255270.50034674557,415881.7037856525,1485502.4923104434,-14001.6875,-1.7502109375000001
3,1500,5000,1980,,1.5,2026-03-11,800000,1,8728d5473ffffff,9,47.690716551836,-122.397258532041,533.3333333333334,3,2026,11,13.592367006650065,0.49555099247091033,70,0.9335418911179212,0.35846832151248087,1.0,6.123233995736766e-17,1,6.5,4.0,9,-0.667376707926831,-0.22399318043696137,-0.47205412931655333,-1.2266059192722387,1.2955736817672767,0.7425544399174262,1.4576488146837816,0.203319546889736,1.1134969505302745,-0.6763803487024298,-0.27166083868491925,13.56851,781140.3,13.592367,800000.1,0.31098068,0.11562927,0.03715548,0.2694312,0.11814773,0.06550284,0.32097816524618317,250728.98430608015,416396.35065995954,1465383.0875007706,-18859.6875,-2.3574609375
3,1500,5000,1980,,1.5,2026-03-11,800000,1,8728d435cffffff,111,47.3535256789769,-122.023744128092,533.3333333333334,3,2026,11,13.592367006650065,0.49555099247091033,70,0.9335418911179212,0.35846832151248087,1.0,6.123233995736766e-17,1,6.5,4.0,111,-0.667376707926831,-0.22399318043696137,-0.47205412931655333,-1.2266059192722387,1.2955736817672767,0.7425544399174262,1.4576488146837816,0.203319546889736,1.1134969505302745,-0.6763803487024298,-0.27166083868491925,13.205702,543454.8,13.592367,800000.1,0.2206001,0.10668545,0.05513616,0.30528402,0.14826591,0.10656026,0.34516845347010094,187583.45716150868,276280.4243660255,1068997.6554687188,-256545.1875,-32.0681484375
3,1500,5000,1980,,1.5,2026-03-11,800000,1,8728d558bffffff,7,47.6523630191668,-122.128898084824,533.3333333333334,3,2026,11,13.592367006650065,0.49555099247091033,70,0.9335418911179212,0.35846832151248087,1.0,6.123233995736766e-17,1,6.5,4.0,7,-0.667376707926831,-0.22399318043696137,-0.47205412931655333,-1.2266059192722387,1.2955736817672767,0.7425544399174262,1.4576488146837816,0.203319546889736,1.1134969505302745,-0.6763803487024298,-0.27166083868491925,13.9079485,1.0968451e+06,13.592367,800000.1,0.32109296,0.078314655,0.043137155,0.29659182,0.117934786,0.084999084,0.31675702170425685,347433.3950658333,589544.0564299657,2040677.1693489058,296845.125,37.105640625
3,1500,5000,1980,,1.5,2026-03-11,800000,1,8728d5523ffffff,38,47.4746162220003,-122.261049440026,533.3333333333334,3,2026,11,13.592367006650065,0.49555099247091033,70,0.9335418911179212,0.35846832151248087,1.0,6.123233995736766e-17,1,6.5,4.0,38,-0.667376707926831,-0.22399318043696137,-0.47205412931655333,-1.2266059192722387,1.2955736817672767,0.7425544399174262,1.4576488146837816,0.203319546889736,1.1134969505302745,-0.6763803487024298,-0.27166083868491925,13.256285,571651.44,13.592367,800000.1,0.20632248,0.112969816,0.058425363,0.29971492,0.15613493,0.11267966,0.33994585105059383,194330.53442523285,293605.07050505426,1113009.9631159573,-228348.5625,-28.543570312499998
3,1500,5000,1980,,1.5,2026-03-11,800000,1,8728d5425ffffff,9,47.5871563787573,-122.30761819097,533.3333333333334,3,2026,11,13.592367006650065,0.49555099247091033,70,0.9335418911179212,0.35846832151248087,1.0,6.123233995736766e-17,1,6.5,4.0,9,-0.667376707926831,-0.22399318043696137,-0.47205412931655333,-1.2266059192722387,1.2955736817672767,0.7425544399174262,1.4576488146837816,0.203319546889736,1.1134969505302745,-0.6763803487024298,-0.27166083868491925,13.56851,781140.3,13.592367,800000.1,0.31098068,0.11562927,0.03715548,0.2694312,0.11814773,0.06550284,0.32097816524618317,250728.98430608015,416396.35065995954,1465383.0875007706,-18859.6875,-2.3574609375
3,1500,5000,1980,,1.5,2026-03-11,800000,1,8728d550cffffff,38,47.5332035287496,-122.290485809389,533.3333333333334,3,2026,11,13.592367006650065,0.49555099247091033,70,0.9335418911179212,0.35846832151248087,1.0,6.123233995736766e-17,1,6.5,4.0,38,-0.667376707926831,-0.22399318043696137,-0.47205412931655333,-1.2266059192722387,1.2955736817672767,0.7425544399174262,1.4576488146837816,0.203319546889736,1.1134969505302745,-0.6763803487024298,-0.27166083868491925,13.256285,571651.44,13.592367,800000.1,0.20632248,0.112969816,0.058425363,0.29971492,0.15613493,0.11267966,0.33994585105059383,194330.53442523285,293605.07050505426,1113009.9631159573,-228348.5625,-28.543570312499998
3,1500,5000,1980,,1.5,2026-03-11,800000,1,8728d5475ffffff,9,47.659900639035,-122.400719202003,533.3333333333334,3,2026,11,13.592367006650065,0.49555099247091033,70,0.9335418911179212,0.35846832151248087,1.0,6.123233995736766e-17,1,6.5,4.0,9,-0.667376707926831,-0.22399318043696137,-0.47205412931655333,-1.2266059192722387,1.2955736817672767,0.7425544399174262,1.4576488146837816,0.203319546889736,1.1134969505302745,-0.6763803487024298,-0.27166083868491925,13.56851,781140.3,13.592367,800000.1,0.31098068,0.11562927,0.03715548,0.2694312,0.11814773,0.06550284,0.32097816524618317,250728.98430608015,416396.35065995954,1465383.0875007706,-18859.6875,-2.3574609375
3,1500,5000,1980,,1.5,2026-03-11,800000,1,8728d5409ffffff,9,47.6944318342018,-122.322742354966,533.3333333333334,3,2026,11,13.592367006650065,0.49555099247091033,70,0.9335418911179212,0.35846832151248087,1.0,6.123233995736766e-17,1,6.5,4.0,9,-0.667376707926831,-0.22399318043696137,-0.47205412931655333,-1.2266059192722387,1.2955736817672767,0.7425544399174262,1.4576488146837816,0.203319546889736,1.1134969505302745,-0.6763803487024298,-0.27166083868491925,13.56851,781140.3,13.592367,800000.1,0.31098068,0.11562927,0.03715548,0.2694312,0.11814773,0.06550284,0.32097816524618317,250728.98430608015,416396.35065995954,1465383.0875007706,-18859.6875,-2.3574609375
3,1500,5000,1980,,1.5,2026-03-11,800000,1,8728d4340ffffff,161,47.3082009613211,-122.031434502186,533.3333333333334,3,2026,11,13.592367006650065,0.49555099247091033,70,0.9335418911179212,0.35846832151248087,1.0,6.123233995736766e-17,1,6.5,4.0,161,-0.667376707926831,-0.22399318043696137,-0.47205412931655333,-1.2266059192722387,1.2955736817672767,0.7425544399174262,1.4576488146837816,0.203319546889736,1.1134969505302745,-0.6763803487024298,-0.27166083868491925,13.224815,553942.06,13.592367,800000.1,0.17484766,0.120328575,0.058374703,0.31379235,0.15762585,0.11132604,0.3463375992331074,191850.96404048594,280967.32886036055,1092126.2729257678,-246057.9375,-30.7572421875
3,1500,5000,1980,,1.5,2026-03-11,800000,1,8728d542bffffff,9,47.663333117718,-122.336125054869,533.3333333333334,3,2026,11,13.592367006650065,0.49555099247091033,70,0.9335418911179212,0.35846832151248087,1.0,6.123233995736766e-17,1,6.5,4.0,9,-0.667376707926831,-0.22399318043696137,-0.47205412931655333,-1.2266059192722387,1.2955736817672767,0.7425544399174262,1.4576488146837816,0.203319546889736,1.1134969505302745,-0.6763803487024298,-0.27166083868491925,13.56851,781140.3,13.592367,800000.1,0.31098068,0.11562927,0.03715548,0.2694312,0.11814773,0.06550284,0.32097816524618317,250728.98430608015,416396.35065995954,1465383.0875007706,-18859.6875,-2.3574609375
3,1500,5000,1980,,1.5,2026-03-11,800000,1,8728d5542ffffff,9,47.5784609272047,-122.398431170036,533.3333333333334,3,2026,11,13.592367006650065,0.49555099247091033,70,0.9335418911179212,0.35846832151248087,1.0,6.123233995736766e-17,1,6.5,4.0,9,-0.667376707926831,-0.22399318043696137,-0.47205412931655333,-1.2266059192722387,1.2955736817672767,0.7425544399174262,1.4576488146837816,0.203319546889736,1.1134969505302745,-0.6763803487024298,-0.27166083868491925,13.56851,781140.3,13.592367,800000.1,0.31098068,0.11562927,0.03715548,0.2694312,0.11814773,0.06550284,0.32097816524618317,250728.98430608015,416396.35065995954,1465383.0875007706,-18859.6875,-2.3574609375
3,1500,5000,1980,,1.5,2026-03-11,800000,1,8728d5caaffffff,106,47.374716522236,-122.29088560029,533.3333333333334,3,2026,11,13.592367006650065,0.49555099247091033,70,0.9335418911179212,0.35846832151248087,1.0,6.123233995736766e-17,1,6.5,4.0,106,-0.667376707926831,-0.22399318043696137,-0.47205412931655333,-1.2266059192722387,1.2955736817672767,0.7425544399174262,1.4576488146837816,0.203319546889736,1.1134969505302745,-0.6763803487024298,-0.27166083868491925,13.08494,481634.1,13.592367,800000.1,0.31456578,0.08276673,0.054061107,0.2690584,0.13972831,0.10810313,0.35103029180183487,169068.1564707748,242055.0805292626,958341.369041048,-318365.90625,-39.795738281249996
3,1500,5000,1980,,1.5,2026-03-11,800000,1,8728d54abffffff,23,47.7461661979025,-122.136039848553,533.3333333333334,3,2026,11,13.592367006650065,0.49555099247091033,70,0.9335418911179212,0.35846832151248087,1.0,6.123233995736766e-17,1,6.5,4.0,23,-0.667376707926831,-0.22399318043696137,-0.47205412931655333,-1.2266059192722387,1.2955736817672767,0.7425544399174262,1.4576488146837816,0.203319546889736,1.1134969505302745,-0.6763803487024298,-0.27166083868491925,13.48657,719686.06,13.592367,800000.1,0.14850666,0.13401696,0.06257982,0.30795446,0.15644751,0.11647555,0.3240508385126061,233214.87201896083,381333.92536824115,1358253.174705688,-80313.9375,-10.0392421875
3,1500,5000,1980,,1.5,2026-03-11,800000,1,8728d4242ffffff,161,47.4790013381274,-122.026905381087,533.3333333333334,3,2026,11,13.592367006650065,0.49555099247091033,70,0.9335418911179212,0.35846832151248087,1.0,6.123233995736766e-17,1,6.5,4.0,161,-0.667376707926831,-0.22399318043696137,-0.47205412931655333,-1.2266059192722387,1.2955736817672767,0.7425544399174262,1.4576488146837816,0.203319546889736,1.1134969505302745,-0.6763803487024298,-0.27166083868491925,13.224815,553942.06,13.592367,800000.1,0.17484766,0.120328575,0.058374703,0.31379235,0.15762585,0.11132604,0.3463375992331074,191850.96404048594,280967.32886036055,1092126.2729257678,-246057.9375,-30.7572421875
3,1500,5000,1980,,1.5,2026-03-11,800000,1,8728d5d98ffffff,106,47.2841054704505,-122.196274113904,533.3333333333334,3,2026,11,13.592367006650065,0.49555099247091033,70,0.9335418911179212,0.35846832151248087,1.0,6.123233995736766e-17,1,6.5,4.0,106,-0.667376707926831,-0.22399318043696137,-0.47205412931655333,-1.2266059192722387,1.2955736817672767,0.7425544399174262,1.4576488146837816,0.203319546889736,1.1134969505302745,-0.6763803487024298,-0.27166083868491925,13.08494,481634.1,13.592367,800000.1,0.31456578,0.08276673,0.054061107,0.2690584,0.13972831,0.10810313,0.35103029180183487,169068.1564707748,242055.0805292626,958341.369041048,-318365.90625,-39.795738281249996
3,1500,5000,1980,,1.5,2026-03-11,800000,1,8728d540dffffff,9,47.6691363851719,-122.327234403303,533.3333333333334,3,2026,11,13.592367006650065,0.49555099247091033,70,0.9335418911179212,0.35846832151248087,1.0,6.123233995736766e-17,1,6.5,4.0,9,-0.667376707926831,-0.22399318043696137,-0.47205412931655333,-1.2266059192722387,1.2955736817672767,0.7425544399174262,1.4576488146837816,0.203319546889736,1.1134969505302745,-0.6763803487024298,-0.27166083868491925,13.56851,781140.3,13.592367,800000.1,0.31098068,0.11562927,0.03715548,0.2694312,0.11814773,0.06550284,0.32097816524618317,250728.98430608015,416396.35065995954,1465383.0875007706,-18859.6875,-2.3574609375
3,1500,5000,1980,,1.5,2026-03-11,800000,1,8728d5c11ffffff,106,47.3062637998499,-122.362954571663,533.3333333333334,3,2026,11,13.592367006650065,0.49555099247091033,70,0.9335418911179212,0.35846832151248087,1.0,6.123233995736766e-17,1,6.5,4.0,106,-0.667376707926831,-0.22399318043696137,-0.47205412931655333,-1.2266059192722387,1.2955736817672767,0.7425544399174262,1.4576488146837816,0.203319546889736,1.1134969505302745,-0.6763803487024298,-0.27166083868491925,13.08494,481634.1,13.592367,800000.1,0.31456578,0.08276673,0.054061107,0.2690584,0.13972831,0.10810313,0.35103029180183487,169068.1564707748,242055.0805292626,958341.369041048,-318365.90625,-39.795738281249996
3,1500,5000,1980,,1.5,2026-03-11,800000,1,8728d5cadffffff,30,47.3337462660532,-122.344159837063,533.3333333333334,3,2026,11,13.592367006650065,0.49555099247091033,70,0.9335418911179212,0.35846832151248087,1.0,6.123233995736766e-17,1,6.5,4.0,30,-0.667376707926831,-0.22399318043696137,-0.47205412931655333,-1.2266059192722387,1.2955736817672767,0.7425544399174262,1.4576488146837816,0.203319546889736,1.1134969505302745,-0.6763803487024298,-0.27166083868491925,13.330981,615987.06,13.592367,800000.1,0.17745435,0.13888164,0.059867367,0.28856128,0.14287439,0.10826897,0.337100029361674,207649.2568551613,318145.84765031893,1192660.7722170346,-184012.9375,-23.001617187500003
3,1500,5000,1980,,1.5,2026-03-11,800000,1,8728d5c13ffffff,106,47.3244091476103,-122.34780530334,533.3333333333334,3,2026,11,13.592367006650065,0.49555099247091033,70,0.9335418911179212,0.35846832151248087,1.0,6.123233995736766e-17,1,6.5,4.0,106,-0.667376707926831,-0.22399318043696137,-0.47205412931655333,-1.2266059192722387,1.2955736817672767,0.7425544399174262,1.4576488146837816,0.203319546889736,1.1134969505302745,-0.6763803487024298,-0.27166083868491925,13.08494,481634.1,13.592367,800000.1,0.31456578,0.08276673,0.054061107,0.2690584,0.13972831,0.10810313,0.35103029180183487,169068.1564707748,242055.0805292626,958341.369041048,-318365.90625,-39.795738281249996
3,1500,5000,1980,,1.5,2026-03-11,800000,1,8728d5c89ffffff,38,47.4141242137389,-122.334562333787,533.3333333333334,3,2026,11,13.592367006650065,0.49555099247091033,70,0.9335418911179212,0.35846832151248087,1.0,6.123233995736766e-17,1,6.5,4.0,38,-0.667376707926831,-0.22399318043696137,-0.47205412931655333,-1.2266059192722387,1.2955736817672767,0.7425544399174262,1.4576488146837816,0.203319546889736,1.1134969505302745,-0.6763803487024298,-0.27166083868491925,13.256285,571651.44,13.592367,800000.1,0.20632248,0.112969816,0.058425363,0.29971492,0.15613493,0.11267966,0.33994585105059383,194330.53442523285,293605.07050505426,1113009.9631159573,-228348.5625,-28.543570312499998
3,1500,5000,1980,,1.5,2026-03-11,800000,1,8728d5474ffffff,9,47.6507561035275,-122.397853424,533.3333333333334,3,2026,11,13.592367006650065,0.49555099247091033,70,0.9335418911179212,0.35846832151248087,1.0,6.123233995736766e-17,1,6.5,4.0,9,-0.667376707926831,-0.22399318043696137,-0.47205412931655333,-1.2266059192722387,1.2955736817672767,0.7425544399174262,1.4576488146837816,0.203319546889736,1.1134969505302745,-0.6763803487024298,-0.27166083868491925,13.56851,781140.3,13.592367,800000.1,0.31098068,0.11562927,0.03715548,0.2694312,0.11814773,0.06550284,0.32097816524618317,250728.98430608015,416396.35065995954,1465383.0875007706,-18859.6875,-2.3574609375
3,1500,5000,1980,,1.5,2026-03-11,800000,1,8728d5592ffffff,110,47.6330193912499,-121.954044686158,533.3333333333334,3,2026,11,13.592367006650065,0.49555099247091033,70,0.9335418911179212,0.35846832151248087,1.0,6.123233995736766e-17,1,6.5,4.0,110,-0.667376707926831,-0.22399318043696137,-0.47205412931655333,-1.2266059192722387,1.2955736817672767,0.7425544399174262,1.4576488146837816,0.203319546889736,1.1134969505302745,-0.6763803487024298,-0.27166083868491925,13.3740225,643078.75,13.592367,800000.1,0.2502259,0.10624309,0.052251153,0.29459697,0.12415272,0.09775224,0.332438462565735,213784.11095869465,335186.742970354,1233790.7153159075,-156921.25,-19.61515625
3,1500,5000,1980,,1.5,2026-03-11,800000,1,8728d5570ffffff,9,47.5281332848811,-122.390010880759,533.3333333333334,3,2026,11,13.592367006650065,0.49555099247091033,70,0.9335418911179212,0.35846832151248087,1.0,6.123233995736766e-17,1,6.5,4.0,9,-0.667376707926831,-0.22399318043696137,-0.47205412931655333,-1.2266059192722387,1.2955736817672767,0.7425544399174262,1.4576488146837816,0.203319546889736,1.1134969505302745,-0.6763803487024298,-0.27166083868491925,13.56851,781140.3,13.592367,800000.1,0.31098068,0.11562927,0.03715548,0.2694312,0.11814773,0.06550284,0.32097816524618317,250728.98430608015,416396.35065995954,1465383.0875007706,-18859.6875,-2.3574609375
3,1500,5000,1980,,1.5,2026-03-11,800000,1,8728d4ac2ffffff,3,47.1941563017399,-121.989692344546,533.3333333333334,3,2026,11,13.592367006650065,0.49555099247091033,70,0.9335418911179212,0.35846832151248087,1.0,6.123233995736766e-17,1,6.5,4.0,3,-0.667376707926831,-0.22399318043696137,-0.47205412931655333,-1.2266059192722387,1.2955736817672767,0.7425544399174262,1.4576488146837816,0.203319546889736,1.1134969505302745,-0.6763803487024298,-0.27166083868491925,13.082217,480324.5,13.592367,800000.1,0.24503873,0.10715157,0.056290045,0.28075206,0.16423324,0.110721245,0.35202271520198425,169085.1346680355,240927.82702483126,957596.4617336099,-319675.5,-39.9594375
3,1500,5000,1980,,1.5,2026-03-11,800000,1,8728d54eeffffff,59,47.7742461586178,-122.316067400538,533.3333333333334,3,2026,11,13.592367006650065,0.49555099247091033,70,0.9335418911179212,0.35846832151248087,1.0,6.123233995736766e-17,1,6.5,4.0,59,-0.667376707926831,-0.22399318043696137,-0.47205412931655333,-1.2266059192722387,1.2955736817672767,0.7425544399174262,1.4576488146837816,0.203319546889736,1.1134969505302745,-0.6763803487024298,-0.27166083868491925,13.57471,785998.3,13.592367,800000.1,0.32559952,0.10470799,0.04193206,0.26081112,0.12616262,0.0780919,0.32477232620871,255270.50034674557,415881.7037856525,1485502.4923104434,-14001.6875,-1.7502109375000001
3,1500,5000,1980,,1.5,2026-03-11,800000,1,8728d5412ffffff,59,47.6774162366928,-122.157271006912,533.3333333333334,3,2026,11,13.592367006650065,0.49555099247091033,70,0.9335418911179212,0.35846832151248087,1.0,6.123233995736766e-17,1,6.5,4.0,59,-0.667376707926831,-0.22399318043696137,-0.47205412931655333,-1.2266059192722387,1.2955736817672767,0.7425544399174262,1.4576488146837816,0.203319546889736,1.1134969505302745,-0.6763803487024298,-0.27166083868491925,13.57471,785998.3,13.592367,800000.1,0.32559952,0.10470799,0.04193206,0.26081112,0.12616262,0.0780919,0.32477232620871,255270.50034674557,415881.7037856525,1485502.4923104434,-14001.6875,-1.7502109375000001
3,1500,5000,1980,,1.5,2026-03-11,800000,1,8728d5500ffffff,38,47.5093478616132,-122.243509080915,533.3333333333334,3,2026,11,13.592367006650065,0.49555099247091033,70,0.9335418911179212,0.35846832151248087,1.0,6.123233995736766e-17,1,6.5,4.0,38,-0.667376707926831,-0.22399318043696137,-0.47205412931655333,-1.2266059192722387,1.2955736817672767,0.7425544399174262,1.4576488146837816,0.203319546889736,1.1134969505302745,-0.6763803487024298,-0.27166083868491925,13.256285,571651.44,13.592367,800000.1,0.20632248,0.112969816,0.058425363,0.29971492,0.15613493,0.11267966,0.33994585105059383,194330.53442523285,293605.07050505426,1113009.9631159573,-228348.5625,-28.543570312499998
3,1500,5000,1980,,1.5,2026-03-11,800000,1,8728d4245ffffff,161,47.4397698873932,-122.080480237898,533.3333333333334,3,2026,11,13.592367006650065,0.49555099247091033,70,0.9335418911179212,0.35846832151248087,1.0,6.123233995736766e-17,1,6.5,4.0,161,-0.667376707926831,-0.22399318043696137,-0.47205412931655333,-1.2266059192722387,1.2955736817672767,0.7425544399174262,1.4576488146837816,0.203319546889736,1.1134969505302745,-0.6763803487024298,-0.27166083868491925,13.224815,553942.06,13.592367,800000.1,0.17484766,0.120328575,0.058374703,0.31379235,0.15762585,0.11132604,0.3463375992331074,191850.96404048594,280967.32886036055,1092126.2729257678,-246057.9375,-30.7572421875
3,1500,5000,1980,,1.5,2026-03-11,800000,1,8728d540cffffff,9,47.6638163286961,-122.319308223411,533.3333333333334,3,2026,11,13.592367006650065,0.49555099247091033,70,0.9335418911179212,0.35846832151248087,1.0,6.123233995736766e-17,1,6.5,4.0,9,-0.667376707926831,-0.22399318043696137,-0.47205412931655333,-1.2266059192722387,1.2955736817672767,0.7425544399174262,1.4576488146837816,0.203319546889736,1.1134969505302745,-0.6763803487024298,-0.27166083868491925,13.56851,781140.3,13.592367,800000.1,0.31098068,0.11562927,0.03715548,0.2694312,0.11814773,0.06550284,0.32097816524618317,250728.98430608015,416396.35065995954,1465383.0875007706,-18859.6875,-2.3574609375
3,1500,5000,1980,,1.5,2026-03-11,800000,1,8728d0860ffffff,70,47.7688959209216,-121.897577570874,533.3333333333334,3,2026,11,13.592367006650065,0.49555099247091033,70,0.9335418911179212,0.35846832151248087,1.0,6.123233995736766e-17,1,6.5,4.0,70,-0.667376707926831,-0.22399318043696137,-0.47205412931655333,-1.2266059192722387,1.2955736817672767,0.7425544399174262,1.4576488146837816,0.203319546889736,1.1134969505302745,-0.6763803487024298,-0.27166083868491925,13.340652,621973.3,13.592367,800000.1,0.059156287,0.13597353,0.06470749,0.3648304,0.17143732,0.12251256,0.33679787142066814,209479.28773046203,321427.93265758536,1203538.2208779673,-178026.6875,-22.253335937499997
3,1500,5000,1980,,1.5,2026-03-11,800000,1,8728d5430ffffff,36,47.6245481919039,-122.200574832134,533.3333333333334,3,2026,11,13.592367006650065,0.49555099247091033,70,0.9335418911179212,0.35846832151248087,1.0,6.123233995736766e-17,1,6.5,4.0,36,-0.667376707926831,-0.22399318043696137,-0.47205412931655333,-1.2266059192722387,1.2955736817672767,0.7425544399174262,1.4576488146837816,0.203319546889736,1.1134969505302745,-0.6763803487024298,-0.27166083868491925,14.630976,2.2602268e+06,13.592367,800000.1,0.4058476,0.063784264,0.023082562,0.2985506,0.08836825,0.04505165,0.3359990516134522,759434.0444313554,1169886.8376093323,4366768.694700814,1460226.75,182.52834375
3,1500,5000,1980,,1.5,2026-03-11,800000,1,8728d42e3ffffff,220,47.5187105550625,-121.885858604253,533.3333333333334,3,2026,11,13.592367006650065,0.49555099247091033,70,0.9335418911179212,0.35846832151248087,1.0,6.123233995736766e-17,1,6.5,4.0,220,-0.667376707926831,-0.22399318043696137,-0.47205412931655333,-1.2266059192722387,1.2955736817672767,0.7425544399174262,1.4576488146837816,0.203319546889736,1.1134969505302745,-0.6763803487024298,-0.27166083868491925,13.36317,636137.25,13.592367,800000.1,0.11240285,0.1449377,0.065651484,0.31398648,0.16111782,0.1208405,0.3325623547171339,211555.3017832821,331488.1876227814,1220769.4142624668,-163862.75,-20.482843749999997
3,1500,5000,1980,,1.5,2026-03-11,800000,1,8728d426effffff,57,47.4321615725857,-122.107581847294,533.3333333333334,3,2026,11,13.592367006650065,0.49555099247091033,70,0.9335418911179212,0.35846832151248087,1.0,6.123233995736766e-17,1,6.5,4.0,57,-0.667376707926831,-0.22399318043696137,-0.47205412931655333,-1.2266059192722387,1.2955736817672767,0.7425544399174262,1.4576488146837816,0.203319546889736,1.1134969505302745,-0.6763803487024298,-0.27166083868491925,13.360973,634741.7,13.592367,800000.1,0.2416855,0.096876144,0.05276928,0.30825102,0.14068456,0.10299199,0.334512667343905,212329.13495999642,329498.9776406977,1222756.3677889165,-165258.3125,-20.657289062500002
3,1500,5000,1980,,1.5,2026-03-11,800000,1,8728d4258ffffff,7,47.5158600108936,-122.034150130682,533.3333333333334,3,2026,11,13.592367006650065,0.49555099247091033,70,0.9335418911179212,0.35846832151248087,1.0,6.123233995736766e-17,1,6.5,4.0,7,-0.667376707926831,-0.22399318043696137,-0.47205412931655333,-1.2266059192722387,1.2955736817672767,0.7425544399174262,1.4576488146837816,0.203319546889736,1.1134969505302745,-0.6763803487024298,-0.27166083868491925,13.9079485,1.0968451e+06,13.592367,800000.1,0.32109296,0.078314655,0.043137155,0.29659182,0.117934786,0.084999084,0.31675702170425685,347433.3950658333,589544.0564299657,2040677.1693489058,296845.125,37.105640625
3,1500,5000,1980,,1.5,2026-03-11,800000,1,8728d5501ffffff,38,47.5182800759037,-122.275853013453,533.3333333333334,3,2026,11,13.592367006650065,0.49555099247091033,70,0.9335418911179212,0.35846832151248087,1.0,6.123233995736766e-17,1,6.5,4.0,38,-0.667376707926831,-0.22399318043696137,-0.47205412931655333,-1.2266059192722387,1.2955736817672767,0.7425544399174262,1.4576488146837816,0.203319546889736,1.1134969505302745,-0.6763803487024298,-0.27166083868491925,13.256285,571651.44,13.592367,800000.1,0.20632248,0.112969816,0.058425363,0.29971492,0.15613493,0.11267966,0.33994585105059383,194330.53442523285,293605.07050505426,1113009.9631159573,-228348.5625,-28.543570312499998
3,1500,5000,1980,,1.5,2026-03-11,800000,1,8728d5d89ffffff,106,47.2796924246097,-122.315511290395,533.3333333333334,3,2026,11,13.592367006650065,0.49555099247091033,70,0.9335418911179212,0.35846832151248087,1.0,6.123233995736766e-17,1,6.5,4.0,106,-0.667376707926831,-0.22399318043696137,-0.47205412931655333,-1.2266059192722387,1.2955736817672767,0.7425544399174262,1.4576488146837816,0.203319546889736,1.1134969505302745,-0.6763803487024298,-0.27166083868491925,13.08494,481634.1,13.592367,800000.1,0.31456578,0.08276673,0.054061107,0.2690584,0.13972831,0.10810313,0.35103029180183487,169068.1564707748,242055.0805292626,958341.369041048,-318365.90625,-39.795738281249996
3,1500,5000,1980,,1.5,2026-03-11,800000,1,8728d542dffffff,59,47.6272936048922,-122.358787390216,533.3333333333334,3,2026,11,13.592367006650065,0.49555099247091033,70,0.9335418911179212,0.35846832151248087,1.0,6.123233995736766e-17,1,6.5,4.0,59,-0.667376707926831,-0.22399318043696137,-0.47205412931655333,-1.2266059192722387,1.2955736817672767,0.7425544399174262,1.4576488146837816,0.203319546889736,1.1134969505302745,-0.6763803487024298,-0.27166083868491925,13.57471,785998.3,13.592367,800000.1,0.32559952,0.10470799,0.04193206,0.26081112,0.12616262,0.0780919,0.32477232620871,255270.50034674557,415881.7037856525,1485502.4923104434,-14001.6875,-1.7502109375000001
3,1500,5000,1980,,1.5,2026-03-11,800000,1,8728d55a9ffffff,7,47.5844940167932,-122.169036837401,533.3333333333334,3,2026,11,13.592367006650065,0.49555099247091033,70,0.9335418911179212,0.35846832151248087,1.0,6.123233995736766e-17,1,6.5,4.0,7,-0.667376707926831,-0.22399318043696137,-0.47205412931655333,-1.2266059192722387,1.2955736817672767,0.7425544399174262,1.4576488146837816,0.203319546889736,1.1134969505302745,-0.6763803487024298,-0.27166083868491925,13.9079485,1.0968451e+06,13.592367,800000.1,0.32109296,0.078314655,0.043137155,0.29659182,0.117934786,0.084999084,0.31675702170425685,347433.3950658333,589544.0564299657,2040677.1693489058,296845.125,37.105640625
3,1500,5000,1980,,1.5,2026-03-11,800000,1,8728d550affffff,38,47.5650493967242,-122.285629558503,533.3333333333334,3,2026,11,13.592367006650065,0.49555099247091033,70,0.9335418911179212,0.35846832151248087,1.0,6.123233995736766e-17,1,6.5,4.0,38,-0.667376707926831,-0.22399318043696137,-0.47205412931655333,-1.2266059192722387,1.2955736817672767,0.7425544399174262,1.4576488146837816,0.203319546889736,1.1134969505302745,-0.6763803487024298,-0.27166083868491925,13.256285,571651.44,13.592367,800000.1,0.20632248,0.112969816,0.058425363,0.29971492,0.15613493,0.11267966,0.33994585105059383,194330.53442523285,293605.07050505426,1113009.9631159573,-228348.5625,-28.543570312499998
3,1500,5000,1980,,1.5,2026-03-11,800000,1,8728d550dffffff,38,47.5300462719985,-122.324495463188,533.3333333333334,3,2026,11,13.592367006650065,0.49555099247091033,70,0.9335418911179212,0.35846832151248087,1.0,6.123233995736766e-17,1,6.5,4.0,38,-0.667376707926831,-0.22399318043696137,-0.47205412931655333,-1.2266059192722387,1.2955736817672767,0.7425544399174262,1.4576488146837816,0.203319546889736,1.1134969505302745,-0.6763803487024298,-0.27166083868491925,13.256285,571651.44,13.592367,800000.1,0.20632248,0.112969816,0.058425363,0.29971492,0.15613493,0.11267966,0.33994585105059383,194330.53442523285,293605.07050505426,1113009.9631159573,-228348.5625,-28.543570312499998
3,1500,5000,1980,,1.5,2026-03-11,800000,1,8728d5ce1ffffff,66,47.3768724364786,-122.490420658131,533.3333333333334,3,2026,11,13.592367006650065,0.49555099247091033,70,0.9335418911179212,0.35846832151248087,1.0,6.123233995736766e-17,1,6.5,4.0,66,-0.667376707926831,-0.22399318043696137,-0.47205412931655333,-1.2266059192722387,1.2955736817672767,0.7425544399174262,1.4576488146837816,0.203319546889736,1.1134969505302745,-0.6763803487024298,-0.27166083868491925,13.296781,595276.06,13.592367,800000.1,0.026403114,0.14312924,0.06610143,0.37648585,0.17622346,0.12444037,0.34027154624953476,202555.5062322097,305543.7806757057,1159747.4419164697,-204723.9375,-25.590492187500004
3,1500,5000,1980,,1.5,2026-03-11,800000,1,8728d54c4ffffff,59,47.7645416619845,-122.264597212276,533.3333333333334,3,2026,11,13.592367006650065,0.49555099247091033,70,0.9335418911179212,0.35846832151248087,1.0,6.123233995736766e-17,1,6.5,4.0,59,-0.667376707926831,-0.22399318043696137,-0.47205412931655333,-1.2266059192722387,1.2955736817672767,0.7425544399174262,1.4576488146837816,0.203319546889736,1.1134969505302745,-0.6763803487024298,-0.27166083868491925,13.57471,785998.3,13.592367,800000.1,0.32559952,0.10470799,0.04193206,0.26081112,0.12616262,0.0780919,0.32477232620871,255270.50034674557,415881.7037856525,1485502.4923104434,-14001.6875,-1.7502109375000001
3,1500,5000,1980,,1.5,2026-03-11,800000,1,8728d5c15ffffff,106,47.2866471404587,-122.357665507711,533.3333333333334,3,2026,11,13.592367006650065,0.49555099247091033,70,0.9335418911179212,0.35846832151248087,1.0,6.123233995736766e-17,1,6.5,4.0,106,-0.667376707926831,-0.22399318043696137,-0.47205412931655333,-1.2266059192722387,1.2955736817672767,0.7425544399174262,1.4576488146837816,0.203319546889736,1.1134969505302745,-0.6763803487024298,-0.27166083868491925,13.08494,481634.1,13.592367,800000.1,0.31456578,0.08276673,0.054061107,0.2690584,0.13972831,0.10810313,0.35103029180183487,169068.1564707748,242055.0805292626,958341.369041048,-318365.90625,-39.795738281249996
3,1500,5000,1980,,1.5,2026-03-11,800000,1,8728d5410ffffff,59,47.674229647431,-122.158775349528,533.3333333333334,3,2026,11,13.592367006650065,0.49555099247091033,70,0.9335418911179212,0.35846832151248087,1.0,6.123233995736766e-17,1,6.5,4.0,59,-0.667376707926831,-0.22399318043696137,-0.47205412931655333,-1.2266059192722387,1.2955736817672767,0.7425544399174262,1.4576488146837816,0.203319546889736,1.1134969505302745,-0.6763803487024298,-0.27166083868491925,13.57471,785998.3,13.592367,800000.1,0.32559952,0.10470799,0.04193206,0.26081112,0.12616262,0.0780919,0.32477232620871,255270.50034674557,415881.7037856525,1485502.4923104434,-14001.6875,-1.7502109375000001
3,1500,5000,1980,,1.5,2026-03-11,800000,1,8728d5ccdffffff,87,47.4397725373921,-122.502489123148,533.3333333333334,3,2026,11,13.592367006650065,0.49555099247091033,70,0.9335418911179212,0.35846832151248087,1.0,6.123233995736766e-17,1,6.5,4.0,87,-0.667376707926831,-0.22399318043696137,-0.47205412931655333,-1.2266059192722387,1.2955736817672767,0.7425544399174262,1.4576488146837816,0.203319546889736,1.1134969505302745,-0.6763803487024298,-0.27166083868491925,13.29725,595555.44,13.592367,800000.1,0.117311664,0.1277784,0.05415178,0.35557854,0.15993331,0.10209054,0.33823473741532456,201437.53701908124,306909.9646107552,1155668.912523649,-204444.5625,-25.5555703125
3,1500,5000,1980,,1.5,2026-03-11,800000,1,8728d5406ffffff,15,47.6424920469862,-122.213787245674,533.3333333333334,3,2026,11,13.592367006650065,0.49555099247091033,70,0.9335418911179212,0.35846832151248087,1.0,6.123233995736766e-17,1,6.5,4.0,15,-0.667376707926831,-0.22399318043696137,-0.47205412931655333,-1.2266059192722387,1.2955736817672767,0.7425544399174262,1.4576488146837816,0.203319546889736,1.1134969505302745,-0.6763803487024298,-0.27166083868491925,14.853005,2.8221382e+06,13.592367,800000.1,0.43238205,0.09719162,0.036820367,0.21012121,0.08164551,0.06347861,0.3360644221672529,948420.2602623523,1460543.4373515646,5453082.90139136,2022138.25,252.76728125
3,1500,5000,1980,,1.5,2026-03-11,800000,1,8728d5432ffffff,7,47.633300094712,-122.168513053357,533.3333333333334,3,2026,11,13.592367006650065,0.49555099247091033,70,0.9335418911179212,0.35846832151248087,1.0,6.123233995736766e-17,1,6.5,4.0,7,-0.667376707926831,-0.22399318043696137,-0.47205412931655333,-1.2266059192722387,1.2955736817672767,0.7425544399174262,1.4576488146837816,0.203319546889736,1.1134969505302745,-0.6763803487024298,-0.27166083868491925,13.9079485,1.0968451e+06,13.592367,800000.1,0.32109296,0.078314655,0.043137155,0.29659182,0.117934786,0.084999084,0.31675702170425685,347433.3950658333,589544.0564299657,2040677.1693489058,296845.125,37.105640625
3,1500,5000,1980,,1.5,2026-03-11,800000,1,8728d559affffff,12,47.663196139508,-121.99681743075,533.3333333333334,3,2026,11,13.592367006650065,0.49555099247091033,70,0.9335418911179212,0.35846832151248087,1.0,6.123233995736766e-17,1,6.5,4.0,12,-0.667376707926831,-0.22399318043696137,-0.47205412931655333,-1.2266059192722387,1.2955736817672767,0.7425544399174262,1.4576488146837816,0.203319546889736,1.1134969505302745,-0.6763803487024298,-0.27166083868491925,13.462615,702650.56,13.592367,800000.1,0.2459425,0.109248884,0.05816469,0.27545753,0.15539336,0.11271997,0.32468515475206783,228140.20662194001,371844.8996202941,1327752.0953929252,-97349.4375,-12.168679687500001
3,1500,5000,1980,,1.5,2026-03-11,800000,1,8728d5515ffffff,10,47.5092901027342,-122.18606283675,533.3333333333334,3,2026,11,13.592367006650065,0.49555099247091033,70,0.9335418911179212,0.35846832151248087,1.0,6.123233995736766e-17,1,6.5,4.0,10,-0.667376707926831,-0.22399318043696137,-0.47205412931655333,-1.2266059192722387,1.2955736817672767,0.7425544399174262,1.4576488146837816,0.203319546889736,1.1134969505302745,-0.6763803487024298,-0.27166083868491925,13.209852,545715.06,13.592367,800000.1,0.2408248,0.106966585,0.057427034,0.28335965,0.15681341,0.11199028,0.3450447542470457,188296.1196292237,277496.7499765206,1073183.407832232,-254284.9375,-31.785617187499998
3,1500,5000,1980,,1.5,2026-03-11,800000,1,8728d5580ffffff,69,47.5963096389255,-122.059215771298,533.3333333333334,3,2026,11,13.592367006650065,0.49555099247091033,70,0.9335418911179212,0.35846832151248087,1.0,6.123233995736766e-17,1,6.5,4.0,69,-0.667376707926831,-0.22399318043696137,-0.47205412931655333,-1.2266059192722387,1.2955736817672767,0.7425544399174262,1.4576488146837816,0.203319546889736,1.1134969505302745,-0.6763803487024298,-0.27166083868491925,13.505332,733316.0,13.592367,800000.1,0.15061757,0.12013256,0.051161468,0.34888697,0.14791656,0.09621565,0.32316536172433125,236982.3303982397,389230.8472019619,1381576.9223167647,-66684.0,-8.3355
3,1500,5000,1980,,1.5,2026-03-11,800000,1,8728d5d8affffff,106,47.2832995312068,-122.265048812078,533.3333333333334,3,2026,11,13.592367006650065,0.49555099247091033,70,0.9335418911179212,0.35846832151248087,1.0,6.123233995736766e-17,1,6.5,4.0,106,-0.667376707926831,-0.22399318043696137,-0.47205412931655333,-1.2266059192722387,1.2955736817672767,0.7425544399174262,1.4576488146837816,0.203319546889736,1.1134969505302745,-0.6763803487024298,-0.27166083868491925,13.08494,481634.1,13.592367,800000.1,0.31456578,0.08276673,0.054061107,0.2690584,0.13972831,0.10810313,0.35103029180183487,169068.1564707748,242055.0805292626,958341.369041048,-318365.90625,-39.795738281249996
3,1500,5000,1980,,1.5,2026-03-11,800000,1,8728d5cb4ffffff,10,47.325200241334,-122.165402572338,533.3333333333334,3,2026,11,13.592367006650065,0.49555099247091033,70,0.9335418911179212,0.35846832151248087,1.0,6.123233995736766e-17,1,6.5,4.0,10,-0.667376707926831,-0.22399318043696137,-0.47205412931655333,-1.2266059192722387,1.2955736817672767,0.7425544399174262,1.4576488146837816,0.203319546889736,1.1134969505302745,-0.6763803487024298,-0.27166083868491925,13.209852,545715.06,13.592367,800000.1,0.2408248,0.106966585,0.057427034,0.28335965,0.15681341,0.11199028,0.3450447542470457,188296.1196292237,277496.7499765206,1073183.407832232,-254284.9375,-31.785617187499998
3,1500,5000,1980,,1.5,2026-03-11,800000,1,8728d5cd1ffffff,30,47.4563747258004,-122.37162968962,533.3333333333334,3,2026,11,13.592367006650065,0.49555099247091033,70,0.9335418911179212,0.35846832151248087,1.0,6.123233995736766e-17,1,6.5,4.0,30,-0.667376707926831,-0.22399318043696137,-0.47205412931655333,-1.2266059192722387,1.2955736817672767,0.7425544399174262,1.4576488146837816,0.203319546889736,1.1134969505302745,-0.6763803487024298,-0.27166083868491925,13.330981,615987.06,13.592367,800000.1,0.17745435,0.13888164,0.059867367,0.28856128,0.14287439,0.10826897,0.337100029361674,207649.2568551613,318145.84765031893,1192660.7722170346,-184012.9375,-23.001617187500003
3,1500,5000,1980,,1.5,2026-03-11,800000,1,8728d541affffff,59,47.715521369713,-122.217853179227,533.3333333333334,3,2026,11,13.592367006650065,0.49555099247091033,70,0.9335418911179212,0.35846832151248087,1.0,6.123233995736766e-17,1,6.5,4.0,59,-0.667376707926831,-0.22399318043696137,-0.47205412931655333,-1.2266059192722387,1.2955736817672767,0.7425544399174262,1.4576488146837816,0.203319546889736,1.1134969505302745,-0.6763803487024298,-0.27166083868491925,13.57471,785998.3,13.592367,800000.1,0.32559952,0.10470799,0.04193206,0.26081112,0.12616262,0.0780919,0.32477232620871,255270.50034674557,415881.7037856525,1485502.4923104434,-14001.6875,-1.7502109375000001
3,1500,5000,1980,,1.5,2026-03-11,800000,1,8728d54b1ffffff,120,47.7087411650075,-122.029582673074,533.3333333333334,3,2026,11,13.592367006650065,0.49555099247091033,70,0.9335418911179212,0.35846832151248087,1.0,6.123233995736766e-17,1,6.5,4.0,120,-0.667376707926831,-0.22399318043696137,-0.47205412931655333,-1.2266059192722387,1.2955736817672767,0.7425544399174262,1.4576488146837816,0.203319546889736,1.1134969505302745,-0.6763803487024298,-0.27166083868491925,13.494869,725683.5,13.592367,800000.1,0.13194534,0.121236786,0.055480476,0.35181862,0.15190113,0.104937285,0.3228447469717752,234283.1059390922,385421.7730752704,1366338.2868800377,-74316.5,-9.289562499999999
3,1500,5000,1980,,1.5,2026-03-11,800000,1,8728d55a6ffffff,7,47.5320699947439,-122.046785749054,533.3333333333334,3,2026,11,13.592367006650065,0.49555099247091033,70,0.9335418911179212,0.35846832151248087,1.0,6.123233995736766e-17,1,6.5,4.0,7,-0.667376707926831,-0.22399318043696137,-0.47205412931655333,-1.2266059192722387,1.2955736817672767,0.7425544399174262,1.4576488146837816,0.203319546889736,1.1134969505302745,-0.6763803487024298,-0.27166083868491925,13.9079485,1.0968451e+06,13.592367,800000.1,0.32109296,0.078314655,0.043137155,0.29659182,0.117934786,0.084999084,0.31675702170425685,347433.3950658333,589544.0564299657,2040677.1693489058,296845.125,37.105640625
3,1500,5000,1980,,1.5,2026-03-11,800000,1,8728d54f6ffffff,59,47.7399496072112,-122.169160940726,533.3333333333334,3,2026,11,13.592367006650065,0.49555099247091033,70,0.9335418911179212,0.35846832151248087,1.0,6.123233995736766e-17,1,6.5,4.0,59,-0.667376707926831,-0.22399318043696137,-0.47205412931655333,-1.2266059192722387,1.2955736817672767,0.7425544399174262,1.4576488146837816,0.203319546889736,1.1134969505302745,-0.6763803487024298,-0.27166083868491925,13.57471,785998.3,13.592367,800000.1,0.32559952,0.10470799,0.04193206,0.26081112,0.12616262,0.0780919,0.32477232620871,255270.50034674557,415881.7037856525,1485502.4923104434,-14001.6875,-1.7502109375000001
3,1500,5000,1980,,1.5,2026-03-11,800000,1,8728d42a9ffffff,32,47.4851650989525,-121.774222049491,533.3333333333334,3,2026,11,13.592367006650065,0.49555099247091033,70,0.9335418911179212,0.35846832151248087,1.0,6.123233995736766e-17,1,6.5,4.0,32,-0.667376707926831,-0.22399318043696137,-0.47205412931655333,-1.2266059192722387,1.2955736817672767,0.7425544399174262,1.4576488146837816,0.203319546889736,1.1134969505302745,-0.6763803487024298,-0.27166083868491925,13.392552,655106.0,13.592367,800000.1,0.21499692,0.107601896,0.05664641,0.3034808,0.15672109,0.11043185,0.3332339382816596,218303.55237194488,340923.65881574637,1258827.0023717573,-144894.0,-18.111749999999997
3,1500,5000,1980,,1.5,2026-03-11,800000,1,8728d5cb1ffffff,161,47.3518698607082,-122.210700066453,533.3333333333334,3,2026,11,13.592367006650065,0.49555099247091033,70,0.9335418911179212,0.35846832151248087,1.0,6.123233995736766e-17,1,6.5,4.0,161,-0.667376707926831,-0.22399318043696137,-0.47205412931655333,-1.2266059192722387,1.2955736817672767,0.7425544399174262,1.4576488146837816,0.203319546889736,1.1134969505302745,-0.6763803487024298,-0.27166083868491925,13.224815,553942.06,13.592367,800000.1,0.17484766,0.120328575,0.058374703,0.31379235,0.15762585,0.11132604,0.3463375992331074,191850.96404048594,280967.32886036055,1092126.2729257678,-246057.9375,-30.7572421875
3,1500,5000,1980,,1.5,2026-03-11,800000,1,8728d54e8ffffff,9,47.7767222767721,-122.339180812041,533.3333333333334,3,2026,11,13.592367006650065,0.49555099247091033,70,0.9335418911179212,0.35846832151248087,1.0,6.123233995736766e-17,1,6.5,4.0,9,-0.667376707926831,-0.22399318043696137,-0.47205412931655333,-1.2266059192722387,1.2955736817672767,0.7425544399174262,1.4576488146837816,0.203319546889736,1.1134969505302745,-0.6763803487024298,-0.27166083868491925,13.56851,781140.3,13.592367,800000.1,0.31098068,0.11562927,0.03715548,0.2694312,0.11814773,0.06550284,0.32097816524618317,250728.98430608015,416396.35065995954,1465383.0875007706,-18859.6875,-2.3574609375
3,1500,5000,1980,,1.5,2026-03-11,800000,1,8728d54adffffff,59,47.7193996403731,-122.165818993925,533.3333333333334,3,2026,11,13.592367006650065,0.49555099247091033,70,0.9335418911179212,0.35846832151248087,1.0,6.123233995736766e-17,1,6.5,4.0,59,-0.667376707926831,-0.22399318043696137,-0.47205412931655333,-1.2266059192722387,1.2955736817672767,0.7425544399174262,1.4576488146837816,0.203319546889736,1.1134969505302745,-0.6763803487024298,-0.27166083868491925,13.57471,785998.3,13.592367,800000.1,0.32559952,0.10470799,0.04193206,0.26081112,0.12616262,0.0780919,0.32477232620871,255270.50034674557,415881.7037856525,1485502.4923104434,-14001.6875,-1.7502109375000001
3,1500,5000,1980,,1.5,2026-03-11,800000,1,8728d559bffffff,23,47.6803308993715,-122.030574104315,533.3333333333334,3,2026,11,13.592367006650065,0.49555099247091033,70,0.9335418911179212,0.35846832151248087,1.0,6.123233995736766e-17,1,6.5,4.0,23,-0.667376707926831,-0.22399318043696137,-0.47205412931655333,-1.2266059192722387,1.2955736817672767,0.7425544399174262,1.4576488146837816,0.203319546889736,1.1134969505302745,-0.6763803487024298,-0.27166083868491925,13.48657,719686.06,13.592367,800000.1,0.14850666,0.13401696,0.06257982,0.30795446,0.15644751,0.11647555,0.3240508385126061,233214.87201896083,381333.92536824115,1358253.174705688,-80313.9375,-10.0392421875
3,1500,5000,1980,,1.5,2026-03-11,800000,1,8728d4246ffffff,104,47.4549817782432,-122.023930044667,533.3333333333334,3,2026,11,13.592367006650065,0.49555099247091033,70,0.9335418911179212,0.35846832151248087,1.0,6.123233995736766e-17,1,6.5,4.0,104,-0.667376707926831,-0.22399318043696137,-0.47205412931655333,-1.2266059192722387,1.2955736817672767,0.7425544399174262,1.4576488146837816,0.203319546889736,1.1134969505302745,-0.6763803487024298,-0.27166083868491925,13.334442,618122.6,13.592367,800000.1,0.069058426,0.1345681,0.06158579,0.36618465,0.16844383,0.116337635,0.33723453257197805,208452.29451403907,319164.6697945253,1197111.1322120568,-181877.375,-22.734671875
3,1500,5000,1980,,1.5,2026-03-11,800000,1,8728d5434ffffff,36,47.6032000284295,-122.195470767719,533.3333333333334,3,2026,11,13.592367006650065,0.49555099247091033,70,0.9335418911179212,0.35846832151248087,1.0,6.123233995736766e-17,1,6.5,4.0,36,-0.667376707926831,-0.22399318043696137,-0.47205412931655333,-1.2266059192722387,1.2955736817672767,0.7425544399174262,1.4576488146837816,0.203319546889736,1.1134969505302745,-0.6763803487024298,-0.27166083868491925,14.630976,2.2602268e+06,13.592367,800000.1,0.4058476,0.063784264,0.023082562,0.2985506,0.08836825,0.04505165,0.3359990516134522,759434.0444313554,1169886.8376093323,4366768.694700814,1460226.75,182.52834375
3,1500,5000,1980,,1.5,2026-03-11,800000,1,8728d5d88ffffff,106,47.2625017319606,-122.295197887728,533.3333333333334,3,2026,11,13.592367006650065,0.49555099247091033,70,0.9335418911179212,0.35846832151248087,1.0,6.123233995736766e-17,1,6.5,4.0,106,-0.667376707926831,-0.22399318043696137,-0.47205412931655333,-1.2266059192722387,1.2955736817672767,0.7425544399174262,1.4576488146837816,0.203319546889736,1.1134969505302745,-0.6763803487024298,-0.27166083868491925,13.08494,481634.1,13.592367,800000.1,0.31456578,0.08276673,0.054061107,0.2690584,0.13972831,0.10810313,0.35103029180183487,169068.1564707748,242055.0805292626,958341.369041048,-318365.90625,-39.795738281249996
3,1500,5000,1980,,1.5,2026-03-11,800000,1,8728d424effffff,161,47.4761365768071,-122.08336928706,533.3333333333334,3,2026,11,13.592367006650065,0.49555099247091033,70,0.9335418911179212,0.35846832151248087,1.0,6.123233995736766e-17,1,6.5,4.0,161,-0.667376707926831,-0.22399318043696137,-0.47205412931655333,-1.2266059192722387,1.2955736817672767,0.7425544399174262,1.4576488146837816,0.203319546889736,1.1134969505302745,-0.6763803487024298,-0.27166083868491925,13.224815,553942.06,13.592367,800000.1,0.17484766,0.120328575,0.058374703,0.31379235,0.15762585,0.11132604,0.3463375992331074,191850.96404048594,280967.32886036055,1092126.2729257678,-246057.9375,-30.7572421875
3,1500,5000,1980,,1.5,2026-03-11,800000,1,8728d54aaffffff,23,47.7320600299905,-122.127663172646,533.3333333333334,3,2026,11,13.592367006650065,0.49555099247091033,70,0.9335418911179212,0.35846832151248087,1.0,6.123233995736766e-17,1,6.5,4.0,23,-0.667376707926831,-0.22399318043696137,-0.47205412931655333,-1.2266059192722387,1.2955736817672767,0.7425544399174262,1.4576488146837816,0.203319546889736,1.1134969505302745,-0.6763803487024298,-0.27166083868491925,13.48657,719686.06,13.592367,800000.1,0.14850666,0.13401696,0.06257982,0.30795446,0.15644751,0.11647555,0.3240508385126061,233214.87201896083,381333.92536824115,1358253.174705688,-80313.9375,-10.0392421875
3,1500,5000,1980,,1.5,2026-03-11,800000,1,8728d55abffffff,59,47.6002159561933,-122.153651271073,533.3333333333334,3,2026,11,13.592367006650065,0.49555099247091033,70,0.9335418911179212,0.35846832151248087,1.0,6.123233995736766e-17,1,6.5,4.0,59,-0.667376707926831,-0.22399318043696137,-0.47205412931655333,-1.2266059192722387,1.2955736817672767,0.7425544399174262,1.4576488146837816,0.203319546889736,1.1134969505302745,-0.6763803487024298,-0.27166083868491925,13.57471,785998.3,13.592367,800000.1,0.32559952,0.10470799,0.04193206,0.26081112,0.12616262,0.0780919,0.32477232620871,255270.50034674557,415881.7037856525,1485502.4923104434,-14001.6875,-1.7502109375000001
3,1500,5000,1980,,1.5,2026-03-11,800000,1,8728d5513ffffff,7,47.5426665046561,-122.171617057389,533.3333333333334,3,2026,11,13.592367006650065,0.49555099247091033,70,0.9335418911179212,0.35846832151248087,1.0,6.123233995736766e-17,1,6.5,4.0,7,-0.667376707926831,-0.22399318043696137,-0.47205412931655333,-1.2266059192722387,1.2955736817672767,0.7425544399174262,1.4576488146837816,0.203319546889736,1.1134969505302745,-0.6763803487024298,-0.27166083868491925,13.9079485,1.0968451e+06,13.592367,800000.1,0.32109296,0.078314655,0.043137155,0.29659182,0.117934786,0.084999084,0.31675702170425685,347433.3950658333,589544.0564299657,2040677.1693489058,296845.125,37.105640625
3,1500,5000,1980,,1.5,2026-03-11,800000,1,8728d54a4ffffff,182,47.6614195150392,-122.086914180619,533.3333333333334,3,2026,11,13.592367006650065,0.49555099247091033,70,0.9335418911179212,0.35846832151248087,1.0,6.123233995736766e-17,1,6.5,4.0,182,-0.667376707926831,-0.22399318043696137,-0.47205412931655333,-1.2266059192722387,1.2955736817672767,0.7425544399174262,1.4576488146837816,0.203319546889736,1.1134969505302745,-0.6763803487024298,-0.27166083868491925,13.568577,781192.44,13.592367,800000.1,0.42274475,0.084619135,0.026242055,0.24867952,0.11056511,0.0495883,0.3178023717800363,248264.80945412777,419024.28810219147,1456387.28007582,-18807.5625,-2.3509453125
3,1500,5000,1980,,1.5,2026-03-11,800000,1,8728d558affffff,7,47.6482683220558,-122.080939032277,533.3333333333334,3,2026,11,13.592367006650065,0.49555099247091033,70,0.9335418911179212,0.35846832151248087,1.0,6.123233995736766e-17,1,6.5,4.0,7,-0.667376707926831,-0.22399318043696137,-0.47205412931655333,-1.2266059192722387,1.2955736817672767,0.7425544399174262,1.4576488146837816,0.203319546889736,1.1134969505302745,-0.6763803487024298,-0.27166083868491925,13.9079485,1.0968451e+06,13.592367,800000.1,0.32109296,0.078314655,0.043137155,0.29659182,0.117934786,0.084999084,0.31675702170425685,347433.3950658333,589544.0564299657,2040677.1693489058,296845.125,37.105640625
3,1500,5000,1980,,1.5,2026-03-11,800000,1,8728d54b5ffffff,7,47.6968471003491,-122.023784003835,533.3333333333334,3,2026,11,13.592367006650065,0.49555099247091033,70,0.9335418911179212,0.35846832151248087,1.0,6.123233995736766e-17,1,6.5,4.0,7,-0.667376707926831,-0.22399318043696137,-0.47205412931655333,-1.2266059192722387,1.2955736817672767,0.7425544399174262,1.4576488146837816,0.203319546889736,1.1134969505302745,-0.6763803487024298,-0.27166083868491925,13.9079485,1.0968451e+06,13.592367,800000.1,0.32109296,0.078314655,0.043137155,0.29659182,0.117934786,0.084999084,0.31675702170425685,347433.3950658333,589544.0564299657,2040677.1693489058,296845.125,37.105640625
3,1500,5000,1980,,1.5,2026-03-11,800000,1,8728d4af3ffffff,28,47.1635459377734,-121.960305681948,533.3333333333334,3,2026,11,13.592367006650065,0.49555099247091033,70,0.9335418911179212,0.35846832151248087,1.0,6.123233995736766e-17,1,6.5,4.0,28,-0.667376707926831,-0.22399318043696137,-0.47205412931655333,-1.2266059192722387,1.2955736817672767,0.7425544399174262,1.4576488146837816,0.203319546889736,1.1134969505302745,-0.6763803487024298,-0.27166083868491925,13.124449,501043.78,13.592367,800000.1,0.100192174,0.13211173,0.0654238,0.3364636,0.17662935,0.12525667,0.35283899502430777,176787.7842394291,250918.72126144078,1000502.7748774268,-298956.21875,-37.36952734375
3,1500,5000,1980,,1.5,2026-03-11,800000,1,8728d424cffffff,161,47.4778339386702,-122.109623097009,533.3333333333334,3,2026,11,13.592367006650065,0.49555099247091033,70,0.9335418911179212,0.35846832151248087,1.0,6.123233995736766e-17,1,6.5,4.0,161,-0.667376707926831,-0.22399318043696137,-0.47205412931655333,-1.2266059192722387,1.2955736817672767,0.7425544399174262,1.4576488146837816,0.203319546889736,1.1134969505302745,-0.6763803487024298,-0.27166083868491925,13.224815,553942.06,13.592367,800000.1,0.17484766,0.120328575,0.058374703,0.31379235,0.15762585,0.11132604,0.3463375992331074,191850.96404048594,280967.32886036055,1092126.2729257678,-246057.9375,-30.7572421875
3,1500,5000,1980,,1.5,2026-03-11,800000,1,8728d559cffffff,7,47.6282902359186,-122.027432861528,533.3333333333334,3,2026,11,13.592367006650065,0.49555099247091033,70,0.9335418911179212,0.35846832151248087,1.0,6.123233995736766e-17,1,6.5,4.0,7,-0.667376707926831,-0.22399318043696137,-0.47205412931655333,-1.2266059192722387,1.2955736817672767,0.7425544399174262,1.4576488146837816,0.203319546889736,1.1134969505302745,-0.6763803487024298,-0.27166083868491925,13.9079485,1.0968451e+06,13.592367,800000.1,0.32109296,0.078314655,0.043137155,0.29659182,0.117934786,0.084999084,0.31675702170425685,347433.3950658333,589544.0564299657,2040677.1693489058,296845.125,37.105640625
3,1500,5000,1980,,1.5,2026-03-11,800000,1,8728d5533ffffff,38,47.4917720845556,-122.183447258864,533.3333333333334,3,2026,11,13.592367006650065,0.49555099247091033,70,0.9335418911179212,0.35846832151248087,1.0,6.123233995736766e-17,1,6.5,4.0,38,-0.667376707926831,-0.22399318043696137,-0.47205412931655333,-1.2266059192722387,1.2955736817672767,0.7425544399174262,1.4576488146837816,0.203319546889736,1.1134969505302745,-0.6763803487024298,-0.27166083868491925,13.256285,571651.44,13.592367,800000.1,0.20632248,0.112969816,0.058425363,0.29971492,0.15613493,0.11267966,0.33994585105059383,194330.53442523285,293605.07050505426,1113009.9631159573,-228348.5625,-28.543570312499998
3,1500,5000,1980,,1.5,2026-03-11,800000,1,8728d42c0ffffff,113,47.5508264528087,-121.854063642491,533.3333333333334,3,2026,11,13.592367006650065,0.49555099247091033,70,0.9335418911179212,0.35846832151248087,1.0,6.123233995736766e-17,1,6.5,4.0,113,-0.667376707926831,-0.22399318043696137,-0.47205412931655333,-1.2266059192722387,1.2955736817672767,0.7425544399174262,1.4576488146837816,0.203319546889736,1.1134969505302745,-0.6763803487024298,-0.27166083868491925,13.463713,703422.3,13.592367,800000.1,0.2044235,0.1243675,0.051873077,0.30399925,0.13779373,0.09513077,0.32356552726395216,227603.21143329103,373071.0857264862,1326296.6275093968,-96577.6875,-12.0722109375
3,1500,5000,1980,,1.5,2026-03-11,800000,1,8728d5511ffffff,7,47.5451998939026,-122.183726954107,533.3333333333334,3,2026,11,13.592367006650065,0.49555099247091033,70,0.9335418911179212,0.35846832151248087,1.0,6.123233995736766e-17,1,6.5,4.0,7,-0.667376707926831,-0.22399318043696137,-0.47205412931655333,-1.2266059192722387,1.2955736817672767,0.7425544399174262,1.4576488146837816,0.203319546889736,1.1134969505302745,-0.6763803487024298,-0.27166083868491925,13.9079485,1.0968451e+06,13.592367,800000.1,0.32109296,0.078314655,0.043137155,0.29659182,0.117934786,0.084999084,0.31675702170425685,347433.3950658333,589544.0564299657,2040677.1693489058,296845.125,37.105640625
3,1500,5000,1980,,1.5,2026-03-11,800000,1,8728d5cc5ffffff,1,47.4200000721756,-122.461705434496,533.3333333333334,3,2026,11,13.592367006650065,0.49555099247091033,70,0.9335418911179212,0.35846832151248087,1.0,6.123233995736766e-17,1,6.5,4.0,1,-0.667376707926831,-0.22399318043696137,-0.47205412931655333,-1.2266059192722387,1.2955736817672767,0.7425544399174262,1.4576488146837816,0.203319546889736,1.1134969505302745,-0.6763803487024298,-0.27166083868491925,13.291115,591912.94,13.592367,800000.1,0.105919905,0.12695561,0.06310799,0.3451483,0.16814968,0.1207308,0.3409968282030654,201840.4342598593,303385.9462168462,1154835.6418768652,-208087.0625,-26.010882812500004
3,1500,5000,1980,,1.5,2026-03-11,800000,1,8728d5546ffffff,9,47.5605170764238,-122.39870266705,533.3333333333334,3,2026,11,13.592367006650065,0.49555099247091033,70,0.9335418911179212,0.35846832151248087,1.0,6.123233995736766e-17,1,6.5,4.0,9,-0.667376707926831,-0.22399318043696137,-0.47205412931655333,-1.2266059192722387,1.2955736817672767,0.7425544399174262,1.4576488146837816,0.203319546889736,1.1134969505302745,-0.6763803487024298,-0.27166083868491925,13.56851,781140.3,13.592367,800000.1,0.31098068,0.11562927,0.03715548,0.2694312,0.11814773,0.06550284,0.32097816524618317,250728.98430608015,416396.35065995954,1465383.0875007706,-18859.6875,-2.3574609375
3,1500,5000,1980,,1.5,2026-03-11,800000,1,8728d4225ffffff,140,47.3394244452609,-121.8971750369,533.3333333333334,3,2026,11,13.592367006650065,0.49555099247091033,70,0.9335418911179212,0.35846832151248087,1.0,6.123233995736766e-17,1,6.5,4.0,140,-0.667376707926831,-0.22399318043696137,-0.47205412931655333,-1.2266059192722387,1.2955736817672767,0.7425544399174262,1.4576488146837816,0.203319546889736,1.1134969505302745,-0.6763803487024298,-0.27166083868491925,13.257735,572481.25,13.592367,800000.1,0.053915575,0.136774,0.0652992,0.36627102,0.17270806,0.12367518,0.34339904332030113,196589.51356881013,292047.90542611585,1122195.2587028435,-227518.75,-28.439843749999998
3,1500,5000,1980,,1.5,2026-03-11,800000,1,8728d5d8bffffff,106,47.2794754150716,-122.271473215252,533.3333333333334,3,2026,11,13.592367006650065,0.49555099247091033,70,0.9335418911179212,0.35846832151248087,1.0,6.123233995736766e-17,1,6.5,4.0,106,-0.667376707926831,-0.22399318043696137,-0.47205412931655333,-1.2266059192722387,1.2955736817672767,0.7425544399174262,1.4576488146837816,0.203319546889736,1.1134969505302745,-0.6763803487024298,-0.27166083868491925,13.08494,481634.1,13.592367,800000.1,0.31456578,0.08276673,0.054061107,0.2690584,0.13972831,0.10810313,0.35103029180183487,169068.1564707748,242055.0805292626,958341.369041048,-318365.90625,-39.795738281249996
3,1500,5000,1980,,1.5,2026-03-11,800000,1,8728d42ccffffff,107,47.5663939924653,-121.905905067775,533.3333333333334,3,2026,11,13.592367006650065,0.49555099247091033,70,0.9335418911179212,0.35846832151248087,1.0,6.123233995736766e-17,1,6.5,4.0,107,-0.667376707926831,-0.22399318043696137,-0.47205412931655333,-1.2266059192722387,1.2955736817672767,0.7425544399174262,1.4576488146837816,0.203319546889736,1.1134969505302745,-0.6763803487024298,-0.27166083868491925,13.386857,651385.56,13.592367,800000.1,0.18815997,0.12545595,0.04727868,0.32267988,0.14491339,0.08701877,0.3316904150676442,216058.3475946959,340014.5940145283,1247896.9424147846,-148614.4375,-18.5768046875
3,1500,5000,1980,,1.5,2026-03-11,800000,1,8728d5405ffffff,7,47.6361590935804,-122.279965473767,533.3333333333334,3,2026,11,13.592367006650065,0.49555099247091033,70,0.9335418911179212,0.35846832151248087,1.0,6.123233995736766e-17,1,6.5,4.0,7,-0.667376707926831,-0.22399318043696137,-0.47205412931655333,-1.2266059192722387,1.2955736817672767,0.7425544399174262,1.4576488146837816,0.203319546889736,1.1134969505302745,-0.6763803487024298,-0.27166083868491925,13.9079485,1.0968451e+06,13.592367,800000.1,0.32109296,0.078314655,0.043137155,0.29659182,0.117934786,0.084999084,0.31675702170425685,347433.3950658333,589544.0564299657,2040677.1693489058,296845.125,37.105640625
3,1500,5000,1980,,1.5,2026-03-11,800000,1,8728d0949ffffff,109,47.7296097600393,-121.969683585073,533.3333333333334,3,2026,11,13.592367006650065,0.49555099247091033,70,0.9335418911179212,0.35846832151248087,1.0,6.123233995736766e-17,1,6.5,4.0,109,-0.667376707926831,-0.22399318043696137,-0.47205412931655333,-1.2266059192722387,1.2955736817672767,0.7425544399174262,1.4576488146837816,0.203319546889736,1.1134969505302745,-0.6763803487024298,-0.27166083868491925,13.34686,625846.2,13.592367,800000.1,0.12589087,0.13734794,0.059736133,0.32647836,0.15644158,0.11034751,0.3364323365187469,210554.89516197477,323661.19472777436,1210165.0479345543,-174153.8125,-21.7692265625
3,1500,5000,1980,,1.5,2026-03-11,800000,1,8728d424affffff,108,47.5119764850228,-122.080143140949,533.3333333333334,3,2026,11,13.592367006650065,0.49555099247091033,70,0.9335418911179212,0.35846832151248087,1.0,6.123233995736766e-17,1,6.5,4.0,108,-0.667376707926831,-0.22399318043696137,-0.47205412931655333,-1.2266059192722387,1.2955736817672767,0.7425544399174262,1.4576488146837816,0.203319546889736,1.1134969505302745,-0.6763803487024298,-0.27166083868491925,13.226863,555077.44,13.592367,800000.1,0.089658454,0.13257891,0.060710933,0.3549686,0.16892457,0.115055114,0.34357132833125237,190708.6925285827,283073.8520477628,1088447.264848143,-244922.5625,-30.6153203125
3,1500,5000,1980,,1.5,2026-03-11,800000,1,8728d5c12ffffff,38,47.3208079426312,-122.319804742162,533.3333333333334,3,2026,11,13.592367006650065,0.49555099247091033,70,0.9335418911179212,0.35846832151248087,1.0,6.123233995736766e-17,1,6.5,4.0,38,-0.667376707926831,-0.22399318043696137,-0.47205412931655333,-1.2266059192722387,1.2955736817672767,0.7425544399174262,1.4576488146837816,0.203319546889736,1.1134969505302745,-0.6763803487024298,-0.27166083868491925,13.256285,571651.44,13.592367,800000.1,0.20632248,0.112969816,0.058425363,0.29971492,0.15613493,0.11267966,0.33994585105059383,194330.53442523285,293605.07050505426,1113009.9631159573,-228348.5625,-28.543570312499998
3,1500,5000,1980,,1.5,2026-03-11,800000,1,8728d5ca2ffffff,106,47.3354421111148,-122.214313258918,533.3333333333334,3,2026,11,13.592367006650065,0.49555099247091033,70,0.9335418911179212,0.35846832151248087,1.0,6.123233995736766e-17,1,6.5,4.0,106,-0.667376707926831,-0.22399318043696137,-0.47205412931655333,-1.2266059192722387,1.2955736817672767,0.7425544399174262,1.4576488146837816,0.203319546889736,1.1134969505302745,-0.6763803487024298,-0.27166083868491925,13.08494,481634.1,13.592367,800000.1,0.31456578,0.08276673,0.054061107,0.2690584,0.13972831,0.10810313,0.35103029180183487,169068.1564707748,242055.0805292626,958341.369041048,-318365.90625,-39.795738281249996
3,1500,5000,1980,,1.5,2026-03-11,800000,1,8728d421effffff,221,47.4506165434584,-121.783033516969,533.3333333333334,3,2026,11,13.592367006650065,0.49555099247091033,70,0.9335418911179212,0.35846832151248087,1.0,6.123233995736766e-17,1,6.5,4.0,221,-0.667376707926831,-0.22399318043696137,-0.47205412931655333,-1.2266059192722387,1.2955736817672767,0.7425544399174262,1.4576488146837816,0.203319546889736,1.1134969505302745,-0.6763803487024298,-0.27166083868491925,13.640917,839798.1,13.592367,800000.1,0.3772313,0.10126448,0.05079781,0.21076533,0.11506038,0.09430522,0.3238293889287275,271951.3136422411,445169.8715115953,1584251.2031676155,39798.125,4.974765625
3,1500,5000,1980,,1.5,2026-03-11,800000,1,8728d54e9ffffff,59,47.7730851389131,-122.369437529228,533.3333333333334,3,2026,11,13.592367006650065,0.49555099247091033,70,0.9335418911179212,0.35846832151248087,1.0,6.123233995736766e-17,1,6.5,4.0,59,-0.667376707926831,-0.22399318043696137,-0.47205412931655333,-1.2266059192722387,1.2955736817672767,0.7425544399174262,1.4576488146837816,0.203319546889736,1.1134969505302745,-0.6763803487024298,-0.27166083868491925,13.57471,785998.3,13.592367,800000.1,0.32559952,0.10470799,0.04193206,0.26081112,0.12616262,0.0780919,0.32477232620871,255270.50034674557,415881.7037856525,1485502.4923104434,-14001.6875,-1.7502109375000001
3,1500,5000,1980,,1.5,2026-03-11,800000,1,8728d5cacffffff,106,47.3360288052052,-122.302268126834,533.3333333333334,3,2026,11,13.592367006650065,0.49555099247091033,70,0.9335418911179212,0.35846832151248087,1.0,6.123233995736766e-17,1,6.5,4.0,106,-0.667376707926831,-0.22399318043696137,-0.47205412931655333,-1.2266059192722387,1.2955736817672767,0.7425544399174262,1.4576488146837816,0.203319546889736,1.1134969505302745,-0.6763803487024298,-0.27166083868491925,13.08494,481634.1,13.592367,800000.1,0.31456578,0.08276673,0.054061107,0.2690584,0.13972831,0.10810313,0.35103029180183487,169068.1564707748,242055.0805292626,958341.369041048,-318365.90625,-39.795738281249996
3,1500,5000,1980,,1.5,2026-03-11,800000,1,8728d4358ffffff,10,47.3788512638805,-122.01288415476,533.3333333333334,3,2026,11,13.592367006650065,0.49555099247091033,70,0.9335418911179212,0.35846832151248087,1.0,6.123233995736766e-17,1,6.5,4.0,10,-0.667376707926831,-0.22399318043696137,-0.47205412931655333,-1.2266059192722387,1.2955736817672767,0.7425544399174262,1.4576488146837816,0.203319546889736,1.1134969505302745,-0.6763803487024298,-0.27166083868491925,13.209852,545715.06,13.592367,800000.1,0.2408248,0.106966585,0.057427034,0.28335965,0.15681341,0.11199028,0.3450447542470457,188296.1196292237,277496.7499765206,1073183.407832232,-254284.9375,-31.785617187499998
3,1500,5000,1980,,1.5,2026-03-11,800000,1,8728d54b4ffffff,127,47.6902037933202,-122.014919450944,533.3333333333334,3,2026,11,13.592367006650065,0.49555099247091033,70,0.9335418911179212,0.35846832151248087,1.0,6.123233995736766e-17,1,6.5,4.0,127,-0.667376707926831,-0.22399318043696137,-0.47205412931655333,-1.2266059192722387,1.2955736817672767,0.7425544399174262,1.4576488146837816,0.203319546889736,1.1134969505302745,-0.6763803487024298,-0.27166083868491925,13.443806,689557.75,13.592367,800000.1,0.16533609,0.13112544,0.05256868,0.3210321,0.14873958,0.09663631,0.32269583844513927,222517.41629259373,366341.72484759055,1297940.7628206722,-110442.25,-13.80528125
3,1500,5000,1980,,1.5,2026-03-11,800000,1,8728d5c91ffffff,10,47.3948150083722,-122.166948712091,533.3333333333334,3,2026,11,13.592367006650065,0.49555099247091033,70,0.9335418911179212,0.35846832151248087,1.0,6.123233995736766e-17,1,6.5,4.0,10,-0.667376707926831,-0.22399318043696137,-0.47205412931655333,-1.2266059192722387,1.2955736817672767,0.7425544399174262,1.4576488146837816,0.203319546889736,1.1134969505302745,-0.6763803487024298,-0.27166083868491925,13.209852,545715.06,13.592367,800000.1,0.2408248,0.106966585,0.057427034,0.28335965,0.15681341,0.11199028,0.3450447542470457,188296.1196292237,277496.7499765206,1073183.407832232,-254284.9375,-31.785617187499998
3,1500,5000,1980,,1.5,2026-03-11,800000,1,8728d54c6ffffff,59,47.7766786743313,-122.239202336765,533.3333333333334,3,2026,11,13.592367006650065,0.49555099247091033,70,0.9335418911179212,0.35846832151248087,1.0,6.123233995736766e-17,1,6.5,4.0,59,-0.667376707926831,-0.22399318043696137,-0.47205412931655333,-1.2266059192722387,1.2955736817672767,0.7425544399174262,1.4576488146837816,0.203319546889736,1.1134969505302745,-0.6763803487024298,-0.27166083868491925,13.57471,785998.3,13.592367,800000.1,0.32559952,0.10470799,0.04193206,0.26081112,0.12616262,0.0780919,0.32477232620871,255270.50034674557,415881.7037856525,1485502.4923104434,-14001.6875,-1.7502109375000001
3,1500,5000,1980,,1.5,2026-03-11,800000,1,8728d559dffffff,7,47.6319880500834,-122.060305586955,533.3333333333334,3,2026,11,13.592367006650065,0.49555099247091033,70,0.9335418911179212,0.35846832151248087,1.0,6.123233995736766e-17,1,6.5,4.0,7,-0.667376707926831,-0.22399318043696137,-0.47205412931655333,-1.2266059192722387,1.2955736817672767,0.7425544399174262,1.4576488146837816,0.203319546889736,1.1134969505302745,-0.6763803487024298,-0.27166083868491925,13.9079485,1.0968451e+06,13.592367,800000.1,0.32109296,0.078314655,0.043137155,0.29659182,0.117934786,0.084999084,0.31675702170425685,347433.3950658333,589544.0564299657,2040677.1693489058,296845.125,37.105640625
3,1500,5000,1980,,1.5,2026-03-11,800000,1,8728d4366ffffff,99,47.2628069048159,-122.025608658595,533.3333333333334,3,2026,11,13.592367006650065,0.49555099247091033,70,0.9335418911179212,0.35846832151248087,1.0,6.123233995736766e-17,1,6.5,4.0,99,-0.667376707926831,-0.22399318043696137,-0.47205412931655333,-1.2266059192722387,1.2955736817672767,0.7425544399174262,1.4576488146837816,0.203319546889736,1.1134969505302745,-0.6763803487024298,-0.27166083868491925,13.129404,503532.78,13.592367,800000.1,0.2784323,0.093777776,0.056310937,0.2752388,0.15130177,0.111776754,0.3465468300218831,174497.68915428978,255294.30123675853,993148.8735847595,-296467.21875,-37.058402343750004
3,1500,5000,1980,,1.5,2026-03-11,800000,1,8728d540bffffff,9,47.6962430191751,-122.318011920772,533.3333333333334,3,2026,11,13.592367006650065,0.49555099247091033,70,0.9335418911179212,0.35846832151248087,1.0,6.123233995736766e-17,1,6.5,4.0,9,-0.667376707926831,-0.22399318043696137,-0.47205412931655333,-1.2266059192722387,1.2955736817672767,0.7425544399174262,1.4576488146837816,0.203319546889736,1.1134969505302745,-0.6763803487024298,-0.27166083868491925,13.56851,781140.3,13.592367,800000.1,0.31098068,0.11562927,0.03715548,0.2694312,0.11814773,0.06550284,0.32097816524618317,250728.98430608015,416396.35065995954,1465383.0875007706,-18859.6875,-2.3574609375
3,1500,5000,1980,,1.5,2026-03-11,800000,1,8728d54a1ffffff,59,47.6894986396701,-122.114227479671,533.3333333333334,3,2026,11,13.592367006650065,0.49555099247091033,70,0.9335418911179212,0.35846832151248087,1.0,6.123233995736766e-17,1,6.5,4.0,59,-0.667376707926831,-0.22399318043696137,-0.47205412931655333,-1.2266059192722387,1.2955736817672767,0.7425544399174262,1.4576488146837816,0.203319546889736,1.1134969505302745,-0.6763803487024298,-0.27166083868491925,13.57471,785998.3,13.592367,800000.1,0.32559952,0.10470799,0.04193206,0.26081112,0.12616262,0.0780919,0.32477232620871,255270.50034674557,415881.7037856525,1485502.4923104434,-14001.6875,-1.7502109375000001
3,1500,5000,1980,,1.5,2026-03-11,800000,1,8728d551cffffff,29,47.5391428073713,-122.226576542077,533.3333333333334,3,2026,11,13.592367006650065,0.49555099247091033,70,0.9335418911179212,0.35846832151248087,1.0,6.123233995736766e-17,1,6.5,4.0,29,-0.667376707926831,-0.22399318043696137,-0.47205412931655333,-1.2266059192722387,1.2955736817672767,0.7425544399174262,1.4576488146837816,0.203319546889736,1.1134969505302745,-0.6763803487024298,-0.27166083868491925,14.127115,1.3656148e+06,13.592367,800000.1,0.30136943,0.08445333,0.034651436,0.3226787,0.109553546,0.06622937,0.33057676835818417,451440.5108772696,714390.3378820103,2610482.7284228825,565614.75,70.70184375000001
3,1500,5000,1980,,1.5,2026-03-11,800000,1,8728d55b1ffffff,7,47.5721550835435,-122.022706137891,533.3333333333334,3,2026,11,13.592367006650065,0.49555099247091033,70,0.9335418911179212,0.35846832151248087,1.0,6.123233995736766e-17,1,6.5,4.0,7,-0.667376707926831,-0.22399318043696137,-0.47205412931655333,-1.2266059192722387,1.2955736817672767,0.7425544399174262,1.4576488146837816,0.203319546889736,1.1134969505302745,-0.6763803487024298,-0.27166083868491925,13.9079485,1.0968451e+06,13.592367,800000.1,0.32109296,0.078314655,0.043137155,0.29659182,0.117934786,0.084999084,0.31675702170425685,347433.3950658333,589544.0564299657,2040677.1693489058,296845.125,37.105640625
3,1500,5000,1980,,1.5,2026-03-11,800000,1,8728d5455ffffff,59,47.7002900435566,-122.387819026061,533.3333333333334,3,2026,11,13.592367006650065,0.49555099247091033,70,0.9335418911179212,0.35846832151248087,1.0,6.123233995736766e-17,1,6.5,4.0,59,-0.667376707926831,-0.22399318043696137,-0.47205412931655333,-1.2266059192722387,1.2955736817672767,0.7425544399174262,1.4576488146837816,0.203319546889736,1.1134969505302745,-0.6763803487024298,-0.27166083868491925,13.57471,785998.3,13.592367,800000.1,0.32559952,0.10470799,0.04193206,0.26081112,0.12616262,0.0780919,0.32477232620871,255270.50034674557,415881.7037856525,1485502.4923104434,-14001.6875,-1.7502109375000001
3,1500,5000,1980,,1.5,2026-03-11,800000,1,8728d54b0ffffff,120,47.7039112545423,-122.010838205187,533.3333333333334,3,2026,11,13.592367006650065,0.49555099247091033,70,0.9335418911179212,0.35846832151248087,1.0,6.123233995736766e-17,1,6.5,4.0,120,-0.667376707926831,-0.22399318043696137,-0.47205412931655333,-1.2266059192722387,1.2955736817672767,0.7425544399174262,1.4576488146837816,0.203319546889736,1.1134969505302745,-0.6763803487024298,-0.27166083868491925,13.494869,725683.5,13.592367,800000.1,0.13194534,0.121236786,0.055480476,0.35181862,0.15190113,0.104937285,0.3228447469717752,234283.1059390922,385421.7730752704,1366338.2868800377,-74316.5,-9.289562499999999
3,1500,5000,1980,,1.5,2026-03-11,800000,1,8728d555bffffff,59,47.6439198701989,-122.408766226734,533.3333333333334,3,2026,11,13.592367006650065,0.49555099247091033,70,0.9335418911179212,0.35846832151248087,1.0,6.123233995736766e-17,1,6.5,4.0,59,-0.667376707926831,-0.22399318043696137,-0.47205412931655333,-1.2266059192722387,1.2955736817672767,0.7425544399174262,1.4576488146837816,0.203319546889736,1.1134969505302745,-0.6763803487024298,-0.27166083868491925,13.57471,785998.3,13.592367,800000.1,0.32559952,0.10470799,0.04193206,0.26081112,0.12616262,0.0780919,0.32477232620871,255270.50034674557,415881.7037856525,1485502.4923104434,-14001.6875,-1.7502109375000001
3,1500,5000,1980,,1.5,2026-03-11,800000,1,8728d42c4ffffff,104,47.5209553828916,-121.867684454444,533.3333333333334,3,2026,11,13.592367006650065,0.49555099247091033,70,0.9335418911179212,0.35846832151248087,1.0,6.123233995736766e-17,1,6.5,4.0,104,-0.667376707926831,-0.22399318043696137,-0.47205412931655333,-1.2266059192722387,1.2955736817672767,0.7425544399174262,1.4576488146837816,0.203319546889736,1.1134969505302745,-0.6763803487024298,-0.27166083868491925,13.334442,618122.6,13.592367,800000.1,0.069058426,0.1345681,0.06158579,0.36618465,0.16844383,0.116337635,0.33723453257197805,208452.29451403907,319164.6697945253,1197111.1322120568,-181877.375,-22.734671875
3,1500,5000,1980,,1.5,2026-03-11,800000,1,8728d5cb0ffffff,86,47.337431290903,-122.171618502605,533.3333333333334,3,2026,11,13.592367006650065,0.49555099247091033,70,0.9335418911179212,0.35846832151248087,1.0,6.123233995736766e-17,1,6.5,4.0,86,-0.667376707926831,-0.22399318043696137,-0.47205412931655333,-1.2266059192722387,1.2955736817672767,0.7425544399174262,1.4576488146837816,0.203319546889736,1.1134969505302745,-0.6763803487024298,-0.27166083868491925,13.150534,514285.4,13.592367,800000.1,0.29009235,0.09125522,0.056154177,0.27028,0.15001014,0.11179674,0.3436453806605209,176731.8041989319,262233.00774557696,1008604.8751982113,-285714.59375,-35.71432421875
3,1500,5000,1980,,1.5,2026-03-11,800000,1,8728d5420ffffff,59,47.5992897692277,-122.288216138346,533.3333333333334,3,2026,11,13.592367006650065,0.49555099247091033,70,0.9335418911179212,0.35846832151248087,1.0,6.123233995736766e-17,1,6.5,4.0,59,-0.667376707926831,-0.22399318043696137,-0.47205412931655333,-1.2266059192722387,1.2955736817672767,0.7425544399174262,1.4576488146837816,0.203319546889736,1.1134969505302745,-0.6763803487024298,-0.27166083868491925,13.57471,785998.3,13.592367,800000.1,0.32559952,0.10470799,0.04193206,0.26081112,0.12616262,0.0780919,0.32477232620871,255270.50034674557,415881.7037856525,1485502.4923104434,-14001.6875,-1.7502109375000001
3,1500,5000,1980,,1.5,2026-03-11,800000,1,8728d5433ffffff,36,47.6462405216455,-122.188287235293,533.3333333333334,3,2026,11,13.592367006650065,0.49555099247091033,70,0.9335418911179212,0.35846832151248087,1.0,6.123233995736766e-17,1,6.5,4.0,36,-0.667376707926831,-0.22399318043696137,-0.47205412931655333,-1.2266059192722387,1.2955736817672767,0.7425544399174262,1.4576488146837816,0.203319546889736,1.1134969505302745,-0.6763803487024298,-0.27166083868491925,14.630976,2.2602268e+06,13.592367,800000.1,0.4058476,0.063784264,0.023082562,0.2985506,0.08836825,0.04505165,0.3359990516134522,759434.0444313554,1169886.8376093323,4366768.694700814,1460226.75,182.52834375
3,1500,5000,1980,,1.5,2026-03-11,800000,1,8728d5ca8ffffff,106,47.3554559606744,-122.318080967278,533.3333333333334,3,2026,11,13.592367006650065,0.49555099247091033,70,0.9335418911179212,0.35846832151248087,1.0,6.123233995736766e-17,1,6.5,4.0,106,-0.667376707926831,-0.22399318043696137,-0.47205412931655333,-1.2266059192722387,1.2955736817672767,0.7425544399174262,1.4576488146837816,0.203319546889736,1.1134969505302745,-0.6763803487024298,-0.27166083868491925,13.08494,481634.1,13.592367,800000.1,0.31456578,0.08276673,0.054061107,0.2690584,0.13972831,0.10810313,0.35103029180183487,169068.1564707748,242055.0805292626,958341.369041048,-318365.90625,-39.795738281249996
3,1500,5000,1980,,1.5,2026-03-11,800000,1,8728d42aaffffff,40,47.482914102174,-121.712187488764,533.3333333333334,3,2026,11,13.592367006650065,0.49555099247091033,70,0.9335418911179212,0.35846832151248087,1.0,6.123233995736766e-17,1,6.5,4.0,40,-0.667376707926831,-0.22399318043696137,-0.47205412931655333,-1.2266059192722387,1.2955736817672767,0.7425544399174262,1.4576488146837816,0.203319546889736,1.1134969505302745,-0.6763803487024298,-0.27166083868491925,13.335567,618818.6,13.592367,800000.1,0.21783018,0.11311357,0.049127392,0.31416208,0.13565104,0.091891974,0.3358264450552614,207815.6589677349,320407.0962595215,1195156.0333602245,-181181.375,-22.647671875
3,1500,5000,1980,,1.5,2026-03-11,800000,1,8728d4349ffffff,10,47.3652625685218,-122.108856324104,533.3333333333334,3,2026,11,13.592367006650065,0.49555099247091033,70,0.9335418911179212,0.35846832151248087,1.0,6.123233995736766e-17,1,6.5,4.0,10,-0.667376707926831,-0.22399318043696137,-0.47205412931655333,-1.2266059192722387,1.2955736817672767,0.7425544399174262,1.4576488146837816,0.203319546889736,1.1134969505302745,-0.6763803487024298,-0.27166083868491925,13.209852,545715.06,13.592367,800000.1,0.2408248,0.106966585,0.057427034,0.28335965,0.15681341,0.11199028,0.3450447542470457,188296.1196292237,277496.7499765206,1073183.407832232,-254284.9375,-31.785617187499998
3,1500,5000,1980,,1.5,2026-03-11,800000,1,8728d5423ffffff,7,47.6188976487059,-122.287550031326,533.3333333333334,3,2026,11,13.592367006650065,0.49555099247091033,70,0.9335418911179212,0.35846832151248087,1.0,6.123233995736766e-17,1,6.5,4.0,7,-0.667376707926831,-0.22399318043696137,-0.47205412931655333,-1.2266059192722387,1.2955736817672767,0.7425544399174262,1.4576488146837816,0.203319546889736,1.1134969505302745,-0.6763803487024298,-0.27166083868491925,13.9079485,1.0968451e+06,13.592367,800000.1,0.32109296,0.078314655,0.043137155,0.29659182,0.117934786,0.084999084,0.31675702170425685,347433.3950658333,589544.0564299657,2040677.1693489058,296845.125,37.105640625
3,1500,5000,1980,,1.5,2026-03-11,800000,1,8728d55b6ffffff,104,47.5653489502615,-121.964241138733,533.3333333333334,3,2026,11,13.592367006650065,0.49555099247091033,70,0.9335418911179212,0.35846832151248087,1.0,6.123233995736766e-17,1,6.5,4.0,104,-0.667376707926831,-0.22399318043696137,-0.47205412931655333,-1.2266059192722387,1.2955736817672767,0.7425544399174262,1.4576488146837816,0.203319546889736,1.1134969505302745,-0.6763803487024298,-0.27166083868491925,13.334442,618122.6,13.592367,800000.1,0.069058426,0.1345681,0.06158579,0.36618465,0.16844383,0.116337635,0.33723453257197805,208452.29451403907,319164.6697945253,1197111.1322120568,-181877.375,-22.734671875
3,1500,5000,1980,,1.5,2026-03-11,800000,1,8728d42a8ffffff,31,47.4798752824831,-121.756427003975,533.3333333333334,3,2026,11,13.592367006650065,0.49555099247091033,70,0.9335418911179212,0.35846832151248087,1.0,6.123233995736766e-17,1,6.5,4.0,31,-0.667376707926831,-0.22399318043696137,-0.47205412931655333,-1.2266059192722387,1.2955736817672767,0.7425544399174262,1.4576488146837816,0.203319546889736,1.1134969505302745,-0.6763803487024298,-0.27166083868491925,13.321659,610271.44,13.592367,800000.1,0.08992995,0.12689726,0.06334555,0.35756496,0.16394761,0.12070615,0.3383296903151639,206472.94645756492,314435.07503067807,1184445.4888723025,-189728.5625,-23.7160703125
3,1500,5000,1980,,1.5,2026-03-11,800000,1,8728d5d99ffffff,106,47.2962176208038,-122.226626149674,533.3333333333334,3,2026,11,13.592367006650065,0.49555099247091033,70,0.9335418911179212,0.35846832151248087,1.0,6.123233995736766e-17,1,6.5,4.0,106,-0.667376707926831,-0.22399318043696137,-0.47205412931655333,-1.2266059192722387,1.2955736817672767,0.7425544399174262,1.4576488146837816,0.203319546889736,1.1134969505302745,-0.6763803487024298,-0.27166083868491925,13.08494,481634.1,13.592367,800000.1,0.31456578,0.08276673,0.054061107,0.2690584,0.13972831,0.10810313,0.35103029180183487,169068.1564707748,242055.0805292626,958341.369041048,-318365.90625,-39.795738281249996
3,1500,5000,1980,,1.5,2026-03-11,800000,1,8728d5cb5ffffff,106,47.3190588297157,-122.191911682881,533.3333333333334,3,2026,11,13.592367006650065,0.49555099247091033,70,0.9335418911179212,0.35846832151248087,1.0,6.123233995736766e-17,1,6.5,4.0,106,-0.667376707926831,-0.22399318043696137,-0.47205412931655333,-1.2266059192722387,1.2955736817672767,0.7425544399174262,1.4576488146837816,0.203319546889736,1.1134969505302745,-0.6763803487024298,-0.27166083868491925,13.08494,481634.1,13.592367,800000.1,0.31456578,0.08276673,0.054061107,0.2690584,0.13972831,0.10810313,0.35103029180183487,169068.1564707748,242055.0805292626,958341.369041048,-318365.90625,-39.795738281249996
3,1500,5000,1980,,1.5,2026-03-11,800000,1,8728d5431ffffff,15,47.6209179759588,-122.220373525675,533.3333333333334,3,2026,11,13.592367006650065,0.49555099247091033,70,0.9335418911179212,0.35846832151248087,1.0,6.123233995736766e-17,1,6.5,4.0,15,-0.667376707926831,-0.22399318043696137,-0.47205412931655333,-1.2266059192722387,1.2955736817672767,0.7425544399174262,1.4576488146837816,0.203319546889736,1.1134969505302745,-0.6763803487024298,-0.27166083868491925,14.853005,2.8221382e+06,13.592367,800000.1,0.43238205,0.09719162,0.036820367,0.21012121,0.08164551,0.06347861,0.3360644221672529,948420.2602623523,1460543.4373515646,5453082.90139136,2022138.25,252.76728125
3,1500,5000,1980,,1.5,2026-03-11,800000,1,8728d5491ffffff,139,47.7559558873985,-122.019994028489,533.3333333333334,3,2026,11,13.592367006650065,0.49555099247091033,70,0.9335418911179212,0.35846832151248087,1.0,6.123233995736766e-17,1,6.5,4.0,139,-0.667376707926831,-0.22399318043696137,-0.47205412931655333,-1.2266059192722387,1.2955736817672767,0.7425544399174262,1.4576488146837816,0.203319546889736,1.1134969505302745,-0.6763803487024298,-0.27166083868491925,13.378163,645747.2,13.592367,800000.1,0.09481847,0.13018717,0.059351154,0.3588789,0.15936734,0.11164574,0.33366146749136627,215460.95420967246,335771.7395221075,1241883.59591889,-154252.8125,-19.2816015625
3,1500,5000,1980,,1.5,2026-03-11,800000,1,8728d548effffff,59,47.7733187429167,-122.084812142356,533.3333333333334,3,2026,11,13.592367006650065,0.49555099247091033,70,0.9335418911179212,0.35846832151248087,1.0,6.123233995736766e-17,1,6.5,4.0,59,-0.667376707926831,-0.22399318043696137,-0.47205412931655333,-1.2266059192722387,1.2955736817672767,0.7425544399174262,1.4576488146837816,0.203319546889736,1.1134969505302745,-0.6763803487024298,-0.27166083868491925,13.57471,785998.3,13.592367,800000.1,0.32559952,0.10470799,0.04193206,0.26081112,0.12616262,0.0780919,0.32477232620871,255270.50034674557,415881.7037856525,1485502.4923104434,-14001.6875,-1.7502109375000001
3,1500,5000,1980,,1.5,2026-03-11,800000,1,8728d4343ffffff,10,47.3364200247398,-122.052094384525,533.3333333333334,3,2026,11,13.592367006650065,0.49555099247091033,70,0.9335418911179212,0.35846832151248087,1.0,6.123233995736766e-17,1,6.5,4.0,10,-0.667376707926831,-0.22399318043696137,-0.47205412931655333,-1.2266059192722387,1.2955736817672767,0.7425544399174262,1.4576488146837816,0.203319546889736,1.1134969505302745,-0.6763803487024298,-0.27166083868491925,13.209852,545715.06,13.592367,800000.1,0.2408248,0.106966585,0.057427034,0.28335965,0.15681341,0.11199028,0.3450447542470457,188296.1196292237,277496.7499765206,1073183.407832232,-254284.9375,-31.785617187499998
3,1500,5000,1980,,1.5,2026-03-11,800000,1,8728d54f4ffffff,59,47.737508682086,-122.192063525018,533.3333333333334,3,2026,11,13.592367006650065,0.49555099247091033,70,0.9335418911179212,0.35846832151248087,1.0,6.123233995736766e-17,1,6.5,4.0,59,-0.667376707926831,-0.22399318043696137,-0.47205412931655333,-1.2266059192722387,1.2955736817672767,0.7425544399174262,1.4576488146837816,0.203319546889736,1.1134969505302745,-0.6763803487024298,-0.27166083868491925,13.57471,785998.3,13.592367,800000.1,0.32559952,0.10470799,0.04193206,0.26081112,0.12616262,0.0780919,0.32477232620871,255270.50034674557,415881.7037856525,1485502.4923104434,-14001.6875,-1.7502109375000001
3,1500,5000,1980,,1.5,2026-03-11,800000,1,8728d5411ffffff,8,47.6804582835216,-122.208639274915,533.3333333333334,3,2026,11,13.592367006650065,0.49555099247091033,70,0.9335418911179212,0.35846832151248087,1.0,6.123233995736766e-17,1,6.5,4.0,8,-0.667376707926831,-0.22399318043696137,-0.47205412931655333,-1.2266059192722387,1.2955736817672767,0.7425544399174262,1.4576488146837816,0.203319546889736,1.1134969505302745,-0.6763803487024298,-0.27166083868491925,14.51674,2.0162298e+06,13.592367,800000.1,0.33631647,0.075635165,0.032426678,0.31406283,0.10046087,0.06246909,0.3361447768224166,677745.0993364669,1043296.6178854962,3896477.928658021,1216229.75,152.02871875
3,1500,5000,1980,,1.5,2026-03-11,800000,1,8728d55adffffff,7,47.5647557119518,-122.162389160823,533.3333333333334,3,2026,11,13.592367006650065,0.49555099247091033,70,0.9335418911179212,0.35846832151248087,1.0,6.123233995736766e-17,1,6.5,4.0,7,-0.667376707926831,-0.22399318043696137,-0.47205412931655333,-1.2266059192722387,1.2955736817672767,0.7425544399174262,1.4576488146837816,0.203319546889736,1.1134969505302745,-0.6763803487024298,-0.27166083868491925,13.9079485,1.0968451e+06,13.592367,800000.1,0.32109296,0.078314655,0.043137155,0.29659182,0.117934786,0.084999084,0.31675702170425685,347433.3950658333,589544.0564299657,2040677.1693489058,296845.125,37.105640625
3,1500,5000,1980,,1.5,2026-03-11,800000,1,8728d54f0ffffff,59,47.7654879317351,-122.195854266429,533.3333333333334,3,2026,11,13.592367006650065,0.49555099247091033,70,0.9335418911179212,0.35846832151248087,1.0,6.123233995736766e-17,1,6.5,4.0,59,-0.667376707926831,-0.22399318043696137,-0.47205412931655333,-1.2266059192722387,1.2955736817672767,0.7425544399174262,1.4576488146837816,0.203319546889736,1.1134969505302745,-0.6763803487024298,-0.27166083868491925,13.57471,785998.3,13.592367,800000.1,0.32559952,0.10470799,0.04193206,0.26081112,0.12616262,0.0780919,0.32477232620871,255270.50034674557,415881.7037856525,1485502.4923104434,-14001.6875,-1.7502109375000001
3,1500,5000,1980,,1.5,2026-03-11,800000,1,8728d5483ffffff,23,47.7650881965995,-122.072882467713,533.3333333333334,3,2026,11,13.592367006650065,0.49555099247091033,70,0.9335418911179212,0.35846832151248087,1.0,6.123233995736766e-17,1,6.5,4.0,23,-0.667376707926831,-0.22399318043696137,-0.47205412931655333,-1.2266059192722387,1.2955736817672767,0.7425544399174262,1.4576488146837816,0.203319546889736,1.1134969505302745,-0.6763803487024298,-0.27166083868491925,13.48657,719686.06,13.592367,800000.1,0.14850666,0.13401696,0.06257982,0.30795446,0.15644751,0.11647555,0.3240508385126061,233214.87201896083,381333.92536824115,1358253.174705688,-80313.9375,-10.0392421875
3,1500,5000,1980,,1.5,2026-03-11,800000,1,8728d54e0ffffff,59,47.7307182209186,-122.29353131974,533.3333333333334,3,2026,11,13.592367006650065,0.49555099247091033,70,0.9335418911179212,0.35846832151248087,1.0,6.123233995736766e-17,1,6.5,4.0,59,-0.667376707926831,-0.22399318043696137,-0.47205412931655333,-1.2266059192722387,1.2955736817672767,0.7425544399174262,1.4576488146837816,0.203319546889736,1.1134969505302745,-0.6763803487024298,-0.27166083868491925,13.57471,785998.3,13.592367,800000.1,0.32559952,0.10470799,0.04193206,0.26081112,0.12616262,0.0780919,0.32477232620871,255270.50034674557,415881.7037856525,1485502.4923104434,-14001.6875,-1.7502109375000001
3,1500,5000,1980,,1.5,2026-03-11,800000,1,8728d4241ffffff,161,47.4671983041219,-122.073130766545,533.3333333333334,3,2026,11,13.592367006650065,0.49555099247091033,70,0.9335418911179212,0.35846832151248087,1.0,6.123233995736766e-17,1,6.5,4.0,161,-0.667376707926831,-0.22399318043696137,-0.47205412931655333,-1.2266059192722387,1.2955736817672767,0.7425544399174262,1.4576488146837816,0.203319546889736,1.1134969505302745,-0.6763803487024298,-0.27166083868491925,13.224815,553942.06,13.592367,800000.1,0.17484766,0.120328575,0.058374703,0.31379235,0.15762585,0.11132604,0.3463375992331074,191850.96404048594,280967.32886036055,1092126.2729257678,-246057.9375,-30.7572421875
3,1500,5000,1980,,1.5,2026-03-11,800000,1,8728d4adcffffff,3,47.2005426150063,-121.997171672789,533.3333333333334,3,2026,11,13.592367006650065,0.49555099247091033,70,0.9335418911179212,0.35846832151248087,1.0,6.123233995736766e-17,1,6.5,4.0,3,-0.667376707926831,-0.22399318043696137,-0.47205412931655333,-1.2266059192722387,1.2955736817672767,0.7425544399174262,1.4576488146837816,0.203319546889736,1.1134969505302745,-0.6763803487024298,-0.27166083868491925,13.082217,480324.5,13.592367,800000.1,0.24503873,0.10715157,0.056290045,0.28075206,0.16423324,0.110721245,0.35202271520198425,169085.1346680355,240927.82702483126,957596.4617336099,-319675.5,-39.9594375
3,1500,5000,1980,,1.5,2026-03-11,800000,1,8728d4255ffffff,104,47.4688742763182,-121.999458148481,533.3333333333334,3,2026,11,13.592367006650065,0.49555099247091033,70,0.9335418911179212,0.35846832151248087,1.0,6.123233995736766e-17,1,6.5,4.0,104,-0.667376707926831,-0.22399318043696137,-0.47205412931655333,-1.2266059192722387,1.2955736817672767,0.7425544399174262,1.4576488146837816,0.203319546889736,1.1134969505302745,-0.6763803487024298,-0.27166083868491925,13.334442,618122.6,13.592367,800000.1,0.069058426,0.1345681,0.06158579,0.36618465,0.16844383,0.116337635,0.33723453257197805,208452.29451403907,319164.6697945253,1197111.1322120568,-181877.375,-22.734671875
3,1500,5000,1980,,1.5,2026-03-11,800000,1,8728d54a3ffffff,69,47.6986515018385,-122.098988969289,533.3333333333334,3,2026,11,13.592367006650065,0.49555099247091033,70,0.9335418911179212,0.35846832151248087,1.0,6.123233995736766e-17,1,6.5,4.0,69,-0.667376707926831,-0.22399318043696137,-0.47205412931655333,-1.2266059192722387,1.2955736817672767,0.7425544399174262,1.4576488146837816,0.203319546889736,1.1134969505302745,-0.6763803487024298,-0.27166083868491925,13.505332,733316.0,13.592367,800000.1,0.15061757,0.12013256,0.051161468,0.34888697,0.14791656,0.09621565,0.32316536172433125,236982.3303982397,389230.8472019619,1381576.9223167647,-66684.0,-8.3355
3,1500,5000,1980,,1.5,2026-03-11,800000,1,8728d54aeffffff,7,47.7063560877618,-122.123590194058,533.3333333333334,3,2026,11,13.592367006650065,0.49555099247091033,70,0.9335418911179212,0.35846832151248087,1.0,6.123233995736766e-17,1,6.5,4.0,7,-0.667376707926831,-0.22399318043696137,-0.47205412931655333,-1.2266059192722387,1.2955736817672767,0.7425544399174262,1.4576488146837816,0.203319546889736,1.1134969505302745,-0.6763803487024298,-0.27166083868491925,13.9079485,1.0968451e+06,13.592367,800000.1,0.32109296,0.078314655,0.043137155,0.29659182,0.117934786,0.084999084,0.31675702170425685,347433.3950658333,589544.0564299657,2040677.1693489058,296845.125,37.105640625
3,1500,5000,1980,,1.5,2026-03-11,800000,1,8728d5cb3ffffff,10,47.351292078415,-122.174039608929,533.3333333333334,3,2026,11,13.592367006650065,0.49555099247091033,70,0.9335418911179212,0.35846832151248087,1.0,6.123233995736766e-17,1,6.5,4.0,10,-0.667376707926831,-0.22399318043696137,-0.47205412931655333,-1.2266059192722387,1.2955736817672767,0.7425544399174262,1.4576488146837816,0.203319546889736,1.1134969505302745,-0.6763803487024298,-0.27166083868491925,13.209852,545715.06,13.592367,800000.1,0.2408248,0.106966585,0.057427034,0.28335965,0.15681341,0.11199028,0.3450447542470457,188296.1196292237,277496.7499765206,1073183.407832232,-254284.9375,-31.785617187499998
3,1500,5000,1980,,1.5,2026-03-11,800000,1,8728d5516ffffff,64,47.5273984672947,-122.135107548026,533.3333333333334,3,2026,11,13.592367006650065,0.49555099247091033,70,0.9335418911179212,0.35846832151248087,1.0,6.123233995736766e-17,1,6.5,4.0,64,-0.667376707926831,-0.22399318043696137,-0.47205412931655333,-1.2266059192722387,1.2955736817672767,0.7425544399174262,1.4576488146837816,0.203319546889736,1.1134969505302745,-0.6763803487024298,-0.27166083868491925,13.817174,1.0016648e+06,13.592367,800000.1,0.28912032,0.09783974,0.05425357,0.26893067,0.13886824,0.10523179,0.3148221433449842,315346.26318450173,540431.166739625,1856540.4836175444,201664.8125,25.2081015625
3,1500,5000,1980,,1.5,2026-03-11,800000,1,8728d4262ffffff,161,47.4150945927502,-122.032490802256,533.3333333333334,3,2026,11,13.592367006650065,0.49555099247091033,70,0.9335418911179212,0.35846832151248087,1.0,6.123233995736766e-17,1,6.5,4.0,161,-0.667376707926831,-0.22399318043696137,-0.47205412931655333,-1.2266059192722387,1.2955736817672767,0.7425544399174262,1.4576488146837816,0.203319546889736,1.1134969505302745,-0.6763803487024298,-0.27166083868491925,13.224815,553942.06,13.592367,800000.1,0.17484766,0.120328575,0.058374703,0.31379235,0.15762585,0.11132604,0.3463375992331074,191850.96404048594,280967.32886036055,1092126.2729257678,-246057.9375,-30.7572421875
3,1500,5000,1980,,1.5,2026-03-11,800000,1,8728d5521ffffff,38,47.4736183581198,-122.292214978224,533.3333333333334,3,2026,11,13.592367006650065,0.49555099247091033,70,0.9335418911179212,0.35846832151248087,1.0,6.123233995736766e-17,1,6.5,4.0,38,-0.667376707926831,-0.22399318043696137,-0.47205412931655333,-1.2266059192722387,1.2955736817672767,0.7425544399174262,1.4576488146837816,0.203319546889736,1.1134969505302745,-0.6763803487024298,-0.27166083868491925,13.256285,571651.44,13.592367,800000.1,0.20632248,0.112969816,0.058425363,0.29971492,0.15613493,0.11267966,0.33994585105059383,194330.53442523285,293605.07050505426,1113009.9631159573,-228348.5625,-28.543570312499998
3,1500,5000,1980,,1.5,2026-03-11,800000,1,8728d5d9bffffff,106,47.3120551722321,-122.204429709811,533.3333333333334,3,2026,11,13.592367006650065,0.49555099247091033,70,0.9335418911179212,0.35846832151248087,1.0,6.123233995736766e-17,1,6.5,4.0,106,-0.667376707926831,-0.22399318043696137,-0.47205412931655333,-1.2266059192722387,1.2955736817672767,0.7425544399174262,1.4576488146837816,0.203319546889736,1.1134969505302745,-0.6763803487024298,-0.27166083868491925,13.08494,481634.1,13.592367,800000.1,0.31456578,0.08276673,0.054061107,0.2690584,0.13972831,0.10810313,0.35103029180183487,169068.1564707748,242055.0805292626,958341.369041048,-318365.90625,-39.795738281249996
3,1500,5000,1980,,1.5,2026-03-11,800000,1,8728d5c95ffffff,10,47.3705690306292,-122.183636433038,533.3333333333334,3,2026,11,13.592367006650065,0.49555099247091033,70,0.9335418911179212,0.35846832151248087,1.0,6.123233995736766e-17,1,6.5,4.0,10,-0.667376707926831,-0.22399318043696137,-0.47205412931655333,-1.2266059192722387,1.2955736817672767,0.7425544399174262,1.4576488146837816,0.203319546889736,1.1134969505302745,-0.6763803487024298,-0.27166083868491925,13.209852,545715.06,13.592367,800000.1,0.2408248,0.106966585,0.057427034,0.28335965,0.15681341,0.11199028,0.3450447542470457,188296.1196292237,277496.7499765206,1073183.407832232,-254284.9375,-31.785617187499998
3,1500,5000,1980,,1.5,2026-03-11,800000,1,8728d4ad1ffffff,3,47.1942175257872,-121.977146029474,533.3333333333334,3,2026,11,13.592367006650065,0.49555099247091033,70,0.9335418911179212,0.35846832151248087,1.0,6.123233995736766e-17,1,6.5,4.0,3,-0.667376707926831,-0.22399318043696137,-0.47205412931655333,-1.2266059192722387,1.2955736817672767,0.7425544399174262,1.4576488146837816,0.203319546889736,1.1134969505302745,-0.6763803487024298,-0.27166083868491925,13.082217,480324.5,13.592367,800000.1,0.24503873,0.10715157,0.056290045,0.28075206,0.16423324,0.110721245,0.35202271520198425,169085.1346680355,240927.82702483126,957596.4617336099,-319675.5,-39.9594375
3,1500,5000,1980,,1.5,2026-03-11,800000,1,8728d5509ffffff,38,47.5562427221406,-122.315772264956,533.3333333333334,3,2026,11,13.592367006650065,0.49555099247091033,70,0.9335418911179212,0.35846832151248087,1.0,6.123233995736766e-17,1,6.5,4.0,38,-0.667376707926831,-0.22399318043696137,-0.47205412931655333,-1.2266059192722387,1.2955736817672767,0.7425544399174262,1.4576488146837816,0.203319546889736,1.1134969505302745,-0.6763803487024298,-0.27166083868491925,13.256285,571651.44,13.592367,800000.1,0.20632248,0.112969816,0.058425363,0.29971492,0.15613493,0.11267966,0.33994585105059383,194330.53442523285,293605.07050505426,1113009.9631159573,-228348.5625,-28.543570312499998
3,1500,5000,1980,,1.5,2026-03-11,800000,1,8728d552cffffff,38,47.4846812801422,-122.316387450428,533.3333333333334,3,2026,11,13.592367006650065,0.49555099247091033,70,0.9335418911179212,0.35846832151248087,1.0,6.123233995736766e-17,1,6.5,4.0,38,-0.667376707926831,-0.22399318043696137,-0.47205412931655333,-1.2266059192722387,1.2955736817672767,0.7425544399174262,1.4576488146837816,0.203319546889736,1.1134969505302745,-0.6763803487024298,-0.27166083868491925,13.256285,571651.44,13.592367,800000.1,0.20632248,0.112969816,0.058425363,0.29971492,0.15613493,0.11267966,0.33994585105059383,194330.53442523285,293605.07050505426,1113009.9631159573,-228348.5625,-28.543570312499998
3,1500,5000,1980,,1.5,2026-03-11,800000,1,8728d5584ffffff,7,47.5871804691167,-122.05516858356,533.3333333333334,3,2026,11,13.592367006650065,0.49555099247091033,70,0.9335418911179212,0.35846832151248087,1.0,6.123233995736766e-17,1,6.5,4.0,7,-0.667376707926831,-0.22399318043696137,-0.47205412931655333,-1.2266059192722387,1.2955736817672767,0.7425544399174262,1.4576488146837816,0.203319546889736,1.1134969505302745,-0.6763803487024298,-0.27166083868491925,13.9079485,1.0968451e+06,13.592367,800000.1,0.32109296,0.078314655,0.043137155,0.29659182,0.117934786,0.084999084,0.31675702170425685,347433.3950658333,589544.0564299657,2040677.1693489058,296845.125,37.105640625
3,1500,5000,1980,,1.5,2026-03-11,800000,1,8728d55a0ffffff,7,47.5516109556568,-122.077796418207,533.3333333333334,3,2026,11,13.592367006650065,0.49555099247091033,70,0.9335418911179212,0.35846832151248087,1.0,6.123233995736766e-17,1,6.5,4.0,7,-0.667376707926831,-0.22399318043696137,-0.47205412931655333,-1.2266059192722387,1.2955736817672767,0.7425544399174262,1.4576488146837816,0.203319546889736,1.1134969505302745,-0.6763803487024298,-0.27166083868491925,13.9079485,1.0968451e+06,13.592367,800000.1,0.32109296,0.078314655,0.043137155,0.29659182,0.117934786,0.084999084,0.31675702170425685,347433.3950658333,589544.0564299657,2040677.1693489058,296845.125,37.105640625
3,1500,5000,1980,,1.5,2026-03-11,800000,1,8728d434bffffff,10,47.3674125098666,-122.107890188329,533.3333333333334,3,2026,11,13.592367006650065,0.49555099247091033,70,0.9335418911179212,0.35846832151248087,1.0,6.123233995736766e-17,1,6.5,4.0,10,-0.667376707926831,-0.22399318043696137,-0.47205412931655333,-1.2266059192722387,1.2955736817672767,0.7425544399174262,1.4576488146837816,0.203319546889736,1.1134969505302745,-0.6763803487024298,-0.27166083868491925,13.209852,545715.06,13.592367,800000.1,0.2408248,0.106966585,0.057427034,0.28335965,0.15681341,0.11199028,0.3450447542470457,188296.1196292237,277496.7499765206,1073183.407832232,-254284.9375,-31.785617187499998
3,1500,5000,1980,,1.5,2026-03-11,800000,1,8728d5480ffffff,23,47.7312627443546,-122.079139238915,533.3333333333334,3,2026,11,13.592367006650065,0.49555099247091033,70,0.9335418911179212,0.35846832151248087,1.0,6.123233995736766e-17,1,6.5,4.0,23,-0.667376707926831,-0.22399318043696137,-0.47205412931655333,-1.2266059192722387,1.2955736817672767,0.7425544399174262,1.4576488146837816,0.203319546889736,1.1134969505302745,-0.6763803487024298,-0.27166083868491925,13.48657,719686.06,13.592367,800000.1,0.14850666,0.13401696,0.06257982,0.30795446,0.15644751,0.11647555,0.3240508385126061,233214.87201896083,381333.92536824115,1358253.174705688,-80313.9375,-10.0392421875
3,1500,5000,1980,,1.5,2026-03-11,800000,1,8728d42c5ffffff,104,47.5387631442819,-121.878045122208,533.3333333333334,3,2026,11,13.592367006650065,0.49555099247091033,70,0.9335418911179212,0.35846832151248087,1.0,6.123233995736766e-17,1,6.5,4.0,104,-0.667376707926831,-0.22399318043696137,-0.47205412931655333,-1.2266059192722387,1.2955736817672767,0.7425544399174262,1.4576488146837816,0.203319546889736,1.1134969505302745,-0.6763803487024298,-0.27166083868491925,13.334442,618122.6,13.592367,800000.1,0.069058426,0.1345681,0.06158579,0.36618465,0.16844383,0.116337635,0.33723453257197805,208452.29451403907,319164.6697945253,1197111.1322120568,-181877.375,-22.734671875
3,1500,5000,1980,,1.5,2026-03-11,800000,1,8728d5415ffffff,7,47.6608768223139,-122.20540774999,533.3333333333334,3,2026,11,13.592367006650065,0.49555099247091033,70,0.9335418911179212,0.35846832151248087,1.0,6.123233995736766e-17,1,6.5,4.0,7,-0.667376707926831,-0.22399318043696137,-0.47205412931655333,-1.2266059192722387,1.2955736817672767,0.7425544399174262,1.4576488146837816,0.203319546889736,1.1134969505302745,-0.6763803487024298,-0.27166083868491925,13.9079485,1.0968451e+06,13.592367,800000.1,0.32109296,0.078314655,0.043137155,0.29659182,0.117934786,0.084999084,0.31675702170425685,347433.3950658333,589544.0564299657,2040677.1693489058,296845.125,37.105640625
3,1500,5000,1980,,1.5,2026-03-11,800000,1,8728d55a1ffffff,7,47.5572357627713,-122.120990228292,533.3333333333334,3,2026,11,13.592367006650065,0.49555099247091033,70,0.9335418911179212,0.35846832151248087,1.0,6.123233995736766e-17,1,6.5,4.0,7,-0.667376707926831,-0.22399318043696137,-0.47205412931655333,-1.2266059192722387,1.2955736817672767,0.7425544399174262,1.4576488146837816,0.203319546889736,1.1134969505302745,-0.6763803487024298,-0.27166083868491925,13.9079485,1.0968451e+06,13.592367,800000.1,0.32109296,0.078314655,0.043137155,0.29659182,0.117934786,0.084999084,0.31675702170425685,347433.3950658333,589544.0564299657,2040677.1693489058,296845.125,37.105640625
3,1500,5000,1980,,1.5,2026-03-11,800000,1,8728d426bffffff,10,47.4589154098594,-122.132922537705,533.3333333333334,3,2026,11,13.592367006650065,0.49555099247091033,70,0.9335418911179212,0.35846832151248087,1.0,6.123233995736766e-17,1,6.5,4.0,10,-0.667376707926831,-0.22399318043696137,-0.47205412931655333,-1.2266059192722387,1.2955736817672767,0.7425544399174262,1.4576488146837816,0.203319546889736,1.1134969505302745,-0.6763803487024298,-0.27166083868491925,13.209852,545715.06,13.592367,800000.1,0.2408248,0.106966585,0.057427034,0.28335965,0.15681341,0.11199028,0.3450447542470457,188296.1196292237,277496.7499765206,1073183.407832232,-254284.9375,-31.785617187499998
3,1500,5000,1980,,1.5,2026-03-11,800000,1,8728d4276ffffff,104,47.4101556078048,-121.971732762413,533.3333333333334,3,2026,11,13.592367006650065,0.49555099247091033,70,0.9335418911179212,0.35846832151248087,1.0,6.123233995736766e-17,1,6.5,4.0,104,-0.667376707926831,-0.22399318043696137,-0.47205412931655333,-1.2266059192722387,1.2955736817672767,0.7425544399174262,1.4576488146837816,0.203319546889736,1.1134969505302745,-0.6763803487024298,-0.27166083868491925,13.334442,618122.6,13.592367,800000.1,0.069058426,0.1345681,0.06158579,0.36618465,0.16844383,0.116337635,0.33723453257197805,208452.29451403907,319164.6697945253,1197111.1322120568,-181877.375,-22.734671875
3,1500,5000,1980,,1.5,2026-03-11,800000,1,8728d4348ffffff,10,47.3523812358543,-122.086863486538,533.3333333333334,3,2026,11,13.592367006650065,0.49555099247091033,70,0.9335418911179212,0.35846832151248087,1.0,6.123233995736766e-17,1,6.5,4.0,10,-0.667376707926831,-0.22399318043696137,-0.47205412931655333,-1.2266059192722387,1.2955736817672767,0.7425544399174262,1.4576488146837816,0.203319546889736,1.1134969505302745,-0.6763803487024298,-0.27166083868491925,13.209852,545715.06,13.592367,800000.1,0.2408248,0.106966585,0.057427034,0.28335965,0.15681341,0.11199028,0.3450447542470457,188296.1196292237,277496.7499765206,1073183.407832232,-254284.9375,-31.785617187499998
3,1500,5000,1980,,1.5,2026-03-11,800000,1,8728d5c9affffff,161,47.4299599189326,-122.194174200773,533.3333333333334,3,2026,11,13.592367006650065,0.49555099247091033,70,0.9335418911179212,0.35846832151248087,1.0,6.123233995736766e-17,1,6.5,4.0,161,-0.667376707926831,-0.22399318043696137,-0.47205412931655333,-1.2266059192722387,1.2955736817672767,0.7425544399174262,1.4576488146837816,0.203319546889736,1.1134969505302745,-0.6763803487024298,-0.27166083868491925,13.224815,553942.06,13.592367,800000.1,0.17484766,0.120328575,0.058374703,0.31379235,0.15762585,0.11132604,0.3463375992331074,191850.96404048594,280967.32886036055,1092126.2729257678,-246057.9375,-30.7572421875
3,1500,5000,1980,,1.5,2026-03-11,800000,1,8728d549cffffff,105,47.7734240900554,-122.046996150047,533.3333333333334,3,2026,11,13.592367006650065,0.49555099247091033,70,0.9335418911179212,0.35846832151248087,1.0,6.123233995736766e-17,1,6.5,4.0,105,-0.667376707926831,-0.22399318043696137,-0.47205412931655333,-1.2266059192722387,1.2955736817672767,0.7425544399174262,1.4576488146837816,0.203319546889736,1.1134969505302745,-0.6763803487024298,-0.27166083868491925,13.472633,709725.4,13.592367,800000.1,0.17536199,0.1087828,0.052717883,0.34328508,0.13920961,0.100403726,0.3229819511788915,229228.48641867045,376844.81014578085,1336651.2623569942,-90274.625,-11.284328125
3,1500,5000,1980,,1.5,2026-03-11,800000,1,8728d5525ffffff,38,47.4464521118348,-122.283549096187,533.3333333333334,3,2026,11,13.592367006650065,0.49555099247091033,70,0.9335418911179212,0.35846832151248087,1.0,6.123233995736766e-17,1,6.5,4.0,38,-0.667376707926831,-0.22399318043696137,-0.47205412931655333,-1.2266059192722387,1.2955736817672767,0.7425544399174262,1.4576488146837816,0.203319546889736,1.1134969505302745,-0.6763803487024298,-0.27166083868491925,13.256285,571651.44,13.592367,800000.1,0.20632248,0.112969816,0.058425363,0.29971492,0.15613493,0.11267966,0.33994585105059383,194330.53442523285,293605.07050505426,1113009.9631159573,-228348.5625,-28.543570312499998
3,1500,5000,1980,,1.5,2026-03-11,800000,1,8728d54edffffff,59,47.7528590742127,-122.374396867617,533.3333333333334,3,2026,11,13.592367006650065,0.49555099247091033,70,0.9335418911179212,0.35846832151248087,1.0,6.123233995736766e-17,1,6.5,4.0,59,-0.667376707926831,-0.22399318043696137,-0.47205412931655333,-1.2266059192722387,1.2955736817672767,0.7425544399174262,1.4576488146837816,0.203319546889736,1.1134969505302745,-0.6763803487024298,-0.27166083868491925,13.57471,785998.3,13.592367,800000.1,0.32559952,0.10470799,0.04193206,0.26081112,0.12616262,0.0780919,0.32477232620871,255270.50034674557,415881.7037856525,1485502.4923104434,-14001.6875,-1.7502109375000001
3,1500,5000,1980,,1.5,2026-03-11,800000,1,8728d5555ffffff,9,47.5649171704017,-122.38919752422,533.3333333333334,3,2026,11,13.592367006650065,0.49555099247091033,70,0.9335418911179212,0.35846832151248087,1.0,6.123233995736766e-17,1,6.5,4.0,9,-0.667376707926831,-0.22399318043696137,-0.47205412931655333,-1.2266059192722387,1.2955736817672767,0.7425544399174262,1.4576488146837816,0.203319546889736,1.1134969505302745,-0.6763803487024298,-0.27166083868491925,13.56851,781140.3,13.592367,800000.1,0.31098068,0.11562927,0.03715548,0.2694312,0.11814773,0.06550284,0.32097816524618317,250728.98430608015,416396.35065995954,1465383.0875007706,-18859.6875,-2.3574609375
3,1500,5000,1980,,1.5,2026-03-11,800000,1,8728d54e5ffffff,9,47.7169798558234,-122.317823282958,533.3333333333334,3,2026,11,13.592367006650065,0.49555099247091033,70,0.9335418911179212,0.35846832151248087,1.0,6.123233995736766e-17,1,6.5,4.0,9,-0.667376707926831,-0.22399318043696137,-0.47205412931655333,-1.2266059192722387,1.2955736817672767,0.7425544399174262,1.4576488146837816,0.203319546889736,1.1134969505302745,-0.6763803487024298,-0.27166083868491925,13.56851,781140.3,13.592367,800000.1,0.31098068,0.11562927,0.03715548,0.2694312,0.11814773,0.06550284,0.32097816524618317,250728.98430608015,416396.35065995954,1465383.0875007706,-18859.6875,-2.3574609375
3,1500,5000,1980,,1.5,2026-03-11,800000,1,8728d5450ffffff,59,47.7220114320316,-122.366020831152,533.3333333333334,3,2026,11,13.592367006650065,0.49555099247091033,70,0.9335418911179212,0.35846832151248087,1.0,6.123233995736766e-17,1,6.5,4.0,59,-0.667376707926831,-0.22399318043696137,-0.47205412931655333,-1.2266059192722387,1.2955736817672767,0.7425544399174262,1.4576488146837816,0.203319546889736,1.1134969505302745,-0.6763803487024298,-0.27166083868491925,13.57471,785998.3,13.592367,800000.1,0.32559952,0.10470799,0.04193206,0.26081112,0.12616262,0.0780919,0.32477232620871,255270.50034674557,415881.7037856525,1485502.4923104434,-14001.6875,-1.7502109375000001
3,1500,5000,1980,,1.5,2026-03-11,800000,1,8728d42a1ffffff,22,47.4486379702261,-121.727394204118,533.3333333333334,3,2026,11,13.592367006650065,0.49555099247091033,70,0.9335418911179212,0.35846832151248087,1.0,6.123233995736766e-17,1,6.5,4.0,22,-0.667376707926831,-0.22399318043696137,-0.47205412931655333,-1.2266059192722387,1.2955736817672767,0.7425544399174262,1.4576488146837816,0.203319546889736,1.1134969505302745,-0.6763803487024298,-0.27166083868491925,13.369173,639967.75,13.592367,800000.1,0.19676322,0.10811971,0.052345023,0.32857925,0.1406553,0.09993361,0.33550152156969537,214710.1538805344,331568.62065373,1235215.531441565,-160032.25,-20.00403125
3,1500,5000,1980,,1.5,2026-03-11,800000,1,8728d541effffff,59,47.6892173962202,-122.204925683189,533.3333333333334,3,2026,11,13.592367006650065,0.49555099247091033,70,0.9335418911179212,0.35846832151248087,1.0,6.123233995736766e-17,1,6.5,4.0,59,-0.667376707926831,-0.22399318043696137,-0.47205412931655333,-1.2266059192722387,1.2955736817672767,0.7425544399174262,1.4576488146837816,0.203319546889736,1.1134969505302745,-0.6763803487024298,-0.27166083868491925,13.57471,785998.3,13.592367,800000.1,0.32559952,0.10470799,0.04193206,0.26081112,0.12616262,0.0780919,0.32477232620871,255270.50034674557,415881.7037856525,1485502.4923104434,-14001.6875,-1.7502109375000001
3,1500,5000,1980,,1.5,2026-03-11,800000,1,8728d434effffff,10,47.3560244457419,-122.058856759404,533.3333333333334,3,2026,11,13.592367006650065,0.49555099247091033,70,0.9335418911179212,0.35846832151248087,1.0,6.123233995736766e-17,1,6.5,4.0,10,-0.667376707926831,-0.22399318043696137,-0.47205412931655333,-1.2266059192722387,1.2955736817672767,0.7425544399174262,1.4576488146837816,0.203319546889736,1.1134969505302745,-0.6763803487024298,-0.27166083868491925,13.209852,545715.06,13.592367,800000.1,0.2408248,0.106966585,0.057427034,0.28335965,0.15681341,0.11199028,0.3450447542470457,188296.1196292237,277496.7499765206,1073183.407832232,-254284.9375,-31.785617187499998
3,1500,5000,1980,,1.5,2026-03-11,800000,1,8728d4271ffffff,2,47.4199502688594,-122.024475713427,533.3333333333334,3,2026,11,13.592367006650065,0.49555099247091033,70,0.9335418911179212,0.35846832151248087,1.0,6.123233995736766e-17,1,6.5,4.0,2,-0.667376707926831,-0.22399318043696137,-0.47205412931655333,-1.2266059192722387,1.2955736817672767,0.7425544399174262,1.4576488146837816,0.203319546889736,1.1134969505302745,-0.6763803487024298,-0.27166083868491925,13.338378,620560.25,13.592367,800000.1,0.18227763,0.10712977,0.055017073,0.3354109,0.13964677,0.10523722,0.3370560095445795,209163.56154698663,320535.4551983701,1201411.5693993785,-179439.75,-22.42996875
3,1500,5000,1980,,1.5,2026-03-11,800000,1,8728d5c16ffffff,106,47.3032416602145,-122.305390374826,533.3333333333334,3,2026,11,13.592367006650065,0.49555099247091033,70,0.9335418911179212,0.35846832151248087,1.0,6.123233995736766e-17,1,6.5,4.0,106,-0.667376707926831,-0.22399318043696137,-0.47205412931655333,-1.2266059192722387,1.2955736817672767,0.7425544399174262,1.4576488146837816,0.203319546889736,1.1134969505302745,-0.6763803487024298,-0.27166083868491925,13.08494,481634.1,13.592367,800000.1,0.31456578,0.08276673,0.054061107,0.2690584,0.13972831,0.10810313,0.35103029180183487,169068.1564707748,242055.0805292626,958341.369041048,-318365.90625,-39.795738281249996
3,1500,5000,1980,,1.5,2026-03-11,800000,1,8728d5514ffffff,10,47.5132507631701,-122.167430740282,533.3333333333334,3,2026,11,13.592367006650065,0.49555099247091033,70,0.9335418911179212,0.35846832151248087,1.0,6.123233995736766e-17,1,6.5,4.0,10,-0.667376707926831,-0.22399318043696137,-0.47205412931655333,-1.2266059192722387,1.2955736817672767,0.7425544399174262,1.4576488146837816,0.203319546889736,1.1134969505302745,-0.6763803487024298,-0.27166083868491925,13.209852,545715.06,13.592367,800000.1,0.2408248,0.106966585,0.057427034,0.28335965,0.15681341,0.11199028,0.3450447542470457,188296.1196292237,277496.7499765206,1073183.407832232,-254284.9375,-31.785617187499998
3,1500,5000,1980,,1.5,2026-03-11,800000,1,8728d5529ffffff,38,47.5064662296464,-122.33845214556,533.3333333333334,3,2026,11,13.592367006650065,0.49555099247091033,70,0.9335418911179212,0.35846832151248087,1.0,6.123233995736766e-17,1,6.5,4.0,38,-0.667376707926831,-0.22399318043696137,-0.47205412931655333,-1.2266059192722387,1.2955736817672767,0.7425544399174262,1.4576488146837816,0.203319546889736,1.1134969505302745,-0.6763803487024298,-0.27166083868491925,13.256285,571651.44,13.592367,800000.1,0.20632248,0.112969816,0.058425363,0.29971492,0.15613493,0.11267966,0.33994585105059383,194330.53442523285,293605.07050505426,1113009.9631159573,-228348.5625,-28.543570312499998
3,1500,5000,1980,,1.5,2026-03-11,800000,1,8728d5cb2ffffff,10,47.3492088366607,-122.152166058842,533.3333333333334,3,2026,11,13.592367006650065,0.49555099247091033,70,0.9335418911179212,0.35846832151248087,1.0,6.123233995736766e-17,1,6.5,4.0,10,-0.667376707926831,-0.22399318043696137,-0.47205412931655333,-1.2266059192722387,1.2955736817672767,0.7425544399174262,1.4576488146837816,0.203319546889736,1.1134969505302745,-0.6763803487024298,-0.27166083868491925,13.209852,545715.06,13.592367,800000.1,0.2408248,0.106966585,0.057427034,0.28335965,0.15681341,0.11199028,0.3450447542470457,188296.1196292237,277496.7499765206,1073183.407832232,-254284.9375,-31.785617187499998
3,1500,5000,1980,,1.5,2026-03-11,800000,1,8728d54f3ffffff,59,47.7721394766832,-122.207597567322,533.3333333333334,3,2026,11,13.592367006650065,0.49555099247091033,70,0.9335418911179212,0.35846832151248087,1.0,6.123233995736766e-17,1,6.5,4.0,59,-0.667376707926831,-0.22399318043696137,-0.47205412931655333,-1.2266059192722387,1.2955736817672767,0.7425544399174262,1.4576488146837816,0.203319546889736,1.1134969505302745,-0.6763803487024298,-0.27166083868491925,13.57471,785998.3,13.592367,800000.1,0.32559952,0.10470799,0.04193206,0.26081112,0.12616262,0.0780919,0.32477232620871,255270.50034674557,415881.7037856525,1485502.4923104434,-14001.6875,-1.7502109375000001
3,1500,5000,1980,,1.5,2026-03-11,800000,1,8728d548cffffff,33,47.7467872653668,-122.132269557338,533.3333333333334,3,2026,11,13.592367006650065,0.49555099247091033,70,0.9335418911179212,0.35846832151248087,1.0,6.123233995736766e-17,1,6.5,4.0,33,-0.667376707926831,-0.22399318043696137,-0.47205412931655333,-1.2266059192722387,1.2955736817672767,0.7425544399174262,1.4576488146837816,0.203319546889736,1.1134969505302745,-0.6763803487024298,-0.27166083868491925,13.489705,721945.6,13.592367,800000.1,0.18274044,0.13337745,0.055611048,0.30025172,0.14265901,0.101164006,0.3222493379482991,232646.499690921,383884.2613389339,1357715.1228863453,-78054.375,-9.756796875
3,1500,5000,1980,,1.5,2026-03-11,800000,1,8728d5c9effffff,10,47.4074120736381,-122.171833301085,533.3333333333334,3,2026,11,13.592367006650065,0.49555099247091033,70,0.9335418911179212,0.35846832151248087,1.0,6.123233995736766e-17,1,6.5,4.0,10,-0.667376707926831,-0.22399318043696137,-0.47205412931655333,-1.2266059192722387,1.2955736817672767,0.7425544399174262,1.4576488146837816,0.203319546889736,1.1134969505302745,-0.6763803487024298,-0.27166083868491925,13.209852,545715.06,13.592367,800000.1,0.2408248,0.106966585,0.057427034,0.28335965,0.15681341,0.11199028,0.3450447542470457,188296.1196292237,277496.7499765206,1073183.407832232,-254284.9375,-31.785617187499998
3,1500,5000,1980,,1.5,2026-03-11,800000,1,8728d094cffffff,109,47.6962119371119,-121.913268044941,533.3333333333334,3,2026,11,13.592367006650065,0.49555099247091033,70,0.9335418911179212,0.35846832151248087,1.0,6.123233995736766e-17,1,6.5,4.0,109,-0.667376707926831,-0.22399318043696137,-0.47205412931655333,-1.2266059192722387,1.2955736817672767,0.7425544399174262,1.4576488146837816,0.203319546889736,1.1134969505302745,-0.6763803487024298,-0.27166083868491925,13.34686,625846.2,13.592367,800000.1,0.12589087,0.13734794,0.059736133,0.32647836,0.15644158,0.11034751,0.3364323365187469,210554.89516197477,323661.19472777436,1210165.0479345543,-174153.8125,-21.7692265625
3,1500,5000,1980,,1.5,2026-03-11,800000,1,8728d54f1ffffff,59,47.7724829624183,-122.233493746498,533.3333333333334,3,2026,11,13.592367006650065,0.49555099247091033,70,0.9335418911179212,0.35846832151248087,1.0,6.123233995736766e-17,1,6.5,4.0,59,-0.667376707926831,-0.22399318043696137,-0.47205412931655333,-1.2266059192722387,1.2955736817672767,0.7425544399174262,1.4576488146837816,0.203319546889736,1.1134969505302745,-0.6763803487024298,-0.27166083868491925,13.57471,785998.3,13.592367,800000.1,0.32559952,0.10470799,0.04193206,0.26081112,0.12616262,0.0780919,0.32477232620871,255270.50034674557,415881.7037856525,1485502.4923104434,-14001.6875,-1.7502109375000001
3,1500,5000,1980,,1.5,2026-03-11,800000,1,8728d5ce0ffffff,106,47.3623633845086,-122.453228521447,533.3333333333334,3,2026,11,13.592367006650065,0.49555099247091033,70,0.9335418911179212,0.35846832151248087,1.0,6.123233995736766e-17,1,6.5,4.0,106,-0.667376707926831,-0.22399318043696137,-0.47205412931655333,-1.2266059192722387,1.2955736817672767,0.7425544399174262,1.4576488146837816,0.203319546889736,1.1134969505302745,-0.6763803487024298,-0.27166083868491925,13.08494,481634.1,13.592367,800000.1,0.31456578,0.08276673,0.054061107,0.2690584,0.13972831,0.10810313,0.35103029180183487,169068.1564707748,242055.0805292626,958341.369041048,-318365.90625,-39.795738281249996
3,1500,5000,1980,,1.5,2026-03-11,800000,1,8728d5504ffffff,38,47.4951011034735,-122.235303460203,533.3333333333334,3,2026,11,13.592367006650065,0.49555099247091033,70,0.9335418911179212,0.35846832151248087,1.0,6.123233995736766e-17,1,6.5,4.0,38,-0.667376707926831,-0.22399318043696137,-0.47205412931655333,-1.2266059192722387,1.2955736817672767,0.7425544399174262,1.4576488146837816,0.203319546889736,1.1134969505302745,-0.6763803487024298,-0.27166083868491925,13.256285,571651.44,13.592367,800000.1,0.20632248,0.112969816,0.058425363,0.29971492,0.15613493,0.11267966,0.33994585105059383,194330.53442523285,293605.07050505426,1113009.9631159573,-228348.5625,-28.543570312499998
3,1500,5000,1980,,1.5,2026-03-11,800000,1,8728d5c86ffffff,10,47.3628676985192,-122.208266047211,533.3333333333334,3,2026,11,13.592367006650065,0.49555099247091033,70,0.9335418911179212,0.35846832151248087,1.0,6.123233995736766e-17,1,6.5,4.0,10,-0.667376707926831,-0.22399318043696137,-0.47205412931655333,-1.2266059192722387,1.2955736817672767,0.7425544399174262,1.4576488146837816,0.203319546889736,1.1134969505302745,-0.6763803487024298,-0.27166083868491925,13.209852,545715.06,13.592367,800000.1,0.2408248,0.106966585,0.057427034,0.28335965,0.15681341,0.11199028,0.3450447542470457,188296.1196292237,277496.7499765206,1073183.407832232,-254284.9375,-31.785617187499998
3,1500,5000,1980,,1.5,2026-03-11,800000,1,8728d4adaffffff,124,47.2414327526238,-121.985795451882,533.3333333333334,3,2026,11,13.592367006650065,0.49555099247091033,70,0.9335418911179212,0.35846832151248087,1.0,6.123233995736766e-17,1,6.5,4.0,124,-0.667376707926831,-0.22399318043696137,-0.47205412931655333,-1.2266059192722387,1.2955736817672767,0.7425544399174262,1.4576488146837816,0.203319546889736,1.1134969505302745,-0.6763803487024298,-0.27166083868491925,13.199227,539947.56,13.592367,800000.1,0.18547677,0.115883276,0.062075764,0.30119574,0.17052862,0.12111284,0.3451644662843305,186370.71223183768,274499.5715661795,1062090.4928418673,-260052.4375,-32.5065546875
3,1500,5000,1980,,1.5,2026-03-11,800000,1,8728d5c80ffffff,106,47.3741237750122,-122.231176606944,533.3333333333334,3,2026,11,13.592367006650065,0.49555099247091033,70,0.9335418911179212,0.35846832151248087,1.0,6.123233995736766e-17,1,6.5,4.0,106,-0.667376707926831,-0.22399318043696137,-0.47205412931655333,-1.2266059192722387,1.2955736817672767,0.7425544399174262,1.4576488146837816,0.203319546889736,1.1134969505302745,-0.6763803487024298,-0.27166083868491925,13.08494,481634.1,13.592367,800000.1,0.31456578,0.08276673,0.054061107,0.2690584,0.13972831,0.10810313,0.35103029180183487,169068.1564707748,242055.0805292626,958341.369041048,-318365.90625,-39.795738281249996
3,1500,5000,1980,,1.5,2026-03-11,800000,1,8728d4275ffffff,161,47.406091041881,-122.029894503708,533.3333333333334,3,2026,11,13.592367006650065,0.49555099247091033,70,0.9335418911179212,0.35846832151248087,1.0,6.123233995736766e-17,1,6.5,4.0,161,-0.667376707926831,-0.22399318043696137,-0.47205412931655333,-1.2266059192722387,1.2955736817672767,0.7425544399174262,1.4576488146837816,0.203319546889736,1.1134969505302745,-0.6763803487024298,-0.27166083868491925,13.224815,553942.06,13.592367,800000.1,0.17484766,0.120328575,0.058374703,0.31379235,0.15762585,0.11132604,0.3463375992331074,191850.96404048594,280967.32886036055,1092126.2729257678,-246057.9375,-30.7572421875
3,1500,5000,1980,,1.5,2026-03-11,800000,1,8728d54f5ffffff,59,47.7457332329237,-122.216469463288,533.3333333333334,3,2026,11,13.592367006650065,0.49555099247091033,70,0.9335418911179212,0.35846832151248087,1.0,6.123233995736766e-17,1,6.5,4.0,59,-0.667376707926831,-0.22399318043696137,-0.47205412931655333,-1.2266059192722387,1.2955736817672767,0.7425544399174262,1.4576488146837816,0.203319546889736,1.1134969505302745,-0.6763803487024298,-0.27166083868491925,13.57471,785998.3,13.592367,800000.1,0.32559952,0.10470799,0.04193206,0.26081112,0.12616262,0.0780919,0.32477232620871,255270.50034674557,415881.7037856525,1485502.4923104434,-14001.6875,-1.7502109375000001
3,1500,5000,1980,,1.5,2026-03-11,800000,1,8728d42f1ffffff,56,47.5239919686595,-121.839975250946,533.3333333333334,3,2026,11,13.592367006650065,0.49555099247091033,70,0.9335418911179212,0.35846832151248087,1.0,6.123233995736766e-17,1,6.5,4.0,56,-0.667376707926831,-0.22399318043696137,-0.47205412931655333,-1.2266059192722387,1.2955736817672767,0.7425544399174262,1.4576488146837816,0.203319546889736,1.1134969505302745,-0.6763803487024298,-0.27166083868491925,13.363083,636082.06,13.592367,800000.1,0.2698614,0.09182579,0.042995587,0.3174798,0.1214194,0.08249369,0.3302399797794787,210059.72745808912,332971.6150949714,1215119.8187017594,-163917.9375,-20.489742187500003
3,1500,5000,1980,,1.5,2026-03-11,800000,1,8728d4ac6ffffff,218,47.1794093959829,-121.993863310068,533.3333333333334,3,2026,11,13.592367006650065,0.49555099247091033,70,0.9335418911179212,0.35846832151248087,1.0,6.123233995736766e-17,1,6.5,4.0,218,-0.667376707926831,-0.22399318043696137,-0.47205412931655333,-1.2266059192722387,1.2955736817672767,0.7425544399174262,1.4576488146837816,0.203319546889736,1.1134969505302745,-0.6763803487024298,-0.27166083868491925,13.333283,617406.8,13.592367,800000.1,0.13597922,0.11443302,0.059446238,0.34956962,0.1504175,0.113853894,0.3368643352350833,207982.3354624242,319026.46072773787,1194857.5383105415,-182593.1875,-22.8241484375
